{
  "type": "FeatureCollection",
  "features": [
    {
      "type": "Feature",
      "geometry": {
        "type": "LineString",
        "coordinates": [
          [
            8.20048333145678,
            49.91432189941406
          ],
          [
            8.200449971482158,
            49.91418745368719
          ],
          [
            8.200219133868814,
            49.91416842676699
          ],
          [
            8.199988882988691,
            49.914157865568995
          ],
          [
            8.199709262698889,
            49.914172030985355
          ],
          [
            8.199485884979367,
            49.91420363076031
          ],
          [
            8.199268039315939,
            49.91416113451123
          ],
          [
            8.199043571949005,
            49.91409902460873
          ],
          [
            8.198816338554025,
            49.91405485197902
          ],
          [
            8.198575023561716,
            49.91405485197902
          ],
          [
            8.19832012988627,
            49.914045464247465
          ],
          [
            8.198052495718002,
            49.914023503661156
          ],
          [
            8.197789639234543,
            49.91400456055999
          ],
          [
            8.197507923468947,
            49.91399282589555
          ],
          [
            8.197223609313369,
            49.91397379897535
          ],
          [
            8.196942815557122,
            49.913962399587035
          ],
          [
            8.196672415360808,
            49.913950162008405
          ],
          [
            8.196401176974177,
            49.913939433172345
          ],
          [
            8.19613790139556,
            49.913947228342295
          ],
          [
            8.195868507027626,
            49.91393926553428
          ],
          [
            8.195632053539157,
            49.91393867880106
          ],
          [
            8.195363245904446,
            49.913959465920925
          ],
          [
            8.195124277845025,
            49.9139747209847
          ],
          [
            8.194904336705804,
            49.913958460092545
          ],
          [
            8.194675091654062,
            49.913959465920925
          ],
          [
            8.194429920986295,
            49.913906743749976
          ],
          [
            8.19419078528881,
            49.91388981230557
          ],
          [
            8.193935053423047,
            49.9138745572418
          ],
          [
            8.193659372627735,
            49.91384924389422
          ],
          [
            8.193397941067815,
            49.91380984894931
          ],
          [
            8.193182861432433,
            49.913803059607744
          ],
          [
            8.19296627305448,
            49.91380574181676
          ],
          [
            8.192704757675529,
            49.9138002935797
          ],
          [
            8.19242731668055,
            49.91381940431893
          ],
          [
            8.192188516259193,
            49.91381227970123
          ],
          [
            8.191942926496267,
            49.91379694081843
          ],
          [
            8.19169339723885,
            49.913780177012086
          ],
          [
            8.191441604867578,
            49.91376768797636
          ],
          [
            8.191318809986115,
            49.91363097913563
          ],
          [
            8.191293748095632,
            49.913471303880215
          ],
          [
            8.191408663988113,
            49.9133547116071
          ],
          [
            8.191387625411153,
            49.91321247071028
          ],
          [
            8.1913420278579,
            49.913076516240835
          ],
          [
            8.191302716732025,
            49.91291206330061
          ],
          [
            8.191273463889956,
            49.91277233697474
          ],
          [
            8.19124429486692,
            49.91263470612466
          ],
          [
            8.191213617101312,
            49.9124722648412
          ],
          [
            8.191226441413164,
            49.91231393069029
          ],
          [
            8.191243708133698,
            49.91216314025223
          ],
          [
            8.191248150542378,
            49.91202098317444
          ],
          [
            8.191267009824514,
            49.91186851635575
          ],
          [
            8.191278828307986,
            49.9117037281394
          ],
          [
            8.191285701468587,
            49.91156685166061
          ],
          [
            8.191317301243544,
            49.91140751168132
          ],
          [
            8.191508576273918,
            49.91130407899618
          ],
          [
            8.191795824095607,
            49.911296870559454
          ],
          [
            8.192033534869552,
            49.91128941066563
          ],
          [
            8.192204274237156,
            49.911201652139425
          ],
          [
            8.192196395248175,
            49.91104080341756
          ],
          [
            8.192106876522303,
            49.91088733077049
          ],
          [
            8.19198508746922,
            49.910736037418246
          ],
          [
            8.191914930939674,
            49.91057636216283
          ],
          [
            8.191889114677906,
            49.91041040048003
          ],
          [
            8.191876960918307,
            49.91025793366134
          ],
          [
            8.191872769966722,
            49.91012189537287
          ],
          [
            8.19188735447824,
            49.90996481850743
          ],
          [
            8.191887522116303,
            49.90981612354517
          ],
          [
            8.191888947039843,
            49.90966550074518
          ],
          [
            8.19187754765153,
            49.90951990708709
          ],
          [
            8.19186044856906,
            49.90937800146639
          ],
          [
            8.191814348101616,
            49.90921916440129
          ],
          [
            8.191745951771736,
            49.90906468592584
          ],
          [
            8.191671269014478,
            49.90892102010548
          ],
          [
            8.191592562943697,
            49.90878649055958
          ],
          [
            8.191510923206806,
            49.90864626131952
          ],
          [
            8.191432217136025,
            49.9085040204227
          ],
          [
            8.191356277093291,
            49.90836747922003
          ],
          [
            8.191284108906984,
            49.90823001600802
          ],
          [
            8.191230464726686,
            49.908083751797676
          ],
          [
            8.191203810274601,
            49.90792063996196
          ],
          [
            8.191178413107991,
            49.90777320228517
          ],
          [
            8.191153686493635,
            49.907617047429085
          ],
          [
            8.191135413944721,
            49.90745460614562
          ],
          [
            8.191134911030531,
            49.90727883763611
          ],
          [
            8.191140946000814,
            49.90713324397802
          ],
          [
            8.191146394237876,
            49.90697239525616
          ],
          [
            8.19114949554205,
            49.906784975901246
          ],
          [
            8.191148238256574,
            49.9066421482712
          ],
          [
            8.191142370924354,
            49.906491274014115
          ],
          [
            8.191128708422184,
            49.906326150521636
          ],
          [
            8.191105825826526,
            49.906178042292595
          ],
          [
            8.191086715087295,
            49.90603940561414
          ],
          [
            8.191065341234207,
            49.90589481778443
          ],
          [
            8.191039273515344,
            49.90575458854437
          ],
          [
            8.191013121977448,
            49.9056198913604
          ],
          [
            8.190970793366432,
            49.905423587188125
          ],
          [
            8.190921675413847,
            49.905232479795814
          ],
          [
            8.190878424793482,
            49.90504313260317
          ],
          [
            8.190824361518025,
            49.904861664399505
          ],
          [
            8.190747667104006,
            49.90467634052038
          ],
          [
            8.190661082044244,
            49.90451985038817
          ],
          [
            8.190564354881644,
            49.904356403276324
          ],
          [
            8.190526133403182,
            49.90416990593076
          ],
          [
            8.190504927188158,
            49.90401324816048
          ],
          [
            8.190472656860948,
            49.90387159399688
          ],
          [
            8.190439799800515,
            49.90372767671943
          ],
          [
            8.190403254702687,
            49.903590297326446
          ],
          [
            8.19036377593875,
            49.903454426676035
          ],
          [
            8.190313149243593,
            49.90328821353614
          ],
          [
            8.190274760127068,
            49.90312250331044
          ],
          [
            8.190225809812546,
            49.902967270463705
          ],
          [
            8.19018348120153,
            49.90280667319894
          ],
          [
            8.19012338295579,
            49.90265035070479
          ],
          [
            8.190069403499365,
            49.90249855443835
          ],
          [
            8.19001835770905,
            49.90235857665539
          ],
          [
            8.189968736842275,
            49.90222429856658
          ],
          [
            8.189909560605884,
            49.90207325667143
          ],
          [
            8.189840828999877,
            49.90191215649247
          ],
          [
            8.189769834280014,
            49.901764718815684
          ],
          [
            8.18969246931374,
            49.9015895370394
          ],
          [
            8.189619379118085,
            49.90143405273557
          ],
          [
            8.189530866220593,
            49.901258032768965
          ],
          [
            8.189455093815923,
            49.90108494646847
          ],
          [
            8.1893923971802,
            49.90092694759369
          ],
          [
            8.189341938123107,
            49.90078378468752
          ],
          [
            8.189287958666682,
            49.900651182979345
          ],
          [
            8.1892214063555,
            49.90047549828887
          ],
          [
            8.189160469919443,
            49.90031875669956
          ],
          [
            8.189076399430633,
            49.90015748888254
          ],
          [
            8.188984952867031,
            49.90000602789223
          ],
          [
            8.188890488818288,
            49.899864541366696
          ],
          [
            8.188813459128141,
            49.899735962972045
          ],
          [
            8.188741626217961,
            49.89959414117038
          ],
          [
            8.18867851048708,
            49.899456426501274
          ],
          [
            8.188622770830989,
            49.89930270239711
          ],
          [
            8.188569461926818,
            49.899151576682925
          ],
          [
            8.18850559182465,
            49.89899332635105
          ],
          [
            8.188459910452366,
            49.89885527640581
          ],
          [
            8.18840785883367,
            49.89870632998645
          ],
          [
            8.188352789729834,
            49.89854548126459
          ],
          [
            8.188291601836681,
            49.898390835151076
          ],
          [
            8.18819185718894,
            49.89823644049466
          ],
          [
            8.188089095056057,
            49.898105934262276
          ],
          [
            8.187989266589284,
            49.897977858781815
          ],
          [
            8.187890946865082,
            49.89784768782556
          ],
          [
            8.187769241631031,
            49.89768893457949
          ],
          [
            8.187645357102156,
            49.89752724766731
          ],
          [
            8.187529854476452,
            49.89738115109503
          ],
          [
            8.187406472861767,
            49.89724771119654
          ],
          [
            8.18730010651052,
            49.89712005481124
          ],
          [
            8.187289293855429,
            49.89697999320924
          ],
          [
            8.187361881136894,
            49.89684353582561
          ],
          [
            8.187344446778297,
            49.89667849615216
          ],
          [
            8.18728007376194,
            49.89653432741761
          ],
          [
            8.187181754037738,
            49.89639979787171
          ],
          [
            8.186936751008034,
            49.89636710844934
          ],
          [
            8.186667775735259,
            49.896390829235315
          ],
          [
            8.186444314196706,
            49.89640046842396
          ],
          [
            8.186219930648804,
            49.89639946259558
          ],
          [
            8.18598817102611,
            49.896382531151175
          ],
          [
            8.185747023671865,
            49.89632980898023
          ],
          [
            8.18549263291061,
            49.896260406821966
          ],
          [
            8.185240840539336,
            49.89619259722531
          ],
          [
            8.184977816417813,
            49.896116154268384
          ],
          [
            8.184722252190113,
            49.89604038186371
          ],
          [
            8.184467358514667,
            49.89598053507507
          ],
          [
            8.184210369363427,
            49.89593183621764
          ],
          [
            8.183959750458598,
            49.89588825032115
          ],
          [
            8.183727655559778,
            49.89582723006606
          ],
          [
            8.183501176536083,
            49.89576134830713
          ],
          [
            8.183262711390853,
            49.895688677206635
          ],
          [
            8.183024665340781,
            49.895614832639694
          ],
          [
            8.182791816070676,
            49.895540149882436
          ],
          [
            8.182553434744477,
            49.8954713344574
          ],
          [
            8.182330811396241,
            49.89539966918528
          ],
          [
            8.182121515274048,
            49.895332446321845
          ],
          [
            8.181932335719466,
            49.895271426066756
          ],
          [
            8.18173703737557,
            49.89522172138095
          ],
          [
            8.181579289957881,
            49.89532347768545
          ],
          [
            8.181453980505466,
            49.89545725286007
          ],
          [
            8.181335292756557,
            49.89557066000998
          ],
          [
            8.18121182732284,
            49.895696975290775
          ],
          [
            8.1810861825943,
            49.895824044942856
          ],
          [
            8.180961208418012,
            49.89595572464168
          ],
          [
            8.180830786004663,
            49.89608849398792
          ],
          [
            8.180711595341563,
            49.89620986394584
          ],
          [
            8.180598272010684,
            49.89632402546704
          ],
          [
            8.180404901504517,
            49.89638211205602
          ],
          [
            8.180175824090838,
            49.89629929885268
          ],
          [
            8.179983710870147,
            49.89620357751846
          ],
          [
            8.179785395041108,
            49.896112298592925
          ],
          [
            8.179591605439782,
            49.89602420479059
          ],
          [
            8.179407455027103,
            49.89593703299761
          ],
          [
            8.179231183603406,
            49.895854806527495
          ],
          [
            8.179052900522947,
            49.89576956257224
          ],
          [
            8.178875539451838,
            49.89568892866373
          ],
          [
            8.178693568333983,
            49.89560200832784
          ],
          [
            8.178516207262874,
            49.895517602562904
          ],
          [
            8.178330715745687,
            49.89542121067643
          ],
          [
            8.178160144016147,
            49.89532884210348
          ],
          [
            8.177981693297625,
            49.89522649906576
          ],
          [
            8.177786311134696,
            49.89511870779097
          ],
          [
            8.177597215399146,
            49.89501452073455
          ],
          [
            8.177398648113012,
            49.89490186795592
          ],
          [
            8.177199410274625,
            49.89479072391987
          ],
          [
            8.177012745290995,
            49.89468913525343
          ],
          [
            8.176832282915711,
            49.89458905532956
          ],
          [
            8.176647629588842,
            49.894481264054775
          ],
          [
            8.176507400348783,
            49.89433575421572
          ],
          [
            8.176423916593194,
            49.89420164376497
          ],
          [
            8.176327859982848,
            49.89404959604144
          ],
          [
            8.176214704290032,
            49.89387131296098
          ],
          [
            8.176131723448634,
            49.89373820833862
          ],
          [
            8.176041031256318,
            49.89359764382243
          ],
          [
            8.175947237759829,
            49.893448278307915
          ],
          [
            8.175848415121436,
            49.89328231662512
          ],
          [
            8.17575428634882,
            49.893122809007764
          ],
          [
            8.175656972452998,
            49.89297025837004
          ],
          [
            8.175546079874039,
            49.8928292747587
          ],
          [
            8.175433678552508,
            49.892689967527986
          ],
          [
            8.175328485667706,
            49.892560970038176
          ],
          [
            8.175187837332487,
            49.89239006303251
          ],
          [
            8.175059175118804,
            49.8922349140048
          ],
          [
            8.174939062446356,
            49.8920882306993
          ],
          [
            8.174819955602288,
            49.89194598980248
          ],
          [
            8.17470126785338,
            49.8918049223721
          ],
          [
            8.174583921208978,
            49.89166704006493
          ],
          [
            8.174474453553557,
            49.89153024740517
          ],
          [
            8.174366913735867,
            49.89139563404024
          ],
          [
            8.174246717244387,
            49.89126336760819
          ],
          [
            8.174091568216681,
            49.89115892909467
          ],
          [
            8.17389995791018,
            49.89105281420052
          ],
          [
            8.173719327896833,
            49.89094594493508
          ],
          [
            8.173523275181651,
            49.89084309898317
          ],
          [
            8.173319762572646,
            49.89072734490037
          ],
          [
            8.17311767488718,
            49.89061745814979
          ],
          [
            8.17293494939804,
            49.89051980897784
          ],
          [
            8.172774435952306,
            49.89043179899454
          ],
          [
            8.172583915293217,
            49.890327360481024
          ],
          [
            8.172418791800737,
            49.89023683592677
          ],
          [
            8.172247717157006,
            49.890140779316425
          ],
          [
            8.172074630856514,
            49.890048913657665
          ],
          [
            8.17191076464951,
            49.88995864056051
          ],
          [
            8.171706749126315,
            49.88984439522028
          ],
          [
            8.171501392498612,
            49.88973056897521
          ],
          [
            8.171339370310307,
            49.88964163698256
          ],
          [
            8.17117533646524,
            49.88955010659993
          ],
          [
            8.170997807756066,
            49.88945363089442
          ],
          [
            8.170825727283955,
            49.889357993379235
          ],
          [
            8.17065448500216,
            49.88926721736789
          ],
          [
            8.170484667643905,
            49.88917090930045
          ],
          [
            8.170314682647586,
            49.88907275721431
          ],
          [
            8.170140758156776,
            49.88898005336523
          ],
          [
            8.169973623007536,
            49.888885924592614
          ],
          [
            8.169806404039264,
            49.888794058933854
          ],
          [
            8.169636419042945,
            49.888701774179935
          ],
          [
            8.169464003294706,
            49.88860244862735
          ],
          [
            8.169293263927102,
            49.88850396126509
          ],
          [
            8.16911338828504,
            49.88840505480766
          ],
          [
            8.1689393799752,
            49.888314278796315
          ],
          [
            8.168774340301752,
            49.88822937011719
          ],
          [
            8.168609803542495,
            49.88814110867679
          ],
          [
            8.16844342276454,
            49.8880457226187
          ],
          [
            8.16828265786171,
            49.88795184530318
          ],
          [
            8.168115355074406,
            49.887855872511864
          ],
          [
            8.167953668162227,
            49.88776677288115
          ],
          [
            8.16779114305973,
            49.8876762483269
          ],
          [
            8.16762208007276,
            49.88758362829685
          ],
          [
            8.167450837790966,
            49.887485560029745
          ],
          [
            8.167275236919522,
            49.88738506101072
          ],
          [
            8.167103491723537,
            49.88729378208518
          ],
          [
            8.166930908337235,
            49.88719864748418
          ],
          [
            8.166765701025724,
            49.887107787653804
          ],
          [
            8.166597643867135,
            49.887012066319585
          ],
          [
            8.166433610022068,
            49.88692380487919
          ],
          [
            8.166271671652794,
            49.886831771582365
          ],
          [
            8.166106380522251,
            49.886738397181034
          ],
          [
            8.165941508486867,
            49.88664678297937
          ],
          [
            8.165771691128612,
            49.8865572642535
          ],
          [
            8.165592234581709,
            49.886461878195405
          ],
          [
            8.16541202366352,
            49.88636397756636
          ],
          [
            8.16523508168757,
            49.886260628700256
          ],
          [
            8.165068114176393,
            49.886168763041496
          ],
          [
            8.16490332596004,
            49.88608058542013
          ],
          [
            8.164738286286592,
            49.88598662428558
          ],
          [
            8.164560087025166,
            49.88588646054268
          ],
          [
            8.164382223039865,
            49.88578646443784
          ],
          [
            8.164206622168422,
            49.88568319939077
          ],
          [
            8.164034290239215,
            49.88559275865555
          ],
          [
            8.163860030472279,
            49.88550156354904
          ],
          [
            8.16368711180985,
            49.885401986539364
          ],
          [
            8.163512349128723,
            49.88530148752034
          ],
          [
            8.1633529253304,
            49.885207107290626
          ],
          [
            8.163192076608539,
            49.88512001931667
          ],
          [
            8.163011949509382,
            49.88502739928663
          ],
          [
            8.162828553467989,
            49.884924218058586
          ],
          [
            8.162649096921086,
            49.88482866436243
          ],
          [
            8.162477687001228,
            49.8847336973995
          ],
          [
            8.162272162735462,
            49.88461869768798
          ],
          [
            8.162078289315104,
            49.884511828422546
          ],
          [
            8.16189631819725,
            49.88441183231771
          ],
          [
            8.161709485575557,
            49.88430563360453
          ],
          [
            8.161531537771225,
            49.8842067271471
          ],
          [
            8.161351075395942,
            49.884110586717725
          ],
          [
            8.161172959953547,
            49.88401469774544
          ],
          [
            8.160988725721836,
            49.883918054401875
          ],
          [
            8.16078906878829,
            49.88381604664028
          ],
          [
            8.160600392147899,
            49.88371051847935
          ],
          [
            8.160401908680797,
            49.88360666669905
          ],
          [
            8.160204263404012,
            49.883500300347805
          ],
          [
            8.160000750795007,
            49.883391335606575
          ],
          [
            8.159796986728907,
            49.88327365368605
          ],
          [
            8.159592552110553,
            49.88316435366869
          ],
          [
            8.15938669256866,
            49.88304415717721
          ],
          [
            8.159179911017418,
            49.88292924128473
          ],
          [
            8.158971453085542,
            49.882823042571545
          ],
          [
            8.15877397544682,
            49.882708294317126
          ],
          [
            8.158562751486897,
            49.88259170204401
          ],
          [
            8.158403160050511,
            49.88250243477523
          ],
          [
            8.158242730423808,
            49.88240989856422
          ],
          [
            8.158071655780077,
            49.88231174647808
          ],
          [
            8.157859174534678,
            49.88219976425171
          ],
          [
            8.15765356644988,
            49.882095493376255
          ],
          [
            8.157495148479939,
            49.88199893385172
          ],
          [
            8.157288199290633,
            49.881878569722176
          ],
          [
            8.157122321426868,
            49.88179382868111
          ],
          [
            8.156952671706676,
            49.88170271739364
          ],
          [
            8.1567891407758,
            49.88161403685808
          ],
          [
            8.156585041433573,
            49.88150800578296
          ],
          [
            8.156423857435584,
            49.88142058253288
          ],
          [
            8.156259823590517,
            49.88133148290217
          ],
          [
            8.156099142506719,
            49.88123609684408
          ],
          [
            8.155940640717745,
            49.88114431500435
          ],
          [
            8.155778953805566,
            49.88105756230652
          ],
          [
            8.1556183565408,
            49.88096603192389
          ],
          [
            8.155459351837635,
            49.880877854302526
          ],
          [
            8.155300011858344,
            49.880789425224066
          ],
          [
            8.155142599716783,
            49.88069957122207
          ],
          [
            8.15497831441462,
            49.8806116450578
          ],
          [
            8.154810424894094,
            49.88052288070321
          ],
          [
            8.15465485677123,
            49.88043135032058
          ],
          [
            8.154444135725498,
            49.8803177755326
          ],
          [
            8.154250681400299,
            49.88020487129688
          ],
          [
            8.154059238731861,
            49.88010638393462
          ],
          [
            8.153884140774608,
            49.879991970956326
          ],
          [
            8.15400492399931,
            49.87983975559473
          ],
          [
            8.154149679467082,
            49.879727605730295
          ],
          [
            8.154325615614653,
            49.879611348733306
          ],
          [
            8.154481267556548,
            49.879490146413445
          ],
          [
            8.154624095186591,
            49.879368022084236
          ],
          [
            8.154775304719806,
            49.879237934947014
          ],
          [
            8.154907319694757,
            49.87911639735103
          ],
          [
            8.15502516925335,
            49.879003912210464
          ],
          [
            8.155169254168868,
            49.878870472311974
          ],
          [
            8.155245278030634,
            49.87873351201415
          ],
          [
            8.155174786224961,
            49.87858833745122
          ],
          [
            8.155088452622294,
            49.87842279486358
          ],
          [
            8.155005052685738,
            49.878292456269264
          ],
          [
            8.154899692162871,
            49.878119453787804
          ],
          [
            8.154788548126817,
            49.877959778532386
          ],
          [
            8.15464991144836,
            49.87781083211303
          ],
          [
            8.154523009434342,
            49.87768979743123
          ],
          [
            8.154392084106803,
            49.87757261842489
          ],
          [
            8.154235258698463,
            49.87743959762156
          ],
          [
            8.154074074700475,
            49.87730221822858
          ],
          [
            8.153911046683788,
            49.87715729512274
          ],
          [
            8.153753466904163,
            49.877011785283685
          ],
          [
            8.153634862974286,
            49.8768625035882
          ],
          [
            8.153561605140567,
            49.87670433707535
          ],
          [
            8.15346890129149,
            49.87653871066868
          ],
          [
            8.153380723670125,
            49.87639596685767
          ],
          [
            8.153281649574637,
            49.876252468675375
          ],
          [
            8.153171427547932,
            49.87612112425268
          ],
          [
            8.152999933809042,
            49.87600998021662
          ],
          [
            8.152859872207046,
            49.87588441930711
          ],
          [
            8.152677481994033,
            49.87575525417924
          ],
          [
            8.152528032660484,
            49.875656347721815
          ],
          [
            8.15232845954597,
            49.87553296610713
          ],
          [
            8.152139950543642,
            49.87540824338794
          ],
          [
            8.151949178427458,
            49.87529592588544
          ],
          [
            8.151720184832811,
            49.87520758062601
          ],
          [
            8.151518851518631,
            49.87515703774989
          ],
          [
            8.1512544862926,
            49.87511630170047
          ],
          [
            8.151036640629172,
            49.8750857077539
          ],
          [
            8.150816280394793,
            49.87504379823804
          ],
          [
            8.150579994544387,
            49.87500079907477
          ],
          [
            8.15035636536777,
            49.87492209300399
          ],
          [
            8.150160061195493,
            49.87484984099865
          ],
          [
            8.149930816143751,
            49.874756298959255
          ],
          [
            8.149717329069972,
            49.87464968115091
          ],
          [
            8.149532759562135,
            49.8745587375015
          ],
          [
            8.149355566129088,
            49.87446125596762
          ],
          [
            8.149146102368832,
            49.87435916438699
          ],
          [
            8.148940494284034,
            49.87424399703741
          ],
          [
            8.148758942261338,
            49.874160178005695
          ],
          [
            8.148533049970865,
            49.87405925989151
          ],
          [
            8.14832123927772,
            49.87397116608918
          ],
          [
            8.148104315623641,
            49.87387997098267
          ],
          [
            8.147875489667058,
            49.873780058696866
          ],
          [
            8.147648507729173,
            49.87368643283844
          ],
          [
            8.147461172193289,
            49.8736073076725
          ],
          [
            8.147341394796968,
            49.8734915535897
          ],
          [
            8.147144000977278,
            49.87338384613395
          ],
          [
            8.146914169192314,
            49.87328284420073
          ],
          [
            8.146743848919868,
            49.873201455920935
          ],
          [
            8.146531451493502,
            49.87311218865216
          ],
          [
            8.146308995783329,
            49.87301127053797
          ],
          [
            8.146149823442101,
            49.87292082980275
          ],
          [
            8.145961565896869,
            49.872805159538984
          ],
          [
            8.145760232582688,
            49.87268672324717
          ],
          [
            8.145592929795384,
            49.87258647568524
          ],
          [
            8.14543342217803,
            49.872497376054525
          ],
          [
            8.145257150754333,
            49.87239679321647
          ],
          [
            8.145070737227798,
            49.872299395501614
          ],
          [
            8.14486026763916,
            49.8721843957901
          ],
          [
            8.144691875204444,
            49.872096637263894
          ],
          [
            8.144527170807123,
            49.87200963310897
          ],
          [
            8.144333297386765,
            49.871899327263236
          ],
          [
            8.144130455330014,
            49.87178700976074
          ],
          [
            8.143925853073597,
            49.87166899256408
          ],
          [
            8.14372225664556,
            49.87155684269965
          ],
          [
            8.14355663023889,
            49.87145257182419
          ],
          [
            8.143382873386145,
            49.87132868729532
          ],
          [
            8.143199980258942,
            49.87120077945292
          ],
          [
            8.143029743805528,
            49.8710963409394
          ],
          [
            8.14284710213542,
            49.87101470120251
          ],
          [
            8.1426633708179,
            49.87087338231504
          ],
          [
            8.14252850599587,
            49.87075695767999
          ],
          [
            8.142397999763489,
            49.87064220942557
          ],
          [
            8.142175963148475,
            49.87054221332073
          ],
          [
            8.14196859486401,
            49.87045034766197
          ],
          [
            8.141824509948492,
            49.870307352393866
          ],
          [
            8.141665840521455,
            49.87017366103828
          ],
          [
            8.141494765877724,
            49.870040053501725
          ],
          [
            8.141326121985912,
            49.86991851590574
          ],
          [
            8.141179354861379,
            49.86980091780424
          ],
          [
            8.141028480604291,
            49.86967317759991
          ],
          [
            8.140930663794279,
            49.869523141533136
          ],
          [
            8.14080560579896,
            49.86936338245869
          ],
          [
            8.14074944704771,
            49.869190296158195
          ],
          [
            8.140748776495457,
            49.86901427619159
          ],
          [
            8.140769060701132,
            49.86884077079594
          ],
          [
            8.140816586092114,
            49.86867992207408
          ],
          [
            8.14085640013218,
            49.86851538531482
          ],
          [
            8.140758918598294,
            49.86835696734488
          ],
          [
            8.140642577782273,
            49.86822939477861
          ],
          [
            8.140577282756567,
            49.86808874644339
          ],
          [
            8.140683900564909,
            49.86794784665108
          ],
          [
            8.140837792307138,
            49.86780887469649
          ],
          [
            8.140965448692441,
            49.867692114785314
          ],
          [
            8.140822788700461,
            49.86758650280535
          ],
          [
            8.140613324940205,
            49.867504611611366
          ],
          [
            8.140408638864756,
            49.86741450615227
          ],
          [
            8.14020412042737,
            49.86733588390052
          ],
          [
            8.140001026913524,
            49.86725902184844
          ],
          [
            8.139797933399677,
            49.8671783041209
          ],
          [
            8.13958352431655,
            49.867098005488515
          ],
          [
            8.13936416991055,
            49.867010079324245
          ],
          [
            8.139128219336271,
            49.86692232079804
          ],
          [
            8.138895453885198,
            49.866830706596375
          ],
          [
            8.138712896034122,
            49.8667620588094
          ],
          [
            8.138528075069189,
            49.86669383011758
          ],
          [
            8.13830042257905,
            49.86660875380039
          ],
          [
            8.13808592967689,
            49.866525856778026
          ],
          [
            8.137866659089923,
            49.866438852623105
          ],
          [
            8.1376226618886,
            49.86635830253363
          ],
          [
            8.137432057410479,
            49.86628915183246
          ],
          [
            8.137234831228852,
            49.866225784644485
          ],
          [
            8.13703098334372,
            49.86615898087621
          ],
          [
            8.136839289218187,
            49.86609502695501
          ],
          [
            8.1366175878793,
            49.86602319404483
          ],
          [
            8.136410638689995,
            49.86594691872597
          ],
          [
            8.13619589433074,
            49.86585723236203
          ],
          [
            8.135983245447278,
            49.86576184630394
          ],
          [
            8.135770009830594,
            49.8656673822552
          ],
          [
            8.135578567162156,
            49.86557669006288
          ],
          [
            8.135378742590547,
            49.86548566259444
          ],
          [
            8.135200459510088,
            49.86537384800613
          ],
          [
            8.134986134245992,
            49.865281730890274
          ],
          [
            8.13476954586804,
            49.8651855904609
          ],
          [
            8.13454331830144,
            49.865087270736694
          ],
          [
            8.134365873411298,
            49.865011079236865
          ],
          [
            8.134134113788605,
            49.86491451971233
          ],
          [
            8.133959770202637,
            49.864834723994136
          ],
          [
            8.133735219016671,
            49.864733470603824
          ],
          [
            8.133508991450071,
            49.86464470624924
          ],
          [
            8.133279914036393,
            49.864548817276955
          ],
          [
            8.133041029796004,
            49.864461729303
          ],
          [
            8.13281312584877,
            49.86437304876745
          ],
          [
            8.132593771442771,
            49.864282021299005
          ],
          [
            8.132398221641779,
            49.864195100963116
          ],
          [
            8.132182974368334,
            49.86411119811237
          ],
          [
            8.131964625790715,
            49.864026540890336
          ],
          [
            8.131757592782378,
            49.86393987201154
          ],
          [
            8.131560198962688,
            49.863865775987506
          ],
          [
            8.131443187594414,
            49.86373024061322
          ],
          [
            8.131558690220118,
            49.863603841513395
          ],
          [
            8.13170830719173,
            49.863470653072
          ],
          [
            8.131835963577032,
            49.86335422843695
          ],
          [
            8.131764465942979,
            49.863216346129775
          ],
          [
            8.131583416834474,
            49.86311852931976
          ],
          [
            8.131361212581396,
            49.86302590928972
          ],
          [
            8.131141187623143,
            49.86292784102261
          ],
          [
            8.130916552618146,
            49.86283999867737
          ],
          [
            8.130731899291277,
            49.86274788156152
          ],
          [
            8.130528051406145,
            49.86266255378723
          ],
          [
            8.130323616787791,
            49.86257244832814
          ],
          [
            8.130347169935703,
            49.86243389546871
          ],
          [
            8.130502821877599,
            49.86230154521763
          ],
          [
            8.130649253726006,
            49.862160393968225
          ],
          [
            8.130776574835181,
            49.86204179003835
          ],
          [
            8.130924683064222,
            49.86190466210246
          ],
          [
            8.131066085770726,
            49.861779771745205
          ],
          [
            8.13101252540946,
            49.86164255999029
          ],
          [
            8.13084782101214,
            49.861541306599975
          ],
          [
            8.13070029951632,
            49.86141658388078
          ],
          [
            8.130586976185441,
            49.86127132549882
          ],
          [
            8.130448255687952,
            49.861159762367606
          ],
          [
            8.130293190479279,
            49.861045349389315
          ],
          [
            8.130136029794812,
            49.86093068495393
          ],
          [
            8.12997903674841,
            49.860816691070795
          ],
          [
            8.12983981333673,
            49.86070294864476
          ],
          [
            8.129681814461946,
            49.860592475160956
          ],
          [
            8.129531862214208,
            49.86048359423876
          ],
          [
            8.129378892481327,
            49.86037923954427
          ],
          [
            8.129228353500366,
            49.86026465892792
          ],
          [
            8.129075467586517,
            49.86015343107283
          ],
          [
            8.128922246396542,
            49.86004304140806
          ],
          [
            8.128762654960155,
            49.85992996953428
          ],
          [
            8.128595687448978,
            49.85980843193829
          ],
          [
            8.128423606976867,
            49.85968278720975
          ],
          [
            8.1282371096313,
            49.859551107510924
          ],
          [
            8.128093527629972,
            49.8594503570348
          ],
          [
            8.127953298389912,
            49.859342565760016
          ],
          [
            8.127768561244011,
            49.859210550785065
          ],
          [
            8.12759161926806,
            49.8590843193233
          ],
          [
            8.127444935962558,
            49.85898004844785
          ],
          [
            8.127297833561897,
            49.85887326300144
          ],
          [
            8.127151317894459,
            49.85876815393567
          ],
          [
            8.126981584355235,
            49.858647119253874
          ],
          [
            8.126811096444726,
            49.8585197981447
          ],
          [
            8.126624263823032,
            49.85838945955038
          ],
          [
            8.126447405666113,
            49.85825786367059
          ],
          [
            8.126267865300179,
            49.85812224447727
          ],
          [
            8.126086397096515,
            49.857993330806494
          ],
          [
            8.12590492889285,
            49.85785938799381
          ],
          [
            8.125728908926249,
            49.85772779211402
          ],
          [
            8.125559510663152,
            49.857600471004844
          ],
          [
            8.12539178878069,
            49.857479352504015
          ],
          [
            8.125229515135288,
            49.85736200585961
          ],
          [
            8.125098589807749,
            49.85725522041321
          ],
          [
            8.124955343082547,
            49.857138376683
          ],
          [
            8.124816035851836,
            49.857016084715724
          ],
          [
            8.124702963978052,
            49.856897396966815
          ],
          [
            8.124565668404102,
            49.85674233175814
          ],
          [
            8.124461648985744,
            49.85661081969738
          ],
          [
            8.12439744360745,
            49.85646849498153
          ],
          [
            8.124347403645515,
            49.85633086413145
          ],
          [
            8.124298034235835,
            49.85619289800525
          ],
          [
            8.12424749135971,
            49.85606046393514
          ],
          [
            8.124195858836174,
            49.855927024036646
          ],
          [
            8.124140035361052,
            49.85579576343298
          ],
          [
            8.124082954600453,
            49.8556549474597
          ],
          [
            8.12402755022049,
            49.85551639460027
          ],
          [
            8.12397239729762,
            49.85538060776889
          ],
          [
            8.123954879119992,
            49.8552299849689
          ],
          [
            8.123931074514985,
            49.8550851456821
          ],
          [
            8.123867707327008,
            49.85493971966207
          ],
          [
            8.123808363452554,
            49.85478767193854
          ],
          [
            8.123751450330019,
            49.8546358756721
          ],
          [
            8.123684478923678,
            49.854490449652076
          ],
          [
            8.1236332654953,
            49.85434024594724
          ],
          [
            8.123571742326021,
            49.85418224707246
          ],
          [
            8.123502591624856,
            49.85402416437864
          ],
          [
            8.123432854190469,
            49.85385526902974
          ],
          [
            8.123364374041557,
            49.85368796624243
          ],
          [
            8.123297905549407,
            49.85352451913059
          ],
          [
            8.123246105387807,
            49.853368531912565
          ],
          [
            8.123179720714688,
            49.853212712332606
          ],
          [
            8.123109312728047,
            49.85305211506784
          ],
          [
            8.123037982732058,
            49.85290937125683
          ],
          [
            8.122990373522043,
            49.85275103710592
          ],
          [
            8.122914433479309,
            49.85260175541043
          ],
          [
            8.122821729630232,
            49.85245046205819
          ],
          [
            8.12273170799017,
            49.852300928905606
          ],
          [
            8.122640261426568,
            49.852161621674895
          ],
          [
            8.122548814862967,
            49.852019883692265
          ],
          [
            8.122461307793856,
            49.851866913959384
          ],
          [
            8.122352259233594,
            49.85171981155872
          ],
          [
            8.122264165431261,
            49.851573798805475
          ],
          [
            8.122176323086023,
            49.851423846557736
          ],
          [
            8.122069789096713,
            49.851268865168095
          ],
          [
            8.121957303956151,
            49.85111874528229
          ],
          [
            8.121854206547141,
            49.85096225515008
          ],
          [
            8.121760915964842,
            49.85081263817847
          ],
          [
            8.121673241257668,
            49.850661009550095
          ],
          [
            8.121583387255669,
            49.85051189549267
          ],
          [
            8.121487498283386,
            49.85036043450236
          ],
          [
            8.121384400874376,
            49.850214002653956
          ],
          [
            8.121295804157853,
            49.8500650562346
          ],
          [
            8.12119890935719,
            49.849912924692035
          ],
          [
            8.121093213558197,
            49.84976205043495
          ],
          [
            8.120992630720139,
            49.84960438683629
          ],
          [
            8.120884336531162,
            49.84944362193346
          ],
          [
            8.120771180838346,
            49.8492946755141
          ],
          [
            8.120668083429337,
            49.84914220869541
          ],
          [
            8.120561968535185,
            49.848991418257356
          ],
          [
            8.1204454600811,
            49.84884548932314
          ],
          [
            8.120325934141874,
            49.84869503416121
          ],
          [
            8.120206827297807,
            49.84855195507407
          ],
          [
            8.120082104578614,
            49.8484071996063
          ],
          [
            8.119948580861092,
            49.848263701424
          ],
          [
            8.119817990809679,
            49.84812137670815
          ],
          [
            8.11967633664608,
            49.8479721788317
          ],
          [
            8.119584722444415,
            49.847822058945894
          ],
          [
            8.119524205103517,
            49.847659869119525
          ],
          [
            8.119528563693166,
            49.84752140007913
          ],
          [
            8.11952143907547,
            49.84737371094525
          ],
          [
            8.119491264224052,
            49.84722803346813
          ],
          [
            8.119425717741251,
            49.84705813229084
          ],
          [
            8.119300240650773,
            49.84690725803375
          ],
          [
            8.119161687791348,
            49.84679049812257
          ],
          [
            8.119242070242763,
            49.84664959833026
          ],
          [
            8.11932748183608,
            49.84650459140539
          ],
          [
            8.119258414953947,
            49.84636126086116
          ],
          [
            8.119246931746602,
            49.846204686909914
          ],
          [
            8.119262773543596,
            49.84605733305216
          ],
          [
            8.119286829605699,
            49.845910649746656
          ],
          [
            8.119324715808034,
            49.84575089067221
          ],
          [
            8.119345251470804,
            49.84561309218407
          ],
          [
            8.119407948106527,
            49.84546942636371
          ],
          [
            8.119514649733901,
            49.84533313661814
          ],
          [
            8.119633253663778,
            49.84520296566188
          ],
          [
            8.1197530310601,
            49.845069693401456
          ],
          [
            8.119867444038391,
            49.84494002535939
          ],
          [
            8.119972217828035,
            49.844814548268914
          ],
          [
            8.120101215317845,
            49.84469468705356
          ],
          [
            8.120212443172932,
            49.844562420621514
          ],
          [
            8.120300453156233,
            49.84443333931267
          ],
          [
            8.120402712374926,
            49.84429998323321
          ],
          [
            8.120515448972583,
            49.84416972845793
          ],
          [
            8.120536739006639,
            49.84402949921787
          ],
          [
            8.120343117043376,
            49.8439484462142
          ],
          [
            8.120138011872768,
            49.84387485310435
          ],
          [
            8.119908012449741,
            49.84380352310836
          ],
          [
            8.119660159572959,
            49.843741077929735
          ],
          [
            8.119469806551933,
            49.84367636963725
          ],
          [
            8.119280626997352,
            49.84361568465829
          ],
          [
            8.119040820747614,
            49.84353614039719
          ],
          [
            8.118793722242117,
            49.84346229583025
          ],
          [
            8.11854369007051,
            49.84338794834912
          ],
          [
            8.11834922991693,
            49.84333815984428
          ],
          [
            8.11810196377337,
            49.843264147639275
          ],
          [
            8.11793047003448,
            49.84315166249871
          ],
          [
            8.117846483364701,
            49.84302308410406
          ],
          [
            8.1177740637213,
            49.84289023093879
          ],
          [
            8.117681695148349,
            49.842747151851654
          ],
          [
            8.117639198899269,
            49.84258772805333
          ],
          [
            8.117662500590086,
            49.84243425540626
          ],
          [
            8.117702482268214,
            49.84228723682463
          ],
          [
            8.117735842242837,
            49.84213778749108
          ],
          [
            8.117746319621801,
            49.841973166912794
          ],
          [
            8.117738021537662,
            49.841818856075406
          ],
          [
            8.117748750373721,
            49.841667395085096
          ],
          [
            8.117757048457861,
            49.84151752665639
          ],
          [
            8.117782277986407,
            49.841369250789285
          ],
          [
            8.117751516401768,
            49.841516353189945
          ],
          [
            8.117760736495256,
            49.841659013181925
          ],
          [
            8.117758892476559,
            49.841824220493436
          ],
          [
            8.117753025144339,
            49.8419623542577
          ],
          [
            8.117744643241167,
            49.842102248221636
          ],
          [
            8.117717653512955,
            49.8422665335238
          ],
          [
            8.117690496146679,
            49.8424216825515
          ],
          [
            8.11766711063683,
            49.842574736103415
          ],
          [
            8.11771497130394,
            49.84273223206401
          ],
          [
            8.117821840569377,
            49.84286860562861
          ],
          [
            8.11790213920176,
            49.84301621094346
          ],
          [
            8.117966344580054,
            49.8431455437094
          ],
          [
            8.1181366648525,
            49.843238750472665
          ],
          [
            8.118341770023108,
            49.843310164287686
          ],
          [
            8.118555173277855,
            49.843371771276
          ],
          [
            8.11875575222075,
            49.843439161777496
          ],
          [
            8.118958259001374,
            49.843502193689346
          ],
          [
            8.119165375828743,
            49.84356212429702
          ],
          [
            8.11936360783875,
            49.843627670779824
          ],
          [
            8.119552116841078,
            49.843699503690004
          ],
          [
            8.11976082623005,
            49.84374535270035
          ],
          [
            8.119960902258754,
            49.84380234964192
          ],
          [
            8.120158966630697,
            49.8438638728112
          ],
          [
            8.120370861142874,
            49.84393092803657
          ],
          [
            8.120578397065401,
            49.844001000747085
          ],
          [
            8.120556604117155,
            49.844136368483305
          ],
          [
            8.12043908983469,
            49.84399689361453
          ],
          [
            8.12024362385273,
            49.8439087998122
          ],
          [
            8.119999878108501,
            49.84382481314242
          ],
          [
            8.119791084900498,
            49.84376412816346
          ],
          [
            8.119567288085818,
            49.84369682148099
          ],
          [
            8.119341814890504,
            49.84362448565662
          ],
          [
            8.119123969227076,
            49.84355256892741
          ],
          [
            8.118902519345284,
            49.84348526224494
          ],
          [
            8.118686936795712,
            49.84342273324728
          ],
          [
            8.118470683693886,
            49.8433593660593
          ],
          [
            8.11824755743146,
            49.843302285298705
          ],
          [
            8.118062233552337,
            49.843231877312064
          ],
          [
            8.117918651551008,
            49.84309474937618
          ],
          [
            8.11781907454133,
            49.842950413003564
          ],
          [
            8.117743721231818,
            49.84282108023763
          ],
          [
            8.117669625207782,
            49.842681270092726
          ],
          [
            8.117653699591756,
            49.84251245856285
          ],
          [
            8.117681862786412,
            49.84236585907638
          ],
          [
            8.117715809494257,
            49.842230072245
          ],
          [
            8.11774430796504,
            49.842079197987914
          ],
          [
            8.117752773687243,
            49.841907788068056
          ],
          [
            8.1177481636405,
            49.8417398147285
          ],
          [
            8.117767609655857,
            49.84157527796924
          ],
          [
            8.117797700688243,
            49.84141216613352
          ],
          [
            8.117830138653517,
            49.84124880284071
          ],
          [
            8.1178620737046,
            49.84108895994723
          ],
          [
            8.117899289354682,
            49.84093104489148
          ],
          [
            8.117949832230806,
            49.840759467333555
          ],
          [
            8.11801303178072,
            49.84059534966946
          ],
          [
            8.118066592141986,
            49.840432070195675
          ],
          [
            8.118074387311935,
            49.84026426449418
          ],
          [
            8.118041530251503,
            49.84009360894561
          ],
          [
            8.117979923263192,
            49.839933682233095
          ],
          [
            8.117910353466868,
            49.83978498727083
          ],
          [
            8.117839191108942,
            49.83964375220239
          ],
          [
            8.117807758972049,
            49.83949866145849
          ],
          [
            8.117833994328976,
            49.83936270698905
          ],
          [
            8.117873892188072,
            49.8391944821924
          ],
          [
            8.117918986827135,
            49.839038997888565
          ],
          [
            8.117966931313276,
            49.83889516443014
          ],
          [
            8.118059299886227,
            49.8387642391026
          ],
          [
            8.118021916598082,
            49.83860833570361
          ],
          [
            8.117867689579725,
            49.83850222080946
          ],
          [
            8.117688233032823,
            49.83839283697307
          ],
          [
            8.117548171430826,
            49.83827800489962
          ],
          [
            8.117382125928998,
            49.83815143816173
          ],
          [
            8.117206441238523,
            49.83805370517075
          ],
          [
            8.117044754326344,
            49.837941555306315
          ],
          [
            8.116885079070926,
            49.83783376403153
          ],
          [
            8.116664635017514,
            49.83788958750665
          ],
          [
            8.11624369584024,
            49.83807843178511
          ],
          [
            8.1160609703511,
            49.83816602267325
          ],
          [
            8.115859804674983,
            49.83823073096573
          ],
          [
            8.115671211853623,
            49.83829451724887
          ],
          [
            8.115492425858974,
            49.83839811757207
          ],
          [
            8.115306766703725,
            49.83851823024452
          ],
          [
            8.1151819601655,
            49.838635828346014
          ],
          [
            8.11507198959589,
            49.83876172453165
          ],
          [
            8.115009292960167,
            49.8389008641243
          ],
          [
            8.114999234676361,
            49.83903715386987
          ],
          [
            8.11499915085733,
            49.83917931094766
          ],
          [
            8.115045921877027,
            49.83932205475867
          ],
          [
            8.115071151405573,
            49.83947862870991
          ],
          [
            8.115075677633286,
            49.839630173519254
          ],
          [
            8.115085903555155,
            49.83977861702442
          ],
          [
            8.115009879693389,
            49.83993971720338
          ],
          [
            8.114918349310756,
            49.84009034000337
          ],
          [
            8.114813659340143,
            49.84024364501238
          ],
          [
            8.114701006561518,
            49.84037457033992
          ],
          [
            8.114616433158517,
            49.8405101057142
          ],
          [
            8.114506965503097,
            49.84063952229917
          ],
          [
            8.114398922771215,
            49.84078712761402
          ],
          [
            8.11429850757122,
            49.84093423001468
          ],
          [
            8.114218544214964,
            49.841090720146894
          ],
          [
            8.1141665764153,
            49.841254502534866
          ],
          [
            8.114084098488092,
            49.841414177790284
          ],
          [
            8.113991729915142,
            49.841574523597956
          ],
          [
            8.113894080743194,
            49.841711819171906
          ],
          [
            8.11381034553051,
            49.841854479163885
          ],
          [
            8.11375024728477,
            49.84198557212949
          ],
          [
            8.113697189837694,
            49.84211968258023
          ],
          [
            8.113645473495126,
            49.842257648706436
          ],
          [
            8.1135880574584,
            49.84238840639591
          ],
          [
            8.113513374701142,
            49.842543890699744
          ],
          [
            8.113429555669427,
            49.84270591288805
          ],
          [
            8.11335302889347,
            49.842836167663336
          ],
          [
            8.113285973668098,
            49.8429811745882
          ],
          [
            8.113227300345898,
            49.843125930055976
          ],
          [
            8.113169213756919,
            49.84326691366732
          ],
          [
            8.113109534606338,
            49.84340479597449
          ],
          [
            8.113042647019029,
            49.84354485757649
          ],
          [
            8.112983470782638,
            49.84368123114109
          ],
          [
            8.112925719469786,
            49.84382137656212
          ],
          [
            8.112854305654764,
            49.84399002045393
          ],
          [
            8.11278230510652,
            49.84415715560317
          ],
          [
            8.112701503559947,
            49.84432437457144
          ],
          [
            8.112613828852773,
            49.844495952129364
          ],
          [
            8.112555826082826,
            49.84462922438979
          ],
          [
            8.112507965415716,
            49.84476492740214
          ],
          [
            8.112431019544601,
            49.844937175512314
          ],
          [
            8.112372932955623,
            49.84507321380079
          ],
          [
            8.112391540780663,
            49.845226015895605
          ],
          [
            8.112498493865132,
            49.845373621210456
          ],
          [
            8.112711142748594,
            49.84546163119376
          ],
          [
            8.112958995625377,
            49.84552038833499
          ],
          [
            8.113215817138553,
            49.845571517944336
          ],
          [
            8.113464675843716,
            49.84564879909158
          ],
          [
            8.113724011927843,
            49.84571602195501
          ],
          [
            8.113985108211637,
            49.845777209848166
          ],
          [
            8.11425014398992,
            49.845835380256176
          ],
          [
            8.11451400630176,
            49.84586647711694
          ],
          [
            8.114748448133469,
            49.845914421603084
          ],
          [
            8.114961013197899,
            49.84596270136535
          ],
          [
            8.11521221883595,
            49.84601441770792
          ],
          [
            8.115426460281014,
            49.8460447601974
          ],
          [
            8.115639863535762,
            49.84606663696468
          ],
          [
            8.115851255133748,
            49.84607904218137
          ],
          [
            8.116068597882986,
            49.846098655834794
          ],
          [
            8.116298513486981,
            49.846133356913924
          ],
          [
            8.116527507081628,
            49.8461726680398
          ],
          [
            8.11675775796175,
            49.84621952287853
          ],
          [
            8.116992032155395,
            49.84626813791692
          ],
          [
            8.117225551977754,
            49.84631650149822
          ],
          [
            8.117461167275906,
            49.84636704437435
          ],
          [
            8.117703488096595,
            49.8464213591069
          ],
          [
            8.117939187213778,
            49.846473997458816
          ],
          [
            8.11818452551961,
            49.8465283960104
          ],
          [
            8.118428103625774,
            49.84657667577267
          ],
          [
            8.118673609569669,
            49.846631828695536
          ],
          [
            8.118906039744616,
            49.84668396413326
          ],
          [
            8.119123969227076,
            49.846740793436766
          ],
          [
            8.119293535128236,
            49.84683098271489
          ],
          [
            8.119430243968964,
            49.84695905819535
          ],
          [
            8.119533592835069,
            49.84712124802172
          ],
          [
            8.11957566998899,
            49.847309505566955
          ],
          [
            8.11960056424141,
            49.84748275950551
          ],
          [
            8.119615903124213,
            49.847664311528206
          ],
          [
            8.119681868702173,
            49.84782239422202
          ],
          [
            8.119782451540232,
            49.84797083772719
          ],
          [
            8.119897870346904,
            49.84811567701399
          ],
          [
            8.12002225778997,
            49.84825582243502
          ],
          [
            8.12014790251851,
            49.848398147150874
          ],
          [
            8.12026851810515,
            49.848544830456376
          ],
          [
            8.120384188368917,
            49.848687406629324
          ],
          [
            8.120517460629344,
            49.84883392229676
          ],
          [
            8.120634891092777,
            49.84898513182998
          ],
          [
            8.120756093412638,
            49.84914120286703
          ],
          [
            8.120862878859043,
            49.84929643571377
          ],
          [
            8.120970167219639,
            49.849457032978535
          ],
          [
            8.121076952666044,
            49.84961084090173
          ],
          [
            8.121179630979896,
            49.849765906110406
          ],
          [
            8.121279878541827,
            49.84992248006165
          ],
          [
            8.121382892131805,
            49.850078048184514
          ],
          [
            8.12148381024599,
            49.85024065710604
          ],
          [
            8.121590176597238,
            49.85040661878884
          ],
          [
            8.121696626767516,
            49.850567718967795
          ],
          [
            8.121798885986209,
            49.850733764469624
          ],
          [
            8.121907263994217,
            49.85090006142855
          ],
          [
            8.12201731838286,
            49.85107038170099
          ],
          [
            8.12212334945798,
            49.85123776830733
          ],
          [
            8.122227201238275,
            49.85141538083553
          ],
          [
            8.12233591452241,
            49.85158922150731
          ],
          [
            8.122447561472654,
            49.851768761873245
          ],
          [
            8.122555017471313,
            49.8519404232502
          ],
          [
            8.122673034667969,
            49.85210923478007
          ],
          [
            8.122778814285994,
            49.852272095158696
          ],
          [
            8.12288660556078,
            49.85244040377438
          ],
          [
            8.122987942770123,
            49.85260737128556
          ],
          [
            8.123088022693992,
            49.85277811065316
          ],
          [
            8.123164214193821,
            49.852945832535625
          ],
          [
            8.12324183061719,
            49.853108525276184
          ],
          [
            8.123315507546067,
            49.85327951610088
          ],
          [
            8.123392704874277,
            49.8534531891346
          ],
          [
            8.123462609946728,
            49.85362711362541
          ],
          [
            8.12352530658245,
            49.853798942640424
          ],
          [
            8.123595714569092,
            49.853971442207694
          ],
          [
            8.123645586892962,
            49.854128183797
          ],
          [
            8.123701242730021,
            49.85427285544574
          ],
          [
            8.123738961294293,
            49.85441283322871
          ],
          [
            8.12374809756875,
            49.85459136776626
          ],
          [
            8.123812973499298,
            49.85476579517126
          ],
          [
            8.123876675963402,
            49.854919435456395
          ],
          [
            8.123938869684935,
            49.85508229583502
          ],
          [
            8.123976336792111,
            49.85525680705905
          ],
          [
            8.123999470844865,
            49.85540089197457
          ],
          [
            8.124068537726998,
            49.85557314008474
          ],
          [
            8.12413651496172,
            49.8557448014617
          ],
          [
            8.12421128153801,
            49.85592375509441
          ],
          [
            8.124279929324985,
            49.85610270872712
          ],
          [
            8.124348744750023,
            49.85628493130207
          ],
          [
            8.124412698671222,
            49.85646480694413
          ],
          [
            8.124489057809114,
            49.856638479977846
          ],
          [
            8.124603135511279,
            49.85678088851273
          ],
          [
            8.124729869887233,
            49.85691457986832
          ],
          [
            8.124870099127293,
            49.85705690458417
          ],
          [
            8.125035222619772,
            49.8571967985481
          ],
          [
            8.125191126018763,
            49.85732453875244
          ],
          [
            8.125347783789039,
            49.85743911936879
          ],
          [
            8.125507375225425,
            49.857553113251925
          ],
          [
            8.125668643042445,
            49.85767850652337
          ],
          [
            8.125851536169648,
            49.85781538300216
          ],
          [
            8.126036860048771,
            49.85795175656676
          ],
          [
            8.126223357394338,
            49.85809005796909
          ],
          [
            8.126363838091493,
            49.858194161206484
          ],
          [
            8.126561986282468,
            49.85834042541683
          ],
          [
            8.126756194978952,
            49.8584833368659
          ],
          [
            8.126946967095137,
            49.858624236658216
          ],
          [
            8.127128016203642,
            49.858752228319645
          ],
          [
            8.127301270142198,
            49.85887862741947
          ],
          [
            8.127481313422322,
            49.85900511033833
          ],
          [
            8.12765808776021,
            49.85913368873298
          ],
          [
            8.127828743308783,
            49.85926025547087
          ],
          [
            8.1280005723238,
            49.85938246361911
          ],
          [
            8.128176173195243,
            49.85950936563313
          ],
          [
            8.128355797380209,
            49.859634172171354
          ],
          [
            8.128534248098731,
            49.85976384021342
          ],
          [
            8.128708926960826,
            49.85989292152226
          ],
          [
            8.128882851451635,
            49.86001663841307
          ],
          [
            8.12905459664762,
            49.86014270223677
          ],
          [
            8.129240674898028,
            49.86027656123042
          ],
          [
            8.129423148930073,
            49.86041184514761
          ],
          [
            8.129606964066625,
            49.86054285429418
          ],
          [
            8.129812991246581,
            49.86069079488516
          ],
          [
            8.129958501085639,
            49.860794227570295
          ],
          [
            8.130104765295982,
            49.860904198139906
          ],
          [
            8.13025027513504,
            49.861009642481804
          ],
          [
            8.130394946783781,
            49.86111734993756
          ],
          [
            8.130567027255893,
            49.86124676652253
          ],
          [
            8.130668783560395,
            49.861375261098146
          ],
          [
            8.130806749686599,
            49.86150442622602
          ],
          [
            8.130960976704955,
            49.86160232685506
          ],
          [
            8.131122412160039,
            49.86171657219529
          ],
          [
            8.130981177091599,
            49.86185738816857
          ],
          [
            8.130829967558384,
            49.86200247891247
          ],
          [
            8.130717482417822,
            49.86212108284235
          ],
          [
            8.130578007549047,
            49.862254187464714
          ],
          [
            8.130435515195131,
            49.862385699525476
          ],
          [
            8.130343649536371,
            49.862525928765535
          ],
          [
            8.130501313135028,
            49.86263464204967
          ],
          [
            8.130702897906303,
            49.86271393485367
          ],
          [
            8.130877744406462,
            49.86279213801026
          ],
          [
            8.131090393289924,
            49.862895822152495
          ],
          [
            8.131311340257525,
            49.8629904538393
          ],
          [
            8.131538825109601,
            49.8630943056196
          ],
          [
            8.131744684651494,
            49.86319052986801
          ],
          [
            8.131911819800735,
            49.863288598135114
          ],
          [
            8.131830263882875,
            49.86341482959688
          ],
          [
            8.131698668003082,
            49.863528152927756
          ],
          [
            8.13157687895,
            49.86363871023059
          ],
          [
            8.131485683843493,
            49.86378195695579
          ],
          [
            8.13166530802846,
            49.86390198580921
          ],
          [
            8.131890865042806,
            49.86398781649768
          ],
          [
            8.132106782868505,
            49.86407808959484
          ],
          [
            8.132317336276174,
            49.86416517756879
          ],
          [
            8.132523279637098,
            49.86424530856311
          ],
          [
            8.132726373150945,
            49.86432636156678
          ],
          [
            8.13293089158833,
            49.86440590582788
          ],
          [
            8.133122753351927,
            49.86448595300317
          ],
          [
            8.133322913199663,
            49.86456264741719
          ],
          [
            8.133517960086465,
            49.86464202404022
          ],
          [
            8.133706972002983,
            49.86472290940583
          ],
          [
            8.133894223719835,
            49.864809745922685
          ],
          [
            8.134080972522497,
            49.86487755551934
          ],
          [
            8.13426923006773,
            49.864946538582444
          ],
          [
            8.134464612230659,
            49.86503664404154
          ],
          [
            8.13466208986938,
            49.865127839148045
          ],
          [
            8.134844563901424,
            49.86520738340914
          ],
          [
            8.1350168120116,
            49.86528701148927
          ],
          [
            8.13521328382194,
            49.86536362208426
          ],
          [
            8.135378323495388,
            49.865453224629164
          ],
          [
            8.135527772828937,
            49.86555967479944
          ],
          [
            8.13570186495781,
            49.86564022488892
          ],
          [
            8.13588609918952,
            49.86572848632932
          ],
          [
            8.136116433888674,
            49.8658312484622
          ],
          [
            8.136295974254608,
            49.865912552922964
          ],
          [
            8.136489931493998,
            49.86598874442279
          ],
          [
            8.136739376932383,
            49.86607591621578
          ],
          [
            8.136950265616179,
            49.86614850349724
          ],
          [
            8.137166686356068,
            49.86622050404549
          ],
          [
            8.137362571433187,
            49.86628118902445
          ],
          [
            8.137602796778083,
            49.86636056564748
          ],
          [
            8.13784008845687,
            49.86644111573696
          ],
          [
            8.13807520084083,
            49.86652619205415
          ],
          [
            8.13825792632997,
            49.86659509129822
          ],
          [
            8.138439143076539,
            49.86666725948453
          ],
          [
            8.138667969033122,
            49.86675459891558
          ],
          [
            8.138852370902896,
            49.866824420168996
          ],
          [
            8.139054710045457,
            49.86690069548786
          ],
          [
            8.13925520516932,
            49.866984598338604
          ],
          [
            8.139447905123234,
            49.86706003546715
          ],
          [
            8.139645550400019,
            49.867133712396026
          ],
          [
            8.139840010553598,
            49.867206048220396
          ],
          [
            8.140052240341902,
            49.86728358082473
          ],
          [
            8.140259776264429,
            49.86736555583775
          ],
          [
            8.140465971082449,
            49.867446441203356
          ],
          [
            8.140658000484109,
            49.86752665601671
          ],
          [
            8.14084718003869,
            49.86761089414358
          ],
          [
            8.141034599393606,
            49.86770208925009
          ],
          [
            8.141216319054365,
            49.867778113111854
          ],
          [
            8.141397116705775,
            49.86786109395325
          ],
          [
            8.141584871336818,
            49.86795153468847
          ],
          [
            8.141758209094405,
            49.8680345993489
          ],
          [
            8.141927104443312,
            49.868125542998314
          ],
          [
            8.142101699486375,
            49.868206679821014
          ],
          [
            8.142324071377516,
            49.868315728381276
          ],
          [
            8.14254367724061,
            49.86842326819897
          ],
          [
            8.142760684713721,
            49.86853323876858
          ],
          [
            8.142977943643928,
            49.868641113862395
          ],
          [
            8.143183384090662,
            49.86873909831047
          ],
          [
            8.143395613878965,
            49.86884571611881
          ],
          [
            8.143613627180457,
            49.86894856207073
          ],
          [
            8.143829042091966,
            49.86905677244067
          ],
          [
            8.144050491973758,
            49.86916816793382
          ],
          [
            8.144267667084932,
            49.86927369609475
          ],
          [
            8.144473694264889,
            49.86937687732279
          ],
          [
            8.144646026194096,
            49.869461450725794
          ],
          [
            8.144816849380732,
            49.86954979598522
          ],
          [
            8.145027235150337,
            49.86966202966869
          ],
          [
            8.145221779122949,
            49.86978331580758
          ],
          [
            8.14536896534264,
            49.869888089597225
          ],
          [
            8.145512631163001,
            49.87002672627568
          ],
          [
            8.145617907866836,
            49.870152454823256
          ],
          [
            8.145722011104226,
            49.87027868628502
          ],
          [
            8.145837597548962,
            49.87039687111974
          ],
          [
            8.145941030234098,
            49.870527209714055
          ],
          [
            8.146053766831756,
            49.87067196518183
          ],
          [
            8.146190643310547,
            49.87082024104893
          ],
          [
            8.14631829969585,
            49.87096809782088
          ],
          [
            8.14643170684576,
            49.8710913117975
          ],
          [
            8.146539330482483,
            49.87122483551502
          ],
          [
            8.146575791761279,
            49.871378894895315
          ],
          [
            8.14641703851521,
            49.87147394567728
          ],
          [
            8.146237917244434,
            49.87157058902085
          ],
          [
            8.146139681339264,
            49.87170520238578
          ],
          [
            8.146049156785011,
            49.87183604389429
          ],
          [
            8.145921919494867,
            49.87194894813001
          ],
          [
            8.14579208381474,
            49.8720876686275
          ],
          [
            8.145693512633443,
            49.872230580076575
          ],
          [
            8.145599467679858,
            49.87235832028091
          ],
          [
            8.145530819892883,
            49.87249695695937
          ],
          [
            8.145475583150983,
            49.87263048067689
          ],
          [
            8.145617237314582,
            49.87274028360844
          ],
          [
            8.1457993760705,
            49.8728456441313
          ],
          [
            8.146002134308219,
            49.87296760082245
          ],
          [
            8.146182093769312,
            49.873057873919606
          ],
          [
            8.146361969411373,
            49.873137921094894
          ],
          [
            8.146576713770628,
            49.87324847839773
          ],
          [
            8.146789111196995,
            49.873363142833114
          ],
          [
            8.146980302408338,
            49.87344034016132
          ],
          [
            8.147155232727528,
            49.873515609651804
          ],
          [
            8.147361846640706,
            49.873588951304555
          ],
          [
            8.147562593221664,
            49.87366698682308
          ],
          [
            8.147790413349867,
            49.87376622855663
          ],
          [
            8.147980011999607,
            49.87384116277099
          ],
          [
            8.148183692246675,
            49.87392883747816
          ],
          [
            8.148390557616949,
            49.87401936203241
          ],
          [
            8.148590214550495,
            49.874099576845765
          ],
          [
            8.14876975491643,
            49.87417509779334
          ],
          [
            8.148944601416588,
            49.8742669634521
          ],
          [
            8.149149119853973,
            49.874373665079474
          ],
          [
            8.14935120753944,
            49.87447667866945
          ],
          [
            8.14951783977449,
            49.87456024624407
          ],
          [
            8.149695619940758,
            49.87464892677963
          ],
          [
            8.149870382621884,
            49.8747334163636
          ],
          [
            8.150044223293662,
            49.87482016906142
          ],
          [
            8.150276318192482,
            49.874908681958914
          ],
          [
            8.150485698133707,
            49.874968864023685
          ],
          [
            8.150677056983113,
            49.87502770498395
          ],
          [
            8.150768922641873,
            49.87515234388411
          ],
          [
            8.150745118036866,
            49.875301625579596
          ],
          [
            8.150721732527018,
            49.875463815405965
          ],
          [
            8.15070765092969,
            49.87562483176589
          ],
          [
            8.150692731142044,
            49.87577302381396
          ],
          [
            8.150539426133037,
            49.87592104822397
          ],
          [
            8.150380924344063,
            49.87602205015719
          ],
          [
            8.150200629606843,
            49.87613109871745
          ],
          [
            8.150038439780474,
            49.87623453140259
          ],
          [
            8.14990189857781,
            49.8763532191515
          ],
          [
            8.149842135608196,
            49.876487497240305
          ],
          [
            8.149963924661279,
            49.8765982221812
          ],
          [
            8.150124186649919,
            49.876710372045636
          ],
          [
            8.150231810286641,
            49.87687767483294
          ],
          [
            8.150318479165435,
            49.87701388075948
          ],
          [
            8.150424929335713,
            49.87718126736581
          ],
          [
            8.150548310950398,
            49.87733909860253
          ],
          [
            8.150681834667921,
            49.87746415659785
          ],
          [
            8.150707902386785,
            49.877610839903355
          ],
          [
            8.150729527696967,
            49.8777655698359
          ],
          [
            8.150747129693627,
            49.8779347166419
          ],
          [
            8.15085081383586,
            49.87808768637478
          ],
          [
            8.151018200442195,
            49.878182066604495
          ],
          [
            8.15120067447424,
            49.87826890312135
          ],
          [
            8.151391614228487,
            49.878344843164086
          ],
          [
            8.151587583124638,
            49.878420447930694
          ],
          [
            8.151771565899253,
            49.878501668572426
          ],
          [
            8.1519331689924,
            49.878598898649216
          ],
          [
            8.152079517021775,
            49.87870652228594
          ],
          [
            8.1522267870605,
            49.8788205999881
          ],
          [
            8.15237338654697,
            49.878920763731
          ],
          [
            8.152519650757313,
            49.8790642619133
          ],
          [
            8.152660382911563,
            49.87920440733433
          ],
          [
            8.152743950486183,
            49.879332734271884
          ],
          [
            8.152818633243442,
            49.879473969340324
          ],
          [
            8.152978643774986,
            49.8796028830111
          ],
          [
            8.153160866349936,
            49.879690976813436
          ],
          [
            8.153364965692163,
            49.87978887744248
          ],
          [
            8.153574345633388,
            49.87987210974097
          ],
          [
            8.15377626568079,
            49.8799485526979
          ],
          [
            8.153976257890463,
            49.88005223684013
          ],
          [
            8.15415931865573,
            49.880149299278855
          ],
          [
            8.154375404119492,
            49.880266059190035
          ],
          [
            8.15454144962132,
            49.8803645465523
          ],
          [
            8.154712105169892,
            49.88045456819236
          ],
          [
            8.154888711869717,
            49.88054693676531
          ],
          [
            8.155065821483731,
            49.88065028563142
          ],
          [
            8.155253073200583,
            49.88075606524944
          ],
          [
            8.155442588031292,
            49.88086142577231
          ],
          [
            8.155624642968178,
            49.8809671215713
          ],
          [
            8.155794711783528,
            49.8810707218945
          ],
          [
            8.155970815569162,
            49.88117314875126
          ],
          [
            8.156156055629253,
            49.881269708275795
          ],
          [
            8.156338529661298,
            49.88136677071452
          ],
          [
            8.156518740579486,
            49.881465174257755
          ],
          [
            8.156707249581814,
            49.88156642764807
          ],
          [
            8.156881676986814,
            49.881669357419014
          ],
          [
            8.157047722488642,
            49.88176398910582
          ],
          [
            8.157218713313341,
            49.88185241818428
          ],
          [
            8.1574004329741,
            49.88195593468845
          ],
          [
            8.15759296528995,
            49.8820602055639
          ],
          [
            8.15778985619545,
            49.88217051140964
          ],
          [
            8.157990099862218,
            49.88228098489344
          ],
          [
            8.158179614692926,
            49.882386764511466
          ],
          [
            8.1583605799824,
            49.88248483277857
          ],
          [
            8.15853207372129,
            49.88257736898959
          ],
          [
            8.158688312396407,
            49.882668228819966
          ],
          [
            8.15885804593563,
            49.882759507745504
          ],
          [
            8.159040436148643,
            49.882856318727136
          ],
          [
            8.159224754199386,
            49.882963355630636
          ],
          [
            8.15941452048719,
            49.88306611776352
          ],
          [
            8.159593977034092,
            49.88316686823964
          ],
          [
            8.159765973687172,
            49.883262338116765
          ],
          [
            8.15993838943541,
            49.88334950990975
          ],
          [
            8.160118265077472,
            49.88345109857619
          ],
          [
            8.160301996394992,
            49.8835505079478
          ],
          [
            8.160491930320859,
            49.88365746103227
          ],
          [
            8.160695610567927,
            49.883769024163485
          ],
          [
            8.160903817042708,
            49.88387974910438
          ],
          [
            8.161108922213316,
            49.883998269215226
          ],
          [
            8.161312518641353,
            49.88411243073642
          ],
          [
            8.161521730944514,
            49.88422960974276
          ],
          [
            8.161737732589245,
            49.8843449447304
          ],
          [
            8.16195105202496,
            49.884464303031564
          ],
          [
            8.162169735878706,
            49.884582152590156
          ],
          [
            8.162386324256659,
            49.884704276919365
          ],
          [
            8.16260433755815,
            49.884825898334384
          ],
          [
            8.162830229848623,
            49.8849408980459
          ],
          [
            8.163054445758462,
            49.88506218418479
          ],
          [
            8.163266004994512,
            49.88518095575273
          ],
          [
            8.16346038132906,
            49.88528598099947
          ],
          [
            8.163652159273624,
            49.88538941368461
          ],
          [
            8.163848714902997,
            49.88550307229161
          ],
          [
            8.164056167006493,
            49.88561823964119
          ],
          [
            8.164272755384445,
            49.88573340699077
          ],
          [
            8.164480375126004,
            49.88585041835904
          ],
          [
            8.164670309051871,
            49.88595678471029
          ],
          [
            8.164854291826487,
            49.8860598821193
          ],
          [
            8.165046907961369,
            49.886163817718625
          ],
          [
            8.165250839665532,
            49.886282086372375
          ],
          [
            8.16545351408422,
            49.88639172166586
          ],
          [
            8.165649902075529,
            49.88650009967387
          ],
          [
            8.165850061923265,
            49.8866072203964
          ],
          [
            8.166052317246795,
            49.886716520413756
          ],
          [
            8.16624904051423,
            49.88682850264013
          ],
          [
            8.16644442267716,
            49.886945597827435
          ],
          [
            8.166646510362625,
            49.88705330528319
          ],
          [
            8.166852705180645,
            49.88716428168118
          ],
          [
            8.167057475075126,
            49.88728095777333
          ],
          [
            8.16725805401802,
            49.88739545457065
          ],
          [
            8.167458716779947,
            49.887506011873484
          ],
          [
            8.167654853314161,
            49.88761321641505
          ],
          [
            8.167846631258726,
            49.88772243261337
          ],
          [
            8.16803690046072,
            49.88782586529851
          ],
          [
            8.168229265138507,
            49.88793256692588
          ],
          [
            8.168429424986243,
            49.8880441300571
          ],
          [
            8.168633691966534,
            49.8881543520838
          ],
          [
            8.168836953118443,
            49.888269267976284
          ],
          [
            8.169039962813258,
            49.88838275894523
          ],
          [
            8.169229896739125,
            49.888490131124854
          ],
          [
            8.16940407268703,
            49.8885861877352
          ],
          [
            8.169590905308723,
            49.88868869841099
          ],
          [
            8.169795842841268,
            49.88879984244704
          ],
          [
            8.170002372935414,
            49.88891735672951
          ],
          [
            8.170200185850263,
            49.88902925513685
          ],
          [
            8.17039892077446,
            49.889131681993604
          ],
          [
            8.170556835830212,
            49.88922245800495
          ],
          [
            8.170735035091639,
            49.889323711395264
          ],
          [
            8.170930668711662,
            49.88943259231746
          ],
          [
            8.17111968062818,
            49.889535354450345
          ],
          [
            8.17130190320313,
            49.88963333889842
          ],
          [
            8.171480689197779,
            49.88973023369908
          ],
          [
            8.171660229563713,
            49.889829475432634
          ],
          [
            8.171842116862535,
            49.8899279627949
          ],
          [
            8.172026770189404,
            49.890026953071356
          ],
          [
            8.172212010249496,
            49.89013457670808
          ],
          [
            8.172396076843143,
            49.89023666828871
          ],
          [
            8.17257528193295,
            49.89034043624997
          ],
          [
            8.172756917774677,
            49.89043598994613
          ],
          [
            8.17293788306415,
            49.8905342258513
          ],
          [
            8.173124631866813,
            49.890637658536434
          ],
          [
            8.173318672925234,
            49.89074595272541
          ],
          [
            8.173512881621718,
            49.890855588018894
          ],
          [
            8.173705246299505,
            49.8909623734653
          ],
          [
            8.173884451389313,
            49.89105633459985
          ],
          [
            8.1740509159863,
            49.891147278249264
          ],
          [
            8.174220817163587,
            49.89124576561153
          ],
          [
            8.174355095252395,
            49.89137291908264
          ],
          [
            8.174466826021671,
            49.891509879380465
          ],
          [
            8.174580484628677,
            49.89165103062987
          ],
          [
            8.174700764939189,
            49.891796708106995
          ],
          [
            8.174816351383924,
            49.89194171503186
          ],
          [
            8.174942247569561,
            49.89209409803152
          ],
          [
            8.17507166415453,
            49.89224421791732
          ],
          [
            8.175196470692754,
            49.89239165559411
          ],
          [
            8.17531750537455,
            49.892543870955706
          ],
          [
            8.175440300256014,
            49.89269759505987
          ],
          [
            8.175562508404255,
            49.892838913947344
          ],
          [
            8.175674909725785,
            49.89299205131829
          ],
          [
            8.175774905830622,
            49.89314401522279
          ],
          [
            8.17587205208838,
            49.89329497329891
          ],
          [
            8.175965510308743,
            49.89344266243279
          ],
          [
            8.176054023206234,
            49.893577359616756
          ],
          [
            8.176135998219252,
            49.89370551891625
          ],
          [
            8.176215374842286,
            49.89383711479604
          ],
          [
            8.176316292956471,
            49.893992682918906
          ],
          [
            8.17641251720488,
            49.89414297044277
          ],
          [
            8.176496922969818,
            49.89428353495896
          ],
          [
            8.17660253494978,
            49.894432397559285
          ],
          [
            8.17677210085094,
            49.89455544389784
          ],
          [
            8.176936050876975,
            49.894647812470794
          ],
          [
            8.17711022682488,
            49.894740683957934
          ],
          [
            8.177290856838226,
            49.894843278452754
          ],
          [
            8.177499398589134,
            49.894955260679126
          ],
          [
            8.177708275616169,
            49.89507034420967
          ],
          [
            8.177912710234523,
            49.89518626593053
          ],
          [
            8.17807573825121,
            49.89527813158929
          ],
          [
            8.178241029381752,
            49.89536974579096
          ],
          [
            8.178416462615132,
            49.8954660538584
          ],
          [
            8.178595248609781,
            49.89555708132684
          ],
          [
            8.178773112595081,
            49.89564106799662
          ],
          [
            8.178953994065523,
            49.895725809037685
          ],
          [
            8.179142335429788,
            49.89581750705838
          ],
          [
            8.179329335689545,
            49.89590392448008
          ],
          [
            8.179522873833776,
            49.895996963605285
          ],
          [
            8.179714065045118,
            49.89608773961663
          ],
          [
            8.179907854646444,
            49.89617943763733
          ],
          [
            8.180097285658121,
            49.89627071656287
          ],
          [
            8.180266348645091,
            49.89635327830911
          ],
          [
            8.18049056455493,
            49.896415304392576
          ],
          [
            8.180636996403337,
            49.89630307070911
          ],
          [
            8.180784853175282,
            49.89614641293883
          ],
          [
            8.180909408256412,
            49.89601858891547
          ],
          [
            8.181048464030027,
            49.8958804551512
          ],
          [
            8.18119221366942,
            49.89574081264436
          ],
          [
            8.181337723508477,
            49.89559119567275
          ],
          [
            8.181474935263395,
            49.895454151555896
          ],
          [
            8.181594042107463,
            49.89533420652151
          ],
          [
            8.181814402341843,
            49.89526664838195
          ],
          [
            8.182020345702767,
            49.89531543105841
          ],
          [
            8.18223886191845,
            49.895384246483445
          ],
          [
            8.182467855513096,
            49.89545683376491
          ],
          [
            8.182703135535121,
            49.89552925340831
          ],
          [
            8.182937912642956,
            49.89559798501432
          ],
          [
            8.183178640902042,
            49.8956679739058
          ],
          [
            8.183423057198524,
            49.89574424922466
          ],
          [
            8.18366470746696,
            49.89582329057157
          ],
          [
            8.183905519545078,
            49.89589135162532
          ],
          [
            8.184165945276618,
            49.895946672186255
          ],
          [
            8.18442402407527,
            49.8959927726537
          ],
          [
            8.184652766212821,
            49.89604180678725
          ],
          [
            8.184864660724998,
            49.896100144833326
          ],
          [
            8.18507487885654,
            49.89616133272648
          ],
          [
            8.185275793075562,
            49.89622377790511
          ],
          [
            8.185468409210443,
            49.89628018811345
          ],
          [
            8.185659935697913,
            49.896336095407605
          ],
          [
            8.185919355601072,
            49.896395690739155
          ],
          [
            8.186186403036118,
            49.896420668810606
          ],
          [
            8.186395699158311,
            49.89642234519124
          ],
          [
            8.186640702188015,
            49.89641094580293
          ],
          [
            8.186897691339254,
            49.896396612748504
          ],
          [
            8.187165660783648,
            49.896409856155515
          ],
          [
            8.187362384051085,
            49.89648571237922
          ],
          [
            8.187544774264097,
            49.89657078869641
          ],
          [
            8.187738731503487,
            49.89666516892612
          ],
          [
            8.187903771176934,
            49.896761644631624
          ],
          [
            8.188053639605641,
            49.89688108675182
          ],
          [
            8.188257152214646,
            49.89698879420757
          ],
          [
            8.188416911289096,
            49.89708602428436
          ],
          [
            8.188559738919139,
            49.897216530516744
          ],
          [
            8.188702315092087,
            49.89738215692341
          ],
          [
            8.188816644251347,
            49.8975433409214
          ],
          [
            8.188905073329806,
            49.897675439715385
          ],
          [
            8.188996016979218,
            49.897808292880654
          ],
          [
            8.189113950356841,
            49.89793033339083
          ],
          [
            8.189241522923112,
            49.89805673249066
          ],
          [
            8.189317714422941,
            49.89818732254207
          ],
          [
            8.189362473785877,
            49.89835764281452
          ],
          [
            8.189350152388215,
            49.89852008409798
          ],
          [
            8.189469678327441,
            49.89864455536008
          ],
          [
            8.189669335260987,
            49.898716723546386
          ],
          [
            8.189766649156809,
            49.89887656643987
          ],
          [
            8.189855916425586,
            49.89901201799512
          ],
          [
            8.189935544505715,
            49.899156019091606
          ],
          [
            8.190012825652957,
            49.899302115663886
          ],
          [
            8.19008574821055,
            49.899450559169054
          ],
          [
            8.190156575292349,
            49.89960319362581
          ],
          [
            8.19022505544126,
            49.899748116731644
          ],
          [
            8.190296804532409,
            49.8999057803303
          ],
          [
            8.190369307994843,
            49.900069227442145
          ],
          [
            8.190443655475974,
            49.900231417268515
          ],
          [
            8.19052160717547,
            49.9004081916064
          ],
          [
            8.190606348216534,
            49.900586139410734
          ],
          [
            8.19069410674274,
            49.900769870728254
          ],
          [
            8.190780943259597,
            49.90095678716898
          ],
          [
            8.19086803123355,
            49.901147140190005
          ],
          [
            8.190961657091975,
            49.90133933722973
          ],
          [
            8.191022342070937,
            49.90147244185209
          ],
          [
            8.191089229658246,
            49.90160722285509
          ],
          [
            8.191154273226857,
            49.9017467815429
          ],
          [
            8.191214371472597,
            49.90188432857394
          ],
          [
            8.191271871328354,
            49.90201818756759
          ],
          [
            8.19134010002017,
            49.90221407264471
          ],
          [
            8.191384356468916,
            49.902349188923836
          ],
          [
            8.191425008699298,
            49.9024891667068
          ],
          [
            8.191461553797126,
            49.902632581070065
          ],
          [
            8.191498350352049,
            49.902770295739174
          ],
          [
            8.191538834944367,
            49.90290901623666
          ],
          [
            8.191595748066902,
            49.903106577694416
          ],
          [
            8.191643692553043,
            49.90328804589808
          ],
          [
            8.19169825874269,
            49.90346188656986
          ],
          [
            8.191750310361385,
            49.903642013669014
          ],
          [
            8.191802278161049,
            49.90382323041558
          ],
          [
            8.191887270659208,
            49.90399547852576
          ],
          [
            8.192022470757365,
            49.90415532141924
          ],
          [
            8.192186504602432,
            49.90430443547666
          ],
          [
            8.192376522347331,
            49.904426895082
          ],
          [
            8.192570395767689,
            49.904539212584496
          ],
          [
            8.192779188975692,
            49.90465144626796
          ],
          [
            8.192988568916917,
            49.90476183593273
          ],
          [
            8.193201888352633,
            49.904878763481975
          ],
          [
            8.193428702652454,
            49.90500373765826
          ],
          [
            8.193646632134914,
            49.90512929856777
          ],
          [
            8.193873278796673,
            49.90525477565825
          ],
          [
            8.194102607667446,
            49.90537337958813
          ],
          [
            8.194317016750574,
            49.905495420098305
          ],
          [
            8.194537376984954,
            49.905613688752055
          ],
          [
            8.194755557924509,
            49.905737321823835
          ],
          [
            8.194968542084098,
            49.9058548361063
          ],
          [
            8.195172725245357,
            49.90597126074135
          ],
          [
            8.195378668606281,
            49.906085673719645
          ],
          [
            8.19558427669108,
            49.90619891323149
          ],
          [
            8.195790136232972,
            49.90631424821913
          ],
          [
            8.195994570851326,
            49.90643251687288
          ],
          [
            8.196199759840965,
            49.906547516584396
          ],
          [
            8.196384077891707,
            49.90665606223047
          ],
          [
            8.196569066494703,
            49.90675404667854
          ],
          [
            8.196777775883675,
            49.9068496003747
          ],
          [
            8.196995370090008,
            49.90694431588054
          ],
          [
            8.197204330936074,
            49.90702805109322
          ],
          [
            8.19741329178214,
            49.90709435194731
          ],
          [
            8.197626024484634,
            49.90714590065181
          ],
          [
            8.197840517386794,
            49.90718009881675
          ],
          [
            8.197992648929358,
            49.90730507299304
          ],
          [
            8.197893742471933,
            49.907481763511896
          ],
          [
            8.197890305891633,
            49.90765057504177
          ],
          [
            8.197890976443887,
            49.90782684646547
          ],
          [
            8.197845797985792,
            49.90800412371755
          ],
          [
            8.197763236239552,
            49.90816991776228
          ],
          [
            8.19768494926393,
            49.90833101794124
          ],
          [
            8.19763708859682,
            49.90848465822637
          ],
          [
            8.197616301476955,
            49.90862891077995
          ],
          [
            8.197717135772109,
            49.9087508674711
          ],
          [
            8.197928946465254,
            49.90877534262836
          ],
          [
            8.198159197345376,
            49.90881591103971
          ],
          [
            8.198239579796791,
            49.908971982076764
          ],
          [
            8.198266485705972,
            49.90911296568811
          ],
          [
            8.19829816929996,
            49.909258810803294
          ],
          [
            8.198330355808139,
            49.90940289571881
          ],
          [
            8.198354998603463,
            49.90954698063433
          ],
          [
            8.198381317779422,
            49.9096935801208
          ],
          [
            8.198414593935013,
            49.909842777997255
          ],
          [
            8.198498580604792,
            49.90998242050409
          ],
          [
            8.198604108765721,
            49.910110495984554
          ],
          [
            8.198740063235164,
            49.910224908962846
          ],
          [
            8.198872162029147,
            49.910330856218934
          ],
          [
            8.199032759293914,
            49.9104761146009
          ],
          [
            8.199077602475882,
            49.9106574151665
          ],
          [
            8.199080033227801,
            49.910798817873
          ],
          [
            8.19907852448523,
            49.91096436046064
          ],
          [
            8.19904675707221,
            49.91112403571606
          ],
          [
            8.198857242241502,
            49.91125990636647
          ],
          [
            8.198693124577403,
            49.9113514367491
          ],
          [
            8.198529509827495,
            49.91144682280719
          ],
          [
            8.198358519002795,
            49.91154388524592
          ],
          [
            8.198197837918997,
            49.911669278517365
          ],
          [
            8.198087364435196,
            49.91184446029365
          ],
          [
            8.198066242039204,
            49.911985360085964
          ],
          [
            8.198077222332358,
            49.91213128902018
          ],
          [
            8.198125753551722,
            49.912271769717336
          ],
          [
            8.198209153488278,
            49.912407053634524
          ],
          [
            8.198317028582096,
            49.91252473555505
          ],
          [
            8.198506208136678,
            49.91266647353768
          ],
          [
            8.198693376034498,
            49.9127777852118
          ],
          [
            8.198859672993422,
            49.91286562755704
          ],
          [
            8.199014905840158,
            49.91296989843249
          ],
          [
            8.199160248041153,
            49.91308498196304
          ],
          [
            8.199280528351665,
            49.91320023313165
          ],
          [
            8.1993736512959,
            49.91332830861211
          ],
          [
            8.199473982676864,
            49.91349393501878
          ],
          [
            8.199534667655826,
            49.91362444125116
          ],
          [
            8.199579091742635,
            49.91376123391092
          ],
          [
            8.199616307392716,
            49.91391998715699
          ],
          [
            8.199678752571344,
            49.914057701826096
          ],
          [
            8.199783777818084,
            49.91418929770589
          ],
          [
            8.200019979849458,
            49.91418560966849
          ],
          [
            8.20024536922574,
            49.91420103237033
          ],
          [
            8.200461203232408,
            49.91421779617667
          ],
          [
            8.200511243194342,
            49.914347883313894
          ]
        ]
      },
      "properties": {
        "name": "2026-07-12 (Sun) 12:27",
        "source_file": "2026-07-12-102756-ELEMNT_ROAM_A974-308-0.fit",
        "date": "2026-07-12T10:27:57",
        "sport": "cycling",
        "dropbox_id": "id:JY-PzzIM9pcAAAAAAAAAFw"
      }
    },
    {
      "type": "Feature",
      "geometry": {
        "type": "LineString",
        "coordinates": [
          [
            8.200539574027061,
            49.91435240954161
          ],
          [
            8.200551979243755,
            49.914215030148625
          ],
          [
            8.200327847152948,
            49.91418837569654
          ],
          [
            8.2001075707376,
            49.91418837569654
          ],
          [
            8.199895843863487,
            49.914196003228426
          ],
          [
            8.199742287397385,
            49.91408921778202
          ],
          [
            8.199650757014751,
            49.913963321596384
          ],
          [
            8.199616391211748,
            49.9138259422034
          ],
          [
            8.19957540370524,
            49.91367716342211
          ],
          [
            8.1995153054595,
            49.91352075710893
          ],
          [
            8.199426624923944,
            49.913364350795746
          ],
          [
            8.19931698963046,
            49.91321565583348
          ],
          [
            8.199174916371703,
            49.91308213211596
          ],
          [
            8.1990213599056,
            49.91296000778675
          ],
          [
            8.198851542547345,
            49.91284936666489
          ],
          [
            8.198682814836502,
            49.91276169195771
          ],
          [
            8.198512997478247,
            49.912673933431506
          ],
          [
            8.198365224525332,
            49.91257091984153
          ],
          [
            8.198222145438194,
            49.91242599673569
          ],
          [
            8.198121059685946,
            49.91226959042251
          ],
          [
            8.198075294494629,
            49.91213221102953
          ],
          [
            8.198069594800472,
            49.91195677779615
          ],
          [
            8.198101026937366,
            49.91181562654674
          ],
          [
            8.198201190680265,
            49.91165922023356
          ],
          [
            8.198357596993446,
            49.91154095157981
          ],
          [
            8.198544513434172,
            49.91142268292606
          ],
          [
            8.198748612776399,
            49.91130441427231
          ],
          [
            8.198950784280896,
            49.91119000129402
          ],
          [
            8.199064275249839,
            49.91104122251272
          ],
          [
            8.199056647717953,
            49.910881044343114
          ],
          [
            8.199044242501259,
            49.910720782354474
          ],
          [
            8.199068047106266,
            49.910560604184866
          ],
          [
            8.198966039344668,
            49.910423224791884
          ],
          [
            8.198796305805445,
            49.910285929217935
          ],
          [
            8.198671331629157,
            49.91017151623964
          ],
          [
            8.198566474020481,
            49.91005324758589
          ],
          [
            8.198470082134008,
            49.90993112325668
          ],
          [
            8.198385257273912,
            49.909767089411616
          ],
          [
            8.198340414091945,
            49.909591656178236
          ],
          [
            8.198312753811479,
            49.909416139125824
          ],
          [
            8.198281321674585,
            49.9092292226851
          ],
          [
            8.198246955871582,
            49.909061416983604
          ],
          [
            8.198220217600465,
            49.90891641005874
          ],
          [
            8.198192557319999,
            49.90874860435724
          ],
          [
            8.198210746049881,
            49.90857308730483
          ],
          [
            8.198238406330347,
            49.90843201987445
          ],
          [
            8.198263132944703,
            49.9082793854177
          ],
          [
            8.198281321674585,
            49.90812683477998
          ],
          [
            8.198259361088276,
            49.907989455386996
          ],
          [
            8.19822977297008,
            49.907836904749274
          ],
          [
            8.19823170080781,
            49.90769189782441
          ],
          [
            8.19828987121582,
            49.90754697471857
          ],
          [
            8.198512997478247,
            49.90752409212291
          ],
          [
            8.198727574199438,
            49.90747447125614
          ],
          [
            8.198583573102951,
            49.90735620260239
          ],
          [
            8.198421467095613,
            49.907245645299554
          ],
          [
            8.198480643332005,
            49.907085383310914
          ],
          [
            8.198568318039179,
            49.906948087736964
          ],
          [
            8.198656998574734,
            49.90681456401944
          ],
          [
            8.198751462623477,
            49.90666578523815
          ],
          [
            8.19884299300611,
            49.9065284896642
          ],
          [
            8.198926895856857,
            49.90638733841479
          ],
          [
            8.1990213599056,
            49.90624618716538
          ],
          [
            8.19912051782012,
            49.90610503591597
          ],
          [
            8.19921682588756,
            49.905979139730334
          ],
          [
            8.199228309094906,
            49.90581510588527
          ],
          [
            8.199149100109935,
            49.9056510720402
          ],
          [
            8.199075674638152,
            49.90549852140248
          ],
          [
            8.198997471481562,
            49.905345886945724
          ],
          [
            8.198900241404772,
            49.90520096383989
          ],
          [
            8.19882488809526,
            49.90505595691502
          ],
          [
            8.198765711858869,
            49.9049224331975
          ],
          [
            8.19868658669293,
            49.90478513762355
          ],
          [
            8.198603605851531,
            49.90464021451771
          ],
          [
            8.198530180379748,
            49.90447995252907
          ],
          [
            8.198441499844193,
            49.904319774359465
          ],
          [
            8.198359524831176,
            49.904159512370825
          ],
          [
            8.198274616152048,
            49.904018361121416
          ],
          [
            8.198177302256227,
            49.903865810483694
          ],
          [
            8.19807437248528,
            49.90370940417051
          ],
          [
            8.197971358895302,
            49.903564397245646
          ],
          [
            8.197841607034206,
            49.90341561846435
          ],
          [
            8.197708167135715,
            49.90326692350209
          ],
          [
            8.197590820491314,
            49.90312191657722
          ],
          [
            8.197473557665944,
            49.90298462100327
          ],
          [
            8.197360066697001,
            49.90285109728575
          ],
          [
            8.197257053107023,
            49.90272897295654
          ],
          [
            8.197116823866963,
            49.902576422318816
          ],
          [
            8.19700718857348,
            49.90245052613318
          ],
          [
            8.196899397298694,
            49.902320858091116
          ],
          [
            8.196783056482673,
            49.90219496190548
          ],
          [
            8.196679120883346,
            49.902065293863416
          ],
          [
            8.196632349863648,
            49.90192028693855
          ],
          [
            8.196642911061645,
            49.90177150815725
          ],
          [
            8.196660010144114,
            49.90161895751953
          ],
          [
            8.196681048721075,
            49.90146632306278
          ],
          [
            8.196703931316733,
            49.9013099167496
          ],
          [
            8.196722958236933,
            49.901153510436416
          ],
          [
            8.196740141138434,
            49.90099333226681
          ],
          [
            8.196756318211555,
            49.900840697810054
          ],
          [
            8.196763023734093,
            49.90069577470422
          ],
          [
            8.196817422285676,
            49.900543224066496
          ],
          [
            8.196917502209544,
            49.9004134722054
          ],
          [
            8.197155967354774,
            49.900382962077856
          ],
          [
            8.197375321760774,
            49.90035245195031
          ],
          [
            8.19735906086862,
            49.90019990131259
          ],
          [
            8.197321929037571,
            49.90005489438772
          ],
          [
            8.19728085771203,
            49.899894716218114
          ],
          [
            8.197236098349094,
            49.899715427309275
          ],
          [
            8.197187399491668,
            49.89953228272498
          ],
          [
            8.197152111679316,
            49.899356849491596
          ],
          [
            8.197111124172807,
            49.89918518811464
          ],
          [
            8.197066280990839,
            49.899021154269576
          ],
          [
            8.197030071169138,
            49.89886851981282
          ],
          [
            8.196953795850277,
            49.89871974103153
          ],
          [
            8.196906102821231,
            49.89857481792569
          ],
          [
            8.196893697604537,
            49.898429811000824
          ],
          [
            8.196890847757459,
            49.89828488789499
          ],
          [
            8.196874586865306,
            49.89814373664558
          ],
          [
            8.196805939078331,
            49.897975930944085
          ],
          [
            8.196764951571822,
            49.89782715216279
          ],
          [
            8.196721114218235,
            49.89767074584961
          ],
          [
            8.196677193045616,
            49.89750671200454
          ],
          [
            8.196637127548456,
            49.897338822484016
          ],
          [
            8.196594212204218,
            49.89717101678252
          ],
          [
            8.196543669328094,
            49.89699172787368
          ],
          [
            8.196495054289699,
            49.89680481143296
          ],
          [
            8.19645021110773,
            49.89662166684866
          ],
          [
            8.196400674059987,
            49.89644237793982
          ],
          [
            8.196344347670674,
            49.89626694470644
          ],
          [
            8.196282405406237,
            49.896099055185914
          ],
          [
            8.196222307160497,
            49.89594650454819
          ],
          [
            8.1961565092206,
            49.8957977257669
          ],
          [
            8.196092639118433,
            49.89564509131014
          ],
          [
            8.196030613034964,
            49.89549631252885
          ],
          [
            8.195964815095067,
            49.89534376189113
          ],
          [
            8.195896167308092,
            49.895191211253405
          ],
          [
            8.195831291377544,
            49.89504243247211
          ],
          [
            8.19576071575284,
            49.89488217048347
          ],
          [
            8.195696845650673,
            49.89472199231386
          ],
          [
            8.195638675242662,
            49.89456935785711
          ],
          [
            8.195577654987574,
            49.894401552155614
          ],
          [
            8.195334412157536,
            49.89434430375695
          ],
          [
            8.195058815181255,
            49.894359558820724
          ],
          [
            8.194745080545545,
            49.89437104202807
          ],
          [
            8.194528575986624,
            49.894378669559956
          ],
          [
            8.19431684911251,
            49.89438629709184
          ],
          [
            8.194105122238398,
            49.89439392462373
          ],
          [
            8.193891551345587,
            49.894401552155614
          ],
          [
            8.193681752309203,
            49.8944091796875
          ],
          [
            8.193419482558966,
            49.89442057907581
          ],
          [
            8.193202055990696,
            49.89434815943241
          ],
          [
            8.19321345537901,
            49.894180269911885
          ],
          [
            8.19325259886682,
            49.89403534680605
          ],
          [
            8.193272547796369,
            49.89387894049287
          ],
          [
            8.193303141742945,
            49.8937149066478
          ],
          [
            8.1933278683573,
            49.893547017127275
          ],
          [
            8.193361312150955,
            49.89338298328221
          ],
          [
            8.193395594134927,
            49.89321894943714
          ],
          [
            8.193423254415393,
            49.893054915592074
          ],
          [
            8.193445215001702,
            49.89289088174701
          ],
          [
            8.193480502814054,
            49.892738331109285
          ],
          [
            8.193513862788677,
            49.89256666973233
          ],
          [
            8.193545378744602,
            49.892398780211806
          ],
          [
            8.193575888872147,
            49.892242373898625
          ],
          [
            8.193573961034417,
            49.89209359511733
          ],
          [
            8.193540601059794,
            49.89193341694772
          ],
          [
            8.193502463400364,
            49.89176561124623
          ],
          [
            8.19346901960671,
            49.89160157740116
          ],
          [
            8.193437587469816,
            49.891437543556094
          ],
          [
            8.193404227495193,
            49.891277281567454
          ],
          [
            8.193368939682841,
            49.89111324772239
          ],
          [
            8.19333365187049,
            49.89094544202089
          ],
          [
            8.193294508382678,
            49.89077755250037
          ],
          [
            8.19325159303844,
            49.89061737433076
          ],
          [
            8.193206749856472,
            49.890464739874005
          ],
          [
            8.193156206980348,
            49.89031981676817
          ],
          [
            8.1930723041296,
            49.890171037986875
          ],
          [
            8.19295504130423,
            49.890029886737466
          ],
          [
            8.192852949723601,
            49.88989636301994
          ],
          [
            8.192708948627114,
            49.88978195004165
          ],
          [
            8.192569725215435,
            49.889656053856015
          ],
          [
            8.192552542313933,
            49.88948816433549
          ],
          [
            8.192550614476204,
            49.88930510357022
          ],
          [
            8.192553548142314,
            49.8891372140497
          ],
          [
            8.192550614476204,
            49.8889884352684
          ],
          [
            8.19254114292562,
            49.88883202895522
          ],
          [
            8.192538293078542,
            49.88866422325373
          ],
          [
            8.192538293078542,
            49.888492561876774
          ],
          [
            8.192538293078542,
            49.88831704482436
          ],
          [
            8.192530665546656,
            49.88814923912287
          ],
          [
            8.192529659718275,
            49.8879852052778
          ],
          [
            8.19252303801477,
            49.88780977204442
          ],
          [
            8.192523960024118,
            49.88763811066747
          ],
          [
            8.192522032186389,
            49.8874740768224
          ],
          [
            8.192517254501581,
            49.887325298041105
          ],
          [
            8.192556397989392,
            49.88718029111624
          ],
          [
            8.192709954455495,
            49.8870543949306
          ],
          [
            8.192893015220761,
            49.88694375380874
          ],
          [
            8.193078003823757,
            49.88682556897402
          ],
          [
            8.193256370723248,
            49.886714927852154
          ],
          [
            8.193433731794357,
            49.88660428673029
          ],
          [
            8.19360539317131,
            49.886493645608425
          ],
          [
            8.193776132538915,
            49.88638686016202
          ],
          [
            8.19394301623106,
            49.88628384657204
          ],
          [
            8.194115599617362,
            49.886177061125636
          ],
          [
            8.194290194660425,
            49.8860701918602
          ],
          [
            8.194448444992304,
            49.88597103394568
          ],
          [
            8.194581046700478,
            49.885860392823815
          ],
          [
            8.19480987265706,
            49.88578034564853
          ],
          [
            8.195040710270405,
            49.88578034564853
          ],
          [
            8.195281019434333,
            49.88573072478175
          ],
          [
            8.1953258626163,
            49.885585801675916
          ],
          [
            8.195341117680073,
            49.88544079475105
          ],
          [
            8.195361150428653,
            49.88527676090598
          ],
          [
            8.195380177348852,
            49.88509747199714
          ],
          [
            8.195400210097432,
            49.8848991561681
          ],
          [
            8.195421248674393,
            49.884696900844574
          ],
          [
            8.195444131270051,
            49.88450235687196
          ],
          [
            8.195462236180902,
            49.884319296106696
          ],
          [
            8.195481263101101,
            49.88414763472974
          ],
          [
            8.195499451830983,
            49.88397597335279
          ],
          [
            8.195518478751183,
            49.883808083832264
          ],
          [
            8.195535661652684,
            49.88365167751908
          ],
          [
            8.195551838725805,
            49.883491499349475
          ],
          [
            8.19552518427372,
            49.88333886489272
          ],
          [
            8.195468857884407,
            49.88319016993046
          ],
          [
            8.195448908954859,
            49.88302990794182
          ],
          [
            8.19542694836855,
            49.882862102240324
          ],
          [
            8.19540305994451,
            49.882682813331485
          ],
          [
            8.195375399664044,
            49.88249966874719
          ],
          [
            8.19534782320261,
            49.88231660798192
          ],
          [
            8.195321084931493,
            49.88213723525405
          ],
          [
            8.195294346660376,
            49.881969429552555
          ],
          [
            8.195271464064717,
            49.88180539570749
          ],
          [
            8.195257214829326,
            49.88164521753788
          ],
          [
            8.195234332233667,
            49.88146970048547
          ],
          [
            8.195397360250354,
            49.881340032443404
          ],
          [
            8.195447903126478,
            49.88118739798665
          ],
          [
            8.195421248674393,
            49.881038619205356
          ],
          [
            8.195400210097432,
            49.88087458536029
          ],
          [
            8.195377327501774,
            49.88071055151522
          ],
          [
            8.195351595059037,
            49.88055037334561
          ],
          [
            8.195333490148187,
            49.880390111356974
          ],
          [
            8.195313457399607,
            49.880229933187366
          ],
          [
            8.195288646966219,
            49.8800658993423
          ],
          [
            8.195270542055368,
            49.87990186549723
          ],
          [
            8.195250509306788,
            49.87974545918405
          ],
          [
            8.195230476558208,
            49.879596680402756
          ],
          [
            8.195222849026322,
            49.879444129765034
          ],
          [
            8.195218071341515,
            49.87929535098374
          ],
          [
            8.19520952180028,
            49.879142716526985
          ],
          [
            8.195202816277742,
            49.87899393774569
          ],
          [
            8.195196110755205,
            49.87883375957608
          ],
          [
            8.195192338898778,
            49.8786773532629
          ],
          [
            8.19518563337624,
            49.87851709127426
          ],
          [
            8.195179011672735,
            49.87836068496108
          ],
          [
            8.195175155997276,
            49.87820050679147
          ],
          [
            8.19516560062766,
            49.87804410047829
          ],
          [
            8.195163756608963,
            49.877880066633224
          ],
          [
            8.195157051086426,
            49.877723660320044
          ],
          [
            8.195150345563889,
            49.877582509070635
          ],
          [
            8.195158978924155,
            49.877445213496685
          ],
          [
            8.195177083835006,
            49.87729257903993
          ],
          [
            8.195203738287091,
            49.877128545194864
          ],
          [
            8.195224776864052,
            49.8769645113498
          ],
          [
            8.195244809612632,
            49.87680433318019
          ],
          [
            8.195262914523482,
            49.87665941007435
          ],
          [
            8.195281019434333,
            49.87651063129306
          ],
          [
            8.195302980020642,
            49.87635422497988
          ],
          [
            8.19532779045403,
            49.8761978186667
          ],
          [
            8.195351595059037,
            49.87603378482163
          ],
          [
            8.195373555645347,
            49.87587737850845
          ],
          [
            8.195393588393927,
            49.87572097219527
          ],
          [
            8.195410687476397,
            49.87555308267474
          ],
          [
            8.195439353585243,
            49.8753737937659
          ],
          [
            8.19550322368741,
            49.87520213238895
          ],
          [
            8.195593832060695,
            49.87504195421934
          ],
          [
            8.195677734911442,
            49.87489317543805
          ],
          [
            8.195756943896413,
            49.874736769124866
          ],
          [
            8.195845624431968,
            49.874576507136226
          ],
          [
            8.195931455120444,
            49.87441632896662
          ],
          [
            8.196011502295732,
            49.874263778328896
          ],
          [
            8.196093561127782,
            49.8741149995476
          ],
          [
            8.196171764284372,
            49.87395859323442
          ],
          [
            8.19625474512577,
            49.873809814453125
          ],
          [
            8.196330098435283,
            49.87365717999637
          ],
          [
            8.196403523907065,
            49.87352365627885
          ],
          [
            8.19649312645197,
            49.873393988236785
          ],
          [
            8.196616172790527,
            49.87326809205115
          ],
          [
            8.196752546355128,
            49.873115541413426
          ],
          [
            8.196884142234921,
            49.87297439016402
          ],
          [
            8.19702722132206,
            49.872821755707264
          ],
          [
            8.197172144427896,
            49.87267297692597
          ],
          [
            8.197311367839575,
            49.87252042628825
          ],
          [
            8.197424858808517,
            49.87239838577807
          ],
          [
            8.197548827156425,
            49.87227248959243
          ],
          [
            8.197661396116018,
            49.87214273773134
          ],
          [
            8.197780586779118,
            49.87202069722116
          ],
          [
            8.197881672531366,
            49.87188717350364
          ],
          [
            8.197924587875605,
            49.87172699533403
          ],
          [
            8.197977058589458,
            49.87155147828162
          ],
          [
            8.198036151006818,
            49.87136456184089
          ],
          [
            8.198099099099636,
            49.87116624601185
          ],
          [
            8.198166824877262,
            49.870986957103014
          ],
          [
            8.198216445744038,
            49.87082292325795
          ],
          [
            8.198266066610813,
            49.87065503373742
          ],
          [
            8.198323231190443,
            49.87047960050404
          ],
          [
            8.198377629742026,
            49.8703193385154
          ],
          [
            8.198425322771072,
            49.870170559734106
          ],
          [
            8.198473937809467,
            49.870018009096384
          ],
          [
            8.198520625010133,
            49.86986537463963
          ],
          [
            8.198572173714638,
            49.86970896832645
          ],
          [
            8.198624644428492,
            49.869560189545155
          ],
          [
            8.198658004403114,
            49.86940001137555
          ],
          [
            8.198472009971738,
            49.86929699778557
          ],
          [
            8.198255505412817,
            49.86927034333348
          ],
          [
            8.198008574545383,
            49.86923597753048
          ],
          [
            8.197730043902993,
            49.86919783987105
          ],
          [
            8.197514545172453,
            49.86917110159993
          ],
          [
            8.197301896288991,
            49.86914059147239
          ],
          [
            8.197086313739419,
            49.8691139370203
          ],
          [
            8.19686695933342,
            49.869087198749185
          ],
          [
            8.196575185284019,
            49.869045205414295
          ],
          [
            8.196302438154817,
            49.869010923430324
          ],
          [
            8.196034468710423,
            49.86897655762732
          ],
          [
            8.19578074850142,
            49.86893464811146
          ],
          [
            8.19554136134684,
            49.86888117156923
          ],
          [
            8.195322006940842,
            49.86884688958526
          ],
          [
            8.195074992254376,
            49.868827778846025
          ],
          [
            8.19511128589511,
            49.86865997314453
          ],
          [
            8.195220921188593,
            49.86853784881532
          ],
          [
            8.195361150428653,
            49.86840818077326
          ],
          [
            8.195512779057026,
            49.868274657055736
          ],
          [
            8.195676812902093,
            49.86814113333821
          ],
          [
            8.195883762091398,
            49.86803434789181
          ],
          [
            8.196117365732789,
            49.867938961833715
          ],
          [
            8.196352981030941,
            49.867839803919196
          ],
          [
            8.196593290194869,
            49.867744417861104
          ],
          [
            8.196819266304374,
            49.8676566593349
          ],
          [
            8.196998555213213,
            49.867568984627724
          ],
          [
            8.197102574631572,
            49.86741257831454
          ],
          [
            8.19714356213808,
            49.86725994385779
          ],
          [
            8.197206510230899,
            49.86709591001272
          ],
          [
            8.197265602648258,
            49.866931876167655
          ],
          [
            8.197323773056269,
            49.86676784232259
          ],
          [
            8.19738102145493,
            49.86660380847752
          ],
          [
            8.19743919186294,
            49.86644740216434
          ],
          [
            8.197496440261602,
            49.86628722399473
          ],
          [
            8.19755938835442,
            49.86613081768155
          ],
          [
            8.197613703086972,
            49.86597441136837
          ],
          [
            8.197670951485634,
            49.86581800505519
          ],
          [
            8.197731049731374,
            49.86565397121012
          ],
          [
            8.197786286473274,
            49.86549756489694
          ],
          [
            8.197846384719014,
            49.86534115858376
          ],
          [
            8.197902711108327,
            49.86518098041415
          ],
          [
            8.197957947850227,
            49.86503982916474
          ],
          [
            8.198010418564081,
            49.86490244977176
          ],
          [
            8.198056183755398,
            49.86476892605424
          ],
          [
            8.198121059685946,
            49.864597264677286
          ],
          [
            8.198170680552721,
            49.864459969103336
          ],
          [
            8.198219295591116,
            49.86432267352939
          ],
          [
            8.198268916457891,
            49.864189149811864
          ],
          [
            8.198332786560059,
            49.86401748843491
          ],
          [
            8.198390956968069,
            49.863853454589844
          ],
          [
            8.19844719953835,
            49.86370467580855
          ],
          [
            8.198499670252204,
            49.863571152091026
          ],
          [
            8.198554068803787,
            49.863437628373504
          ],
          [
            8.198600756004453,
            49.86330410465598
          ],
          [
            8.198658004403114,
            49.86317058093846
          ],
          [
            8.198709469288588,
            49.86303328536451
          ],
          [
            8.198758084326982,
            49.8628921341151
          ],
          [
            8.19880678318441,
            49.86275861039758
          ],
          [
            8.198858248069882,
            49.86261745914817
          ],
          [
            8.198905941098928,
            49.86248016357422
          ],
          [
            8.19913862273097,
            49.86243817023933
          ],
          [
            8.199389493092895,
            49.862483935430646
          ],
          [
            8.19965360686183,
            49.86254118382931
          ],
          [
            8.199902549386024,
            49.86259080469608
          ],
          [
            8.200155263766646,
            49.862644197419286
          ],
          [
            8.200421305373311,
            49.86269759014249
          ],
          [
            8.20070075802505,
            49.86275483854115
          ],
          [
            8.200983982533216,
            49.86281200312078
          ],
          [
            8.201266285032034,
            49.86286925151944
          ],
          [
            8.201548587530851,
            49.8629264999181
          ],
          [
            8.201817478984594,
            49.86298366449773
          ],
          [
            8.202034905552864,
            49.86301417462528
          ],
          [
            8.202297175303102,
            49.86299514770508
          ],
          [
            8.202507980167866,
            49.863018030300736
          ],
          [
            8.202760694548488,
            49.86305231228471
          ],
          [
            8.20301340892911,
            49.86308667808771
          ],
          [
            8.203257573768497,
            49.86311341635883
          ],
          [
            8.20350936613977,
            49.8631476983428
          ],
          [
            8.203748669475317,
            49.863178208470345
          ],
          [
            8.204015716910362,
            49.86321257427335
          ],
          [
            8.204309418797493,
            49.86324685625732
          ],
          [
            8.204519301652908,
            49.86326596699655
          ],
          [
            8.204823480919003,
            49.863300332799554
          ],
          [
            8.20510771125555,
            49.86332321539521
          ],
          [
            8.205373752862215,
            49.86328122206032
          ],
          [
            8.205629317089915,
            49.863216346129775
          ],
          [
            8.205903070047498,
            49.863155325874686
          ],
          [
            8.206169111654162,
            49.863098161295056
          ],
          [
            8.206435237079859,
            49.86310193315148
          ],
          [
            8.206703206524253,
            49.86310193315148
          ],
          [
            8.206975953653455,
            49.86308282241225
          ],
          [
            8.207230595871806,
            49.863002775236964
          ],
          [
            8.207417512312531,
            49.86286925151944
          ],
          [
            8.207551036030054,
            49.86271661706269
          ],
          [
            8.207747424021363,
            49.86261368729174
          ],
          [
            8.207979183644056,
            49.86257932148874
          ],
          [
            8.20819091051817,
            49.86255643889308
          ],
          [
            8.208412192761898,
            49.86253355629742
          ],
          [
            8.208689717575908,
            49.862548811361194
          ],
          [
            8.20888426154852,
            49.862602204084396
          ],
          [
            8.209091210737824,
            49.86267470754683
          ],
          [
            8.209280977025628,
            49.862781492993236
          ],
          [
            8.209466971457005,
            49.86288827843964
          ],
          [
            8.209647182375193,
            49.862998919561505
          ],
          [
            8.209821693599224,
            49.86310193315148
          ],
          [
            8.209995282813907,
            49.863201091066
          ],
          [
            8.21016593836248,
            49.863296477124095
          ],
          [
            8.210335755720735,
            49.86338037997484
          ],
          [
            8.210515044629574,
            49.86347199417651
          ],
          [
            8.210702883079648,
            49.86356352455914
          ],
          [
            8.210880244150758,
            49.86365891061723
          ],
          [
            8.211029022932053,
            49.863769467920065
          ],
          [
            8.211171180009842,
            49.8638953641057
          ],
          [
            8.211302775889635,
            49.864009860903025
          ],
          [
            8.211438143625855,
            49.8641319014132
          ],
          [
            8.21158792823553,
            49.86424254253507
          ],
          [
            8.211752884089947,
            49.864341700449586
          ],
          [
            8.21192647330463,
            49.86443323083222
          ],
          [
            8.21210190653801,
            49.864524845033884
          ],
          [
            8.212281195446849,
            49.864620147272944
          ],
          [
            8.212466267868876,
            49.86471176147461
          ],
          [
            8.212661733850837,
            49.8647918086499
          ],
          [
            8.212870610877872,
            49.86486816778779
          ],
          [
            8.21307085454464,
            49.86494058743119
          ],
          [
            8.213265398517251,
            49.8650093190372
          ],
          [
            8.213459020480514,
            49.8650817386806
          ],
          [
            8.213651636615396,
            49.865154242143035
          ],
          [
            8.213843330740929,
            49.865230517461896
          ],
          [
            8.214042652398348,
            49.86529916524887
          ],
          [
            8.21423627436161,
            49.865375524386764
          ],
          [
            8.2144336681813,
            49.865447944030166
          ],
          [
            8.21463298983872,
            49.8655204474926
          ],
          [
            8.21484756655991,
            49.86558532342315
          ],
          [
            8.215091731399298,
            49.86564248800278
          ],
          [
            8.215343439951539,
            49.86569210886955
          ],
          [
            8.215575199574232,
            49.86573787406087
          ],
          [
            8.215806037187576,
            49.865783639252186
          ],
          [
            8.216059673577547,
            49.86583711579442
          ],
          [
            8.216306688264012,
            49.865886652842164
          ],
          [
            8.216555630788207,
            49.86594004556537
          ],
          [
            8.216794934123755,
            49.866004921495914
          ],
          [
            8.21698377840221,
            49.86608882434666
          ],
          [
            8.217148818075657,
            49.86621857620776
          ],
          [
            8.217246970161796,
            49.86634824424982
          ],
          [
            8.217354761436582,
            49.86650079488754
          ],
          [
            8.217447297647595,
            49.86663054674864
          ],
          [
            8.217608481645584,
            49.86672593280673
          ],
          [
            8.217796320095658,
            49.86680983565748
          ],
          [
            8.218006119132042,
            49.86686708405614
          ],
          [
            8.21824642829597,
            49.866851745173335
          ],
          [
            8.218477265909314,
            49.86680220812559
          ],
          [
            8.218694692477584,
            49.8667068220675
          ],
          [
            8.218886386603117,
            49.86658478155732
          ],
          [
            8.21905704215169,
            49.86644740216434
          ],
          [
            8.21923348121345,
            49.866298623383045
          ],
          [
            8.21939567103982,
            49.86615370027721
          ],
          [
            8.21954914368689,
            49.866001065820456
          ],
          [
            8.219700772315264,
            49.86585999839008
          ],
          [
            8.219853406772017,
            49.86571499146521
          ],
          [
            8.219999335706234,
            49.86557769589126
          ],
          [
            8.22014425881207,
            49.86543654464185
          ],
          [
            8.220297815278172,
            49.865295393392444
          ],
          [
            8.220447516068816,
            49.865154242143035
          ],
          [
            8.220587745308876,
            49.865013090893626
          ],
          [
            8.220741301774979,
            49.864894822239876
          ],
          [
            8.220948250964284,
            49.86481091938913
          ],
          [
            8.221197109669447,
            49.86476892605424
          ],
          [
            8.221462229266763,
            49.86474989913404
          ],
          [
            8.221727348864079,
            49.864780409261584
          ],
          [
            8.221964808180928,
            49.86485291272402
          ],
          [
            8.222191790118814,
            49.864936815574765
          ],
          [
            8.222412066534162,
            49.865016946569085
          ],
          [
            8.222618093714118,
            49.86509699374437
          ],
          [
            8.222819343209267,
            49.86516572535038
          ],
          [
            8.22304816916585,
            49.8652114905417
          ],
          [
            8.223262745887041,
            49.865253400057554
          ],
          [
            8.223472628742456,
            49.86530302092433
          ],
          [
            8.223679577931762,
            49.86536404117942
          ],
          [
            8.223886527121067,
            49.865428917109966
          ],
          [
            8.224102025851607,
            49.865486081689596
          ],
          [
            8.224305119365454,
            49.86554333008826
          ],
          [
            8.224504441022873,
            49.86559672281146
          ],
          [
            8.224715245887637,
            49.86565011553466
          ],
          [
            8.224932672455907,
            49.86569973640144
          ],
          [
            8.22514247149229,
            49.865749357268214
          ],
          [
            8.225355120375752,
            49.865783639252186
          ],
          [
            8.225566847249866,
            49.86581800505519
          ],
          [
            8.22577379643917,
            49.86585237085819
          ],
          [
            8.225997928529978,
            49.86589050851762
          ],
          [
            8.226124746724963,
            49.86603165976703
          ],
          [
            8.226087531074882,
            49.86618043854833
          ],
          [
            8.22624871507287,
            49.86628722399473
          ],
          [
            8.22652623988688,
            49.866302479058504
          ],
          [
            8.226791359484196,
            49.86634438857436
          ],
          [
            8.227028818801045,
            49.86640926450491
          ],
          [
            8.22723962366581,
            49.86652376130223
          ],
          [
            8.227412207052112,
            49.86664580181241
          ],
          [
            8.227438945323229,
            49.86678695306182
          ],
          [
            8.227419834583998,
            49.86692424863577
          ],
          [
            8.227451350539923,
            49.86707688309252
          ],
          [
            8.227443723008037,
            49.86723706126213
          ],
          [
            8.227449422702193,
            49.86739346757531
          ],
          [
            8.22763248346746,
            49.86747359856963
          ],
          [
            8.227843288332224,
            49.867385840043426
          ],
          [
            8.22804638184607,
            49.86730193719268
          ],
          [
            8.228272441774607,
            49.867206551134586
          ],
          [
            8.228495568037033,
            49.86709976568818
          ],
          [
            8.228652980178595,
            49.86700437963009
          ],
          [
            8.228834113106132,
            49.86692047677934
          ],
          [
            8.229025807231665,
            49.866832718253136
          ],
          [
            8.229224206879735,
            49.86674495972693
          ],
          [
            8.229428306221962,
            49.8666534293443
          ],
          [
            8.229644810780883,
            49.866558043286204
          ],
          [
            8.229862237349153,
            49.86646265722811
          ],
          [
            8.230085363611579,
            49.86636349931359
          ],
          [
            8.230311423540115,
            49.866264341399074
          ],
          [
            8.230533627793193,
            49.86616895534098
          ],
          [
            8.230748204514384,
            49.86607356928289
          ],
          [
            8.23095515370369,
            49.86598581075668
          ],
          [
            8.231158247217536,
            49.86589428037405
          ],
          [
            8.231369974091649,
            49.86580274999142
          ],
          [
            8.231582622975111,
            49.865707363933325
          ],
          [
            8.231805833056569,
            49.86561197787523
          ],
          [
            8.232027031481266,
            49.86551281996071
          ],
          [
            8.232253091409802,
            49.865409806370735
          ],
          [
            8.232478145509958,
            49.86531442031264
          ],
          [
            8.23269465006888,
            49.86521911807358
          ],
          [
            8.23290822096169,
            49.86512373201549
          ],
          [
            8.233102764934301,
            49.86503982916474
          ],
          [
            8.233303092420101,
            49.86494821496308
          ],
          [
            8.233516663312912,
            49.864860540255904
          ],
          [
            8.233729396015406,
            49.86476515419781
          ],
          [
            8.233929639682174,
            49.86466976813972
          ],
          [
            8.234126111492515,
            49.86458586528897
          ],
          [
            8.234325433149934,
            49.86449433490634
          ],
          [
            8.234531376510859,
            49.864402720704675
          ],
          [
            8.234724076464772,
            49.86432267352939
          ],
          [
            8.23490520939231,
            49.86424254253507
          ],
          [
            8.235094053670764,
            49.86415863968432
          ],
          [
            8.235296225175261,
            49.864067025482655
          ],
          [
            8.235512729734182,
            49.863971723243594
          ],
          [
            8.235735855996609,
            49.86387248151004
          ],
          [
            8.235919922590256,
            49.863788578659296
          ],
          [
            8.236098289489746,
            49.863712303340435
          ],
          [
            8.236309010535479,
            49.86364742740989
          ],
          [
            8.236668594181538,
            49.86354826949537
          ],
          [
            8.236902197822928,
            49.86346051096916
          ],
          [
            8.237085342407227,
            49.86336512491107
          ],
          [
            8.23729321360588,
            49.86327359452844
          ],
          [
            8.237495385110378,
            49.863178208470345
          ],
          [
            8.23767283000052,
            49.86305616796017
          ],
          [
            8.237817753106356,
            49.86291501671076
          ],
          [
            8.237904505804181,
            49.86275861039758
          ],
          [
            8.237956054508686,
            49.86259843222797
          ],
          [
            8.238010369241238,
            49.862426770851016
          ],
          [
            8.238056218251586,
            49.86228176392615
          ],
          [
            8.23802663013339,
            49.86214061267674
          ],
          [
            8.238101983442903,
            49.86199946142733
          ],
          [
            8.238158226013184,
            49.86183165572584
          ],
          [
            8.238209690898657,
            49.861694276332855
          ],
          [
            8.238239279016852,
            49.86154935322702
          ],
          [
            8.238273644819856,
            49.861377691850066
          ],
          [
            8.238314632326365,
            49.86120603047311
          ],
          [
            8.238369952887297,
            49.86103436909616
          ],
          [
            8.238444300368428,
            49.86085893586278
          ],
          [
            8.238513953983784,
            49.86068727448583
          ],
          [
            8.238578829914331,
            49.86053464002907
          ],
          [
            8.238637000322342,
            49.86039734445512
          ],
          [
            8.2386789098382,
            49.860256193205714
          ],
          [
            8.238796256482601,
            49.86013029702008
          ],
          [
            8.239050898700953,
            49.86014555208385
          ],
          [
            8.2392902020365,
            49.86017991788685
          ],
          [
            8.239503856748343,
            49.860195172950625
          ],
          [
            8.239729916676879,
            49.86020657233894
          ],
          [
            8.239976847544312,
            49.86022568307817
          ],
          [
            8.240234339609742,
            49.86024856567383
          ],
          [
            8.240492837503552,
            49.86026759259403
          ],
          [
            8.240743624046445,
            49.860294330865145
          ],
          [
            8.240985861048102,
            49.8603172134608
          ],
          [
            8.241227176040411,
            49.86034772358835
          ],
          [
            8.241471257060766,
            49.86037823371589
          ],
          [
            8.241720199584961,
            49.860412599518895
          ],
          [
            8.241956736892462,
            49.860431626439095
          ],
          [
            8.242226634174585,
            49.86045450903475
          ],
          [
            8.242438277229667,
            49.8604850191623
          ],
          [
            8.242681520059705,
            49.86050412990153
          ],
          [
            8.242940939962864,
            49.860530868172646
          ],
          [
            8.243188876658678,
            49.86054612323642
          ],
          [
            8.243424408137798,
            49.86056137830019
          ],
          [
            8.24363806284964,
            49.860588032752275
          ],
          [
            8.243891699239612,
            49.86060328781605
          ],
          [
            8.244119603186846,
            49.860610915347934
          ],
          [
            8.244353290647268,
            49.860649053007364
          ],
          [
            8.244592677801847,
            49.86067956313491
          ],
          [
            8.244832986965775,
            49.8607025295496
          ],
          [
            8.245095256716013,
            49.86071392893791
          ],
          [
            8.245322238653898,
            49.86071778461337
          ],
          [
            8.245445284992456,
            49.86059951595962
          ],
          [
            8.245627423748374,
            49.86050027422607
          ],
          [
            8.24579237960279,
            49.860393488779664
          ],
          [
            8.245979296043515,
            49.86027907580137
          ],
          [
            8.246193872764707,
            49.8602104280144
          ],
          [
            8.246440887451172,
            49.86012644134462
          ],
          [
            8.246654542163014,
            49.860073048621416
          ],
          [
            8.246880518272519,
            49.86005402170122
          ],
          [
            8.247111355885863,
            49.8600616492331
          ],
          [
            8.247344037517905,
            49.860073048621416
          ],
          [
            8.247567163780332,
            49.860076904296875
          ],
          [
            8.247794145718217,
            49.86008830368519
          ],
          [
            8.248023055493832,
            49.86010355874896
          ],
          [
            8.248257664963603,
            49.86011118628085
          ],
          [
            8.248492274433374,
            49.86012266948819
          ],
          [
            8.248709701001644,
            49.86014169640839
          ],
          [
            8.248923271894455,
            49.860153179615736
          ],
          [
            8.249147403985262,
            49.86016080714762
          ],
          [
            8.249370530247688,
            49.86016843467951
          ],
          [
            8.249638583511114,
            49.86017991788685
          ],
          [
            8.249912252649665,
            49.86019131727517
          ],
          [
            8.250138312578201,
            49.86020657233894
          ],
          [
            8.250369066372514,
            49.860233310610056
          ],
          [
            8.250607447698712,
            49.86026759259403
          ],
          [
            8.250847840681672,
            49.860294330865145
          ],
          [
            8.251084294170141,
            49.86032484099269
          ],
          [
            8.25132368132472,
            49.860351579263806
          ],
          [
            8.25155921280384,
            49.86038208939135
          ],
          [
            8.251793822273612,
            49.860412599518895
          ],
          [
            8.252033209428191,
            49.86044688150287
          ],
          [
            8.252277374267578,
            49.86048124730587
          ],
          [
            8.252516761422157,
            49.86051561310887
          ],
          [
            8.252739887684584,
            49.86054226756096
          ],
          [
            8.252959242090583,
            49.860569005832076
          ],
          [
            8.25318530201912,
            49.86060328781605
          ],
          [
            8.253442794084549,
            49.86064142547548
          ],
          [
            8.253691652789712,
            49.86066430807114
          ],
          [
            8.253911007195711,
            49.860691046342254
          ],
          [
            8.25417042709887,
            49.86072541214526
          ],
          [
            8.25440595857799,
            49.860786432400346
          ],
          [
            8.254637718200684,
            49.86083982512355
          ],
          [
            8.254891354590654,
            49.86089707352221
          ],
          [
            8.2551393751055,
            49.86096949316561
          ],
          [
            8.255352945998311,
            49.86103822477162
          ],
          [
            8.25557037256658,
            49.861083989962935
          ],
          [
            8.255685791373253,
            49.8609580937773
          ],
          [
            8.255777321755886,
            49.86082071438432
          ],
          [
            8.255878407508135,
            49.86068727448583
          ],
          [
            8.255971865728498,
            49.86054612323642
          ],
          [
            8.256073957309127,
            49.860408743843436
          ],
          [
            8.256155932322145,
            49.860271448269486
          ],
          [
            8.25624561868608,
            49.86013029702008
          ],
          [
            8.256356259807944,
            49.860000628978014
          ],
          [
            8.256455417722464,
            49.859878504648805
          ],
          [
            8.256536470726132,
            49.8597183264792
          ],
          [
            8.256508810445666,
            49.85955806449056
          ],
          [
            8.256430607289076,
            49.859424540773034
          ],
          [
            8.256336227059364,
            49.859287245199084
          ],
          [
            8.25624369084835,
            49.85913846641779
          ],
          [
            8.256155010312796,
            49.85897828824818
          ],
          [
            8.256041519343853,
            49.858821881935
          ],
          [
            8.255937583744526,
            49.85868073068559
          ],
          [
            8.255850747227669,
            49.85854720696807
          ],
          [
            8.255762066692114,
            49.858398428186774
          ],
          [
            8.255660980939865,
            49.85825342126191
          ],
          [
            8.255580933764577,
            49.8581276088953
          ],
          [
            8.255498874932528,
            49.85799022950232
          ],
          [
            8.255408266559243,
            49.85786056146026
          ],
          [
            8.255329141393304,
            49.85773080959916
          ],
          [
            8.255235683172941,
            49.857566775754094
          ],
          [
            8.25529670342803,
            49.8574333358556
          ],
          [
            8.255297625437379,
            49.857582030817866
          ],
          [
            8.25539686717093,
            49.85773466527462
          ],
          [
            8.255476914346218,
            49.85786056146026
          ],
          [
            8.255555117502809,
            49.85798645764589
          ],
          [
            8.255638098344207,
            49.8581276088953
          ],
          [
            8.255734406411648,
            49.85826867632568
          ],
          [
            8.255846975371242,
            49.85842893831432
          ],
          [
            8.255945211276412,
            49.85858911648393
          ],
          [
            8.256031963974237,
            49.85871886834502
          ],
          [
            8.256139755249023,
            49.85888290219009
          ],
          [
            8.256240841001272,
            49.85903545282781
          ],
          [
            8.25634578242898,
            49.85919185914099
          ],
          [
            8.256425829604268,
            49.85931775532663
          ],
          [
            8.256525993347168,
            49.85947416163981
          ],
          [
            8.256596568971872,
            49.859622940421104
          ],
          [
            8.2566003408283,
            49.8597717192024
          ],
          [
            8.256509816274047,
            49.85992812551558
          ],
          [
            8.256381992250681,
            49.860073048621416
          ],
          [
            8.256261795759201,
            49.86022568307817
          ],
          [
            8.25614352710545,
            49.86038208939135
          ],
          [
            8.25603011995554,
            49.86054226756096
          ],
          [
            8.255944289267063,
            49.86067193560302
          ],
          [
            8.255834570154548,
            49.86083596944809
          ],
          [
            8.255747817456722,
            49.860961865633726
          ],
          [
            8.255631476640701,
            49.86111827194691
          ],
          [
            8.255522763356566,
            49.86127090640366
          ],
          [
            8.25541497208178,
            49.86140820197761
          ],
          [
            8.255309108644724,
            49.861537870019674
          ],
          [
            8.255211794748902,
            49.86166376620531
          ],
          [
            8.255111714825034,
            49.86180114559829
          ],
          [
            8.255011551082134,
            49.86194992437959
          ],
          [
            8.254913315176964,
            49.86207959242165
          ],
          [
            8.254817007109523,
            49.86221311613917
          ],
          [
            8.254711143672466,
            49.86235041171312
          ],
          [
            8.254597652703524,
            49.86249156296253
          ],
          [
            8.254489861428738,
            49.86261368729174
          ],
          [
            8.254385003820062,
            49.862743355333805
          ],
          [
            8.25424863025546,
            49.86289590597153
          ],
          [
            8.254139916971326,
            49.86305231228471
          ],
          [
            8.254051236435771,
            49.863201091066
          ],
          [
            8.253945372998714,
            49.863357497379184
          ],
          [
            8.253826098516583,
            49.86350250430405
          ],
          [
            8.253723168745637,
            49.8636207729578
          ],
          [
            8.253607749938965,
            49.86374281346798
          ],
          [
            8.253487553447485,
            49.86386485397816
          ],
          [
            8.25335981324315,
            49.86399460583925
          ],
          [
            8.253230061382055,
            49.8641319014132
          ],
          [
            8.253117576241493,
            49.86427682451904
          ],
          [
            8.2530050072819,
            49.86442560330033
          ],
          [
            8.252884894609451,
            49.8645706102252
          ],
          [
            8.252799985930324,
            49.86472316086292
          ],
          [
            8.25280568562448,
            49.86488719470799
          ],
          [
            8.252889588475227,
            49.865016946569085
          ],
          [
            8.252996457740664,
            49.865158097818494
          ],
          [
            8.253090837970376,
            49.86528776586056
          ],
          [
            8.253184296190739,
            49.86542128957808
          ],
          [
            8.25328060425818,
            49.865550957620144
          ],
          [
            8.253388395532966,
            49.865688337013125
          ],
          [
            8.253496186807752,
            49.865821776911616
          ],
          [
            8.253631554543972,
            49.86594767309725
          ],
          [
            8.253841437399387,
            49.866004921495914
          ],
          [
            8.254067413508892,
            49.86605068668723
          ],
          [
            8.254275284707546,
            49.86609645187855
          ],
          [
            8.254489861428738,
            49.866142217069864
          ],
          [
            8.254718771204352,
            49.8661956936121
          ],
          [
            8.254957236349583,
            49.86625285819173
          ],
          [
            8.255202323198318,
            49.866302479058504
          ],
          [
            8.255437854677439,
            49.86635587178171
          ],
          [
            8.255673386156559,
            49.86640926450491
          ],
          [
            8.255919478833675,
            49.86646265722811
          ],
          [
            8.256173115223646,
            49.866519905626774
          ],
          [
            8.256427757441998,
            49.866577154025435
          ],
          [
            8.256676699966192,
            49.866634318605065
          ],
          [
            8.25693511404097,
            49.86668771132827
          ],
          [
            8.257185900583863,
            49.8667411878705
          ],
          [
            8.25745009817183,
            49.86679835245013
          ],
          [
            8.25764941982925,
            49.86684411764145
          ],
          [
            8.257848741486669,
            49.8668899666518
          ],
          [
            8.258049990981817,
            49.866931876167655
          ],
          [
            8.258307483047247,
            49.86698912456632
          ],
          [
            8.25855634175241,
            49.86704637296498
          ],
          [
            8.258800506591797,
            49.86709591001272
          ],
          [
            8.259028410539031,
            49.86714167520404
          ],
          [
            8.25925162062049,
            49.86717981286347
          ],
          [
            8.259582538157701,
            49.8672523163259
          ],
          [
            8.25980281457305,
            49.867286682128906
          ],
          [
            8.260012613609433,
            49.86731719225645
          ],
          [
            8.260237667709589,
            49.86735532991588
          ],
          [
            8.260471355170012,
            49.8674010951072
          ],
          [
            8.260717364028096,
            49.86744308844209
          ],
          [
            8.260961528867483,
            49.867484997957945
          ],
          [
            8.261202843859792,
            49.867526991292834
          ],
          [
            8.261447930708528,
            49.86757275648415
          ],
          [
            8.261691089719534,
            49.86761474981904
          ],
          [
            8.26193424873054,
            49.86766051501036
          ],
          [
            8.262185119092464,
            49.867702424526215
          ],
          [
            8.262434983626008,
            49.86774827353656
          ],
          [
            8.26268962584436,
            49.86779018305242
          ],
          [
            8.262946112081409,
            49.86783594824374
          ],
          [
            8.26319882646203,
            49.86788556911051
          ],
          [
            8.263452546671033,
            49.8679275624454
          ],
          [
            8.263707188889384,
            49.867977099493146
          ],
          [
            8.263969458639622,
            49.86802286468446
          ],
          [
            8.26422980055213,
            49.86806485801935
          ],
          [
            8.264484442770481,
            49.86811447888613
          ],
          [
            8.264736151322722,
            49.86816401593387
          ],
          [
            8.264983166009188,
            49.86820600926876
          ],
          [
            8.265227330848575,
            49.86825177446008
          ],
          [
            8.265462862327695,
            49.86829376779497
          ],
          [
            8.265696549788117,
            49.868335677310824
          ],
          [
            8.265948258340359,
            49.868377670645714
          ],
          [
            8.266212455928326,
            49.86842343583703
          ],
          [
            8.266477575525641,
            49.86846920102835
          ],
          [
            8.26673892326653,
            49.868511194363236
          ],
          [
            8.267000187188387,
            49.86856458708644
          ],
          [
            8.267260529100895,
            49.86861797980964
          ],
          [
            8.26750754378736,
            49.86868662759662
          ],
          [
            8.267747852951288,
            49.868751503527164
          ],
          [
            8.26798246242106,
            49.8688240069896
          ],
          [
            8.268213300034404,
            49.86890405416489
          ],
          [
            8.268448831513524,
            49.868988040834665
          ],
          [
            8.26867388561368,
            49.86907571554184
          ],
          [
            8.268898939713836,
            49.86917872913182
          ],
          [
            8.269119299948215,
            49.869281742721796
          ],
          [
            8.269330943003297,
            49.86939238384366
          ],
          [
            8.269535042345524,
            49.86950679682195
          ],
          [
            8.269734364002943,
            49.8696250654757
          ],
          [
            8.269924130290747,
            49.86975096166134
          ],
          [
            8.270108196884394,
            49.869876857846975
          ],
          [
            8.270281786099076,
            49.87000652588904
          ],
          [
            8.270443892106414,
            49.87014004960656
          ],
          [
            8.270588899031281,
            49.870269717648625
          ],
          [
            8.270725272595882,
            49.87040324136615
          ],
          [
            8.270864496007562,
            49.8705558758229
          ],
          [
            8.270999863743782,
            49.87071228213608
          ],
          [
            8.27112098224461,
            49.870864832773805
          ],
          [
            8.271237406879663,
            49.87101746723056
          ],
          [
            8.271351819857955,
            49.87118527293205
          ],
          [
            8.271466232836246,
            49.87134553492069
          ],
          [
            8.271575951948762,
            49.871494229882956
          ],
          [
            8.27165599912405,
            49.87162012606859
          ],
          [
            8.271747613325715,
            49.87174602225423
          ],
          [
            8.271840065717697,
            49.871871918439865
          ],
          [
            8.271928746253252,
            49.8719978146255
          ],
          [
            8.272021282464266,
            49.87212371081114
          ],
          [
            8.272123374044895,
            49.87226486206055
          ],
          [
            8.272221526131034,
            49.8724021576345
          ],
          [
            8.272314984351397,
            49.87252805382013
          ],
          [
            8.27240844257176,
            49.8726577218622
          ],
          [
            8.272500056773424,
            49.87278747372329
          ],
          [
            8.272593514993787,
            49.872917141765356
          ],
          [
            8.272679345682263,
            49.87304689362645
          ],
          [
            8.272771798074245,
            49.8731841892004
          ],
          [
            8.272861484438181,
            49.87331008538604
          ],
          [
            8.272952092811465,
            49.8734397534281
          ],
          [
            8.273043623194098,
            49.87357713282108
          ],
          [
            8.27313993126154,
            49.87370680086315
          ],
          [
            8.27323917299509,
            49.87384032458067
          ],
          [
            8.273327853530645,
            49.87397384829819
          ],
          [
            8.273413684219122,
            49.8741149995476
          ],
          [
            8.273508064448833,
            49.87425229512155
          ],
          [
            8.273608228191733,
            49.87439344637096
          ],
          [
            8.273717863485217,
            49.874542225152254
          ],
          [
            8.273802772164345,
            49.87467189319432
          ],
          [
            8.27389338053763,
            49.87480164505541
          ],
          [
            8.274010643362999,
            49.87496567890048
          ],
          [
            8.274121284484863,
            49.875114457681775
          ],
          [
            8.274215664714575,
            49.87525552511215
          ],
          [
            8.27430727891624,
            49.87538142129779
          ],
          [
            8.2744025811553,
            49.875511173158884
          ],
          [
            8.274501822888851,
            49.87565609626472
          ],
          [
            8.274608608335257,
            49.875804875046015
          ],
          [
            8.27472017146647,
            49.87595742568374
          ],
          [
            8.274834668263793,
            49.87611383199692
          ],
          [
            8.274935754016042,
            49.876277865841985
          ],
          [
            8.275048239156604,
            49.876438127830625
          ],
          [
            8.27517413534224,
            49.87660216167569
          ],
          [
            8.275279998779297,
            49.8767623398453
          ],
          [
            8.275379156693816,
            49.87691874615848
          ],
          [
            8.275461215525866,
            49.877071380615234
          ],
          [
            8.275538412854075,
            49.87722015939653
          ],
          [
            8.275607144460082,
            49.87738033756614
          ],
          [
            8.275662381201982,
            49.87754059955478
          ],
          [
            8.27570722438395,
            49.877704633399844
          ],
          [
            8.27574536204338,
            49.87786481156945
          ],
          [
            8.275777800008655,
            49.87800973467529
          ],
          [
            8.275794982910156,
            49.87814711406827
          ],
          [
            8.275808310136199,
            49.87828826531768
          ],
          [
            8.275813087821007,
            49.8784408159554
          ],
          [
            8.27580638229847,
            49.87858582288027
          ],
          [
            8.275995226576924,
            49.87866209819913
          ],
          [
            8.276232685893774,
            49.87859722226858
          ],
          [
            8.276494033634663,
            49.87851709127426
          ],
          [
            8.276737192645669,
            49.8784408159554
          ],
          [
            8.277000384405255,
            49.87835691310465
          ],
          [
            8.27726935967803,
            49.87826915457845
          ],
          [
            8.277524001896381,
            49.87818902358413
          ],
          [
            8.27776338905096,
            49.87810897640884
          ],
          [
            8.277985593304038,
            49.878040328621864
          ],
          [
            8.278207797557116,
            49.87796782515943
          ],
          [
            8.278408963233232,
            49.87790294922888
          ],
          [
            8.278645500540733,
            49.877819046378136
          ],
          [
            8.278872482478619,
            49.877738915383816
          ],
          [
            8.279095608741045,
            49.8777275159955
          ],
          [
            8.279280681163073,
            49.87762827426195
          ],
          [
            8.279408421367407,
            49.877502378076315
          ],
          [
            8.27966021373868,
            49.877506233751774
          ],
          [
            8.279912006109953,
            49.87752911634743
          ],
          [
            8.280125577002764,
            49.87754822708666
          ],
          [
            8.280347781255841,
            49.87757110968232
          ],
          [
            8.280576691031456,
            49.87759399227798
          ],
          [
            8.280800823122263,
            49.87761687487364
          ],
          [
            8.281027805060148,
            49.8776397574693
          ],
          [
            8.281253781169653,
            49.877662640064955
          ],
          [
            8.281486546620727,
            49.87768937833607
          ],
          [
            8.281731633469462,
            49.87771603278816
          ],
          [
            8.281983342021704,
            49.877738915383816
          ],
          [
            8.282225579023361,
            49.87776565365493
          ],
          [
            8.282459266483784,
            49.87778853625059
          ],
          [
            8.282686248421669,
            49.87781519070268
          ],
          [
            8.282913230359554,
            49.87783430144191
          ],
          [
            8.283132584765553,
            49.877857184037566
          ],
          [
            8.28335571102798,
            49.877880066633224
          ],
          [
            8.283581770956516,
            49.87790294922888
          ],
          [
            8.283817302435637,
            49.87792583182454
          ],
          [
            8.284063311293721,
            49.87795257009566
          ],
          [
            8.284314181655645,
            49.877979224547744
          ],
          [
            8.284564046189189,
            49.87800596281886
          ],
          [
            8.284787172451615,
            49.87802884541452
          ],
          [
            8.285005604848266,
            49.878040328621864
          ],
          [
            8.285218253731728,
            49.87805172801018
          ],
          [
            8.285493850708008,
            49.87805558368564
          ],
          [
            8.285761820152402,
            49.87806698307395
          ],
          [
            8.286037417128682,
            49.878078466281295
          ],
          [
            8.28625962138176,
            49.87808609381318
          ],
          [
            8.286489453166723,
            49.87809372134507
          ],
          [
            8.28671459108591,
            49.87810512073338
          ],
          [
            8.286947272717953,
            49.878112748265266
          ],
          [
            8.287186659872532,
            49.87812037579715
          ],
          [
            8.287423113361001,
            49.87812800332904
          ],
          [
            8.287638695910573,
            49.87812800332904
          ],
          [
            8.287847489118576,
            49.87814711406827
          ],
          [
            8.288052594289184,
            49.878192879259586
          ],
          [
            8.28829474747181,
            49.87824627198279
          ],
          [
            8.288543689996004,
            49.87828826531768
          ],
          [
            8.288752567023039,
            49.87829966470599
          ],
          [
            8.288914673030376,
            49.87818902358413
          ],
          [
            8.28908541239798,
            49.878078466281295
          ],
          [
            8.289234191179276,
            49.8779830802232
          ],
          [
            8.289387663826346,
            49.87788392230868
          ],
          [
            8.289570808410645,
            49.87778853625059
          ],
          [
            8.289770130068064,
            49.87771226093173
          ],
          [
            8.289970373734832,
            49.87765115685761
          ],
          [
            8.290163995698094,
            49.87757488153875
          ],
          [
            8.290358539670706,
            49.877506233751774
          ],
          [
            8.29054637812078,
            49.87743373028934
          ],
          [
            8.29078576527536,
            49.87737656570971
          ],
          [
            8.290979387238622,
            49.87731931731105
          ],
          [
            8.291189186275005,
            49.877265924587846
          ],
          [
            8.291413318365812,
            49.877223931252956
          ],
          [
            8.29165454953909,
            49.8772010486573
          ],
          [
            8.291903492063284,
            49.87716291099787
          ],
          [
            8.292131396010518,
            49.87714380025864
          ],
          [
            8.292378410696983,
            49.87712477333844
          ],
          [
            8.292619725689292,
            49.877105662599206
          ],
          [
            8.292863806709647,
            49.87708663567901
          ],
          [
            8.293106043711305,
            49.87705989740789
          ],
          [
            8.293331181630492,
            49.877033242955804
          ],
          [
            8.293573334813118,
            49.876991249620914
          ],
          [
            8.29380702227354,
            49.87693785689771
          ],
          [
            8.294032076373696,
            49.87686535343528
          ],
          [
            8.294244725257158,
            49.87677759490907
          ],
          [
            8.294455530121922,
            49.87667080946267
          ],
          [
            8.294652001932263,
            49.87656779587269
          ],
          [
            8.294846545904875,
            49.876472409814596
          ],
          [
            8.295066822320223,
            49.87638087943196
          ],
          [
            8.295320542529225,
            49.87630845978856
          ],
          [
            8.29556655138731,
            49.87626646645367
          ],
          [
            8.295807866379619,
            49.87624735571444
          ],
          [
            8.296045325696468,
            49.876216845586896
          ],
          [
            8.296286556869745,
            49.87620544619858
          ],
          [
            8.296505911275744,
            49.87619019113481
          ],
          [
            8.296738592907786,
            49.87619396299124
          ],
          [
            8.296973202377558,
            49.87619019113481
          ],
          [
            8.2972058840096,
            49.876201590523124
          ],
          [
            8.297415766865015,
            49.876220701262355
          ],
          [
            8.29767795279622,
            49.87622832879424
          ],
          [
            8.297902084887028,
            49.876216845586896
          ],
          [
            8.29811473377049,
            49.87619396299124
          ],
          [
            8.298321682959795,
            49.87614819779992
          ],
          [
            8.29851153306663,
            49.87608717754483
          ],
          [
            8.298739437013865,
            49.875984163954854
          ],
          [
            8.298947308212519,
            49.87589263357222
          ],
          [
            8.299173368141055,
            49.8757934756577
          ],
          [
            8.29936120659113,
            49.875724744051695
          ],
          [
            8.299549128860235,
            49.87565609626472
          ],
          [
            8.29973604530096,
            49.87557982094586
          ],
          [
            8.299928661435843,
            49.875503545627
          ],
          [
            8.30010887235403,
            49.87541578710079
          ],
          [
            8.300287239253521,
            49.875312773510814
          ],
          [
            8.300463678315282,
            49.875213615596294
          ],
          [
            8.300634417682886,
            49.875114457681775
          ],
          [
            8.300811778753996,
            49.8750114440918
          ],
          [
            8.300993917509913,
            49.87490843050182
          ],
          [
            8.301187539473176,
            49.8748092725873
          ],
          [
            8.301399266347289,
            49.87474054098129
          ],
          [
            8.301603281870484,
            49.87468714825809
          ],
          [
            8.301855074241757,
            49.874618500471115
          ],
          [
            8.302085911855102,
            49.87454985268414
          ],
          [
            8.30230426043272,
            49.87446594983339
          ],
          [
            8.302453039214015,
            49.874359080567956
          ],
          [
            8.302508359774947,
            49.87422555685043
          ],
          [
            8.30250358209014,
            49.87407300621271
          ],
          [
            8.302448261529207,
            49.87391659989953
          ],
          [
            8.302379613742232,
            49.873771676793694
          ],
          [
            8.302310965955257,
            49.8736228980124
          ],
          [
            8.302241312339902,
            49.87346649169922
          ],
          [
            8.302174592390656,
            49.87330622971058
          ],
          [
            8.302120193839073,
            49.87314605154097
          ],
          [
            8.302062945440412,
            49.872982017695904
          ],
          [
            8.302001925185323,
            49.872821755707264
          ],
          [
            8.3019495382905,
            49.87266534939408
          ],
          [
            8.30192657187581,
            49.87251657061279
          ],
          [
            8.301931349560618,
            49.87236024811864
          ],
          [
            8.301954232156277,
            49.87221524119377
          ],
          [
            8.301984742283821,
            49.87207408994436
          ],
          [
            8.302022963762283,
            49.87192916683853
          ],
          [
            8.302031513303518,
            49.871791787445545
          ],
          [
            8.302014330402017,
            49.87164300866425
          ],
          [
            8.301955237984657,
            49.8715057130903
          ],
          [
            8.301778798922896,
            49.87142943777144
          ],
          [
            8.301537483930588,
            49.87140655517578
          ],
          [
            8.30133631825447,
            49.87133405171335
          ],
          [
            8.301311507821083,
            49.87118912860751
          ],
          [
            8.30127906985581,
            49.8710136115551
          ],
          [
            8.30129910260439,
            49.870868688449264
          ],
          [
            8.301429776474833,
            49.87075041979551
          ],
          [
            8.30159280449152,
            49.870651261880994
          ],
          [
            8.301783576607704,
            49.87055202014744
          ],
          [
            8.30198667012155,
            49.87043760716915
          ],
          [
            8.30210778862238,
            49.870311710983515
          ],
          [
            8.302135448902845,
            49.870170559734106
          ],
          [
            8.302112566307187,
            49.86999889835715
          ],
          [
            8.302191691473126,
            49.86986923031509
          ],
          [
            8.302329070866108,
            49.869758589193225
          ],
          [
            8.302467372268438,
            49.86965557560325
          ],
          [
            8.30259989015758,
            49.86954493448138
          ],
          [
            8.302679099142551,
            49.86937712877989
          ],
          [
            8.302676165476441,
            49.869224494323134
          ],
          [
            8.302625622600317,
            49.86906808800995
          ],
          [
            8.30261992290616,
            49.86890028230846
          ],
          [
            8.302748668938875,
            49.86876298673451
          ],
          [
            8.302921252325177,
            49.8686408624053
          ],
          [
            8.303106324747205,
            49.86851882189512
          ],
          [
            8.303302796557546,
            49.86839669756591
          ],
          [
            8.303503962233663,
            49.86826702952385
          ],
          [
            8.303678473457694,
            49.86816787160933
          ],
          [
            8.303859690204263,
            49.86806485801935
          ],
          [
            8.30404283478856,
            49.86796570010483
          ],
          [
            8.304229751229286,
            49.86787031404674
          ],
          [
            8.304407112300396,
            49.867782555520535
          ],
          [
            8.304573995992541,
            49.86769865266979
          ],
          [
            8.304779017344117,
            49.86759563907981
          ],
          [
            8.304993594065309,
            49.867484997957945
          ],
          [
            8.305167183279991,
            49.86739732325077
          ],
          [
            8.305339850485325,
            49.867305709049106
          ],
          [
            8.305510506033897,
            49.86721803434193
          ],
          [
            8.305681245401502,
            49.867126420140266
          ],
          [
            8.305848129093647,
            49.86703874543309
          ],
          [
            8.306008307263255,
            49.866950986906886
          ],
          [
            8.306216262280941,
            49.86684797331691
          ],
          [
            8.30641457810998,
            49.86674495972693
          ],
          [
            8.306622533127666,
            49.86663054674864
          ],
          [
            8.306815149262547,
            49.86651227809489
          ],
          [
            8.307002065703273,
            49.86637498252094
          ],
          [
            8.307146988809109,
            49.86624523065984
          ],
          [
            8.30730339512229,
            49.86611556261778
          ],
          [
            8.307449324056506,
            49.86598581075668
          ],
          [
            8.307596175000072,
            49.865863770246506
          ],
          [
            8.307756436988711,
            49.8657569848001
          ],
          [
            8.307947125285864,
            49.86568070948124
          ],
          [
            8.308188440278172,
            49.86561583355069
          ],
          [
            8.308438304811716,
            49.86559295095503
          ],
          [
            8.30868624150753,
            49.865589095279574
          ],
          [
            8.308922778815031,
            49.86558532342315
          ],
          [
            8.309164009988308,
            49.86558532342315
          ],
          [
            8.30941865220666,
            49.86559295095503
          ],
          [
            8.309665666893125,
            49.86559295095503
          ],
          [
            8.309905976057053,
            49.86558532342315
          ],
          [
            8.310152068734169,
            49.865566212683916
          ],
          [
            8.310380894690752,
            49.86553570255637
          ],
          [
            8.310610726475716,
            49.86548230983317
          ],
          [
            8.310688007622957,
            49.86534115858376
          ],
          [
            8.310674680396914,
            49.86518860794604
          ],
          [
            8.310676608234644,
            49.86504745669663
          ],
          [
            8.31086059100926,
            49.86495969817042
          ],
          [
            8.311083801090717,
            49.86489105038345
          ],
          [
            8.311270717531443,
            49.86479566432536
          ],
          [
            8.311298377811909,
            49.86463163048029
          ],
          [
            8.311174409464002,
            49.86447907984257
          ],
          [
            8.311052285134792,
            49.8643684387207
          ],
          [
            8.310924544930458,
            49.86425779759884
          ],
          [
            8.310751877725124,
            49.86411279067397
          ],
          [
            8.310583150014281,
            49.863971723243594
          ],
          [
            8.310420038178563,
            49.863830571994185
          ],
          [
            8.310271259397268,
            49.86368942074478
          ],
          [
            8.31020638346672,
            49.86353678628802
          ],
          [
            8.31036857329309,
            49.863395635038614
          ],
          [
            8.310587843880057,
            49.86331935971975
          ],
          [
            8.310806276276708,
            49.863254483789206
          ],
          [
            8.311024624854326,
            49.863197319209576
          ],
          [
            8.311271639540792,
            49.863178208470345
          ],
          [
            8.311500549316406,
            49.863201091066
          ],
          [
            8.311718897894025,
            49.86323922872543
          ],
          [
            8.311949735507369,
            49.86328122206032
          ],
          [
            8.312167162075639,
            49.8633498698473
          ],
          [
            8.312387438490987,
            49.86341851763427
          ],
          [
            8.312606792896986,
            49.863491021096706
          ],
          [
            8.312812820076942,
            49.863555897027254
          ],
          [
            8.313030246645212,
            49.863594034686685
          ],
          [
            8.313108449801803,
            49.86346436664462
          ],
          [
            8.313300143927336,
            49.8633842356503
          ],
          [
            8.313491838052869,
            49.863456739112735
          ],
          [
            8.313712114468217,
            49.86354064196348
          ],
          [
            8.313911436125636,
            49.8636207729578
          ],
          [
            8.314105058088899,
            49.863674165681005
          ],
          [
            8.314315779134631,
            49.86371993087232
          ],
          [
            8.314539911225438,
            49.86376184038818
          ],
          [
            8.3147525601089,
            49.86380383372307
          ],
          [
            8.314962359145284,
            49.86383819952607
          ],
          [
            8.315174086019397,
            49.8638763371855
          ],
          [
            8.31538581289351,
            49.86392210237682
          ],
          [
            8.31562327221036,
            49.863971723243594
          ],
          [
            8.315865509212017,
            49.86403651535511
          ],
          [
            8.316113445907831,
            49.864086136221886
          ],
          [
            8.31637378782034,
            49.86415863968432
          ],
          [
            8.316619880497456,
            49.86421580426395
          ],
          [
            8.316855411976576,
            49.86427305266261
          ],
          [
            8.317082393914461,
            49.8643340729177
          ],
          [
            8.31731985323131,
            49.86439132131636
          ],
          [
            8.317534429952502,
            49.864440858364105
          ],
          [
            8.317746156826615,
            49.864517217502
          ],
          [
            8.317972216755152,
            49.864601120352745
          ],
          [
            8.31819056533277,
            49.86469265073538
          ],
          [
            8.318438502028584,
            49.8647727817297
          ],
          [
            8.318670261651278,
            49.86485291272402
          ],
          [
            8.31888198852539,
            49.86494058743119
          ],
          [
            8.319107964634895,
            49.86503982916474
          ],
          [
            8.319310219958425,
            49.86511987634003
          ],
          [
            8.31951423548162,
            49.86520386300981
          ],
          [
            8.319737445563078,
            49.86529916524887
          ],
          [
            8.319949172437191,
            49.86540217883885
          ],
          [
            8.320173220708966,
            49.865489937365055
          ],
          [
            8.320356365293264,
            49.86556244082749
          ],
          [
            8.320547137409449,
            49.86563871614635
          ],
          [
            8.320730198174715,
            49.865745501592755
          ],
          [
            8.320919964462519,
            49.86585237085819
          ],
          [
            8.321108808740973,
            49.86595530062914
          ],
          [
            8.321297653019428,
            49.86605454236269
          ],
          [
            8.32147409208119,
            49.866161327809095
          ],
          [
            8.32163049839437,
            49.866279596462846
          ],
          [
            8.321723956614733,
            49.86640926450491
          ],
          [
            8.321876507252455,
            49.86652753315866
          ],
          [
            8.322000475600362,
            49.86664957366884
          ],
          [
            8.322117822244763,
            49.866775469854474
          ],
          [
            8.322245562449098,
            49.86691662110388
          ],
          [
            8.322371458634734,
            49.86705777235329
          ],
          [
            8.322502132505178,
            49.867191296070814
          ],
          [
            8.32263850606978,
            49.86731333658099
          ],
          [
            8.322767252102494,
            49.86743160523474
          ],
          [
            8.322902703657746,
            49.86753839068115
          ],
          [
            8.32305047661066,
            49.86765288747847
          ],
          [
            8.323194477707148,
            49.86775204539299
          ],
          [
            8.323361361399293,
            49.867839803919196
          ],
          [
            8.323538806289434,
            49.867938961833715
          ],
          [
            8.32370376214385,
            49.86803434789181
          ],
          [
            8.323865868151188,
            49.86813350580633
          ],
          [
            8.324022274464369,
            49.868236519396305
          ],
          [
            8.32417675293982,
            49.86834330484271
          ],
          [
            8.324330309405923,
            49.8684386909008
          ],
          [
            8.324479088187218,
            49.86854547634721
          ],
          [
            8.324643122032285,
            49.86865997314453
          ],
          [
            8.324800450354815,
            49.868770614266396
          ],
          [
            8.32495023496449,
            49.8688773997128
          ],
          [
            8.325116112828255,
            49.86899566836655
          ],
          [
            8.325263047590852,
            49.8691139370203
          ],
          [
            8.325411826372147,
            49.86921686679125
          ],
          [
            8.325578710064292,
            49.86933899112046
          ],
          [
            8.325712233781815,
            49.86945340409875
          ],
          [
            8.325849529355764,
            49.86956781707704
          ],
          [
            8.325986824929714,
            49.869678458198905
          ],
          [
            8.32615664228797,
            49.86978909932077
          ],
          [
            8.32633308134973,
            49.869895884767175
          ],
          [
            8.326498037204146,
            49.86999127082527
          ],
          [
            8.326682103797793,
            49.87009805627167
          ],
          [
            8.326843287795782,
            49.870193442329764
          ],
          [
            8.32706356421113,
            49.87025831826031
          ],
          [
            8.327232375741005,
            49.87037658691406
          ],
          [
            8.327405964955688,
            49.87045663408935
          ],
          [
            8.327601430937648,
            49.87052536569536
          ],
          [
            8.327801674604416,
            49.87059778533876
          ],
          [
            8.328020107001066,
            49.87066266126931
          ],
          [
            8.328256644308567,
            49.870723681524396
          ],
          [
            8.32850550301373,
            49.8707770742476
          ],
          [
            8.328749667853117,
            49.87083055078983
          ],
          [
            8.32900045439601,
            49.87088008783758
          ],
          [
            8.32921888679266,
            49.87092970870435
          ],
          [
            8.32945249043405,
            49.870983101427555
          ],
          [
            8.329660445451736,
            49.871059376746416
          ],
          [
            8.329842584207654,
            49.87112802453339
          ],
          [
            8.330051377415657,
            49.87119290046394
          ],
          [
            8.330300319939852,
            49.871257776394486
          ],
          [
            8.330568289384246,
            49.8713035415858
          ],
          [
            8.330786721780896,
            49.871322568506
          ],
          [
            8.330999370664358,
            49.87134167924523
          ],
          [
            8.33125015720725,
            49.87141418270767
          ],
          [
            8.331473367288709,
            49.87144846469164
          ],
          [
            8.33162784576416,
            49.87134930677712
          ],
          [
            8.331770924851298,
            49.8712501488626
          ],
          [
            8.331937808543444,
            49.87115476280451
          ],
          [
            8.33214282989502,
            49.871044121682644
          ],
          [
            8.332325890660286,
            49.870963990688324
          ],
          [
            8.332540467381477,
            49.871021239086986
          ],
          [
            8.332762755453587,
            49.87110899761319
          ],
          [
            8.332975404337049,
            49.87119290046394
          ],
          [
            8.333161314949393,
            49.8712691757828
          ],
          [
            8.333391146734357,
            49.871337907388806
          ],
          [
            8.333609579131007,
            49.871398927643895
          ],
          [
            8.33382323384285,
            49.87135316245258
          ],
          [
            8.334023477509618,
            49.87131116911769
          ],
          [
            8.334260014817119,
            49.87135316245258
          ],
          [
            8.334429748356342,
            49.87144083715975
          ],
          [
            8.334601409733295,
            49.87153245136142
          ],
          [
            8.334793103858829,
            49.871612498536706
          ],
          [
            8.335020085796714,
            49.87166589125991
          ],
          [
            8.335257545113564,
            49.8716888576746
          ],
          [
            8.335424428805709,
            49.871574360877275
          ],
          [
            8.335654260590672,
            49.87154385074973
          ],
          [
            8.335887864232063,
            49.87157058902085
          ],
          [
            8.336127251386642,
            49.87158198840916
          ],
          [
            8.336342833936214,
            49.87160872668028
          ],
          [
            8.33656596019864,
            49.87162775360048
          ],
          [
            8.336791014298797,
            49.87163923680782
          ],
          [
            8.337006596848369,
            49.87167360261083
          ],
          [
            8.337222095578909,
            49.87171936780214
          ],
          [
            8.33743474446237,
            49.871772760525346
          ],
          [
            8.337638843804598,
            49.87184526398778
          ],
          [
            8.33785249851644,
            49.87192153930664
          ],
          [
            8.338102363049984,
            49.87197493202984
          ],
          [
            8.338350299745798,
            49.871971076354384
          ],
          [
            8.338554399088025,
            49.87194056622684
          ],
          [
            8.338778531178832,
            49.87186814658344
          ],
          [
            8.338992102071643,
            49.87187954597175
          ],
          [
            8.339147586375475,
            49.87197870388627
          ],
          [
            8.33931639790535,
            49.87210460007191
          ],
          [
            8.339446987956762,
            49.872211469337344
          ],
          [
            8.339616805315018,
            49.87229537218809
          ],
          [
            8.339841859415174,
            49.87239453010261
          ],
          [
            8.340059285983443,
            49.87249754369259
          ],
          [
            8.340265229344368,
            49.87257767468691
          ],
          [
            8.340413086116314,
            49.872703570872545
          ],
          [
            8.340431191027164,
            49.872840866446495
          ],
          [
            8.340631518512964,
            49.872901886701584
          ],
          [
            8.340843161568046,
            49.87294388003647
          ],
          [
            8.341085398569703,
            49.87299341708422
          ],
          [
            8.341312380507588,
            49.87302778288722
          ],
          [
            8.341535590589046,
            49.87306592054665
          ],
          [
            8.341775899752975,
            49.873119313269854
          ],
          [
            8.342014281079173,
            49.873157450929284
          ],
          [
            8.342235563322902,
            49.8732032161206
          ],
          [
            8.342449218034744,
            49.873252836987376
          ],
          [
            8.342596990987659,
            49.873119313269854
          ],
          [
            8.342640912160277,
            49.87296290695667
          ],
          [
            8.342726742848754,
            49.87283323891461
          ],
          [
            8.342825900763273,
            49.87270734272897
          ],
          [
            8.342650383710861,
            49.87279124557972
          ],
          [
            8.343057660385966,
            49.872764591127634
          ],
          [
            8.343288414180279,
            49.87267683260143
          ],
          [
            8.343462003394961,
            49.87255479209125
          ],
          [
            8.343628887087107,
            49.872428895905614
          ],
          [
            8.343779593706131,
            49.87229914404452
          ],
          [
            8.34391973912716,
            49.872169476002455
          ],
          [
            8.344089472666383,
            49.872028324753046
          ],
          [
            8.344250656664371,
            49.87188717350364
          ],
          [
            8.344402285292745,
            49.871734622865915
          ],
          [
            8.34453010931611,
            49.871616354212165
          ],
          [
            8.344680815935135,
            49.87150956876576
          ],
          [
            8.344823811203241,
            49.87140655517578
          ],
          [
            8.345000250265002,
            49.871280658990145
          ],
          [
            8.345189094543457,
            49.87115090712905
          ],
          [
            8.345337873324752,
            49.871044121682644
          ],
          [
            8.345491429790854,
            49.87093733623624
          ],
          [
            8.345643058419228,
            49.870826695114374
          ],
          [
            8.34583374671638,
            49.87069317139685
          ],
          [
            8.345982525497675,
            49.87058253027499
          ],
          [
            8.346128454431891,
            49.87047574482858
          ],
          [
            8.346298187971115,
            49.87034607678652
          ],
          [
            8.346436489373446,
            49.87024306319654
          ],
          [
            8.34658526815474,
            49.870136277750134
          ],
          [
            8.346740752458572,
            49.87002178095281
          ],
          [
            8.34690185263753,
            49.86991113983095
          ],
          [
            8.347081141546369,
            49.86978147178888
          ],
          [
            8.347225226461887,
            49.869659431278706
          ],
          [
            8.34737584926188,
            49.86954493448138
          ],
          [
            8.347153645008802,
            49.869461031630635
          ],
          [
            8.346979133784771,
            49.869380900636315
          ],
          [
            8.346811328083277,
            49.869281742721796
          ],
          [
            8.346624411642551,
            49.86919021233916
          ],
          [
            8.34640983492136,
            49.86910245381296
          ],
          [
            8.346199030056596,
            49.86901469528675
          ],
          [
            8.34597590379417,
            49.86892316490412
          ],
          [
            8.34577658213675,
            49.86885451711714
          ],
          [
            8.345560999587178,
            49.86878586933017
          ],
          [
            8.345326390117407,
            49.86874002031982
          ],
          [
            8.345107035711408,
            49.868690483272076
          ],
          [
            8.34488583728671,
            49.86864471808076
          ],
          [
            8.344683665782213,
            49.86859509721398
          ],
          [
            8.344445200636983,
            49.86854547634721
          ],
          [
            8.344240179285407,
            49.86848831176758
          ],
          [
            8.344029458239675,
            49.86843106336892
          ],
          [
            8.343804320320487,
            49.868373814970255
          ],
          [
            8.343628887087107,
            49.868297539651394
          ],
          [
            8.34344389848411,
            49.868217408657074
          ],
          [
            8.343254048377275,
            49.86813350580633
          ],
          [
            8.343064282089472,
            49.86804960295558
          ],
          [
            8.34287359379232,
            49.867977099493146
          ],
          [
            8.34269237704575,
            49.86789705231786
          ],
          [
            8.34251786582172,
            49.867820693179965
          ],
          [
            8.342333799228072,
            49.867744417861104
          ],
          [
            8.34214118309319,
            49.8676566593349
          ],
          [
            8.341959966346622,
            49.867568984627724
          ],
          [
            8.341762572526932,
            49.867488853633404
          ],
          [
            8.341553695499897,
            49.86739732325077
          ],
          [
            8.341343896463513,
            49.867305709049106
          ],
          [
            8.341138875111938,
            49.86721417866647
          ],
          [
            8.340924298390746,
            49.86712264828384
          ],
          [
            8.340704943984747,
            49.86703874543309
          ],
          [
            8.340490367263556,
            49.86694713123143
          ],
          [
            8.340276712551713,
            49.86684797331691
          ],
          [
            8.340060207992792,
            49.86674495972693
          ],
          [
            8.339857114478946,
            49.86664194613695
          ],
          [
            8.339665420353413,
            49.866539016366005
          ],
          [
            8.339481353759766,
            49.86644363030791
          ],
          [
            8.339282954111695,
            49.86635209992528
          ],
          [
            8.339092265814543,
            49.86624523065984
          ],
          [
            8.338888166472316,
            49.86615370027721
          ],
          [
            8.338687922805548,
            49.866046914830804
          ],
          [
            8.338496228680015,
            49.865943901240826
          ],
          [
            8.338294979184866,
            49.86584851518273
          ],
          [
            8.338095657527447,
            49.86574172973633
          ],
          [
            8.337904885411263,
            49.86565774306655
          ],
          [
            8.337726602330804,
            49.865570068359375
          ],
          [
            8.337533986195922,
            49.865470826625824
          ],
          [
            8.337328881025314,
            49.86537929624319
          ],
          [
            8.337127715349197,
            49.86527628265321
          ],
          [
            8.336931243538857,
            49.865173352882266
          ],
          [
            8.336732843890786,
            49.865074111148715
          ],
          [
            8.336537377908826,
            49.864974953234196
          ],
          [
            8.33633235655725,
            49.86487193964422
          ],
          [
            8.33613303489983,
            49.86476892605424
          ],
          [
            8.335932707414031,
            49.86466599628329
          ],
          [
            8.33571813069284,
            49.86455535516143
          ],
          [
            8.335507409647107,
            49.86444848589599
          ],
          [
            8.335298532620072,
            49.864341700449586
          ],
          [
            8.33508487790823,
            49.86423491500318
          ],
          [
            8.334870301187038,
            49.86412050202489
          ],
          [
            8.334680534899235,
            49.864009860903025
          ],
          [
            8.334520356729627,
            49.86388396471739
          ],
          [
            8.33435632288456,
            49.86375421285629
          ],
          [
            8.33417896181345,
            49.863632172346115
          ],
          [
            8.334034876897931,
            49.86350250430405
          ],
          [
            8.333909986540675,
            49.86339186318219
          ],
          [
            8.333846116438508,
            49.86325071193278
          ],
          [
            8.333849888294935,
            49.86310956068337
          ],
          [
            8.333846116438508,
            49.86293789930642
          ],
          [
            8.333847038447857,
            49.862781492993236
          ],
          [
            8.333849888294935,
            49.86260983161628
          ],
          [
            8.333847038447857,
            49.86244202591479
          ],
          [
            8.333853743970394,
            49.862270364537835
          ],
          [
            8.33384226076305,
            49.862091075628996
          ],
          [
            8.333835639059544,
            49.86191941425204
          ],
          [
            8.333835639059544,
            49.86175152473152
          ],
          [
            8.333827927708626,
            49.86158749088645
          ],
          [
            8.333810828626156,
            49.86143108457327
          ],
          [
            8.333786018192768,
            49.861263278871775
          ],
          [
            8.333755508065224,
            49.86109538935125
          ],
          [
            8.333713514730334,
            49.86093135550618
          ],
          [
            8.333654422312975,
            49.860771177336574
          ],
          [
            8.333589546382427,
            49.860610915347934
          ],
          [
            8.333522826433182,
            49.86045450903475
          ],
          [
            8.333442695438862,
            49.86029810272157
          ],
          [
            8.333335909992456,
            49.86014932394028
          ],
          [
            8.333231890574098,
            49.86000440083444
          ],
          [
            8.333110772073269,
            49.85985185019672
          ],
          [
            8.332995437085629,
            49.85970684327185
          ],
          [
            8.332855207845569,
            49.85957717522979
          ],
          [
            8.332690251991153,
            49.859443651512265
          ],
          [
            8.33251473493874,
            49.859306272119284
          ],
          [
            8.332363106310368,
            49.859188087284565
          ],
          [
            8.332166634500027,
            49.85908121801913
          ],
          [
            8.331991201266646,
            49.85900494270027
          ],
          [
            8.331809984520078,
            49.85891718417406
          ],
          [
            8.331604963168502,
            49.858821881935
          ],
          [
            8.331383680924773,
            49.858734123408794
          ],
          [
            8.331156698986888,
            49.85865022055805
          ],
          [
            8.330923095345497,
            49.85857771709561
          ],
          [
            8.330684630200267,
            49.858516696840525
          ],
          [
            8.330436693504453,
            49.85845944844186
          ],
          [
            8.33018490113318,
            49.858394572511315
          ],
          [
            8.329935036599636,
            49.85833355225623
          ],
          [
            8.32969095557928,
            49.85826867632568
          ],
          [
            8.329502111300826,
            49.85820765607059
          ],
          [
            8.329311339184642,
            49.858142863959074
          ],
          [
            8.329069102182984,
            49.85807036049664
          ],
          [
            8.328830720856786,
            49.85797883011401
          ],
          [
            8.328648582100868,
            49.85790632665157
          ],
          [
            8.328418750315905,
            49.85781094059348
          ],
          [
            8.32820987328887,
            49.857704155147076
          ],
          [
            8.328006779775023,
            49.85759351402521
          ],
          [
            8.327807458117604,
            49.85747910104692
          ],
          [
            8.327620541676879,
            49.8573646042496
          ],
          [
            8.32744024693966,
            49.85724256373942
          ],
          [
            8.3272809907794,
            49.8571434058249
          ],
          [
            8.327136067673564,
            49.857028909027576
          ],
          [
            8.327000616118312,
            49.85689161345363
          ],
          [
            8.326868014410138,
            49.85674669034779
          ],
          [
            8.32674689590931,
            49.856597911566496
          ],
          [
            8.326636338606477,
            49.85644527710974
          ],
          [
            8.32652854733169,
            49.85629272647202
          ],
          [
            8.32644841633737,
            49.856166830286384
          ],
          [
            8.326379768550396,
            49.8560294508934
          ],
          [
            8.326308270916343,
            49.85585778951645
          ],
          [
            8.32623291760683,
            49.85570138320327
          ],
          [
            8.326157564297318,
            49.85554120503366
          ],
          [
            8.326088916510344,
            49.85537717118859
          ],
          [
            8.326003085821867,
            49.855216993018985
          ],
          [
            8.325900994241238,
            49.855056731030345
          ],
          [
            8.325793286785483,
            49.85490418039262
          ],
          [
            8.32568172365427,
            49.85474777407944
          ],
          [
            8.325556749477983,
            49.85459136776626
          ],
          [
            8.325435630977154,
            49.85443110577762
          ],
          [
            8.325321217998862,
            49.85427092760801
          ],
          [
            8.325215354561806,
            49.85412214882672
          ],
          [
            8.325119968503714,
            49.853988625109196
          ],
          [
            8.325020810589194,
            49.85386658459902
          ],
          [
            8.324916874989867,
            49.853733060881495
          ],
          [
            8.324801456183195,
            49.85358805395663
          ],
          [
            8.324685115367174,
            49.853454530239105
          ],
          [
            8.32457254640758,
            49.853317234665155
          ],
          [
            8.32445528358221,
            49.85317231155932
          ],
          [
            8.324347492307425,
            49.85303493216634
          ],
          [
            8.324235929176211,
            49.852882381528616
          ],
          [
            8.324121432378888,
            49.85273360274732
          ],
          [
            8.324006097391248,
            49.85258859582245
          ],
          [
            8.323898306116462,
            49.85243604518473
          ],
          [
            8.32378196530044,
            49.85227963887155
          ],
          [
            8.323656069114804,
            49.85212708823383
          ],
          [
            8.32352732308209,
            49.851978309452534
          ],
          [
            8.323421459645033,
            49.85182953067124
          ],
          [
            8.32333185710013,
            49.85168452374637
          ],
          [
            8.32323169335723,
            49.851535744965076
          ],
          [
            8.323128679767251,
            49.85139082185924
          ],
          [
            8.323018038645387,
            49.851245898753405
          ],
          [
            8.322899853810668,
            49.85109711997211
          ],
          [
            8.32279298454523,
            49.850944485515356
          ],
          [
            8.322679493576288,
            49.85080333426595
          ],
          [
            8.322561224922538,
            49.850646927952766
          ],
          [
            8.322442034259439,
            49.850490521639585
          ],
          [
            8.322318065911531,
            49.85033797100186
          ],
          [
            8.322198875248432,
            49.85018156468868
          ],
          [
            8.322075828909874,
            49.85002893023193
          ],
          [
            8.321961415931582,
            49.849880235269666
          ],
          [
            8.321865107864141,
            49.84975048340857
          ],
          [
            8.32174776121974,
            49.84961695969105
          ],
          [
            8.321645753458142,
            49.849464409053326
          ],
          [
            8.321547517552972,
            49.84933465719223
          ],
          [
            8.321438804268837,
            49.849189734086394
          ],
          [
            8.321338640525937,
            49.849052438512444
          ],
          [
            8.321225149556994,
            49.848911287263036
          ],
          [
            8.321124063804746,
            49.84877776354551
          ],
          [
            8.321004873141646,
            49.84862898476422
          ],
          [
            8.320902781561017,
            49.848495461046696
          ],
          [
            8.320795074105263,
            49.8483466822654
          ],
          [
            8.320684432983398,
            49.848201759159565
          ],
          [
            8.320569014176726,
            49.84805298037827
          ],
          [
            8.320448901504278,
            49.84789657406509
          ],
          [
            8.320333482697606,
            49.847747795283794
          ],
          [
            8.320213286206126,
            49.84760278835893
          ],
          [
            8.320093173533678,
            49.84745786525309
          ],
          [
            8.31998823210597,
            49.847312942147255
          ],
          [
            8.319887146353722,
            49.847171790897846
          ],
          [
            8.319779355078936,
            49.847034411504865
          ],
          [
            8.319664942100644,
            49.846893260255456
          ],
          [
            8.319559078663588,
            49.84675210900605
          ],
          [
            8.319452293217182,
            49.8466148134321
          ],
          [
            8.319345507770777,
            49.84646989032626
          ],
          [
            8.319242494180799,
            49.846343994140625
          ],
          [
            8.319146186113358,
            49.84620661474764
          ],
          [
            8.319049794226885,
            49.84608071856201
          ],
          [
            8.318932531401515,
            49.84594342298806
          ],
          [
            8.318828595802188,
            49.84579849988222
          ],
          [
            8.318722732365131,
            49.84565734863281
          ],
          [
            8.318618796765804,
            49.84552382491529
          ],
          [
            8.31851008348167,
            49.84537881799042
          ],
          [
            8.318417547270656,
            49.84525300562382
          ],
          [
            8.318314533680677,
            49.84512325376272
          ],
          [
            8.318200120702386,
            49.84498595818877
          ],
          [
            8.318079924210906,
            49.84484480693936
          ],
          [
            8.317929301410913,
            49.84471128322184
          ],
          [
            8.31777859479189,
            49.844566360116005
          ],
          [
            8.317608861252666,
            49.84442898072302
          ],
          [
            8.317471481859684,
            49.844325967133045
          ],
          [
            8.31730174832046,
            49.84420392662287
          ],
          [
            8.317155819386244,
            49.84409714117646
          ],
          [
            8.316999413073063,
            49.84400175511837
          ],
          [
            8.316822052001953,
            49.843891113996506
          ],
          [
            8.316661790013313,
            49.8438033554703
          ],
          [
            8.316486356779933,
            49.843696570023894
          ],
          [
            8.316496834158897,
            49.84355164691806
          ],
          [
            8.316596997901797,
            49.84342189505696
          ],
          [
            8.316676123067737,
            49.843261716887355
          ],
          [
            8.31676765345037,
            49.84311293810606
          ],
          [
            8.316802941262722,
            49.84297555871308
          ],
          [
            8.316802941262722,
            49.842826779931784
          ],
          [
            8.316802019253373,
            49.84268185682595
          ],
          [
            8.316806796938181,
            49.842529306188226
          ],
          [
            8.316803947091103,
            49.84237667173147
          ],
          [
            8.316802019253373,
            49.84222789295018
          ],
          [
            8.316799169406295,
            49.842075342312455
          ],
          [
            8.316783914342523,
            49.841918935999274
          ],
          [
            8.316784836351871,
            49.84176252968609
          ],
          [
            8.316704705357552,
            49.84162515029311
          ],
          [
            8.316483506932855,
            49.841560358181596
          ],
          [
            8.31629273481667,
            49.841503109782934
          ],
          [
            8.316060975193977,
            49.8414306063205
          ],
          [
            8.31584170460701,
            49.841365814208984
          ],
          [
            8.315648082643747,
            49.841304793953896
          ],
          [
            8.315448760986328,
            49.841243689879775
          ],
          [
            8.315233262255788,
            49.8411750420928
          ],
          [
            8.315003430470824,
            49.841106394305825
          ],
          [
            8.314780220389366,
            49.84104151837528
          ],
          [
            8.314571343362331,
            49.84098049812019
          ],
          [
            8.314379649236798,
            49.84092324972153
          ],
          [
            8.314145123586059,
            49.84086222946644
          ],
          [
            8.313954351469874,
            49.84079743735492
          ],
          [
            8.313767435029149,
            49.840732561424375
          ],
          [
            8.313561407849193,
            49.84066768549383
          ],
          [
            8.313323948532343,
            49.84060666523874
          ],
          [
            8.31309411674738,
            49.840534161776304
          ],
          [
            8.31287669017911,
            49.8404617421329
          ],
          [
            8.312663035467267,
            49.840396866202354
          ],
          [
            8.312451392412186,
            49.84033199027181
          ],
          [
            8.312218626961112,
            49.840259570628405
          ],
          [
            8.311980245634913,
            49.84018706716597
          ],
          [
            8.311726525425911,
            49.84011456370354
          ],
          [
            8.311530137434602,
            49.840057315304875
          ],
          [
            8.311333665624261,
            49.83999629504979
          ],
          [
            8.311138115823269,
            49.83993913047016
          ],
          [
            8.310891184955835,
            49.83987039886415
          ],
          [
            8.310633692890406,
            49.83981323428452
          ],
          [
            8.310433365404606,
            49.83971784822643
          ],
          [
            8.310243599116802,
            49.83959957957268
          ],
          [
            8.31008912064135,
            49.83950042165816
          ],
          [
            8.309938414022326,
            49.83939355239272
          ],
          [
            8.30977438017726,
            49.8392943944782
          ],
          [
            8.309627529233694,
            49.83919523656368
          ],
          [
            8.309474978595972,
            49.83909607864916
          ],
          [
            8.309310944750905,
            49.8389854375273
          ],
          [
            8.309147832915187,
            49.83887856826186
          ],
          [
            8.308995282277465,
            49.838775638490915
          ],
          [
            8.30884457565844,
            49.83868025243282
          ],
          [
            8.30868816934526,
            49.838577238842845
          ],
          [
            8.308535534888506,
            49.83847045339644
          ],
          [
            8.308380134403706,
            49.83836743980646
          ],
          [
            8.308226577937603,
            49.83826828189194
          ],
          [
            8.308068243786693,
            49.838161412626505
          ],
          [
            8.30791661515832,
            49.838062254711986
          ],
          [
            8.307720143347979,
            49.83793635852635
          ],
          [
            8.307567592710257,
            49.83783720061183
          ],
          [
            8.307414036244154,
            49.83774181455374
          ],
          [
            8.307253858074546,
            49.83763502910733
          ],
          [
            8.307095523923635,
            49.83752824366093
          ],
          [
            8.306931490078568,
            49.83742137439549
          ],
          [
            8.306762678548694,
            49.837314588949084
          ],
          [
            8.306592023000121,
            49.83720017597079
          ],
          [
            8.306417427957058,
            49.83708567917347
          ],
          [
            8.3062391448766,
            49.83696741051972
          ],
          [
            8.306049378588796,
            49.83685299754143
          ],
          [
            8.305868161842227,
            49.83672710135579
          ],
          [
            8.305700272321701,
            49.83661646023393
          ],
          [
            8.305520061403513,
            49.83650967478752
          ],
          [
            8.305352171882987,
            49.83639903366566
          ],
          [
            8.305173888802528,
            49.83628839254379
          ],
          [
            8.304982194676995,
            49.836170207709074
          ],
          [
            8.304786644876003,
            49.83603282831609
          ],
          [
            8.304585479199886,
            49.83589930459857
          ],
          [
            8.304376602172852,
            49.83577340841293
          ],
          [
            8.304176358506083,
            49.835655223578215
          ],
          [
            8.303961781784892,
            49.835552209988236
          ],
          [
            8.303730944171548,
            49.8354606796056
          ],
          [
            8.303486779332161,
            49.83536906540394
          ],
          [
            8.303239848464727,
            49.835296645760536
          ],
          [
            8.302993755787611,
            49.835235541686416
          ],
          [
            8.302746741101146,
            49.83518214896321
          ],
          [
            8.302485477179289,
            49.83514401130378
          ],
          [
            8.302219351753592,
            49.83510201796889
          ],
          [
            8.30194660462439,
            49.83506773598492
          ],
          [
            8.301680563017726,
            49.835040997713804
          ],
          [
            8.301443103700876,
            49.835018115118146
          ],
          [
            8.301201788708568,
            49.83499523252249
          ],
          [
            8.30097958445549,
            49.834979977458715
          ],
          [
            8.300760230049491,
            49.83494946733117
          ],
          [
            8.300553280860186,
            49.83491510152817
          ],
          [
            8.300306349992752,
            49.83488844707608
          ],
          [
            8.300100322812796,
            49.834861708804965
          ],
          [
            8.299880046397448,
            49.83483505435288
          ],
          [
            8.299648286774755,
            49.83481217175722
          ],
          [
            8.299414599314332,
            49.83479306101799
          ],
          [
            8.299171440303326,
            49.83477403409779
          ],
          [
            8.298947308212519,
            49.8347510676831
          ],
          [
            8.298737509176135,
            49.834724413231015
          ],
          [
            8.29849049448967,
            49.8346976749599
          ],
          [
            8.298250185325742,
            49.83467102050781
          ],
          [
            8.298026053234935,
            49.83464051038027
          ],
          [
            8.29778197221458,
            49.83461762778461
          ],
          [
            8.29752154648304,
            49.834587033838034
          ],
          [
            8.297311747446656,
            49.834568006917834
          ],
          [
            8.297043778002262,
            49.83453364111483
          ],
          [
            8.296775808557868,
            49.83451461419463
          ],
          [
            8.296505911275744,
            49.83449935913086
          ],
          [
            8.296285634860396,
            49.83449173159897
          ],
          [
            8.29604147002101,
            49.834487875923514
          ],
          [
            8.295793533325195,
            49.83448410406709
          ],
          [
            8.295542746782303,
            49.83449173159897
          ],
          [
            8.295284248888493,
            49.83450313098729
          ],
          [
            8.29501535743475,
            49.83452224172652
          ],
          [
            8.294751159846783,
            49.834545124322176
          ],
          [
            8.294489895924926,
            49.83457563444972
          ],
          [
            8.294227626174688,
            49.834606144577265
          ],
          [
            8.2939662784338,
            49.834644282236695
          ],
          [
            8.293713564053178,
            49.83469004742801
          ],
          [
            8.29345322214067,
            49.83473966829479
          ],
          [
            8.293209057301283,
            49.83479306101799
          ],
          [
            8.292968748137355,
            49.83484645374119
          ],
          [
            8.292747465893626,
            49.834903702139854
          ],
          [
            8.29252241179347,
            49.83496472239494
          ],
          [
            8.292296435683966,
            49.83503337018192
          ],
          [
            8.2920684479177,
            49.83510972931981
          ],
          [
            8.291845321655273,
            49.83518600463867
          ],
          [
            8.291628817096353,
            49.83526990748942
          ],
          [
            8.291400913149118,
            49.83535003848374
          ],
          [
            8.291150126606226,
            49.835433941334486
          ],
          [
            8.290906883776188,
            49.83552169986069
          ],
          [
            8.290679901838303,
            49.83560174703598
          ],
          [
            8.290450070053339,
            49.835689505562186
          ],
          [
            8.290202133357525,
            49.83578489162028
          ],
          [
            8.289946569129825,
            49.83588790521026
          ],
          [
            8.2896956987679,
            49.83597943559289
          ],
          [
            8.289448767900467,
            49.836067194119096
          ],
          [
            8.289208374917507,
            49.83615109696984
          ],
          [
            8.288972843438387,
            49.83623499982059
          ],
          [
            8.288734462112188,
            49.836326614022255
          ],
          [
            8.28849121928215,
            49.836410516873
          ],
          [
            8.288252837955952,
            49.83649827539921
          ],
          [
            8.28801630064845,
            49.83658595010638
          ],
          [
            8.287772135809064,
            49.83667370863259
          ],
          [
            8.287528976798058,
            49.836761467158794
          ],
          [
            8.287281040102243,
            49.83685299754143
          ],
          [
            8.287021620199084,
            49.83694838359952
          ],
          [
            8.286758428439498,
            49.83704376965761
          ],
          [
            8.286489453166723,
            49.83713907189667
          ],
          [
            8.286225339397788,
            49.837234457954764
          ],
          [
            8.2859639916569,
            49.837333615869284
          ],
          [
            8.285711277276278,
            49.83742523007095
          ],
          [
            8.28546711243689,
            49.837512988597155
          ],
          [
            8.285218253731728,
            49.83760451897979
          ],
          [
            8.284969311207533,
            49.83769604936242
          ],
          [
            8.284726152196527,
            49.83777995221317
          ],
          [
            8.284505875781178,
            49.83786008320749
          ],
          [
            8.284299848601222,
            49.83793635852635
          ],
          [
            8.284101448953152,
            49.83801648952067
          ],
          [
            8.283895505592227,
            49.83809276483953
          ],
          [
            8.283681850880384,
            49.83816904015839
          ],
          [
            8.283468279987574,
            49.838241543620825
          ],
          [
            8.283258397132158,
            49.83831404708326
          ],
          [
            8.28303619287908,
            49.83838655054569
          ],
          [
            8.282793033868074,
            49.83845519833267
          ],
          [
            8.28254509717226,
            49.838516218587756
          ],
          [
            8.28228852711618,
            49.838577238842845
          ],
          [
            8.282017707824707,
            49.838638259097934
          ],
          [
            8.281739261001348,
            49.83868787996471
          ],
          [
            8.281537089496851,
            49.83872224576771
          ],
          [
            8.281250009313226,
            49.83876415528357
          ],
          [
            8.280959157273173,
            49.838798521086574
          ],
          [
            8.280659671872854,
            49.838832803070545
          ],
          [
            8.280358342453837,
            49.83885954134166
          ],
          [
            8.280066484585404,
            49.83887856826186
          ],
          [
            8.279765155166388,
            49.83888627961278
          ],
          [
            8.279550578445196,
            49.83889005146921
          ],
          [
            8.27924631536007,
            49.83889005146921
          ],
          [
            8.278956385329366,
            49.83887856826186
          ],
          [
            8.27867223881185,
            49.83886331319809
          ],
          [
            8.278386080637574,
            49.83884428627789
          ],
          [
            8.278102856129408,
            49.83882517553866
          ],
          [
            8.277815775945783,
            49.83880614861846
          ],
          [
            8.277520146220922,
            49.8387832660228
          ],
          [
            8.277216888964176,
            49.83876038342714
          ],
          [
            8.276917487382889,
            49.83874127268791
          ],
          [
            8.276615152135491,
            49.838718390092254
          ],
          [
            8.27631851658225,
            49.83869927935302
          ],
          [
            8.276023892685771,
            49.83868025243282
          ],
          [
            8.27573111280799,
            49.838657369837165
          ],
          [
            8.275428777560592,
            49.83863448724151
          ],
          [
            8.27513792552054,
            49.83861160464585
          ],
          [
            8.274848917499185,
            49.83858872205019
          ],
          [
            8.274554209783673,
            49.83856961131096
          ],
          [
            8.274259585887194,
            49.8385467287153
          ],
          [
            8.273963956162333,
            49.83852384611964
          ],
          [
            8.2736720982939,
            49.83850473538041
          ],
          [
            8.273381246253848,
            49.83848570846021
          ],
          [
            8.273085616528988,
            49.83846282586455
          ],
          [
            8.272789986804128,
            49.83844371512532
          ],
          [
            8.272501900792122,
            49.838420832529664
          ],
          [
            8.272236781194806,
            49.83839417807758
          ],
          [
            8.27197358943522,
            49.83837506733835
          ],
          [
            8.271703692153096,
            49.838355956599116
          ],
          [
            8.271431950852275,
            49.83833692967892
          ],
          [
            8.27116104774177,
            49.838317818939686
          ],
          [
            8.270880673080683,
            49.83829493634403
          ],
          [
            8.270600298419595,
            49.83827590942383
          ],
          [
            8.270317995920777,
            49.8382567986846
          ],
          [
            8.27003669925034,
            49.8382377717644
          ],
          [
            8.269745847210288,
            49.83821866102517
          ],
          [
            8.269453067332506,
            49.83819963410497
          ],
          [
            8.269150732085109,
            49.838180523365736
          ],
          [
            8.268848396837711,
            49.83815764077008
          ],
          [
            8.268543211743236,
            49.83813853003085
          ],
          [
            8.268237104639411,
            49.83811564743519
          ],
          [
            8.268023449927568,
            49.838100392371416
          ],
          [
            8.267714492976665,
            49.83808136545122
          ],
          [
            8.26741031371057,
            49.83805848285556
          ],
          [
            8.267106050625443,
            49.8380356002599
          ],
          [
            8.266897173598409,
            49.838020261377096
          ],
          [
            8.266686452552676,
            49.8380012344569
          ],
          [
            8.266371712088585,
            49.83797835186124
          ],
          [
            8.266069376841187,
            49.83795924112201
          ],
          [
            8.265761341899633,
            49.837943986058235
          ],
          [
            8.26555347070098,
            49.83792873099446
          ],
          [
            8.265246357768774,
            49.837909704074264
          ],
          [
            8.264933545142412,
            49.837882965803146
          ],
          [
            8.264625510200858,
            49.83785631135106
          ],
          [
            8.264323258772492,
            49.83783334493637
          ],
          [
            8.264018995687366,
            49.83781046234071
          ],
          [
            8.263808274641633,
            49.83779520727694
          ],
          [
            8.263599397614598,
            49.83777995221317
          ],
          [
            8.263385742902756,
            49.83777232468128
          ],
          [
            8.263177871704102,
            49.83775706961751
          ],
          [
            8.262964216992259,
            49.83774181455374
          ],
          [
            8.262750646099448,
            49.837726559489965
          ],
          [
            8.262442611157894,
            49.83770367689431
          ],
          [
            8.262161230668426,
            49.83768079429865
          ],
          [
            8.261874234303832,
            49.83766168355942
          ],
          [
            8.261590925976634,
            49.83763880096376
          ],
          [
            8.261294374242425,
            49.83761977404356
          ],
          [
            8.261001594364643,
            49.83759303577244
          ],
          [
            8.260706886649132,
            49.837570153176785
          ],
          [
            8.260402707383037,
            49.837547270581126
          ],
          [
            8.260104143992066,
            49.83752438798547
          ],
          [
            8.259817147627473,
            49.837509132921696
          ],
          [
            8.259534845128655,
            49.837490022182465
          ],
          [
            8.259258242323995,
            49.837470995262265
          ],
          [
            8.25899412855506,
            49.83745951205492
          ],
          [
            8.258724231272936,
            49.83743662945926
          ],
          [
            8.258456261828542,
            49.837413746863604
          ],
          [
            8.258195836097002,
            49.83739849179983
          ],
          [
            8.257945971563458,
            49.83737946487963
          ],
          [
            8.257703818380833,
            49.837356582283974
          ],
          [
            8.257485385984182,
            49.83734509907663
          ],
          [
            8.25727365911007,
            49.837333615869284
          ],
          [
            8.257038127630949,
            49.83732221648097
          ],
          [
            8.256821623072028,
            49.83731836080551
          ],
          [
            8.256589863449335,
            49.83728407882154
          ],
          [
            8.25636288151145,
            49.837272595614195
          ],
          [
            8.256142605096102,
            49.83724971301854
          ],
          [
            8.255903217941523,
            49.83723831363022
          ],
          [
            8.255685791373253,
            49.83723068609834
          ],
          [
            8.255459815263748,
            49.83720780350268
          ],
          [
            8.255239455029368,
            49.83720017597079
          ],
          [
            8.255011551082134,
            49.83718869276345
          ],
          [
            8.254780797287822,
            49.83718106523156
          ],
          [
            8.254551887512207,
            49.837173437699676
          ],
          [
            8.254314428195357,
            49.83716195449233
          ],
          [
            8.254075041040778,
            49.8371581826359
          ],
          [
            8.25383665971458,
            49.83715055510402
          ],
          [
            8.253588639199734,
            49.83714669942856
          ],
          [
            8.253349335864186,
            49.83714292757213
          ],
          [
            8.253116570413113,
            49.837131444364786
          ],
          [
            8.252880116924644,
            49.83712767250836
          ],
          [
            8.252632096409798,
            49.83712767250836
          ],
          [
            8.252405198290944,
            49.837116189301014
          ],
          [
            8.252162961289287,
            49.837116189301014
          ],
          [
            8.251895913854241,
            49.83710856176913
          ],
          [
            8.25164319947362,
            49.8371047899127
          ],
          [
            8.251430466771126,
            49.83710093423724
          ],
          [
            8.25118730776012,
            49.837093306705356
          ],
          [
            8.250956553965807,
            49.837074279785156
          ],
          [
            8.251161575317383,
            49.8371581826359
          ],
          [
            8.251135842874646,
            49.83730310574174
          ],
          [
            8.250977508723736,
            49.837451884523034
          ],
          [
            8.250848762691021,
            49.837570153176785
          ],
          [
            8.250733343884349,
            49.837688421830535
          ],
          [
            8.250607447698712,
            49.837802834808826
          ],
          [
            8.250474007800221,
            49.83792110346258
          ],
          [
            8.25033763423562,
            49.83803937211633
          ],
          [
            8.250192627310753,
            49.838161412626505
          ],
          [
            8.250056253746152,
            49.838279681280255
          ],
          [
            8.249935135245323,
            49.83839032240212
          ],
          [
            8.249777806922793,
            49.83853147365153
          ],
          [
            8.249658616259694,
            49.83864588662982
          ],
          [
            8.24952987022698,
            49.83876038342714
          ],
          [
            8.249396346509457,
            49.83887856826186
          ],
          [
            8.249265672639012,
            49.838989209383726
          ],
          [
            8.249128377065063,
            49.83911510556936
          ],
          [
            8.248992003500462,
            49.839248629286885
          ],
          [
            8.248847918584943,
            49.83937452547252
          ],
          [
            8.248647674918175,
            49.839466055855155
          ],
          [
            8.248447431251407,
            49.839565213769674
          ],
          [
            8.248252887278795,
            49.839664455503225
          ],
          [
            8.248034454882145,
            49.83975598588586
          ],
          [
            8.247802695259452,
            49.83983611688018
          ],
          [
            8.247583424672484,
            49.83991239219904
          ],
          [
            8.247368847951293,
            49.83999252319336
          ],
          [
            8.247153265401721,
            49.84007642604411
          ],
          [
            8.246942544355989,
            49.84015270136297
          ],
          [
            8.24672126211226,
            49.840236604213715
          ],
          [
            8.246515234932303,
            49.84033199027181
          ],
          [
            8.246330246329308,
            49.84045025892556
          ],
          [
            8.24614617973566,
            49.84056467190385
          ],
          [
            8.245963118970394,
            49.840671541169286
          ],
          [
            8.24579045176506,
            49.840770699083805
          ],
          [
            8.245626417919993,
            49.84087371267378
          ],
          [
            8.245487194508314,
            49.84099960885942
          ],
          [
            8.245420474559069,
            49.841148387640715
          ],
          [
            8.245392814278603,
            49.84128953889012
          ],
          [
            8.245355598628521,
            49.84143823385239
          ],
          [
            8.245133394375443,
            49.84146120026708
          ],
          [
            8.244895935058594,
            49.841442089527845
          ],
          [
            8.244651770219207,
            49.841422978788614
          ],
          [
            8.244421938434243,
            49.841403951868415
          ],
          [
            8.244185484945774,
            49.841384841129184
          ],
          [
            8.24403377249837,
            49.841480227187276
          ],
          [
            8.244030922651291,
            49.8416481167078
          ],
          [
            8.244022373110056,
            49.84178918413818
          ],
          [
            8.244001418352127,
            49.84193033538759
          ],
          [
            8.243986163288355,
            49.84207911416888
          ],
          [
            8.243977529928088,
            49.84222026541829
          ],
          [
            8.24395464733243,
            49.84239955432713
          ],
          [
            8.24393562041223,
            49.84254070557654
          ],
          [
            8.243909804150462,
            49.84271622262895
          ],
          [
            8.243893627077341,
            49.8428535182029
          ],
          [
            8.244003262370825,
            49.84297941438854
          ],
          [
            8.244196884334087,
            49.84303280711174
          ],
          [
            8.244405761361122,
            49.8431090824306
          ],
          [
            8.24460600502789,
            49.84321595169604
          ],
          [
            8.244801554828882,
            49.843318881466985
          ],
          [
            8.244991321116686,
            49.84341426752508
          ],
          [
            8.24510003440082,
            49.84354401938617
          ],
          [
            8.245130544528365,
            49.84368508681655
          ],
          [
            8.24499987065792,
            49.84379958361387
          ],
          [
            8.244882607832551,
            49.84392547979951
          ],
          [
            8.24488545767963,
            49.84406663104892
          ],
          [
            8.244711868464947,
            49.84415816143155
          ],
          [
            8.244512546807528,
            49.8442230373621
          ],
          [
            8.244376173242927,
            49.844364104792476
          ],
          [
            8.244283637031913,
            49.84449000097811
          ],
          [
            8.244147263467312,
            49.84461212530732
          ],
          [
            8.244024300947785,
            49.844741793349385
          ],
          [
            8.243883149698377,
            49.84487531706691
          ],
          [
            8.243741998448968,
            49.8449897300452
          ],
          [
            8.243847861886024,
            49.84511185437441
          ],
          [
            8.243781058117747,
            49.845256777480245
          ],
          [
            8.243654239922762,
            49.84537881799042
          ],
          [
            8.243537899106741,
            49.84552382491529
          ],
          [
            8.243494983762503,
            49.84569925814867
          ],
          [
            8.24345969595015,
            49.84587854705751
          ],
          [
            8.243417702615261,
            49.84605406410992
          ],
          [
            8.243389120325446,
            49.84620661474764
          ],
          [
            8.243357688188553,
            49.846343994140625
          ],
          [
            8.243350060656667,
            49.846485145390034
          ],
          [
            8.243291890248656,
            49.84663006849587
          ],
          [
            8.24320312589407,
            49.84679033048451
          ],
          [
            8.243109667673707,
            49.84694665297866
          ],
          [
            8.24302576482296,
            49.84709543175995
          ],
          [
            8.242942783981562,
            49.84725946560502
          ],
          [
            8.242835998535156,
            49.84740447252989
          ],
          [
            8.242792161181569,
            49.84756087884307
          ],
          [
            8.242839770391583,
            49.84774016775191
          ],
          [
            8.242874136194587,
            49.84789657406509
          ],
          [
            8.242917973548174,
            49.84805298037827
          ],
          [
            8.242953261360526,
            49.848201759159565
          ],
          [
            8.242988549172878,
            49.848342910408974
          ],
          [
            8.24302677065134,
            49.84848020598292
          ],
          [
            8.243069685995579,
            49.848655639216304
          ],
          [
            8.243086785078049,
            49.84880064614117
          ],
          [
            8.243106817826629,
            49.84895705245435
          ],
          [
            8.243121150881052,
            49.84911345876753
          ],
          [
            8.243143111467361,
            49.84927363693714
          ],
          [
            8.243158366531134,
            49.84943767078221
          ],
          [
            8.243169765919447,
            49.849601704627275
          ],
          [
            8.2431860268116,
            49.84975433908403
          ],
          [
            8.24320220388472,
            49.849903117865324
          ],
          [
            8.243221314623952,
            49.850059524178505
          ],
          [
            8.243237491697073,
            49.85021207481623
          ],
          [
            8.243258446455002,
            49.85036462545395
          ],
          [
            8.243271857500076,
            49.85052488744259
          ],
          [
            8.243299517780542,
            49.85067743808031
          ],
          [
            8.243331871926785,
            49.85084147192538
          ],
          [
            8.243358610197902,
            49.85099787823856
          ],
          [
            8.243388198316097,
            49.8511581402272
          ],
          [
            8.243418708443642,
            49.851322174072266
          ],
          [
            8.24344058521092,
            49.85148997977376
          ],
          [
            8.243474029004574,
            49.851642614230514
          ],
          [
            8.243491128087044,
            49.85179139301181
          ],
          [
            8.243502611294389,
            49.85192868858576
          ],
          [
            8.243512166664004,
            49.85209649428725
          ],
          [
            8.243561703711748,
            49.852249128744006
          ],
          [
            8.243706710636616,
            49.85237879678607
          ],
          [
            8.243730515241623,
            49.85251617617905
          ],
          [
            8.243733365088701,
            49.85268021002412
          ],
          [
            8.243749625980854,
            49.85284801572561
          ],
          [
            8.243767730891705,
            49.85301590524614
          ],
          [
            8.243789691478014,
            49.85319519415498
          ],
          [
            8.243806874379516,
            49.85334397293627
          ],
          [
            8.243823973461986,
            49.85348889604211
          ],
          [
            8.243838306516409,
            49.85366055741906
          ],
          [
            8.243852639570832,
            49.853813108056784
          ],
          [
            8.243865966796875,
            49.85396188683808
          ],
          [
            8.24387552216649,
            49.85411066561937
          ],
          [
            8.243886921554804,
            49.85425944440067
          ],
          [
            8.243950875476003,
            49.85443873330951
          ],
          [
            8.244047183543444,
            49.854583740234375
          ],
          [
            8.244137791916728,
            49.85472866334021
          ],
          [
            8.244227394461632,
            49.85487367026508
          ],
          [
            8.244325630366802,
            49.855018593370914
          ],
          [
            8.244422944262624,
            49.85516737215221
          ],
          [
            8.244514474645257,
            49.855312295258045
          ],
          [
            8.24460793286562,
            49.855453446507454
          ],
          [
            8.244693763554096,
            49.85559459775686
          ],
          [
            8.24478529393673,
            49.85573960468173
          ],
          [
            8.244876824319363,
            49.85588075593114
          ],
          [
            8.244964582845569,
            49.856021823361516
          ],
          [
            8.245054269209504,
            49.856162974610925
          ],
          [
            8.24514009989798,
            49.856300354003906
          ],
          [
            8.245227774605155,
            49.85643002204597
          ],
          [
            8.245312683284283,
            49.85656354576349
          ],
          [
            8.245399435982108,
            49.85670084133744
          ],
          [
            8.24549867771566,
            49.85684584826231
          ],
          [
            8.245588280260563,
            49.856990771368146
          ],
          [
            8.24567318893969,
            49.857131922617555
          ],
          [
            8.245758013799787,
            49.85726167447865
          ],
          [
            8.245846778154373,
            49.8573989700526
          ],
          [
            8.245937302708626,
            49.85753626562655
          ],
          [
            8.24602983891964,
            49.85767741687596
          ],
          [
            8.246113741770387,
            49.857803313061595
          ],
          [
            8.246196722611785,
            49.85796734690666
          ],
          [
            8.246137630194426,
            49.8581466358155
          ],
          [
            8.246078453958035,
            49.858299270272255
          ],
          [
            8.246011734008789,
            49.85845182090998
          ],
          [
            8.245953563600779,
            49.8586043715477
          ],
          [
            8.245862955227494,
            49.858753150328994
          ],
          [
            8.245933530852199,
            49.85888290219009
          ],
          [
            8.245995556935668,
            49.859027825295925
          ],
          [
            8.245964040979743,
            49.85920334234834
          ],
          [
            8.245942080393434,
            49.85934063792229
          ],
          [
            8.245915425941348,
            49.85950089991093
          ],
          [
            8.24589254334569,
            49.85964582301676
          ],
          [
            8.245902098715305,
            49.859798373654485
          ],
          [
            8.246034616604447,
            49.85992426984012
          ],
          [
            8.246193872764707,
            49.86005402170122
          ],
          [
            8.24618817307055,
            49.860195172950625
          ],
          [
            8.246021289378405,
            49.8602828476578
          ],
          [
            8.245836216956377,
            49.86039734445512
          ],
          [
            8.245667489245534,
            49.86049264669418
          ],
          [
            8.2454948220402,
            49.86060328781605
          ],
          [
            8.24531938880682,
            49.8607025295496
          ],
          [
            8.245075223967433,
            49.86073303967714
          ],
          [
            8.244827287271619,
            49.86071778461337
          ],
          [
            8.244617488235235,
            49.86069867387414
          ],
          [
            8.244402911514044,
            49.86067579127848
          ],
          [
            8.244180707260966,
            49.86065668053925
          ],
          [
            8.243970908224583,
            49.86064142547548
          ],
          [
            8.243729593232274,
            49.86061854287982
          ],
          [
            8.24345969595015,
            49.860591888427734
          ],
          [
            8.243237491697073,
            49.8605727776885
          ],
          [
            8.243004810065031,
            49.860549895092845
          ],
          [
            8.24277020059526,
            49.860530868172646
          ],
          [
            8.242543218657374,
            49.860507901757956
          ],
          [
            8.242318164557219,
            49.860488874837756
          ],
          [
            8.242089254781604,
            49.8604659922421
          ],
          [
            8.241860345005989,
            49.860450737178326
          ],
          [
            8.24162288568914,
            49.86042785458267
          ],
          [
            8.241394981741905,
            49.86040111631155
          ],
          [
            8.241179483011365,
            49.860374461859465
          ],
          [
            8.240971527993679,
            49.86035535112023
          ],
          [
            8.24075410142541,
            49.860328612849116
          ],
          [
            8.240542374551296,
            49.86030195839703
          ],
          [
            8.240312542766333,
            49.8602828476578
          ],
          [
            8.240090338513255,
            49.86026759259403
          ],
          [
            8.239819519221783,
            49.86024856567383
          ],
          [
            8.239597314968705,
            49.860233310610056
          ],
          [
            8.239374188706279,
            49.8602104280144
          ],
          [
            8.239160533994436,
            49.86019131727517
          ],
          [
            8.238913519307971,
            49.86015695147216
          ],
          [
            8.238719897344708,
            49.86024856567383
          ],
          [
            8.238660804927349,
            49.86038208939135
          ],
          [
            8.238594084978104,
            49.86053464002907
          ],
          [
            8.238529209047556,
            49.8607025295496
          ],
          [
            8.238451927900314,
            49.860866563394666
          ],
          [
            8.238396607339382,
            49.86103059723973
          ],
          [
            8.238359475508332,
            49.861213658005
          ],
          [
            8.238311782479286,
            49.86139294691384
          ],
          [
            8.238267861306667,
            49.861560836434364
          ],
          [
            8.238224945962429,
            49.861713387072086
          ],
          [
            8.238189658150077,
            49.861854538321495
          ],
          [
            8.238142970949411,
            49.862010944634676
          ],
          [
            8.23810575529933,
            49.862171122804284
          ],
          [
            8.238111454993486,
            49.862331384792924
          ],
          [
            8.238063845783472,
            49.86247630789876
          ],
          [
            8.238010369241238,
            49.862628942355514
          ],
          [
            8.23794649913907,
            49.862785348668694
          ],
          [
            8.237852118909359,
            49.86294938251376
          ],
          [
            8.237700490280986,
            49.86308667808771
          ],
          [
            8.237515417858958,
            49.863197319209576
          ],
          [
            8.237312324345112,
            49.86328884959221
          ],
          [
            8.237123480066657,
            49.863372752442956
          ],
          [
            8.236914603039622,
            49.86346813850105
          ],
          [
            8.236699104309082,
            49.86354826949537
          ],
          [
            8.236462567001581,
            49.863613145425916
          ],
          [
            8.236254695802927,
            49.86367793753743
          ],
          [
            8.23604866862297,
            49.86374658532441
          ],
          [
            8.235859908163548,
            49.86382671631873
          ],
          [
            8.235651953145862,
            49.86392210237682
          ],
          [
            8.23543838225305,
            49.864009860903025
          ],
          [
            8.23524090461433,
            49.864109018817544
          ],
          [
            8.23504351079464,
            49.86419677734375
          ],
          [
            8.234836561605334,
            49.864284452050924
          ],
          [
            8.234623912721872,
            49.86437606625259
          ],
          [
            8.234402630478144,
            49.86446759663522
          ],
          [
            8.234186209738255,
            49.86457438208163
          ],
          [
            8.233983032405376,
            49.864662140607834
          ],
          [
            8.233773233368993,
            49.86475367099047
          ],
          [
            8.233554800972342,
            49.86484905704856
          ],
          [
            8.23334407992661,
            49.86494444310665
          ],
          [
            8.233130425214767,
            49.865035973489285
          ],
          [
            8.232915848493576,
            49.86512750387192
          ],
          [
            8.232704121619463,
            49.86522288993001
          ],
          [
            8.232500106096268,
            49.86531442031264
          ],
          [
            8.232284523546696,
            49.865409806370735
          ],
          [
            8.23208143003285,
            49.8655014205724
          ],
          [
            8.23188403621316,
            49.86558532342315
          ],
          [
            8.23168178088963,
            49.86567308194935
          ],
          [
            8.231470137834549,
            49.865768384188414
          ],
          [
            8.231254555284977,
            49.865867625921965
          ],
          [
            8.231046684086323,
            49.8659591563046
          ],
          [
            8.23083403520286,
            49.866046914830804
          ],
          [
            8.230618452653289,
            49.86614607274532
          ],
          [
            8.230401026085019,
            49.866241458803415
          ],
          [
            8.230192149057984,
            49.86632913351059
          ],
          [
            8.230008082464337,
            49.86641312018037
          ],
          [
            8.229816472157836,
            49.866497023031116
          ],
          [
            8.229613294824958,
            49.86659240908921
          ],
          [
            8.22939201258123,
            49.86668771132827
          ],
          [
            8.229187997058034,
            49.866775469854474
          ],
          [
            8.229001080617309,
            49.866855600848794
          ],
          [
            8.228811230510473,
            49.86693950369954
          ],
          [
            8.22862146422267,
            49.867031034082174
          ],
          [
            8.22846220806241,
            49.86712264828384
          ],
          [
            8.228270513936877,
            49.86721803434193
          ],
          [
            8.228055937215686,
            49.86731333658099
          ],
          [
            8.22785091586411,
            49.86739732325077
          ],
          [
            8.227648744359612,
            49.867484997957945
          ],
          [
            8.227457972243428,
            49.86741635017097
          ],
          [
            8.227449422702193,
            49.86727905459702
          ],
          [
            8.227452272549272,
            49.86710739322007
          ],
          [
            8.227439867332578,
            49.866931876167655
          ],
          [
            8.227438945323229,
            49.86678695306182
          ],
          [
            8.227363592013717,
            49.866638174280524
          ],
          [
            8.227214813232422,
            49.86654278822243
          ],
          [
            8.227032674476504,
            49.86644740216434
          ],
          [
            8.22680284269154,
            49.86637498252094
          ],
          [
            8.226556750014424,
            49.86634824424982
          ],
          [
            8.22632691822946,
            49.8663215059787
          ],
          [
            8.226105719804764,
            49.86628722399473
          ],
          [
            8.226077053695917,
            49.866142217069864
          ],
          [
            8.22611041367054,
            49.8659781832248
          ],
          [
            8.225912097841501,
            49.86589428037405
          ],
          [
            8.225693665444851,
            49.86585999839008
          ],
          [
            8.225453356280923,
            49.86581800505519
          ],
          [
            8.225212125107646,
            49.86577223986387
          ],
          [
            8.224969888105989,
            49.86571884714067
          ],
          [
            8.224727651104331,
            49.865669226273894
          ],
          [
            8.224484408274293,
            49.86561197787523
          ],
          [
            8.224240327253938,
            49.86554333008826
          ],
          [
            8.224010495468974,
            49.86547845415771
          ],
          [
            8.2237777300179,
            49.865413662046194
          ],
          [
            8.223548904061317,
            49.86534501425922
          ],
          [
            8.223333321511745,
            49.86528776586056
          ],
          [
            8.223101645708084,
            49.86523814499378
          ],
          [
            8.222855553030968,
            49.86518860794604
          ],
          [
            8.222618093714118,
            49.865116104483604
          ],
          [
            8.222393039613962,
            49.865035973489285
          ],
          [
            8.222169913351536,
            49.864955842494965
          ],
          [
            8.221946703270078,
            49.864875795319676
          ],
          [
            8.22170832194388,
            49.86480329185724
          ],
          [
            8.221431719139218,
            49.86476515419781
          ],
          [
            8.22115520015359,
            49.864780409261584
          ],
          [
            8.22091480717063,
            49.864822402596474
          ],
          [
            8.220713641494513,
            49.86492156051099
          ],
          [
            8.22055907920003,
            49.86505885608494
          ],
          [
            8.220418011769652,
            49.86520000733435
          ],
          [
            8.220286332070827,
            49.86532975919545
          ],
          [
            8.2201461866498,
            49.86546319909394
          ],
          [
            8.219999335706234,
            49.86560057848692
          ],
          [
            8.21984670124948,
            49.86575312912464
          ],
          [
            8.219692222774029,
            49.86589813604951
          ],
          [
            8.219536738470197,
            49.866043059155345
          ],
          [
            8.219376560300589,
            49.866184210404754
          ],
          [
            8.219224931672215,
            49.86632536165416
          ],
          [
            8.21907707490027,
            49.86644363030791
          ],
          [
            8.218920668587089,
            49.86657329834998
          ],
          [
            8.218757640570402,
            49.866695422679186
          ],
          [
            8.218567874282598,
            49.866790724918246
          ],
          [
            8.218350447714329,
            49.866851745173335
          ],
          [
            8.21810720488429,
            49.86687848344445
          ],
          [
            8.217863040044904,
            49.86685937270522
          ],
          [
            8.217640835791826,
            49.866775469854474
          ],
          [
            8.217451069504023,
            49.86666868440807
          ],
          [
            8.217325173318386,
            49.866516049951315
          ],
          [
            8.217231715098023,
            49.86637498252094
          ],
          [
            8.217135407030582,
            49.8662490863353
          ],
          [
            8.217005738988519,
            49.86613081768155
          ],
          [
            8.216815972700715,
            49.866043059155345
          ],
          [
            8.216600390151143,
            49.8659781832248
          ],
          [
            8.216385813429952,
            49.86592864617705
          ],
          [
            8.216161765158176,
            49.86588288098574
          ],
          [
            8.21593763306737,
            49.86583326011896
          ],
          [
            8.215726828202605,
            49.86579126678407
          ],
          [
            8.215493224561214,
            49.86574172973633
          ],
          [
            8.215248137712479,
            49.86569596454501
          ],
          [
            8.214989639818668,
            49.86564248800278
          ],
          [
            8.214756036177278,
            49.865589095279574
          ],
          [
            8.21455193683505,
            49.86551667563617
          ],
          [
            8.214342137798667,
            49.86544031649828
          ],
          [
            8.214120855554938,
            49.86536026932299
          ],
          [
            8.21390057913959,
            49.86527628265321
          ],
          [
            8.213678374886513,
            49.865196235477924
          ],
          [
            8.213452314957976,
            49.865112248808146
          ],
          [
            8.21322726085782,
            49.86502457410097
          ],
          [
            8.212994579225779,
            49.86494058743119
          ],
          [
            8.212745636701584,
            49.86484905704856
          ],
          [
            8.212505327537656,
            49.864757526665926
          ],
          [
            8.212290750816464,
            49.864662140607834
          ],
          [
            8.212097128853202,
            49.864559127017856
          ],
          [
            8.211898813024163,
            49.86445611342788
          ],
          [
            8.21170904673636,
            49.86435318365693
          ],
          [
            8.211531601846218,
            49.864246314391494
          ],
          [
            8.211380979046226,
            49.864124273881316
          ],
          [
            8.211241755634546,
            49.86399460583925
          ],
          [
            8.2110938988626,
            49.86386485397816
          ],
          [
            8.210950819775462,
            49.86374658532441
          ],
          [
            8.21079634130001,
            49.86364742740989
          ],
          [
            8.210610346868634,
            49.86354826949537
          ],
          [
            8.210413958877325,
            49.86344911158085
          ],
          [
            8.210220336914062,
            49.863357497379184
          ],
          [
            8.210034342482686,
            49.863258339464664
          ],
          [
            8.209857903420925,
            49.8631476983428
          ],
          [
            8.209689175710082,
            49.86304854042828
          ],
          [
            8.209518436342478,
            49.86294938251376
          ],
          [
            8.209349624812603,
            49.86284636892378
          ],
          [
            8.209171257913113,
            49.862743355333805
          ],
          [
            8.208973864093423,
            49.8626555968076
          ],
          [
            8.208770770579576,
            49.86259080469608
          ],
          [
            8.208560971543193,
            49.862544955685735
          ],
          [
            8.208333989605308,
            49.86255643889308
          ],
          [
            8.208092674612999,
            49.86257932148874
          ],
          [
            8.207859992980957,
            49.862606059759855
          ],
          [
            8.207662599161267,
            49.86265182495117
          ],
          [
            8.207501415163279,
            49.86280060373247
          ],
          [
            8.207361185923219,
            49.8629264999181
          ],
          [
            8.207168569788337,
            49.863040912896395
          ],
          [
            8.206903450191021,
            49.86310956068337
          ],
          [
            8.206625003367662,
            49.863117188215256
          ],
          [
            8.206355106085539,
            49.86311341635883
          ],
          [
            8.20609568618238,
            49.86313244327903
          ],
          [
            8.205837272107601,
            49.8631820641458
          ],
          [
            8.205588329583406,
            49.86323922872543
          ],
          [
            8.205361347645521,
            49.86329270526767
          ],
          [
            8.205130593851209,
            49.863338470458984
          ],
          [
            8.20488735102117,
            49.86332698725164
          ],
          [
            8.204662296921015,
            49.863296477124095
          ],
          [
            8.204403882846236,
            49.86326219514012
          ],
          [
            8.204182600602508,
            49.863235456869006
          ],
          [
            8.20394036360085,
            49.86320494674146
          ],
          [
            8.203695276752114,
            49.86317443661392
          ],
          [
            8.203488327562809,
            49.8631476983428
          ],
          [
            8.203242318704724,
            49.863121043890715
          ],
          [
            8.203034363687038,
            49.86309053376317
          ],
          [
            8.202788354828954,
            49.863059939816594
          ],
          [
            8.202552823349833,
            49.86303328536451
          ],
          [
            8.202317208051682,
            49.86300654709339
          ],
          [
            8.202096009626985,
            49.863018030300736
          ],
          [
            8.201852766796947,
            49.86301040276885
          ],
          [
            8.20160767994821,
            49.86295701004565
          ],
          [
            8.201407436281443,
            49.86291501671076
          ],
          [
            8.201201409101486,
            49.86287687905133
          ],
          [
            8.200992615893483,
            49.86283111386001
          ],
          [
            8.200770411640406,
            49.86278912052512
          ],
          [
            8.200550051406026,
            49.862747211009264
          ],
          [
            8.200324075296521,
            49.86269759014249
          ],
          [
            8.200093237683177,
            49.8626555968076
          ],
          [
            8.1998710334301,
            49.86260983161628
          ],
          [
            8.199657462537289,
            49.86256783828139
          ],
          [
            8.199439030140638,
            49.862522073090076
          ],
          [
            8.199226381257176,
            49.86248016357422
          ],
          [
            8.199018510058522,
            49.8624343983829
          ],
          [
            8.198895463719964,
            49.862548811361194
          ],
          [
            8.198832515627146,
            49.862724244594574
          ],
          [
            8.198761017993093,
            49.86290353350341
          ],
          [
            8.198688514530659,
            49.86308282241225
          ],
          [
            8.198611233383417,
            49.86328507773578
          ],
          [
            8.198556918650866,
            49.86342614516616
          ],
          [
            8.198501598089933,
            49.86357877962291
          ],
          [
            8.198446277529001,
            49.863731330260634
          ],
          [
            8.198390956968069,
            49.86388396471739
          ],
          [
            8.198332786560059,
            49.86405562609434
          ],
          [
            8.198279393836856,
            49.86421203240752
          ],
          [
            8.198218373581767,
            49.864379838109016
          ],
          [
            8.198160203173757,
            49.86454387195408
          ],
          [
            8.198104882612824,
            49.86469650641084
          ],
          [
            8.198048556223512,
            49.86484905704856
          ],
          [
            8.19799616932869,
            49.86500169150531
          ],
          [
            8.197940848767757,
            49.865154242143035
          ],
          [
            8.197885528206825,
            49.86530679278076
          ],
          [
            8.197829201817513,
            49.86545942723751
          ],
          [
            8.197773965075612,
            49.86560435034335
          ],
          [
            8.197722416371107,
            49.865745501592755
          ],
          [
            8.197672879323363,
            49.86588288098574
          ],
          [
            8.197627030313015,
            49.86601640470326
          ],
          [
            8.197555532678962,
            49.86620709300041
          ],
          [
            8.197484035044909,
            49.86639023758471
          ],
          [
            8.19742301478982,
            49.86656567081809
          ],
          [
            8.197358138859272,
            49.866733560338616
          ],
          [
            8.197290413081646,
            49.866908993572
          ],
          [
            8.197228386998177,
            49.86708451062441
          ],
          [
            8.197174994274974,
            49.8672332894057
          ],
          [
            8.197118751704693,
            49.86739346757531
          ],
          [
            8.19706728681922,
            49.86753839068115
          ],
          [
            8.19690895266831,
            49.867645259946585
          ],
          [
            8.196725808084011,
            49.86771390773356
          ],
          [
            8.196526486426592,
            49.86779781058431
          ],
          [
            8.196309059858322,
            49.867881713435054
          ],
          [
            8.196085933595896,
            49.867977099493146
          ],
          [
            8.195866579189897,
            49.86806485801935
          ],
          [
            8.195688212290406,
            49.868156388401985
          ],
          [
            8.195538511499763,
            49.86828228458762
          ],
          [
            8.195384033024311,
            49.868415808305144
          ],
          [
            8.195226704701781,
            49.86854933202267
          ],
          [
            8.195112207904458,
            49.86868662759662
          ],
          [
            8.195055965334177,
            49.868827778846025
          ],
          [
            8.195284875109792,
            49.868865916505456
          ],
          [
            8.195548988878727,
            49.86890028230846
          ],
          [
            8.195759793743491,
            49.868949903175235
          ],
          [
            8.195982920005918,
            49.868984185159206
          ],
          [
            8.196228006854653,
            49.86901855096221
          ],
          [
            8.196467394009233,
            49.869049061089754
          ],
          [
            8.196714408695698,
            49.8690795712173
          ],
          [
            8.196949940174818,
            49.86911008134484
          ],
          [
            8.197173150256276,
            49.86914059147239
          ],
          [
            8.19738102145493,
            49.869167329743505
          ],
          [
            8.197630885988474,
            49.869201611727476
          ],
          [
            8.19787211716175,
            49.86922834999859
          ],
          [
            8.198098177090287,
            49.869262631982565
          ],
          [
            8.198324237018824,
            49.86928937025368
          ],
          [
            8.198543507605791,
            49.869323736056685
          ],
          [
            8.198676109313965,
            49.86945340409875
          ],
          [
            8.198628416284919,
            49.86959455534816
          ],
          [
            8.198581729084253,
            49.86973185092211
          ],
          [
            8.198534958064556,
            49.869876857846975
          ],
          [
            8.198483493179083,
            49.8700294084847
          ],
          [
            8.19842817261815,
            49.87019729800522
          ],
          [
            8.198385257273912,
            49.870330821722746
          ],
          [
            8.198335636407137,
            49.870471972972155
          ],
          [
            8.19828794337809,
            49.87061689607799
          ],
          [
            8.198245028033853,
            49.870761819183826
          ],
          [
            8.198200184851885,
            49.870902970433235
          ],
          [
            8.19815349765122,
            49.871044121682644
          ],
          [
            8.198105804622173,
            49.87118527293205
          ],
          [
            8.198056183755398,
            49.87133405171335
          ],
          [
            8.19801427423954,
            49.871475202962756
          ],
          [
            8.197969431057572,
            49.871616354212165
          ],
          [
            8.197924587875605,
            49.871753649786115
          ],
          [
            8.197883600369096,
            49.871891029179096
          ],
          [
            8.197781592607498,
            49.872032180428505
          ],
          [
            8.197665251791477,
            49.87215799279511
          ],
          [
            8.197545055299997,
            49.872283888980746
          ],
          [
            8.197424858808517,
            49.87241364084184
          ],
          [
            8.19730089046061,
            49.87255093641579
          ],
          [
            8.197171222418547,
            49.872680604457855
          ],
          [
            8.197044404223561,
            49.87281798385084
          ],
          [
            8.196902247145772,
            49.87296290695667
          ],
          [
            8.196799233555794,
            49.87308503128588
          ],
          [
            8.196681970730424,
            49.87320707179606
          ],
          [
            8.196557080373168,
            49.87334436737001
          ],
          [
            8.196437805891037,
            49.87348937429488
          ],
          [
            8.196352981030941,
            49.8736419249326
          ],
          [
            8.1962756998837,
            49.87379455938935
          ],
          [
            8.196197496727109,
            49.873950965702534
          ],
          [
            8.196110744029284,
            49.874107372015715
          ],
          [
            8.196024913340807,
            49.87425992265344
          ],
          [
            8.195940926671028,
            49.87441632896662
          ],
          [
            8.19585987366736,
            49.8745727352798
          ],
          [
            8.19577882066369,
            49.87472151406109
          ],
          [
            8.195707323029637,
            49.87485880963504
          ],
          [
            8.195635825395584,
            49.874996189028025
          ],
          [
            8.195556616410613,
            49.87514111213386
          ],
          [
            8.195479419082403,
            49.875289890915155
          ],
          [
            8.195437425747514,
            49.87545778043568
          ],
          [
            8.195416470989585,
            49.875629441812634
          ],
          [
            8.195394510403275,
            49.875804875046015
          ],
          [
            8.195371627807617,
            49.87597653642297
          ],
          [
            8.195350673049688,
            49.87615582533181
          ],
          [
            8.195323934778571,
            49.876335114240646
          ],
          [
            8.195301052182913,
            49.876514403149486
          ],
          [
            8.195274313911796,
            49.87668229267001
          ],
          [
            8.195251431316137,
            49.87684632651508
          ],
          [
            8.19522762671113,
            49.87701798789203
          ],
          [
            8.19520566612482,
            49.877189649268985
          ],
          [
            8.195180855691433,
            49.87735745497048
          ],
          [
            8.195157051086426,
            49.87751386128366
          ],
          [
            8.195157051086426,
            49.87767026759684
          ],
          [
            8.19516560062766,
            49.877838073298335
          ],
          [
            8.195172306150198,
            49.877998335286975
          ],
          [
            8.195178005844355,
            49.878177624195814
          ],
          [
            8.195183789357543,
            49.87835691310465
          ],
          [
            8.195191416889429,
            49.87854005768895
          ],
          [
            8.195200888440013,
            49.87872311845422
          ],
          [
            8.195208515971899,
            49.878906263038516
          ],
          [
            8.195213293656707,
            49.879085551947355
          ],
          [
            8.195213293656707,
            49.87925335764885
          ],
          [
            8.1952256988734,
            49.87941739149392
          ],
          [
            8.19522955454886,
            49.87958142533898
          ],
          [
            8.195248581469059,
            49.879737831652164
          ],
          [
            8.195268614217639,
            49.87990563735366
          ],
          [
            8.195297196507454,
            49.88008501008153
          ],
          [
            8.195323012769222,
            49.880252815783024
          ],
          [
            8.195348745211959,
            49.88042447715998
          ],
          [
            8.195367772132158,
            49.88059613853693
          ],
          [
            8.19538495503366,
            49.88075631670654
          ],
          [
            8.19540599361062,
            49.88091657869518
          ],
          [
            8.195427870377898,
            49.88106535747647
          ],
          [
            8.195452680811286,
            49.881237018853426
          ],
          [
            8.195353522896767,
            49.88138956949115
          ],
          [
            8.195237182080746,
            49.88152694888413
          ],
          [
            8.195270542055368,
            49.881694754585624
          ],
          [
            8.195294346660376,
            49.88183590583503
          ],
          [
            8.195312535390258,
            49.88197705708444
          ],
          [
            8.195333490148187,
            49.882125835865736
          ],
          [
            8.195361150428653,
            49.8822898697108
          ],
          [
            8.19538596086204,
            49.88245390355587
          ],
          [
            8.195407837629318,
            49.88261793740094
          ],
          [
            8.195427870377898,
            49.88278574310243
          ],
          [
            8.195448908954859,
            49.8829497769475
          ],
          [
            8.195466008037329,
            49.883094783872366
          ],
          [
            8.195488890632987,
            49.88326644524932
          ],
          [
            8.195556616410613,
            49.8834228515625
          ],
          [
            8.195562399923801,
            49.88359828479588
          ],
          [
            8.1955452170223,
            49.883747063577175
          ],
          [
            8.19552417844534,
            49.88389207050204
          ],
          [
            8.195508923381567,
            49.884044621139765
          ],
          [
            8.195489896461368,
            49.88419717177749
          ],
          [
            8.195473635569215,
            49.88435743376613
          ],
          [
            8.195451758801937,
            49.884521467611194
          ],
          [
            8.195428876206279,
            49.88470075652003
          ],
          [
            8.195410687476397,
            49.88488767296076
          ],
          [
            8.195392582565546,
            49.88507844507694
          ],
          [
            8.195377327501774,
            49.885250106453896
          ],
          [
            8.195360144600272,
            49.88540651276708
          ],
          [
            8.195341117680073,
            49.88555143587291
          ],
          [
            8.195316307246685,
            49.88571161404252
          ],
          [
            8.195096952840686,
            49.885803228244185
          ],
          [
            8.194857565686107,
            49.8857956007123
          ],
          [
            8.194602923467755,
            49.885860392823815
          ],
          [
            8.19441894069314,
            49.8859977722168
          ],
          [
            8.194226240739226,
            49.88612744025886
          ],
          [
            8.194032702594995,
            49.8862533364445
          ],
          [
            8.193816198036075,
            49.88639063201845
          ],
          [
            8.193610170856118,
            49.88652038387954
          ],
          [
            8.193416632711887,
            49.88664242438972
          ],
          [
            8.193220160901546,
            49.88676832057536
          ],
          [
            8.193030394613743,
            49.88688658922911
          ],
          [
            8.192842472344637,
            49.88700485788286
          ],
          [
            8.192663183435798,
            49.88711164332926
          ],
          [
            8.192543992772698,
            49.88722991198301
          ],
          [
            8.19252111017704,
            49.88737106323242
          ],
          [
            8.192525887861848,
            49.887523613870144
          ],
          [
            8.192529659718275,
            49.88769150339067
          ],
          [
            8.192537287250161,
            49.88786316476762
          ],
          [
            8.192538293078542,
            49.888038598001
          ],
          [
            8.192543992772698,
            49.8882217425853
          ],
          [
            8.192542064934969,
            49.88840103149414
          ],
          [
            8.192545920610428,
            49.88858409225941
          ],
          [
            8.192549692466855,
            49.88875960931182
          ],
          [
            8.192551620304585,
            49.88893127068877
          ],
          [
            8.192554470151663,
            49.889099076390266
          ],
          [
            8.192554470151663,
            49.88925171084702
          ],
          [
            8.192556397989392,
            49.8894081171602
          ],
          [
            8.192554470151663,
            49.889556895941496
          ],
          [
            8.192574502900243,
            49.889698047190905
          ],
          [
            8.192709954455495,
            49.88980483263731
          ],
          [
            8.192847250029445,
            49.889911618083715
          ],
          [
            8.192946407943964,
            49.89004136994481
          ],
          [
            8.19305227138102,
            49.89018243737519
          ],
          [
            8.193147657439113,
            49.8903235886246
          ],
          [
            8.193201050162315,
            49.89047622308135
          ],
          [
            8.193246815353632,
            49.890644028782845
          ],
          [
            8.193288808688521,
            49.890804290771484
          ],
          [
            8.1933278683573,
            49.89096446894109
          ],
          [
            8.193360306322575,
            49.89111324772239
          ],
          [
            8.193392744287848,
            49.89126588217914
          ],
          [
            8.193427110090852,
            49.891414660960436
          ],
          [
            8.193456614390016,
            49.8915633559227
          ],
          [
            8.19349005818367,
            49.891712134703994
          ],
          [
            8.193516712635756,
            49.8918532859534
          ],
          [
            8.193552000448108,
            49.89199829287827
          ],
          [
            8.193582510575652,
            49.89217372611165
          ],
          [
            8.193561555817723,
            49.892341615632176
          ],
          [
            8.193537667393684,
            49.892478911206126
          ],
          [
            8.193511012941599,
            49.89263531751931
          ],
          [
            8.193479496985674,
            49.892799351364374
          ],
          [
            8.193454770371318,
            49.892955757677555
          ],
          [
            8.193427110090852,
            49.89310830831528
          ],
          [
            8.193399449810386,
            49.89326094277203
          ],
          [
            8.19337178952992,
            49.89341734908521
          ],
          [
            8.193343123421073,
            49.893569899722934
          ],
          [
            8.19331361912191,
            49.893730161711574
          ],
          [
            8.193283108994365,
            49.89389419555664
          ],
          [
            8.19325159303844,
            49.89404674619436
          ],
          [
            8.193223932757974,
            49.89418789744377
          ],
          [
            8.193197278305888,
            49.89432904869318
          ],
          [
            8.19333172403276,
            49.894439689815044
          ],
          [
            8.193580582737923,
            49.8944282066077
          ],
          [
            8.19384478032589,
            49.89441295154393
          ],
          [
            8.194116605445743,
            49.89440532401204
          ],
          [
            8.194392202422023,
            49.89439392462373
          ],
          [
            8.194602001458406,
            49.89439006894827
          ],
          [
            8.194814650341868,
            49.894378669559956
          ],
          [
            8.195084547623992,
            49.89436718635261
          ],
          [
            8.195341117680073,
            49.894359558820724
          ],
          [
            8.195548066869378,
            49.894397696480155
          ],
          [
            8.195635825395584,
            49.89456173032522
          ],
          [
            8.195694917812943,
            49.8947181366384
          ],
          [
            8.19576071575284,
            49.89487839862704
          ],
          [
            8.195829363539815,
            49.89504243247211
          ],
          [
            8.19589993916452,
            49.89520646631718
          ],
          [
            8.195953331887722,
            49.89533990621567
          ],
          [
            8.196012508124113,
            49.89547342993319
          ],
          [
            8.196068750694394,
            49.89560695365071
          ],
          [
            8.196127926930785,
            49.895740477368236
          ],
          [
            8.196187019348145,
            49.89587785676122
          ],
          [
            8.196242339909077,
            49.89602277986705
          ],
          [
            8.19629481062293,
            49.896160075441
          ],
          [
            8.196343425661325,
            49.896297454833984
          ],
          [
            8.19639396853745,
            49.896434750407934
          ],
          [
            8.196434956043959,
            49.89657590165734
          ],
          [
            8.196477871388197,
            49.89672468043864
          ],
          [
            8.196518858894706,
            49.89687345921993
          ],
          [
            8.196553224697709,
            49.89702986553311
          ],
          [
            8.196598067879677,
            49.89717478863895
          ],
          [
            8.196633355692029,
            49.89733119495213
          ],
          [
            8.196665793657303,
            49.897476201877
          ],
          [
            8.196705775335431,
            49.89761349745095
          ],
          [
            8.196745840832591,
            49.897781386971474
          ],
          [
            8.196798311546445,
            49.89796067588031
          ],
          [
            8.196852710098028,
            49.89812470972538
          ],
          [
            8.196874586865306,
            49.89828488789499
          ],
          [
            8.196915658190846,
            49.898445066064596
          ],
          [
            8.196944240480661,
            49.89859770052135
          ],
          [
            8.197006182745099,
            49.89875787869096
          ],
          [
            8.197049098089337,
            49.89889525808394
          ],
          [
            8.19708539173007,
            49.899063063785434
          ],
          [
            8.197121601551771,
            49.89920421503484
          ],
          [
            8.197152111679316,
            49.89935299381614
          ],
          [
            8.197187399491668,
            49.89950562827289
          ],
          [
            8.197225537151098,
            49.899654407054186
          ],
          [
            8.197259902954102,
            49.89980695769191
          ],
          [
            8.19730089046061,
            49.8999557364732
          ],
          [
            8.197336178272963,
            49.9001045152545
          ],
          [
            8.19738102145493,
            49.90027994848788
          ],
          [
            8.197432486340404,
            49.90044021047652
          ],
          [
            8.1974792573601,
            49.90059276111424
          ],
          [
            8.197525022551417,
            49.90075679495931
          ],
          [
            8.197608925402164,
            49.90092845633626
          ],
          [
            8.19766047410667,
            49.90106960758567
          ],
          [
            8.197728116065264,
            49.901214614510536
          ],
          [
            8.197808247059584,
            49.90135568194091
          ],
          [
            8.197888378053904,
            49.90148157812655
          ],
          [
            8.197949398308992,
            49.90164184011519
          ],
          [
            8.197787292301655,
            49.90176010876894
          ],
          [
            8.197553604841232,
            49.90180587396026
          ],
          [
            8.197334250435233,
            49.901847783476114
          ],
          [
            8.197101568803191,
            49.901889776811004
          ],
          [
            8.196883220225573,
            49.901927914470434
          ],
          [
            8.196721114218235,
            49.90205766633153
          ],
          [
            8.196782134473324,
            49.902202589437366
          ],
          [
            8.196913730353117,
            49.902339885011315
          ],
          [
            8.197038620710373,
            49.902481036260724
          ],
          [
            8.197176000103354,
            49.902637442573905
          ],
          [
            8.197316145524383,
            49.902797704562545
          ],
          [
            8.197436342015862,
            49.902954110875726
          ],
          [
            8.197565088048577,
            49.903095262125134
          ],
          [
            8.197690984234214,
            49.903232557699084
          ],
          [
            8.197813024744391,
            49.90337370894849
          ],
          [
            8.197924587875605,
            49.903507232666016
          ],
          [
            8.198026679456234,
            49.90363312885165
          ],
          [
            8.198142014443874,
            49.90377428010106
          ],
          [
            8.198217367753386,
            49.90393060259521
          ],
          [
            8.198295570909977,
            49.90409086458385
          ],
          [
            8.198372852057219,
            49.9042281601578
          ],
          [
            8.198450049385428,
            49.904376938939095
          ],
          [
            8.198530180379748,
            49.90452957339585
          ],
          [
            8.198598828166723,
            49.90467072464526
          ],
          [
            8.198693292215466,
            49.90480802021921
          ],
          [
            8.198769567534328,
            49.9049567990005
          ],
          [
            8.198822038248181,
            49.90509409457445
          ],
          [
            8.198908790946007,
            49.90526198409498
          ],
          [
            8.198991771787405,
            49.90539165213704
          ],
          [
            8.199071902781725,
            49.90552140399814
          ],
          [
            8.199135772883892,
            49.905658699572086
          ],
          [
            8.199232080951333,
            49.90581510588527
          ],
          [
            8.199254041537642,
            49.90595240145922
          ],
          [
            8.199146250262856,
            49.906116435304284
          ],
          [
            8.199045164510608,
            49.90624618716538
          ],
          [
            8.198965033516288,
            49.90638733841479
          ],
          [
            8.198884986341,
            49.90653611719608
          ],
          [
            8.198797227814794,
            49.906669557094574
          ],
          [
            8.198703769594431,
            49.90679930895567
          ],
          [
            8.198613161221147,
            49.90693660452962
          ],
          [
            8.1985292583704,
            49.9070739839226
          ],
          [
            8.19842817261815,
            49.90721513517201
          ],
          [
            8.198503525927663,
            49.90735243074596
          ],
          [
            8.198709469288588,
            49.90744781680405
          ],
          [
            8.198615089058876,
            49.90757371298969
          ],
          [
            8.198365224525332,
            49.90756985731423
          ],
          [
            8.19825173355639,
            49.907714780420065
          ],
          [
            8.198247877880931,
            49.90787881426513
          ],
          [
            8.19827076047659,
            49.908050475642085
          ],
          [
            8.198286015540361,
            49.90818785503507
          ],
          [
            8.198275538161397,
            49.908367143943906
          ],
          [
            8.198248883709311,
            49.908546432852745
          ],
          [
            8.198226001113653,
            49.908702839165926
          ],
          [
            8.198230778798461,
            49.90884776227176
          ],
          [
            8.19825366139412,
            49.909023279324174
          ],
          [
            8.198278388008475,
            49.90916443057358
          ],
          [
            8.198312753811479,
            49.90934371948242
          ],
          [
            8.19835189729929,
            49.90952300839126
          ],
          [
            8.198381401598454,
            49.909694669768214
          ],
          [
            8.19842716678977,
            49.90985870361328
          ],
          [
            8.198534958064556,
            49.91002273745835
          ],
          [
            8.198638893663883,
            49.9101410061121
          ],
          [
            8.198777195066214,
            49.91025541909039
          ],
          [
            8.198945000767708,
            49.9103965703398
          ],
          [
            8.199046170338988,
            49.910541493445635
          ],
          [
            8.199068047106266,
            49.91071315482259
          ],
          [
            8.19906234741211,
            49.91089244373143
          ],
          [
            8.199050864204764,
            49.91105270572007
          ],
          [
            8.198944078758359,
            49.91120148450136
          ],
          [
            8.198785744607449,
            49.91129678674042
          ],
          [
            8.198614083230495,
            49.911392172798514
          ],
          [
            8.198446277529001,
            49.91148370318115
          ],
          [
            8.198278388008475,
            49.91159434430301
          ],
          [
            8.198137320578098,
            49.91173935122788
          ],
          [
            8.19807244464755,
            49.911926267668605
          ],
          [
            8.198061967268586,
            49.912063563242555
          ],
          [
            8.19809339940548,
            49.91220471449196
          ],
          [
            8.198195490986109,
            49.91238785907626
          ],
          [
            8.19834896363318,
            49.912555664777756
          ],
          [
            8.198542585596442,
            49.91268918849528
          ],
          [
            8.198739979416132,
            49.91279220208526
          ],
          [
            8.198907868936658,
            49.912891359999776
          ],
          [
            8.199056647717953,
            49.912990517914295
          ],
          [
            8.199192015454173,
            49.913108786568046
          ],
          [
            8.199315061792731,
            49.91323853842914
          ],
          [
            8.199408520013094,
            49.91337197832763
          ],
          [
            8.199483873322606,
            49.91350173018873
          ],
          [
            8.199544893577695,
            49.91363525390625
          ],
          [
            8.199600214138627,
            49.91379543207586
          ],
          [
            8.199627874419093,
            49.91394806653261
          ],
          [
            8.199724182486534,
            49.91408921778202
          ],
          [
            8.19991210475564,
            49.914180748164654
          ],
          [
            8.200172446668148,
            49.91418452002108
          ],
          [
            8.200381239876151,
            49.914196003228426
          ],
          [
            8.200525240972638,
            49.91430278867483
          ],
          [
            8.200499508529902,
            49.91434478200972
          ]
        ]
      },
      "properties": {
        "name": "2026-07-10 (Fri) 11:04",
        "source_file": "2026-07-10-090416-ELEMNT_ROAM_A974-307-0.fit",
        "date": "2026-07-10T09:04:17",
        "sport": "cycling",
        "dropbox_id": "id:JY-PzzIM9pcAAAAAAAAAGA"
      }
    },
    {
      "type": "Feature",
      "geometry": {
        "type": "LineString",
        "coordinates": [
          [
            8.200468076393008,
            49.914379147812724
          ],
          [
            8.20033673197031,
            49.914527256041765
          ],
          [
            8.200236819684505,
            49.91466153413057
          ],
          [
            8.20012416690588,
            49.91480302065611
          ],
          [
            8.199996259063482,
            49.9149520508945
          ],
          [
            8.199862567707896,
            49.91510317660868
          ],
          [
            8.19975133985281,
            49.915255727246404
          ],
          [
            8.19964631460607,
            49.91540458984673
          ],
          [
            8.199530728161335,
            49.91557013243437
          ],
          [
            8.199400641024113,
            49.915742883458734
          ],
          [
            8.199275331571698,
            49.915921250358224
          ],
          [
            8.199164438992739,
            49.91608218289912
          ],
          [
            8.199061760678887,
            49.91621855646372
          ],
          [
            8.198949694633484,
            49.916353253647685
          ],
          [
            8.198836036026478,
            49.91649163886905
          ],
          [
            8.198735369369388,
            49.916631700471044
          ],
          [
            8.198628919199109,
            49.91676480509341
          ],
          [
            8.198518278077245,
            49.91688910871744
          ],
          [
            8.198386682197452,
            49.91699689999223
          ],
          [
            8.198223235085607,
            49.917136961594224
          ],
          [
            8.198092728853226,
            49.917297726497054
          ],
          [
            8.198035061359406,
            49.91744415834546
          ],
          [
            8.198017878457904,
            49.91758841089904
          ],
          [
            8.198012933135033,
            49.91772939451039
          ],
          [
            8.198007652536035,
            49.91786585189402
          ],
          [
            8.197997845709324,
            49.918004320934415
          ],
          [
            8.197985524311662,
            49.9181810952723
          ],
          [
            8.197933388873935,
            49.91834269836545
          ],
          [
            8.19785300642252,
            49.918470941483974
          ],
          [
            8.197750076651573,
            49.91859625093639
          ],
          [
            8.197641279548407,
            49.91871904581785
          ],
          [
            8.19753491319716,
            49.91884150542319
          ],
          [
            8.19743525236845,
            49.91896270774305
          ],
          [
            8.197316899895668,
            49.91911810822785
          ],
          [
            8.197229895740747,
            49.91927728056908
          ],
          [
            8.197157895192504,
            49.919444834813476
          ],
          [
            8.197075333446264,
            49.91961230523884
          ],
          [
            8.196995789185166,
            49.91977675817907
          ],
          [
            8.196916664019227,
            49.91994003765285
          ],
          [
            8.196840807795525,
            49.92009091190994
          ],
          [
            8.196764616295695,
            49.920245641842484
          ],
          [
            8.19669496268034,
            49.92039282806218
          ],
          [
            8.196619525551796,
            49.92055334150791
          ],
          [
            8.19654006510973,
            49.920719135552645
          ],
          [
            8.196433782577515,
            49.92087319493294
          ],
          [
            8.196330852806568,
            49.920996157452464
          ],
          [
            8.196201184764504,
            49.921125154942274
          ],
          [
            8.196058105677366,
            49.92124862037599
          ],
          [
            8.195901531726122,
            49.921367056667805
          ],
          [
            8.195749400183558,
            49.92148540914059
          ],
          [
            8.195606656372547,
            49.92160468362272
          ],
          [
            8.195478413254023,
            49.92171482183039
          ],
          [
            8.19537665694952,
            49.92184214293957
          ],
          [
            8.195235170423985,
            49.92196342907846
          ],
          [
            8.195123691111803,
            49.922091672196984
          ],
          [
            8.194994190707803,
            49.922229973599315
          ],
          [
            8.19488069973886,
            49.92239769548178
          ],
          [
            8.194805514067411,
            49.92252878844738
          ],
          [
            8.194740051403642,
            49.92267044261098
          ],
          [
            8.194671487435699,
            49.92281712591648
          ],
          [
            8.194598313421011,
            49.92296699434519
          ],
          [
            8.194532431662083,
            49.923113007098436
          ],
          [
            8.194470321759582,
            49.92326597683132
          ],
          [
            8.194437129423022,
            49.92341500706971
          ],
          [
            8.194477781653404,
            49.923558505252004
          ],
          [
            8.194517930969596,
            49.92369571700692
          ],
          [
            8.194560427218676,
            49.92383343167603
          ],
          [
            8.194580040872097,
            49.923978354781866
          ],
          [
            8.194567635655403,
            49.92411992512643
          ],
          [
            8.19453620351851,
            49.92426107637584
          ],
          [
            8.194454396143556,
            49.9243875592947
          ],
          [
            8.194288602098823,
            49.92449006997049
          ],
          [
            8.194073857739568,
            49.924573972821236
          ],
          [
            8.193867327645421,
            49.92465334944427
          ],
          [
            8.193677142262459,
            49.92473649792373
          ],
          [
            8.193498607724905,
            49.92481176741421
          ],
          [
            8.193280175328255,
            49.92489994503558
          ],
          [
            8.193079344928265,
            49.924988290295005
          ],
          [
            8.1929100304842,
            49.92510287091136
          ],
          [
            8.192771226167679,
            49.925242848694324
          ],
          [
            8.192642563953996,
            49.92537159472704
          ],
          [
            8.192543657496572,
            49.92549246177077
          ],
          [
            8.192478027194738,
            49.92563243955374
          ],
          [
            8.19244491867721,
            49.92578172124922
          ],
          [
            8.192407786846161,
            49.925932260230184
          ],
          [
            8.192340899258852,
            49.92607827298343
          ],
          [
            8.192268144339323,
            49.92622344754636
          ],
          [
            8.192198993638158,
            49.926371555775404
          ],
          [
            8.192130010575056,
            49.926520586013794
          ],
          [
            8.192062703892589,
            49.92667447775602
          ],
          [
            8.191992044448853,
            49.926825100556016
          ],
          [
            8.19192205555737,
            49.92696977220476
          ],
          [
            8.191852988675237,
            49.927119724452496
          ],
          [
            8.191781407222152,
            49.927268670871854
          ],
          [
            8.191706975921988,
            49.92742097005248
          ],
          [
            8.191633215174079,
            49.927570335567
          ],
          [
            8.191559538245201,
            49.927715761587024
          ],
          [
            8.191487286239862,
            49.92785079404712
          ],
          [
            8.191422829404473,
            49.92798884399235
          ],
          [
            8.191353511065245,
            49.928122870624065
          ],
          [
            8.191286707296968,
            49.928259244188666
          ],
          [
            8.191215209662914,
            49.92839268408716
          ],
          [
            8.191146310418844,
            49.92852654308081
          ],
          [
            8.191071460023522,
            49.928655875846744
          ],
          [
            8.1910000462085,
            49.92878562770784
          ],
          [
            8.190908096730709,
            49.92893759161234
          ],
          [
            8.190819751471281,
            49.929090393707156
          ],
          [
            8.190726628527045,
            49.92924252524972
          ],
          [
            8.190643396228552,
            49.92939214222133
          ],
          [
            8.190551782026887,
            49.929544776678085
          ],
          [
            8.19047081284225,
            49.92970000952482
          ],
          [
            8.190399901941419,
            49.92984560318291
          ],
          [
            8.190344497561455,
            49.92998558096588
          ],
          [
            8.190284818410873,
            49.930119859054685
          ],
          [
            8.190229330211878,
            49.930250868201256
          ],
          [
            8.190171243622899,
            49.930385649204254
          ],
          [
            8.190119359642267,
            49.930520514026284
          ],
          [
            8.19006135687232,
            49.93065336719155
          ],
          [
            8.190001593902707,
            49.930801559239626
          ],
          [
            8.189948704093695,
            49.9309463147074
          ],
          [
            8.189893215894699,
            49.93108034133911
          ],
          [
            8.189690122380853,
            49.93113172240555
          ],
          [
            8.189519299194217,
            49.93100213818252
          ],
          [
            8.189387787133455,
            49.930846989154816
          ],
          [
            8.189262310042977,
            49.93072411045432
          ],
          [
            8.189094671979547,
            49.93060383014381
          ],
          [
            8.188917310908437,
            49.930489752441645
          ],
          [
            8.188740285113454,
            49.93037944659591
          ],
          [
            8.188570635393262,
            49.9302745051682
          ],
          [
            8.188384640961885,
            49.93015782907605
          ],
          [
            8.18816989660263,
            49.93003360927105
          ],
          [
            8.18801156245172,
            49.92994333617389
          ],
          [
            8.187841912731528,
            49.92985172197223
          ],
          [
            8.187672346830368,
            49.9297633767128
          ],
          [
            8.18750236183405,
            49.929673774167895
          ],
          [
            8.187333634123206,
            49.92958115413785
          ],
          [
            8.187163230031729,
            49.929493898525834
          ],
          [
            8.186993580311537,
            49.929405050352216
          ],
          [
            8.186820577830076,
            49.92931829765439
          ],
          [
            8.18663751706481,
            49.92923389188945
          ],
          [
            8.186457389965653,
            49.92915744893253
          ],
          [
            8.186232252046466,
            49.92906030267477
          ],
          [
            8.186027901247144,
            49.92898193188012
          ],
          [
            8.185778371989727,
            49.92890096269548
          ],
          [
            8.185575027018785,
            49.92884203791618
          ],
          [
            8.185350140556693,
            49.928777161985636
          ],
          [
            8.18511301651597,
            49.928711615502834
          ],
          [
            8.184877401217818,
            49.92864112369716
          ],
          [
            8.18462728522718,
            49.92856618948281
          ],
          [
            8.184391669929028,
            49.92849452421069
          ],
          [
            8.184151193127036,
            49.92842151783407
          ],
          [
            8.183910213410854,
            49.9283489305526
          ],
          [
            8.183667473495007,
            49.92827852256596
          ],
          [
            8.18341844715178,
            49.92821314372122
          ],
          [
            8.18316975608468,
            49.92814810015261
          ],
          [
            8.182932045310736,
            49.928082302212715
          ],
          [
            8.182706655934453,
            49.928006613627076
          ],
          [
            8.182485960423946,
            49.927921537309885
          ],
          [
            8.182273227721453,
            49.92783771827817
          ],
          [
            8.182069547474384,
            49.92775758728385
          ],
          [
            8.181884055957198,
            49.92767879739404
          ],
          [
            8.181700576096773,
            49.92760989814997
          ],
          [
            8.18151667714119,
            49.92754007689655
          ],
          [
            8.181333113461733,
            49.92746790871024
          ],
          [
            8.18115415982902,
            49.92739548906684
          ],
          [
            8.180899014696479,
            49.92728962562978
          ],
          [
            8.180656945332885,
            49.92717697285116
          ],
          [
            8.180433064699173,
            49.927066499367356
          ],
          [
            8.180215889587998,
            49.92696616798639
          ],
          [
            8.180012628436089,
            49.92686650715768
          ],
          [
            8.179824706166983,
            49.926782017573714
          ],
          [
            8.179604094475508,
            49.92667665705085
          ],
          [
            8.179408628493547,
            49.92657892405987
          ],
          [
            8.17924065515399,
            49.92649451829493
          ],
          [
            8.179040076211095,
            49.92640357464552
          ],
          [
            8.17884486168623,
            49.92630869150162
          ],
          [
            8.178643612191081,
            49.92622084915638
          ],
          [
            8.178460635244846,
            49.92613476701081
          ],
          [
            8.1782644148916,
            49.926040302962065
          ],
          [
            8.178061824291945,
            49.92594433017075
          ],
          [
            8.177839703857899,
            49.92583620361984
          ],
          [
            8.177643483504653,
            49.925744254142046
          ],
          [
            8.177407868206501,
            49.925631852820516
          ],
          [
            8.177219862118363,
            49.92554258555174
          ],
          [
            8.177008386701345,
            49.92543873377144
          ],
          [
            8.176788361743093,
            49.92533546872437
          ],
          [
            8.176572360098362,
            49.925236478447914
          ],
          [
            8.17635778337717,
            49.92513505741954
          ],
          [
            8.176157539710402,
            49.92503313347697
          ],
          [
            8.175967605784535,
            49.92493221536279
          ],
          [
            8.175778593868017,
            49.92483322508633
          ],
          [
            8.175608860328794,
            49.92474680766463
          ],
          [
            8.175371149554849,
            49.92462174966931
          ],
          [
            8.175159925594926,
            49.92451219819486
          ],
          [
            8.174948198720813,
            49.924400467425585
          ],
          [
            8.17474476993084,
            49.924296950921416
          ],
          [
            8.174561373889446,
            49.924203492701054
          ],
          [
            8.174395747482777,
            49.92411699146032
          ],
          [
            8.174190809950233,
            49.92400643415749
          ],
          [
            8.173977909609675,
            49.92389445193112
          ],
          [
            8.173770206049085,
            49.92378557100892
          ],
          [
            8.173584882169962,
            49.9236901011318
          ],
          [
            8.173415148630738,
            49.92360234260559
          ],
          [
            8.17323443479836,
            49.923507208004594
          ],
          [
            8.173037627711892,
            49.92340385913849
          ],
          [
            8.172837132588029,
            49.92330243811011
          ],
          [
            8.172626327723265,
            49.92318953387439
          ],
          [
            8.172416696324944,
            49.92307914420962
          ],
          [
            8.17220731638372,
            49.922969257459044
          ],
          [
            8.17202853038907,
            49.92288099601865
          ],
          [
            8.171933144330978,
            49.92275602184236
          ],
          [
            8.172001037746668,
            49.92261679843068
          ],
          [
            8.17205099388957,
            49.92247405461967
          ],
          [
            8.172116875648499,
            49.92234262637794
          ],
          [
            8.172196000814438,
            49.92217691615224
          ],
          [
            8.172278562560678,
            49.92198186926544
          ],
          [
            8.172342935577035,
            49.92183526977897
          ],
          [
            8.172404039651155,
            49.921698309481144
          ],
          [
            8.172462629154325,
            49.92156034335494
          ],
          [
            8.172549130395055,
            49.921366134658456
          ],
          [
            8.172606714069843,
            49.92123101837933
          ],
          [
            8.172690784558654,
            49.92103697732091
          ],
          [
            8.172749541699886,
            49.92090018466115
          ],
          [
            8.172834198921919,
            49.920710334554315
          ],
          [
            8.172908211126924,
            49.92053607478738
          ],
          [
            8.172980714589357,
            49.92036893963814
          ],
          [
            8.173056403174996,
            49.92019065655768
          ],
          [
            8.173133684322238,
            49.92000927217305
          ],
          [
            8.173217419534922,
            49.919817661866546
          ],
          [
            8.173304926604033,
            49.91962781175971
          ],
          [
            8.173378854990005,
            49.919460425153375
          ],
          [
            8.173457561060786,
            49.919306952506304
          ],
          [
            8.173514977097511,
            49.91916202940047
          ],
          [
            8.173463931307197,
            49.91902682930231
          ],
          [
            8.173519503325224,
            49.91887545213103
          ],
          [
            8.17360038869083,
            49.918701108545065
          ],
          [
            8.173665767535567,
            49.918562807142735
          ],
          [
            8.173740785568953,
            49.918418638408184
          ],
          [
            8.173813372850418,
            49.91828209720552
          ],
          [
            8.173883780837059,
            49.918151423335075
          ],
          [
            8.173985369503498,
            49.917988143861294
          ],
          [
            8.17410129122436,
            49.91787364706397
          ],
          [
            8.174195252358913,
            49.91773962043226
          ],
          [
            8.174285106360912,
            49.91761120967567
          ],
          [
            8.174378480762243,
            49.91748162545264
          ],
          [
            8.17447168752551,
            49.91735564544797
          ],
          [
            8.174561709165573,
            49.91723000071943
          ],
          [
            8.174659106880426,
            49.91710603237152
          ],
          [
            8.174749547615647,
            49.91698198020458
          ],
          [
            8.174846610054374,
            49.91685591638088
          ],
          [
            8.174940906465054,
            49.91672918200493
          ],
          [
            8.175034616142511,
            49.91660328581929
          ],
          [
            8.175128744915128,
            49.916477389633656
          ],
          [
            8.175220023840666,
            49.91635166108608
          ],
          [
            8.175334772095084,
            49.91619600914419
          ],
          [
            8.17544499412179,
            49.916043039411306
          ],
          [
            8.175546918064356,
            49.91588889621198
          ],
          [
            8.175656720995903,
            49.915738524869084
          ],
          [
            8.17577239125967,
            49.91558295674622
          ],
          [
            8.175877248868346,
            49.91545018739998
          ],
          [
            8.175987973809242,
            49.91532043553889
          ],
          [
            8.176094088703394,
            49.91519009694457
          ],
          [
            8.17619701847434,
            49.91505129262805
          ],
          [
            8.176299445331097,
            49.91491609252989
          ],
          [
            8.17639977671206,
            49.914782317355275
          ],
          [
            8.176501113921404,
            49.914647955447435
          ],
          [
            8.176616029813886,
            49.914495907723904
          ],
          [
            8.1767223123461,
            49.91436623968184
          ],
          [
            8.1768570933491,
            49.91423740983009
          ],
          [
            8.176990868523717,
            49.91412886418402
          ],
          [
            8.17677897401154,
            49.914106065407395
          ],
          [
            8.176629273220897,
            49.914002967998385
          ],
          [
            8.176440764218569,
            49.91389458999038
          ],
          [
            8.176215207204223,
            49.91382644511759
          ],
          [
            8.175998702645302,
            49.91375788114965
          ],
          [
            8.175768200308084,
            49.91368847899139
          ],
          [
            8.1755325011909,
            49.913616478443146
          ],
          [
            8.175291940569878,
            49.91354372352362
          ],
          [
            8.175065042451024,
            49.913475746288896
          ],
          [
            8.174835462123156,
            49.91340667940676
          ],
          [
            8.174563385546207,
            49.913366781547666
          ],
          [
            8.174314526841044,
            49.91333317011595
          ],
          [
            8.174106488004327,
            49.913241639733315
          ],
          [
            8.173904232680798,
            49.91314508020878
          ],
          [
            8.173668198287487,
            49.913066206499934
          ],
          [
            8.173435684293509,
            49.912990015000105
          ],
          [
            8.17320610396564,
            49.912924552336335
          ],
          [
            8.172989850863814,
            49.9128573294729
          ],
          [
            8.172783991321921,
            49.912796560674906
          ],
          [
            8.172585424035788,
            49.912739899009466
          ],
          [
            8.172380486503243,
            49.912677789106965
          ],
          [
            8.172180075198412,
            49.91261651739478
          ],
          [
            8.171939430758357,
            49.91254510357976
          ],
          [
            8.171703647822142,
            49.91247586905956
          ],
          [
            8.17145730368793,
            49.912403197959065
          ],
          [
            8.171267034485936,
            49.91234217770398
          ],
          [
            8.171075843274593,
            49.912286354228854
          ],
          [
            8.170882053673267,
            49.91222784854472
          ],
          [
            8.17067108117044,
            49.91216171532869
          ],
          [
            8.1704521458596,
            49.91209348663688
          ],
          [
            8.170228181406856,
            49.912029365077615
          ],
          [
            8.16999918781221,
            49.91196381859481
          ],
          [
            8.169776732102036,
            49.911898942664266
          ],
          [
            8.169556623324752,
            49.91183356381953
          ],
          [
            8.169339699670672,
            49.91176617331803
          ],
          [
            8.169124284759164,
            49.911701465025544
          ],
          [
            8.16892085596919,
            49.91164052858949
          ],
          [
            8.168727904558182,
            49.91157967597246
          ],
          [
            8.168486673384905,
            49.91151119582355
          ],
          [
            8.168285004794598,
            49.911448918282986
          ],
          [
            8.168070260435343,
            49.91138370707631
          ],
          [
            8.167849397286773,
            49.91131514310837
          ],
          [
            8.167649656534195,
            49.91125579923391
          ],
          [
            8.167440528050065,
            49.9111941922456
          ],
          [
            8.167219497263432,
            49.911132249981165
          ],
          [
            8.16700148396194,
            49.91106376983225
          ],
          [
            8.16678011789918,
            49.91099906153977
          ],
          [
            8.166557075455785,
            49.91093309596181
          ],
          [
            8.166335793212056,
            49.91086310707033
          ],
          [
            8.166103530675173,
            49.91079328581691
          ],
          [
            8.165863640606403,
            49.910723716020584
          ],
          [
            8.16561914049089,
            49.91065079346299
          ],
          [
            8.165372209623456,
            49.910575272515416
          ],
          [
            8.165120584890246,
            49.91049933247268
          ],
          [
            8.16487105563283,
            49.910423727706075
          ],
          [
            8.16461062990129,
            49.91034527309239
          ],
          [
            8.164358166977763,
            49.91027100943029
          ],
          [
            8.164098830893636,
            49.91019372828305
          ],
          [
            8.16384058445692,
            49.91011317819357
          ],
          [
            8.163584433495998,
            49.9100374057889
          ],
          [
            8.163337167352438,
            49.90996188484132
          ],
          [
            8.163098534569144,
            49.90989281795919
          ],
          [
            8.16287750378251,
            49.9098249245435
          ],
          [
            8.162657646462321,
            49.90976390428841
          ],
          [
            8.162432173267007,
            49.9096938315779
          ],
          [
            8.162210891023278,
            49.90962551906705
          ],
          [
            8.161988602951169,
            49.90955804474652
          ],
          [
            8.161765392869711,
            49.909492833539844
          ],
          [
            8.161541512235999,
            49.90943055599928
          ],
          [
            8.161327606067061,
            49.909366769716144
          ],
          [
            8.161113951355219,
            49.90930910222232
          ],
          [
            8.160897446796298,
            49.909245232120156
          ],
          [
            8.160673063248396,
            49.90918437950313
          ],
          [
            8.16044063307345,
            49.90912629291415
          ],
          [
            8.160204431042075,
            49.9090822879225
          ],
          [
            8.1599838193506,
            49.90904054604471
          ],
          [
            8.1597697455436,
            49.909006180241704
          ],
          [
            8.159556845203042,
            49.908956894651055
          ],
          [
            8.159367749467492,
            49.90887357853353
          ],
          [
            8.159158872440457,
            49.90879043005407
          ],
          [
            8.15893080085516,
            49.90873435512185
          ],
          [
            8.158694095909595,
            49.9086921941489
          ],
          [
            8.158464347943664,
            49.908659337088466
          ],
          [
            8.158246921375394,
            49.9086403939873
          ],
          [
            8.158028405159712,
            49.908626060932875
          ],
          [
            8.15780301578343,
            49.908614410087466
          ],
          [
            8.157573603093624,
            49.90861063823104
          ],
          [
            8.157336562871933,
            49.908608039841056
          ],
          [
            8.157087285071611,
            49.90861508063972
          ],
          [
            8.156832475215197,
            49.908615835011005
          ],
          [
            8.156582107767463,
            49.90862329490483
          ],
          [
            8.156329812482,
            49.90864181891084
          ],
          [
            8.156088413670659,
            49.90865497849882
          ],
          [
            8.155866293236613,
            49.908698396757245
          ],
          [
            8.155651967972517,
            49.90873561240733
          ],
          [
            8.155386680737138,
            49.908724799752235
          ],
          [
            8.155146539211273,
            49.90866009145975
          ],
          [
            8.154931124299765,
            49.908657828345895
          ],
          [
            8.154699197039008,
            49.908668557181954
          ],
          [
            8.154462743550539,
            49.908676939085126
          ],
          [
            8.154223775491118,
            49.90868305787444
          ],
          [
            8.15398438833654,
            49.90867995657027
          ],
          [
            8.15374550409615,
            49.908692026510835
          ],
          [
            8.153504021465778,
            49.90869521163404
          ],
          [
            8.153279135003686,
            49.908695966005325
          ],
          [
            8.153055338189006,
            49.90870057605207
          ],
          [
            8.152834894135594,
            49.9087180942297
          ],
          [
            8.152604391798377,
            49.90872639231384
          ],
          [
            8.152366261929274,
            49.908734019845724
          ],
          [
            8.152138525620103,
            49.90873720496893
          ],
          [
            8.15191263332963,
            49.908744832500815
          ],
          [
            8.151679281145334,
            49.908749274909496
          ],
          [
            8.151430506259203,
            49.90875690244138
          ],
          [
            8.151171086356044,
            49.90876008756459
          ],
          [
            8.150913510471582,
            49.90876846946776
          ],
          [
            8.150650737807155,
            49.90877601318061
          ],
          [
            8.150389725342393,
            49.90877911448479
          ],
          [
            8.150125863030553,
            49.90878372453153
          ],
          [
            8.149870550259948,
            49.90879135206342
          ],
          [
            8.149625547230244,
            49.90879822522402
          ],
          [
            8.14938741736114,
            49.90880803205073
          ],
          [
            8.149168817326427,
            49.90888464264572
          ],
          [
            8.149183820933104,
            49.909056136384606
          ],
          [
            8.14924375154078,
            49.90921664983034
          ],
          [
            8.149306867271662,
            49.90938412025571
          ],
          [
            8.149363528937101,
            49.90955268032849
          ],
          [
            8.1494206096977,
            49.9097160436213
          ],
          [
            8.149480121210217,
            49.909879406914115
          ],
          [
            8.149534352123737,
            49.91003489121795
          ],
          [
            8.149590762332082,
            49.91019741632044
          ],
          [
            8.149647591635585,
            49.91036639548838
          ],
          [
            8.149652620777488,
            49.910536548122764
          ],
          [
            8.149598306044936,
            49.91071516647935
          ],
          [
            8.149533933028579,
            49.91088632494211
          ],
          [
            8.149472493678331,
            49.91105295717716
          ],
          [
            8.149413065984845,
            49.91122000850737
          ],
          [
            8.149355817586184,
            49.911385886371136
          ],
          [
            8.149303765967488,
            49.91154204122722
          ],
          [
            8.149249954149127,
            49.91169098764658
          ],
          [
            8.149200081825256,
            49.91183230653405
          ],
          [
            8.149148868396878,
            49.91196918301284
          ],
          [
            8.149098576977849,
            49.912116788327694
          ],
          [
            8.149046776816249,
            49.91226648911834
          ],
          [
            8.148999754339457,
            49.912412418052554
          ],
          [
            8.148950133472681,
            49.91255633533001
          ],
          [
            8.148900764063,
            49.91269614547491
          ],
          [
            8.148815436288714,
            49.91282355040312
          ],
          [
            8.148553250357509,
            49.912885911762714
          ],
          [
            8.148337081074715,
            49.912903513759375
          ],
          [
            8.148120325058699,
            49.912914242595434
          ],
          [
            8.147885045036674,
            49.91291809827089
          ],
          [
            8.147641215473413,
            49.91290980018675
          ],
          [
            8.147388249635696,
            49.91289446130395
          ],
          [
            8.147134194150567,
            49.91287803277373
          ],
          [
            8.14688759855926,
            49.91284802556038
          ],
          [
            8.146648043766618,
            49.91281198337674
          ],
          [
            8.146420558914542,
            49.91276999004185
          ],
          [
            8.146187625825405,
            49.91271626204252
          ],
          [
            8.145956117659807,
            49.91265499033034
          ],
          [
            8.14573734998703,
            49.912582067772746
          ],
          [
            8.145530903711915,
            49.91251274943352
          ],
          [
            8.14532546326518,
            49.91243228316307
          ],
          [
            8.145126393064857,
            49.91234368644655
          ],
          [
            8.14495406113565,
            49.9122407566756
          ],
          [
            8.144776364788413,
            49.912149142473936
          ],
          [
            8.144592382013798,
            49.91204948164523
          ],
          [
            8.144400855526328,
            49.91195552051067
          ],
          [
            8.14420253969729,
            49.91185862571001
          ],
          [
            8.1440154556185,
            49.91176432929933
          ],
          [
            8.143816133961082,
            49.91168964654207
          ],
          [
            8.143590996041894,
            49.91163432598114
          ],
          [
            8.143342724069953,
            49.91158696822822
          ],
          [
            8.143099565058947,
            49.911542208865285
          ],
          [
            8.14285833388567,
            49.911516811698675
          ],
          [
            8.142616264522076,
            49.91150666959584
          ],
          [
            8.142381235957146,
            49.91149451583624
          ],
          [
            8.142114775255322,
            49.91147993132472
          ],
          [
            8.14187915995717,
            49.91145193576813
          ],
          [
            8.141646729782224,
            49.91146367043257
          ],
          [
            8.141402816399932,
            49.91151756606996
          ],
          [
            8.141157813370228,
            49.91155385971069
          ],
          [
            8.140906943008304,
            49.91156836040318
          ],
          [
            8.140655905008316,
            49.91157221607864
          ],
          [
            8.140404196456075,
            49.9115829449147
          ],
          [
            8.140160283073783,
            49.91158747114241
          ],
          [
            8.139912597835064,
            49.911590572446585
          ],
          [
            8.139662649482489,
            49.911598870530725
          ],
          [
            8.139411611482501,
            49.91160582751036
          ],
          [
            8.139159232378006,
            49.911606665700674
          ],
          [
            8.13891557045281,
            49.91161873564124
          ],
          [
            8.138671489432454,
            49.911633152514696
          ],
          [
            8.138426654040813,
            49.911639438942075
          ],
          [
            8.138190619647503,
            49.91163935512304
          ],
          [
            8.137979228049517,
            49.91163952276111
          ],
          [
            8.137764064595103,
            49.9116363376379
          ],
          [
            8.137555103749037,
            49.9116276204586
          ],
          [
            8.137311860918999,
            49.911601301282644
          ],
          [
            8.137256791815162,
            49.91174471564591
          ],
          [
            8.137380676344037,
            49.91189584136009
          ],
          [
            8.137469440698624,
            49.91202458739281
          ],
          [
            8.137560887262225,
            49.912162302061915
          ],
          [
            8.137617968022823,
            49.91230336949229
          ],
          [
            8.137678736820817,
            49.91244586184621
          ],
          [
            8.137774541974068,
            49.91257938556373
          ],
          [
            8.13790320418775,
            49.91271316073835
          ],
          [
            8.138005631044507,
            49.91286160424352
          ],
          [
            8.138073440641165,
            49.91300988011062
          ],
          [
            8.138112248852849,
            49.91314818151295
          ],
          [
            8.138123899698257,
            49.91329285316169
          ],
          [
            8.138133035972714,
            49.91343786008656
          ],
          [
            8.138110991567373,
            49.91358102299273
          ],
          [
            8.138010073453188,
            49.913715133443475
          ],
          [
            8.137846039608121,
            49.913831977173686
          ],
          [
            8.137661973014474,
            49.913934990763664
          ],
          [
            8.13746977597475,
            49.914029370993376
          ],
          [
            8.137277159839869,
            49.91412869654596
          ],
          [
            8.137075742706656,
            49.914232632145286
          ],
          [
            8.136887736618519,
            49.91436238400638
          ],
          [
            8.136673830449581,
            49.91445600986481
          ],
          [
            8.136444753035903,
            49.914445113390684
          ],
          [
            8.13623009249568,
            49.91438761353493
          ],
          [
            8.13599363900721,
            49.91432961076498
          ],
          [
            8.135768081992865,
            49.914272613823414
          ],
          [
            8.135544704273343,
            49.91421528160572
          ],
          [
            8.135343957692385,
            49.91415107622743
          ],
          [
            8.135154359042645,
            49.91405753418803
          ],
          [
            8.134969873353839,
            49.91395242512226
          ],
          [
            8.134804079309106,
            49.91383709013462
          ],
          [
            8.134676674380898,
            49.9137189052999
          ],
          [
            8.134607942774892,
            49.91358915343881
          ],
          [
            8.134528398513794,
            49.91342654451728
          ],
          [
            8.134323628619313,
            49.9133269675076
          ],
          [
            8.134066304191947,
            49.91335429251194
          ],
          [
            8.13383286818862,
            49.91336896084249
          ],
          [
            8.133592391386628,
            49.91338807158172
          ],
          [
            8.133331378921866,
            49.91340399719775
          ],
          [
            8.13311219215393,
            49.91342235356569
          ],
          [
            8.13288688659668,
            49.91342470049858
          ],
          [
            8.132669711485505,
            49.91339636966586
          ],
          [
            8.13245639204979,
            49.91338413208723
          ],
          [
            8.13222379423678,
            49.913412714377046
          ],
          [
            8.13206797465682,
            49.91355411708355
          ],
          [
            8.131911987438798,
            49.913654113188386
          ],
          [
            8.131696321070194,
            49.91368864662945
          ],
          [
            8.131473949179053,
            49.91367246955633
          ],
          [
            8.131239423528314,
            49.91363215260208
          ],
          [
            8.131004478782415,
            49.913582783192396
          ],
          [
            8.130766600370407,
            49.91353349760175
          ],
          [
            8.130527213215828,
            49.913484463468194
          ],
          [
            8.13028103671968,
            49.91343383677304
          ],
          [
            8.1300538033247,
            49.91338882595301
          ],
          [
            8.129840400069952,
            49.91333903744817
          ],
          [
            8.129631103947759,
            49.913286147639155
          ],
          [
            8.129414515569806,
            49.91324792616069
          ],
          [
            8.12920798547566,
            49.91321565583348
          ],
          [
            8.128952840343118,
            49.91328354924917
          ],
          [
            8.128827530890703,
            49.913413720205426
          ],
          [
            8.128725858405232,
            49.91356912069023
          ],
          [
            8.128634411841631,
            49.913720497861505
          ],
          [
            8.128521423786879,
            49.913865169510245
          ],
          [
            8.12840424478054,
            49.91400950588286
          ],
          [
            8.128281198441982,
            49.91415275260806
          ],
          [
            8.128117164596915,
            49.91427035070956
          ],
          [
            8.127945084124804,
            49.914361545816064
          ],
          [
            8.127758922055364,
            49.914479311555624
          ],
          [
            8.127682814374566,
            49.91462172009051
          ],
          [
            8.127481313422322,
            49.91466673091054
          ],
          [
            8.127249386161566,
            49.91459732875228
          ],
          [
            8.12699843198061,
            49.91452130489051
          ],
          [
            8.12673557549715,
            49.914468079805374
          ],
          [
            8.126536002382636,
            49.914422733709216
          ],
          [
            8.126335423439741,
            49.91438132710755
          ],
          [
            8.126123612746596,
            49.91434268653393
          ],
          [
            8.125906605273485,
            49.9143045488745
          ],
          [
            8.125677024945617,
            49.91427454166114
          ],
          [
            8.125441325828433,
            49.9142524972558
          ],
          [
            8.125207386910915,
            49.91424176841974
          ],
          [
            8.124981243163347,
            49.914229614660144
          ],
          [
            8.124714279547334,
            49.914218885824084
          ],
          [
            8.124503726139665,
            49.9142112582922
          ],
          [
            8.124314546585083,
            49.91428853943944
          ],
          [
            8.124135257676244,
            49.914373867213726
          ],
          [
            8.123910706490278,
            49.914335226640105
          ],
          [
            8.12367090024054,
            49.91428468376398
          ],
          [
            8.123450623825192,
            49.91422056220472
          ],
          [
            8.123186845332384,
            49.91423414088786
          ],
          [
            8.122988529503345,
            49.914303878322244
          ],
          [
            8.122804630547762,
            49.91437101736665
          ],
          [
            8.122699102386832,
            49.91449037566781
          ],
          [
            8.12279867939651,
            49.91464535705745
          ],
          [
            8.122885935008526,
            49.91480587050319
          ],
          [
            8.12280848622322,
            49.91493595764041
          ],
          [
            8.122577229514718,
            49.91502379998565
          ],
          [
            8.122379248961806,
            49.91513351909816
          ],
          [
            8.122259136289358,
            49.91524818353355
          ],
          [
            8.12215176410973,
            49.91540936753154
          ],
          [
            8.12215419486165,
            49.915592931210995
          ],
          [
            8.122167270630598,
            49.915729220956564
          ],
          [
            8.122174898162484,
            49.91588721983135
          ],
          [
            8.121950095519423,
            49.91592602804303
          ],
          [
            8.12174373306334,
            49.91582083515823
          ],
          [
            8.121499232947826,
            49.915739530697465
          ],
          [
            8.121262779459357,
            49.91574254818261
          ],
          [
            8.121020458638668,
            49.91577775217593
          ],
          [
            8.120775958523154,
            49.915819242596626
          ],
          [
            8.120558029040694,
            49.91585377603769
          ],
          [
            8.120337165892124,
            49.91587967611849
          ],
          [
            8.120119152590632,
            49.91591705940664
          ],
          [
            8.119880435988307,
            49.91594899445772
          ],
          [
            8.119618417695165,
            49.915999453514814
          ],
          [
            8.11941389925778,
            49.916037088260055
          ],
          [
            8.119200412184,
            49.916074303910136
          ],
          [
            8.118967730551958,
            49.916101628914475
          ],
          [
            8.118739239871502,
            49.91613792255521
          ],
          [
            8.118487363681197,
            49.91618427447975
          ],
          [
            8.11822903342545,
            49.91618896834552
          ],
          [
            8.118000710383058,
            49.91619567386806
          ],
          [
            8.117761323228478,
            49.916194919496775
          ],
          [
            8.117499304935336,
            49.916226183995605
          ],
          [
            8.117254050448537,
            49.91630665026605
          ],
          [
            8.117020446807146,
            49.91638242267072
          ],
          [
            8.116795057430863,
            49.91645375266671
          ],
          [
            8.116549886763096,
            49.916480239480734
          ],
          [
            8.116296585649252,
            49.916461212560534
          ],
          [
            8.116044206544757,
            49.916446041315794
          ],
          [
            8.115791156888008,
            49.91644285619259
          ],
          [
            8.115549003705382,
            49.916451908648014
          ],
          [
            8.115319423377514,
            49.91647034883499
          ],
          [
            8.11508028768003,
            49.916481748223305
          ],
          [
            8.114823214709759,
            49.91647646762431
          ],
          [
            8.114585084840655,
            49.916452914476395
          ],
          [
            8.114377381280065,
            49.91642617620528
          ],
          [
            8.114170683547854,
            49.91639256477356
          ],
          [
            8.113946551457047,
            49.91646154783666
          ],
          [
            8.113741530105472,
            49.916566740721464
          ],
          [
            8.11353525146842,
            49.91668534465134
          ],
          [
            8.113308688625693,
            49.91678609512746
          ],
          [
            8.113131746649742,
            49.916866812855005
          ],
          [
            8.112932341173291,
            49.916947949677706
          ],
          [
            8.112725056707859,
            49.917039312422276
          ],
          [
            8.112515592947602,
            49.917126735672355
          ],
          [
            8.112305039539933,
            49.91721038706601
          ],
          [
            8.11209381558001,
            49.917290434241295
          ],
          [
            8.111871192231774,
            49.91736779920757
          ],
          [
            8.111644545570016,
            49.91743887774646
          ],
          [
            8.111420581117272,
            49.91750316694379
          ],
          [
            8.111203406006098,
            49.917563516646624
          ],
          [
            8.110981537029147,
            49.917621267959476
          ],
          [
            8.110758326947689,
            49.91767918691039
          ],
          [
            8.110537128522992,
            49.917735094204545
          ],
          [
            8.110314588993788,
            49.91779251024127
          ],
          [
            8.110089786350727,
            49.91785026155412
          ],
          [
            8.109867246821523,
            49.917907593771815
          ],
          [
            8.109644120559096,
            49.91796400398016
          ],
          [
            8.1094229221344,
            49.91801773197949
          ],
          [
            8.109206249937415,
            49.9180743098259
          ],
          [
            8.108984213322401,
            49.91812820546329
          ],
          [
            8.108772737905383,
            49.918183106929064
          ],
          [
            8.108561597764492,
            49.91824546828866
          ],
          [
            8.108349032700062,
            49.91829542443156
          ],
          [
            8.108134120702744,
            49.918349822983146
          ],
          [
            8.10791996307671,
            49.91840707138181
          ],
          [
            8.107704799622297,
            49.918455770239234
          ],
          [
            8.107485696673393,
            49.9185093306005
          ],
          [
            8.107276316732168,
            49.9185629747808
          ],
          [
            8.10706241056323,
            49.91861728951335
          ],
          [
            8.106853030622005,
            49.91867437027395
          ],
          [
            8.106641890481114,
            49.91873069666326
          ],
          [
            8.10643108561635,
            49.9187770485878
          ],
          [
            8.106226567178965,
            49.91884267888963
          ],
          [
            8.106033699586987,
            49.918915601447225
          ],
          [
            8.105841586366296,
            49.918983997777104
          ],
          [
            8.105613263323903,
            49.91907795891166
          ],
          [
            8.105388628318906,
            49.91918105632067
          ],
          [
            8.105216883122921,
            49.9192881770432
          ],
          [
            8.105072379112244,
            49.919396387413144
          ],
          [
            8.1049451418221,
            49.91950510069728
          ],
          [
            8.104794267565012,
            49.919652538374066
          ],
          [
            8.10464322566986,
            49.91979913786054
          ],
          [
            8.10454398393631,
            49.919924195855856
          ],
          [
            8.104469301179051,
            49.92006752640009
          ],
          [
            8.104400653392076,
            49.92020423524082
          ],
          [
            8.10433636419475,
            49.920342369005084
          ],
          [
            8.104303423315287,
            49.920489974319935
          ],
          [
            8.10426545329392,
            49.920635567978024
          ],
          [
            8.104230081662536,
            49.920784095302224
          ],
          [
            8.104192279279232,
            49.920934634283185
          ],
          [
            8.104152381420135,
            49.9210858438164
          ],
          [
            8.10411499813199,
            49.92123671807349
          ],
          [
            8.104075770825148,
            49.92138247936964
          ],
          [
            8.104015421122313,
            49.921528827399015
          ],
          [
            8.103896649554372,
            49.9216659553349
          ],
          [
            8.103768657892942,
            49.921816075220704
          ],
          [
            8.103648545220494,
            49.92196376435459
          ],
          [
            8.103532288223505,
            49.92211195640266
          ],
          [
            8.103409828618169,
            49.92225109599531
          ],
          [
            8.10324227437377,
            49.92237372323871
          ],
          [
            8.103072876110673,
            49.922489393502474
          ],
          [
            8.102901466190815,
            49.922597939148545
          ],
          [
            8.102708263322711,
            49.92269592359662
          ],
          [
            8.102499721571803,
            49.92278343066573
          ],
          [
            8.102279780432582,
            49.92286339402199
          ],
          [
            8.102040980011225,
            49.922931203618646
          ],
          [
            8.101797066628933,
            49.92298082448542
          ],
          [
            8.10155306942761,
            49.92302508093417
          ],
          [
            8.101305719465017,
            49.92306757718325
          ],
          [
            8.101063733920455,
            49.92310546338558
          ],
          [
            8.10083331540227,
            49.92313941009343
          ],
          [
            8.100593090057373,
            49.92317033931613
          ],
          [
            8.100345823913813,
            49.9232083093375
          ],
          [
            8.100102748721838,
            49.923239070922136
          ],
          [
            8.099864451214671,
            49.923272766172886
          ],
          [
            8.099632859230042,
            49.92331559769809
          ],
          [
            8.099418953061104,
            49.92336865514517
          ],
          [
            8.099203705787659,
            49.92343503981829
          ],
          [
            8.098997510969639,
            49.923501424491405
          ],
          [
            8.098798859864473,
            49.92357677780092
          ],
          [
            8.098599119111896,
            49.923659171909094
          ],
          [
            8.098395522683859,
            49.923737375065684
          ],
          [
            8.098197458311915,
            49.92381323128939
          ],
          [
            8.09798656962812,
            49.92388917133212
          ],
          [
            8.097783559933305,
            49.92396913468838
          ],
          [
            8.097578873857856,
            49.92405781522393
          ],
          [
            8.0973762832582,
            49.924138532951474
          ],
          [
            8.09716816060245,
            49.924219166859984
          ],
          [
            8.096960289403796,
            49.92430089041591
          ],
          [
            8.09674889780581,
            49.924382362514734
          ],
          [
            8.096544295549393,
            49.924462493509054
          ],
          [
            8.09634380042553,
            49.924542708322406
          ],
          [
            8.096144562587142,
            49.92462191730738
          ],
          [
            8.095937110483646,
            49.92468939162791
          ],
          [
            8.095716750249267,
            49.924758207052946
          ],
          [
            8.095487672835588,
            49.92483230307698
          ],
          [
            8.095268569886684,
            49.92490799166262
          ],
          [
            8.095047790557146,
            49.924983847886324
          ],
          [
            8.09482030570507,
            49.925073366612196
          ],
          [
            8.094611512497067,
            49.925179397687316
          ],
          [
            8.094413112848997,
            49.925292218104005
          ],
          [
            8.094209264963865,
            49.92540629580617
          ],
          [
            8.094008937478065,
            49.92551878094673
          ],
          [
            8.093802072107792,
            49.925634786486626
          ],
          [
            8.09359671548009,
            49.92575322277844
          ],
          [
            8.093387670814991,
            49.92587191052735
          ],
          [
            8.093190528452396,
            49.925977271050215
          ],
          [
            8.093020794913173,
            49.92607081308961
          ],
          [
            8.092801943421364,
            49.92614323273301
          ],
          [
            8.092634724453092,
            49.92627566680312
          ],
          [
            8.092475635930896,
            49.92640173062682
          ],
          [
            8.092307075858116,
            49.92653056047857
          ],
          [
            8.092141197994351,
            49.926649164408445
          ],
          [
            8.091974062845111,
            49.926763912662864
          ],
          [
            8.091808436438441,
            49.92688243277371
          ],
          [
            8.091645324602723,
            49.92700019851327
          ],
          [
            8.091489840298891,
            49.92712232284248
          ],
          [
            8.091356987133622,
            49.927251068875194
          ],
          [
            8.09122547507286,
            49.92737956345081
          ],
          [
            8.091093292459846,
            49.92750948294997
          ],
          [
            8.090969072654843,
            49.92763110436499
          ],
          [
            8.090862790122628,
            49.92775750346482
          ],
          [
            8.090643435716629,
            49.92786747403443
          ],
          [
            8.090425925329328,
            49.92799060419202
          ],
          [
            8.09026432223618,
            49.92807920090854
          ],
          [
            8.0900405254215,
            49.92822093889117
          ],
          [
            8.089904319494963,
            49.92833158001304
          ],
          [
            8.089764341711998,
            49.92845236323774
          ],
          [
            8.089628051966429,
            49.928569877520204
          ],
          [
            8.089492684230208,
            49.92868320085108
          ],
          [
            8.08935639448464,
            49.92879694327712
          ],
          [
            8.089221697300673,
            49.928907165303826
          ],
          [
            8.089091945439577,
            49.92901721969247
          ],
          [
            8.088977532461286,
            49.929131381213665
          ],
          [
            8.088808469474316,
            49.92930312640965
          ],
          [
            8.088623145595193,
            49.92946548387408
          ],
          [
            8.088493896648288,
            49.929579477757215
          ],
          [
            8.088306058198214,
            49.92974787019193
          ],
          [
            8.0881202314049,
            49.92991676554084
          ],
          [
            8.087995005771518,
            49.930026987567544
          ],
          [
            8.087865756824613,
            49.93014056235552
          ],
          [
            8.087679343298078,
            49.93030350655317
          ],
          [
            8.087503490969539,
            49.93046133778989
          ],
          [
            8.087323531508446,
            49.930615816265345
          ],
          [
            8.08711901307106,
            49.93073685094714
          ],
          [
            8.086869399994612,
            49.93078873492777
          ],
          [
            8.086616015061736,
            49.930830895900726
          ],
          [
            8.086360953748226,
            49.93087213486433
          ],
          [
            8.086119890213013,
            49.930911445990205
          ],
          [
            8.085874132812023,
            49.93095075711608
          ],
          [
            8.085653269663453,
            49.93096156977117
          ],
          [
            8.085445566102862,
            49.93094136938453
          ],
          [
            8.085252530872822,
            49.930882612243295
          ],
          [
            8.085019262507558,
            49.93088294751942
          ],
          [
            8.084949105978012,
            49.931032480672
          ],
          [
            8.084878027439117,
            49.93120330385864
          ],
          [
            8.084824969992042,
            49.93134411983192
          ],
          [
            8.084764871746302,
            49.9314851872623
          ],
          [
            8.084702929481864,
            49.93162960745394
          ],
          [
            8.084636544808745,
            49.931778218597174
          ],
          [
            8.084577033296227,
            49.931926829740405
          ],
          [
            8.084517437964678,
            49.93206865154207
          ],
          [
            8.08445306494832,
            49.932217011228204
          ],
          [
            8.084386847913265,
            49.932370986789465
          ],
          [
            8.084318954497576,
            49.932519011199474
          ],
          [
            8.084254413843155,
            49.93266141973436
          ],
          [
            8.084190879017115,
            49.93280600756407
          ],
          [
            8.084124578163028,
            49.932953864336014
          ],
          [
            8.084062468260527,
            49.93310322985053
          ],
          [
            8.084015864878893,
            49.93325502611697
          ],
          [
            8.083964735269547,
            49.93339818902314
          ],
          [
            8.083914360031486,
            49.93353615514934
          ],
          [
            8.083854597061872,
            49.93371686898172
          ],
          [
            8.083811849355698,
            49.93386263027787
          ],
          [
            8.083838084712625,
            49.934030435979366
          ],
          [
            8.084051571786404,
            49.934120289981365
          ],
          [
            8.08422826230526,
            49.93419338017702
          ],
          [
            8.084422806277871,
            49.9342689011246
          ],
          [
            8.084607124328613,
            49.934337716549635
          ],
          [
            8.084639981389046,
            49.93448213674128
          ],
          [
            8.084549205377698,
            49.934639213606715
          ],
          [
            8.084448203444481,
            49.934799978509545
          ],
          [
            8.084354158490896,
            49.93495956994593
          ],
          [
            8.084262292832136,
            49.93511941283941
          ],
          [
            8.084186352789402,
            49.93525025434792
          ],
          [
            8.084101527929306,
            49.93537841364741
          ],
          [
            8.083999268710613,
            49.935510428622365
          ],
          [
            8.083894411101937,
            49.935638504102826
          ],
          [
            8.083764407783747,
            49.93579155765474
          ],
          [
            8.083644211292267,
            49.935943773016334
          ],
          [
            8.083535749465227,
            49.93609515018761
          ],
          [
            8.083437765017152,
            49.93625490926206
          ],
          [
            8.083363333716989,
            49.93641617707908
          ],
          [
            8.083313964307308,
            49.936569733545184
          ],
          [
            8.083232659846544,
            49.9367106333375
          ],
          [
            8.083126628771424,
            49.9368295725435
          ],
          [
            8.083003498613834,
            49.9369643535465
          ],
          [
            8.082959661260247,
            49.93710801936686
          ],
          [
            8.082835357636213,
            49.937246991321445
          ],
          [
            8.082693116739392,
            49.937381437048316
          ],
          [
            8.08254006318748,
            49.937528455629945
          ],
          [
            8.082390949130058,
            49.93768754415214
          ],
          [
            8.082267818972468,
            49.937817715108395
          ],
          [
            8.082142593339086,
            49.937947718426585
          ],
          [
            8.08201971463859,
            49.93806858547032
          ],
          [
            8.081902619451284,
            49.93819515220821
          ],
          [
            8.081761552020907,
            49.938336722552776
          ],
          [
            8.08163850568235,
            49.93847477249801
          ],
          [
            8.081511352211237,
            49.93861156515777
          ],
          [
            8.081384198740125,
            49.93874358013272
          ],
          [
            8.081258637830615,
            49.93887718766928
          ],
          [
            8.08113768696785,
            49.939004089683294
          ],
          [
            8.081013048067689,
            49.93913275189698
          ],
          [
            8.080881536006927,
            49.93926200084388
          ],
          [
            8.080754801630974,
            49.93939225561917
          ],
          [
            8.080639466643333,
            49.93951111100614
          ],
          [
            8.080532848834991,
            49.939632983878255
          ],
          [
            8.080410221591592,
            49.93977363221347
          ],
          [
            8.080387087538838,
            49.93991897441447
          ],
          [
            8.080551708117127,
            49.94001084007323
          ],
          [
            8.080737199634314,
            49.940121648833156
          ],
          [
            8.080633683130145,
            49.94026648811996
          ],
          [
            8.080464117228985,
            49.940395317971706
          ],
          [
            8.08028843253851,
            49.940528590232134
          ],
          [
            8.080141749233007,
            49.94063529185951
          ],
          [
            8.079981068149209,
            49.94074190966785
          ],
          [
            8.07982474565506,
            49.940864369273186
          ],
          [
            8.079693736508489,
            49.94098129682243
          ],
          [
            8.079548561945558,
            49.94108313694596
          ],
          [
            8.079397603869438,
            49.94118405506015
          ],
          [
            8.079287800937891,
            49.94130299426615
          ],
          [
            8.079255865886807,
            49.941458562389016
          ],
          [
            8.079247400164604,
            49.94162351824343
          ],
          [
            8.079235665500164,
            49.94177447631955
          ],
          [
            8.079223427921534,
            49.94191722013056
          ],
          [
            8.079198114573956,
            49.942060047760606
          ],
          [
            8.079117396846414,
            49.94220530614257
          ],
          [
            8.078981945291162,
            49.942332208156586
          ],
          [
            8.07880936190486,
            49.942446453496814
          ],
          [
            8.078646082431078,
            49.942570170387626
          ],
          [
            8.078485233709216,
            49.94269531220198
          ],
          [
            8.078318014740944,
            49.94282548315823
          ],
          [
            8.07817317545414,
            49.942934112623334
          ],
          [
            8.07804074138403,
            49.94304089806974
          ],
          [
            8.077861703932285,
            49.94316997937858
          ],
          [
            8.077712338417768,
            49.94327936321497
          ],
          [
            8.077560625970364,
            49.94339721277356
          ],
          [
            8.077434226870537,
            49.943513721227646
          ],
          [
            8.07727949693799,
            49.943641712889075
          ],
          [
            8.077145721763372,
            49.94377322494984
          ],
          [
            8.076944472268224,
            49.9438407830894
          ],
          [
            8.076713550835848,
            49.94391647167504
          ],
          [
            8.076493609696627,
            49.94398880749941
          ],
          [
            8.076260341331363,
            49.94402443058789
          ],
          [
            8.07604182511568,
            49.94403985328972
          ],
          [
            8.075815262272954,
            49.94408913888037
          ],
          [
            8.075584759935737,
            49.944163570180535
          ],
          [
            8.075314108282328,
            49.94417119771242
          ],
          [
            8.075096346437931,
            49.94418930262327
          ],
          [
            8.074857043102384,
            49.94422819465399
          ],
          [
            8.074608687311411,
            49.944277899339795
          ],
          [
            8.074359158053994,
            49.94433154352009
          ],
          [
            8.074119938537478,
            49.94439256377518
          ],
          [
            8.07390402071178,
            49.94444570504129
          ],
          [
            8.073651641607285,
            49.94451996870339
          ],
          [
            8.073411416262388,
            49.944602362811565
          ],
          [
            8.073184601962566,
            49.94469883851707
          ],
          [
            8.072982598096132,
            49.94480227120221
          ],
          [
            8.072812864556909,
            49.944912577047944
          ],
          [
            8.072644891217351,
            49.94502053596079
          ],
          [
            8.072491670027375,
            49.945134446024895
          ],
          [
            8.072342723608017,
            49.94526076130569
          ],
          [
            8.072190759703517,
            49.94539453648031
          ],
          [
            8.072069138288498,
            49.94551540352404
          ],
          [
            8.071946427226067,
            49.94565420784056
          ],
          [
            8.071826733648777,
            49.945809273049235
          ],
          [
            8.071710141375661,
            49.94597464799881
          ],
          [
            8.071623975411057,
            49.94614362716675
          ],
          [
            8.071538815274835,
            49.94631922803819
          ],
          [
            8.071440244093537,
            49.946502121165395
          ],
          [
            8.071332955732942,
            49.94667428545654
          ],
          [
            8.071228601038456,
            49.94683379307389
          ],
          [
            8.071105303242803,
            49.94698818773031
          ],
          [
            8.070959290489554,
            49.9471287522465
          ],
          [
            8.0707670096308,
            49.9472704064101
          ],
          [
            8.070555869489908,
            49.94740820489824
          ],
          [
            8.070336934179068,
            49.947540471330285
          ],
          [
            8.070096960291266,
            49.94766972027719
          ],
          [
            8.069931585341692,
            49.94775320403278
          ],
          [
            8.069762689992785,
            49.94783744215965
          ],
          [
            8.069514250382781,
            49.94795202277601
          ],
          [
            8.06927083991468,
            49.9480733089149
          ],
          [
            8.069026255980134,
            49.94818076491356
          ],
          [
            8.06878519244492,
            49.948294423520565
          ],
          [
            8.068551924079657,
            49.94840590283275
          ],
          [
            8.068318739533424,
            49.948508916422725
          ],
          [
            8.068084046244621,
            49.948618886992335
          ],
          [
            8.067846084013581,
            49.94872500188649
          ],
          [
            8.067608289420605,
            49.948823656886816
          ],
          [
            8.06735792197287,
            49.94891074486077
          ],
          [
            8.067102273926139,
            49.94897369295359
          ],
          [
            8.06682818569243,
            49.949027337133884
          ],
          [
            8.06655946187675,
            49.9490834120661
          ],
          [
            8.066279171034694,
            49.94912196882069
          ],
          [
            8.066010531038046,
            49.9491560831666
          ],
          [
            8.065755134448409,
            49.94918642565608
          ],
          [
            8.0655000731349,
            49.94921752251685
          ],
          [
            8.065233193337917,
            49.94926404207945
          ],
          [
            8.064970672130585,
            49.949330342933536
          ],
          [
            8.064714018255472,
            49.94940728880465
          ],
          [
            8.064463818445802,
            49.94950301013887
          ],
          [
            8.064224431291223,
            49.94960795156658
          ],
          [
            8.064002562314272,
            49.949727058410645
          ],
          [
            8.063810616731644,
            49.94984859600663
          ],
          [
            8.063648762181401,
            49.9499867297709
          ],
          [
            8.063490595668554,
            49.95013785548508
          ],
          [
            8.063311222940683,
            49.95030113495886
          ],
          [
            8.063137885183096,
            49.95045745745301
          ],
          [
            8.062968654558063,
            49.95059408247471
          ],
          [
            8.062785677611828,
            49.950710674747825
          ],
          [
            8.062589708715677,
            49.95082483626902
          ],
          [
            8.062392147257924,
            49.950955929234624
          ],
          [
            8.062207829207182,
            49.95109071023762
          ],
          [
            8.062040274962783,
            49.95122557505965
          ],
          [
            8.061879761517048,
            49.95135951787233
          ],
          [
            8.061716817319393,
            49.9514926224947
          ],
          [
            8.061553705483675,
            49.951627822592854
          ],
          [
            8.061382379382849,
            49.951759334653616
          ],
          [
            8.061209041625261,
            49.95190618559718
          ],
          [
            8.061030674725771,
            49.952054964378476
          ],
          [
            8.060859851539135,
            49.95220483280718
          ],
          [
            8.060679892078042,
            49.952357383444905
          ],
          [
            8.060499178245664,
            49.95251186192036
          ],
          [
            8.060332462191582,
            49.95266407728195
          ],
          [
            8.060190556570888,
            49.95280212722719
          ],
          [
            8.06007538922131,
            49.952951073646545
          ],
          [
            8.059974135830998,
            49.95311971753836
          ],
          [
            8.05988285690546,
            49.95329179801047
          ],
          [
            8.059805072844028,
            49.95346203446388
          ],
          [
            8.05974455550313,
            49.95363243855536
          ],
          [
            8.059714380651712,
            49.95381608605385
          ],
          [
            8.059691246598959,
            49.95399386622012
          ],
          [
            8.059691414237022,
            49.954164857044816
          ],
          [
            8.05970348417759,
            49.95432394556701
          ],
          [
            8.059728210791945,
            49.954484794288874
          ],
          [
            8.059753440320492,
            49.95464145205915
          ],
          [
            8.059780346229672,
            49.9548064917326
          ],
          [
            8.05980616249144,
            49.954977901652455
          ],
          [
            8.059825776144862,
            49.9551569391042
          ],
          [
            8.059828542172909,
            49.95533270761371
          ],
          [
            8.059815801680088,
            49.955521216616035
          ],
          [
            8.059794930741191,
            49.95571584440768
          ],
          [
            8.059761989861727,
            49.95590980164707
          ],
          [
            8.059718068689108,
            49.956091437488794
          ],
          [
            8.059667777270079,
            49.95626335032284
          ],
          [
            8.059551771730185,
            49.956417828798294
          ],
          [
            8.059409279376268,
            49.95657582767308
          ],
          [
            8.059261171147227,
            49.95673223398626
          ],
          [
            8.059123707935214,
            49.9568803422153
          ],
          [
            8.058998985216022,
            49.957020403817296
          ],
          [
            8.05886940099299,
            49.95715786702931
          ],
          [
            8.058730345219374,
            49.95729952119291
          ],
          [
            8.058583158999681,
            49.957452826201916
          ],
          [
            8.05844041518867,
            49.957613591104746
          ],
          [
            8.058298006653786,
            49.957772847265005
          ],
          [
            8.058123243972659,
            49.95792062021792
          ],
          [
            8.057925347238779,
            49.958077697083354
          ],
          [
            8.057787884026766,
            49.958181297406554
          ],
          [
            8.057598788291216,
            49.958321023732424
          ],
          [
            8.05741866119206,
            49.95845370925963
          ],
          [
            8.057247335091233,
            49.95857524685562
          ],
          [
            8.057087743654847,
            49.95869284495711
          ],
          [
            8.056906023994088,
            49.9588212557137
          ],
          [
            8.056733356788754,
            49.95891756378114
          ],
          [
            8.056549625471234,
            49.959004400298
          ],
          [
            8.056357596069574,
            49.95911495760083
          ],
          [
            8.056177971884608,
            49.95920221321285
          ],
          [
            8.055983176454902,
            49.959302209317684
          ],
          [
            8.055789219215512,
            49.95941394008696
          ],
          [
            8.055598111823201,
            49.959537824615836
          ],
          [
            8.055422008037567,
            49.959661876782775
          ],
          [
            8.055259315297008,
            49.95979347266257
          ],
          [
            8.055109865963459,
            49.959929175674915
          ],
          [
            8.054963517934084,
            49.96007259003818
          ],
          [
            8.054828653112054,
            49.960225727409124
          ],
          [
            8.054711809381843,
            49.96037660166621
          ],
          [
            8.0545948818326,
            49.96053124777973
          ],
          [
            8.054470913484693,
            49.960677260532975
          ],
          [
            8.054289948195219,
            49.96076828800142
          ],
          [
            8.054212164133787,
            49.960910277441144
          ],
          [
            8.054183078929782,
            49.96106123551726
          ],
          [
            8.054369324818254,
            49.96116064488888
          ],
          [
            8.054580548778176,
            49.96122828684747
          ],
          [
            8.0545758549124,
            49.96137488633394
          ],
          [
            8.054511984810233,
            49.961512768641114
          ],
          [
            8.05463058874011,
            49.96164679527283
          ],
          [
            8.054731590673327,
            49.96176967397332
          ],
          [
            8.054525898769498,
            49.9618449434638
          ],
          [
            8.054312411695719,
            49.961930606514215
          ],
          [
            8.054136475548148,
            49.96200663037598
          ],
          [
            8.05393815971911,
            49.96208324097097
          ],
          [
            8.053748393431306,
            49.96216672472656
          ],
          [
            8.053559130057693,
            49.962249118834734
          ],
          [
            8.053370034322143,
            49.96234718710184
          ],
          [
            8.053173311054707,
            49.96245129033923
          ],
          [
            8.052976252511144,
            49.962581880390644
          ],
          [
            8.052806267514825,
            49.96270048432052
          ],
          [
            8.052670480683446,
            49.962823279201984
          ],
          [
            8.052533436566591,
            49.962962083518505
          ],
          [
            8.052407456561923,
            49.96310834772885
          ],
          [
            8.05229488760233,
            49.96326860971749
          ],
          [
            8.052188018336892,
            49.96342149563134
          ],
          [
            8.05210285820067,
            49.96356474235654
          ],
          [
            8.05202029645443,
            49.963728273287416
          ],
          [
            8.051952989771962,
            49.963886607438326
          ],
          [
            8.05187906138599,
            49.96405097655952
          ],
          [
            8.051815442740917,
            49.964217357337475
          ],
          [
            8.051746794953942,
            49.964376194402575
          ],
          [
            8.051699856296182,
            49.96452840976417
          ],
          [
            8.051659539341927,
            49.96466704644263
          ],
          [
            8.051596507430077,
            49.964836025610566
          ],
          [
            8.051558621227741,
            49.96497072279453
          ],
          [
            8.051518639549613,
            49.96511321514845
          ],
          [
            8.051494415849447,
            49.9652624130249
          ],
          [
            8.051479663699865,
            49.9654109403491
          ],
          [
            8.051457116380334,
            49.965563490986824
          ],
          [
            8.051435658708215,
            49.96571470052004
          ],
          [
            8.051430964842439,
            49.965865993872285
          ],
          [
            8.051437251269817,
            49.966021897271276
          ],
          [
            8.051425013691187,
            49.966175789013505
          ],
          [
            8.051426857709885,
            49.96632934547961
          ],
          [
            8.05143884383142,
            49.96648575179279
          ],
          [
            8.051447896286845,
            49.966636039316654
          ],
          [
            8.051452087238431,
            49.96679227799177
          ],
          [
            8.05145837366581,
            49.96695404872298
          ],
          [
            8.05146373808384,
            49.9671187531203
          ],
          [
            8.051475808024406,
            49.96728027239442
          ],
          [
            8.051498020067811,
            49.96741564013064
          ],
          [
            8.051540097221732,
            49.96756869368255
          ],
          [
            8.051527608186007,
            49.96773608028889
          ],
          [
            8.05150581523776,
            49.96787639334798
          ],
          [
            8.051503971219063,
            49.968032045289874
          ],
          [
            8.05150430649519,
            49.96818769723177
          ],
          [
            8.051487375050783,
            49.96833588927984
          ],
          [
            8.051475891843438,
            49.96849447488785
          ],
          [
            8.051464995369315,
            49.9686539825052
          ],
          [
            8.051440184935927,
            49.96881843544543
          ],
          [
            8.051419481635094,
            49.96897542849183
          ],
          [
            8.051416799426079,
            49.969150107353926
          ],
          [
            8.051415039226413,
            49.96931506320834
          ],
          [
            8.0514036398381,
            49.969470128417015
          ],
          [
            8.051385534927249,
            49.96962200850248
          ],
          [
            8.051360808312893,
            49.969778414815664
          ],
          [
            8.05134060792625,
            49.969952423125505
          ],
          [
            8.051323927938938,
            49.97011788189411
          ],
          [
            8.051313366740942,
            49.97029088437557
          ],
          [
            8.051311522722244,
            49.97046573087573
          ],
          [
            8.05130791850388,
            49.97064518742263
          ],
          [
            8.051301380619407,
            49.97082891874015
          ],
          [
            8.051304398104548,
            49.971003932878375
          ],
          [
            8.05129962041974,
            49.97116821818054
          ],
          [
            8.051293669268489,
            49.97132898308337
          ],
          [
            8.051295261830091,
            49.97149569913745
          ],
          [
            8.051294926553965,
            49.97164271771908
          ],
          [
            8.051291825249791,
            49.9718108586967
          ],
          [
            8.051292495802045,
            49.971959134563804
          ],
          [
            8.051256369799376,
            49.97212601825595
          ],
          [
            8.051200211048126,
            49.97230228967965
          ],
          [
            8.051133323460817,
            49.972443440929055
          ],
          [
            8.051033830270171,
            49.97260336764157
          ],
          [
            8.05092821829021,
            49.972759019583464
          ],
          [
            8.050879016518593,
            49.972894890233874
          ],
          [
            8.050902066752315,
            49.973054230213165
          ],
          [
            8.050958644598722,
            49.973189597949386
          ],
          [
            8.051176741719246,
            49.97324885800481
          ],
          [
            8.051398694515228,
            49.973272075876594
          ],
          [
            8.051476394757628,
            49.97342663817108
          ],
          [
            8.051428031176329,
            49.9736014008522
          ],
          [
            8.05140171200037,
            49.97375403530896
          ],
          [
            8.051331890746951,
            49.97388697229326
          ],
          [
            8.051209263503551,
            49.97402736917138
          ],
          [
            8.051159474998713,
            49.97416072525084
          ],
          [
            8.050996698439121,
            49.97426684014499
          ],
          [
            8.050782289355993,
            49.97424613684416
          ],
          [
            8.050558911636472,
            49.97421948239207
          ],
          [
            8.050300581380725,
            49.974188301712275
          ],
          [
            8.050037305802107,
            49.97415787540376
          ],
          [
            8.049828177317977,
            49.9741386808455
          ],
          [
            8.049568086862564,
            49.97411194257438
          ],
          [
            8.049346134066582,
            49.97408604249358
          ],
          [
            8.049166174605489,
            49.97418595477939
          ],
          [
            8.048948496580124,
            49.9741698615253
          ],
          [
            8.048734087496996,
            49.97413675300777
          ],
          [
            8.048532586544752,
            49.974049497395754
          ],
          [
            8.04833703674376,
            49.973979676142335
          ],
          [
            8.048145761713386,
            49.973905915394425
          ],
          [
            8.047950798645616,
            49.97382704168558
          ],
          [
            8.047750974074006,
            49.97375135309994
          ],
          [
            8.04754251614213,
            49.9736671987921
          ],
          [
            8.047338416799903,
            49.97358564287424
          ],
          [
            8.04713984951377,
            49.97351028956473
          ],
          [
            8.046944886446,
            49.973433427512646
          ],
          [
            8.046743217855692,
            49.97335346415639
          ],
          [
            8.04654817096889,
            49.9732771050185
          ],
          [
            8.046358320862055,
            49.9732009973377
          ],
          [
            8.046158496290445,
            49.97312824241817
          ],
          [
            8.045959593728185,
            49.97304794378579
          ],
          [
            8.04576094262302,
            49.97297150082886
          ],
          [
            8.045564722269773,
            49.972890950739384
          ],
          [
            8.045375039801002,
            49.97281073592603
          ],
          [
            8.04519415833056,
            49.97272431850433
          ],
          [
            8.045005649328232,
            49.9726277589798
          ],
          [
            8.04483407177031,
            49.972527427598834
          ],
          [
            8.044676324352622,
            49.97242072597146
          ],
          [
            8.044535676017404,
            49.97231553308666
          ],
          [
            8.044335767626762,
            49.97218502685428
          ],
          [
            8.044154467061162,
            49.97210665605962
          ],
          [
            8.043947517871857,
            49.97205192223191
          ],
          [
            8.0437155906111,
            49.97202929109335
          ],
          [
            8.04347955621779,
            49.97199324890971
          ],
          [
            8.043258860707283,
            49.97192669659853
          ],
          [
            8.043067250400782,
            49.97183139435947
          ],
          [
            8.042914783582091,
            49.97170633636415
          ],
          [
            8.042790982872248,
            49.97158035635948
          ],
          [
            8.042683526873589,
            49.97146334499121
          ],
          [
            8.042577328160405,
            49.9713462498039
          ],
          [
            8.042451180517673,
            49.971218006685376
          ],
          [
            8.042254205793142,
            49.971100743860006
          ],
          [
            8.042019177228212,
            49.97105640359223
          ],
          [
            8.04176495410502,
            49.97102580964565
          ],
          [
            8.041495559737086,
            49.970987755805254
          ],
          [
            8.041281821206212,
            49.97098230756819
          ],
          [
            8.041035560891032,
            49.97101776301861
          ],
          [
            8.040796928107738,
            49.97107157483697
          ],
          [
            8.040550500154495,
            49.971134439110756
          ],
          [
            8.040317315608263,
            49.97121482156217
          ],
          [
            8.040087400004268,
            49.971314733847976
          ],
          [
            8.039924036711454,
            49.97140374965966
          ],
          [
            8.039768049493432,
            49.97149972245097
          ],
          [
            8.039620695635676,
            49.97160751372576
          ],
          [
            8.039477951824665,
            49.97173483483493
          ],
          [
            8.039350965991616,
            49.971868358552456
          ],
          [
            8.03924510255456,
            49.9720130302012
          ],
          [
            8.039173688739538,
            49.97217035852373
          ],
          [
            8.039126247167587,
            49.97232550755143
          ],
          [
            8.03908970206976,
            49.97246674261987
          ],
          [
            8.039054749533534,
            49.972611078992486
          ],
          [
            8.039030442014337,
            49.97277704067528
          ],
          [
            8.039040919393301,
            49.972934452816844
          ],
          [
            8.03896120749414,
            49.97306764125824
          ],
          [
            8.038951568305492,
            49.973203763365746
          ],
          [
            8.038980988785625,
            49.97335170395672
          ],
          [
            8.038837658241391,
            49.97346779331565
          ],
          [
            8.038708157837391,
            49.97361640445888
          ],
          [
            8.038585782051086,
            49.973769122734666
          ],
          [
            8.038460975512862,
            49.97392385266721
          ],
          [
            8.038357626646757,
            49.97404832392931
          ],
          [
            8.03825369104743,
            49.97417245991528
          ],
          [
            8.038153778761625,
            49.97429517097771
          ],
          [
            8.038055375218391,
            49.974419474601746
          ],
          [
            8.037942051887512,
            49.97454134747386
          ],
          [
            8.03782369941473,
            49.974676044657826
          ],
          [
            8.037701742723584,
            49.97481996193528
          ],
          [
            8.037571739405394,
            49.974974105134606
          ],
          [
            8.037440562620759,
            49.9751265719533
          ],
          [
            8.037314331158996,
            49.975278452038765
          ],
          [
            8.037192793563008,
            49.97543100267649
          ],
          [
            8.037083158269525,
            49.975563855841756
          ],
          [
            8.036964051425457,
            49.97569687664509
          ],
          [
            8.036844190210104,
            49.97583190910518
          ],
          [
            8.03673111833632,
            49.97596417553723
          ],
          [
            8.03661871701479,
            49.976094933226705
          ],
          [
            8.036503801122308,
            49.97622418217361
          ],
          [
            8.036397602409124,
            49.9763489048928
          ],
          [
            8.036295091733336,
            49.97647086158395
          ],
          [
            8.036185204982758,
            49.976593824103475
          ],
          [
            8.036074060946703,
            49.97672215104103
          ],
          [
            8.035962749272585,
            49.97685391455889
          ],
          [
            8.035841379314661,
            49.976991126313806
          ],
          [
            8.035732414573431,
            49.977112244814634
          ],
          [
            8.035622360184789,
            49.97726261615753
          ],
          [
            8.035496212542057,
            49.97740611433983
          ],
          [
            8.035392863675952,
            49.977524718269706
          ],
          [
            8.035275349393487,
            49.97765036299825
          ],
          [
            8.035177700221539,
            49.97779067605734
          ],
          [
            8.035072507336736,
            49.97792612761259
          ],
          [
            8.034955663606524,
            49.978067614138126
          ],
          [
            8.034842843189836,
            49.97819962911308
          ],
          [
            8.034734297543764,
            49.97832544147968
          ],
          [
            8.03462466225028,
            49.97845544479787
          ],
          [
            8.034512009471655,
            49.978584526106715
          ],
          [
            8.03440329618752,
            49.97871528379619
          ],
          [
            8.03428603336215,
            49.978844532743096
          ],
          [
            8.034184193238616,
            49.97896933928132
          ],
          [
            8.034067433327436,
            49.97910428792238
          ],
          [
            8.033945811912417,
            49.97923521324992
          ],
          [
            8.033829387277365,
            49.979362953454256
          ],
          [
            8.033724948763847,
            49.97948868200183
          ],
          [
            8.033617995679379,
            49.97961432673037
          ],
          [
            8.033500481396914,
            49.97974533587694
          ],
          [
            8.03339864127338,
            49.979875423014164
          ],
          [
            8.033306105062366,
            49.98000425286591
          ],
          [
            8.033207198604941,
            49.980136854574084
          ],
          [
            8.03310301154852,
            49.98026710934937
          ],
          [
            8.032993795350194,
            49.98039451427758
          ],
          [
            8.032878376543522,
            49.980532228946686
          ],
          [
            8.032758180052042,
            49.980676397681236
          ],
          [
            8.032640665769577,
            49.98081201687455
          ],
          [
            8.032552655786276,
            49.980947468429804
          ],
          [
            8.032433968037367,
            49.9810650665313
          ],
          [
            8.032293822616339,
            49.981198171153665
          ],
          [
            8.032178487628698,
            49.98132440261543
          ],
          [
            8.032055692747235,
            49.981450131163
          ],
          [
            8.031945638358593,
            49.9815711658448
          ],
          [
            8.031814461573958,
            49.98171919025481
          ],
          [
            8.031684625893831,
            49.98187257908285
          ],
          [
            8.031584713608027,
            49.98203334398568
          ],
          [
            8.031479772180319,
            49.98217608779669
          ],
          [
            8.031345074996352,
            49.982302067801356
          ],
          [
            8.0312130600214,
            49.98244875110686
          ],
          [
            8.031087163835764,
            49.98259015381336
          ],
          [
            8.030971828848124,
            49.98272870667279
          ],
          [
            8.03084266372025,
            49.98287974856794
          ],
          [
            8.03071509115398,
            49.983032550662756
          ],
          [
            8.030601516366005,
            49.98317839577794
          ],
          [
            8.030494563281536,
            49.983310997486115
          ],
          [
            8.030409822240472,
            49.983448376879096
          ],
          [
            8.030344359576702,
            49.98360101133585
          ],
          [
            8.030262971296906,
            49.983732188120484
          ],
          [
            8.030163729563355,
            49.98387618921697
          ],
          [
            8.02999491803348,
            49.983993619680405
          ],
          [
            8.029845301061869,
            49.98412479646504
          ],
          [
            8.029679004102945,
            49.98424801044166
          ],
          [
            8.029577331617475,
            49.98436686582863
          ],
          [
            8.029465349391103,
            49.9844859726727
          ],
          [
            8.02932444959879,
            49.98463885858655
          ],
          [
            8.029191009700298,
            49.984797947108746
          ],
          [
            8.029083972796798,
            49.984925519675016
          ],
          [
            8.028973750770092,
            49.98505820520222
          ],
          [
            8.028852380812168,
            49.98519298620522
          ],
          [
            8.028734615072608,
            49.98533313162625
          ],
          [
            8.028630008921027,
            49.985466320067644
          ],
          [
            8.028518026694655,
            49.985605124384165
          ],
          [
            8.028389113023877,
            49.985741917043924
          ],
          [
            8.028241340070963,
            49.98587753623724
          ],
          [
            8.028117874637246,
            49.98602656647563
          ],
          [
            8.027990721166134,
            49.986164616420865
          ],
          [
            8.027868177741766,
            49.98630182817578
          ],
          [
            8.02776231430471,
            49.986422108486295
          ],
          [
            8.027643542736769,
            49.98655219562352
          ],
          [
            8.027544636279345,
            49.986675744876266
          ],
          [
            8.027430474758148,
            49.98680239543319
          ],
          [
            8.027321677654982,
            49.98692753724754
          ],
          [
            8.027212209999561,
            49.98705360107124
          ],
          [
            8.027097210288048,
            49.987183436751366
          ],
          [
            8.026997214183211,
            49.98731251806021
          ],
          [
            8.026895709335804,
            49.98744838871062
          ],
          [
            8.026762353256345,
            49.9875823315233
          ],
          [
            8.026648694649339,
            49.98771325685084
          ],
          [
            8.02653688006103,
            49.98784334398806
          ],
          [
            8.026432022452354,
            49.9879692401737
          ],
          [
            8.0263018514961,
            49.98812338337302
          ],
          [
            8.026152402162552,
            49.98826562426984
          ],
          [
            8.026044946163893,
            49.988384898751974
          ],
          [
            8.025931203737855,
            49.98852051794529
          ],
          [
            8.025813102722168,
            49.988660579547286
          ],
          [
            8.025694582611322,
            49.98879812657833
          ],
          [
            8.025582768023014,
            49.988938104361296
          ],
          [
            8.025465840473771,
            49.989072382450104
          ],
          [
            8.025338938459754,
            49.98921789228916
          ],
          [
            8.025209940969944,
            49.989363653585315
          ],
          [
            8.025087397545576,
            49.989510755985975
          ],
          [
            8.024964854121208,
            49.98965668492019
          ],
          [
            8.024835102260113,
            49.98981141485274
          ],
          [
            8.024706607684493,
            49.98996304348111
          ],
          [
            8.024578699842095,
            49.990111738443375
          ],
          [
            8.024448025971651,
            49.990259762853384
          ],
          [
            8.02432137541473,
            49.99040460214019
          ],
          [
            8.0242036934942,
            49.990541730076075
          ],
          [
            8.024091459810734,
            49.990674667060375
          ],
          [
            8.023971933871508,
            49.99082000926137
          ],
          [
            8.023844948038459,
            49.99096266925335
          ],
          [
            8.023719051852822,
            49.99110725708306
          ],
          [
            8.02358946762979,
            49.991253186017275
          ],
          [
            8.02347119897604,
            49.99140280298889
          ],
          [
            8.023356953635812,
            49.99154856428504
          ],
          [
            8.023226279765368,
            49.991701198741794
          ],
          [
            8.02309250459075,
            49.99184721149504
          ],
          [
            8.022979767993093,
            49.99196941964328
          ],
          [
            8.022872731089592,
            49.9920963216573
          ],
          [
            8.022760078310966,
            49.99222632497549
          ],
          [
            8.02265278995037,
            49.99235272407532
          ],
          [
            8.022521026432514,
            49.99250468797982
          ],
          [
            8.022403931245208,
            49.99264843761921
          ],
          [
            8.022255906835198,
            49.992794282734394
          ],
          [
            8.022122886031866,
            49.992933589965105
          ],
          [
            8.02200486883521,
            49.993075747042894
          ],
          [
            8.02192465402186,
            49.99321321025491
          ],
          [
            8.021837398409843,
            49.993354780599475
          ],
          [
            8.021709490567446,
            49.99349827878177
          ],
          [
            8.021594658493996,
            49.99363892711699
          ],
          [
            8.021495081484318,
            49.99376113526523
          ],
          [
            8.021402126178145,
            49.993899604305625
          ],
          [
            8.021174725145102,
            49.99393304809928
          ],
          [
            8.021355522796512,
            49.99385786242783
          ],
          [
            8.021458955481648,
            49.99372065067291
          ],
          [
            8.02158024162054,
            49.99357379972935
          ],
          [
            8.021695241332054,
            49.993444634601474
          ],
          [
            8.021792639046907,
            49.9933170620352
          ],
          [
            8.021907471120358,
            49.993175407871604
          ],
          [
            8.022013502195477,
            49.99303165823221
          ],
          [
            8.022121461108327,
            49.99289872124791
          ],
          [
            8.022252386435866,
            49.992749858647585
          ],
          [
            8.02236931398511,
            49.99262387864292
          ],
          [
            8.022497640922666,
            49.99248314648867
          ],
          [
            8.022598391398787,
            49.99235867522657
          ],
          [
            8.022708781063557,
            49.992229007184505
          ],
          [
            8.022824451327324,
            49.992107804864645
          ],
          [
            8.022932913154364,
            49.991978388279676
          ],
          [
            8.023056043311954,
            49.99183966778219
          ],
          [
            8.023181185126305,
            49.99169507995248
          ],
          [
            8.023308254778385,
            49.99154621735215
          ],
          [
            8.0234301276505,
            49.99141562730074
          ],
          [
            8.023530878126621,
            49.991291323676705
          ],
          [
            8.023652667179704,
            49.99113868921995
          ],
          [
            8.023789459839463,
            49.99098161235452
          ],
          [
            8.023901609703898,
            49.99085579998791
          ],
          [
            8.024003366008401,
            49.990733843296766
          ],
          [
            8.024108810350299,
            49.99060392379761
          ],
          [
            8.024216014891863,
            49.99048640951514
          ],
          [
            8.024311400949955,
            49.99036512337625
          ],
          [
            8.024424808099866,
            49.990220703184605
          ],
          [
            8.02455397322774,
            49.99007578007877
          ],
          [
            8.024660926312208,
            49.98995617032051
          ],
          [
            8.024766957387328,
            49.989821054041386
          ],
          [
            8.024870809167624,
            49.98969758860767
          ],
          [
            8.024988071992993,
            49.9895697645843
          ],
          [
            8.025102484971285,
            49.98944152146578
          ],
          [
            8.025220753625035,
            49.98930682428181
          ],
          [
            8.025333909317851,
            49.989177826792
          ],
          [
            8.025459637865424,
            49.9890173971653
          ],
          [
            8.025568351149559,
            49.98888747766614
          ],
          [
            8.025690894573927,
            49.988754373043776
          ],
          [
            8.02580639719963,
            49.98862470500171
          ],
          [
            8.025917876511812,
            49.98849168419838
          ],
          [
            8.026010915637016,
            49.98835782520473
          ],
          [
            8.026112923398614,
            49.98820309527218
          ],
          [
            8.026221133768559,
            49.98807895928621
          ],
          [
            8.026328589767218,
            49.98795415274799
          ],
          [
            8.02644015289843,
            49.987821551039815
          ],
          [
            8.02654467523098,
            49.98769925907254
          ],
          [
            8.026636289432645,
            49.98754913918674
          ],
          [
            8.026762353256345,
            49.98739264905453
          ],
          [
            8.02687207236886,
            49.98726918362081
          ],
          [
            8.026981120929122,
            49.98713633045554
          ],
          [
            8.027085475623608,
            49.987010937184095
          ],
          [
            8.027189746499062,
            49.98688688501716
          ],
          [
            8.027296364307404,
            49.986759731546044
          ],
          [
            8.027415471151471,
            49.98662126250565
          ],
          [
            8.027526531368494,
            49.98649260029197
          ],
          [
            8.027659133076668,
            49.9863354396075
          ],
          [
            8.027768936008215,
            49.98621666803956
          ],
          [
            8.027874045073986,
            49.986088424921036
          ],
          [
            8.027999941259623,
            49.98593227006495
          ],
          [
            8.028121059760451,
            49.98581266030669
          ],
          [
            8.028231197968125,
            49.985690619796515
          ],
          [
            8.028344186022878,
            49.98556036502123
          ],
          [
            8.028452396392822,
            49.985434552654624
          ],
          [
            8.028572760522366,
            49.985300777480006
          ],
          [
            8.028684072196484,
            49.985159458592534
          ],
          [
            8.028798904269934,
            49.98502526432276
          ],
          [
            8.02892035804689,
            49.98489249497652
          ],
          [
            8.029028484597802,
            49.984763162210584
          ],
          [
            8.029141640290618,
            49.984634248539805
          ],
          [
            8.029257226735353,
            49.98450851999223
          ],
          [
            8.029378177598119,
            49.984388910233974
          ],
          [
            8.029482364654541,
            49.98425094410777
          ],
          [
            8.029581774026155,
            49.98412613756955
          ],
          [
            8.029706329107285,
            49.98397098854184
          ],
          [
            8.029805235564709,
            49.98383151367307
          ],
          [
            8.029838930815458,
            49.983690697699785
          ],
          [
            8.030016459524632,
            49.983588103204966
          ],
          [
            8.030095919966698,
            49.983447287231684
          ],
          [
            8.030275041237473,
            49.983358355239034
          ],
          [
            8.030405463650823,
            49.983215276151896
          ],
          [
            8.030540412291884,
            49.983062809333205
          ],
          [
            8.030646359547973,
            49.982934733852744
          ],
          [
            8.030754402279854,
            49.98280355706811
          ],
          [
            8.030865043401718,
            49.98267657123506
          ],
          [
            8.030950035899878,
            49.98255201615393
          ],
          [
            8.031050702556968,
            49.982404662296176
          ],
          [
            8.031161092221737,
            49.98225538060069
          ],
          [
            8.031301572918892,
            49.982096711173654
          ],
          [
            8.031412130221725,
            49.98197576031089
          ],
          [
            8.031545067206025,
            49.981821198016405
          ],
          [
            8.031670041382313,
            49.9816713295877
          ],
          [
            8.031784370541573,
            49.98153663240373
          ],
          [
            8.031933149322867,
            49.98143655247986
          ],
          [
            8.03204270079732,
            49.981312584131956
          ],
          [
            8.032136661931872,
            49.981167828664184
          ],
          [
            8.03228602744639,
            49.9810634739697
          ],
          [
            8.032398009672761,
            49.98093347065151
          ],
          [
            8.032504208385944,
            49.98078846372664
          ],
          [
            8.032659441232681,
            49.980614706873894
          ],
          [
            8.032783912494779,
            49.98047129251063
          ],
          [
            8.032895727083087,
            49.98033902607858
          ],
          [
            8.03301458247006,
            49.98020835220814
          ],
          [
            8.033121954649687,
            49.980083629488945
          ],
          [
            8.033241396769881,
            49.979919930920005
          ],
          [
            8.033314570784569,
            49.97978473082185
          ],
          [
            8.03342454135418,
            49.979618433862925
          ],
          [
            8.033533757552505,
            49.97949102893472
          ],
          [
            8.033648757264018,
            49.97936219908297
          ],
          [
            8.033765014261007,
            49.97922842390835
          ],
          [
            8.03387607447803,
            49.97909749858081
          ],
          [
            8.03398696705699,
            49.97896724380553
          ],
          [
            8.034096853807569,
            49.978839587420225
          ],
          [
            8.034211853519082,
            49.97870648279786
          ],
          [
            8.034329954534769,
            49.97856725938618
          ],
          [
            8.034448809921741,
            49.9784314725548
          ],
          [
            8.034567749127746,
            49.978292835876346
          ],
          [
            8.034683335572481,
            49.978162329643965
          ],
          [
            8.034795233979821,
            49.97803031466901
          ],
          [
            8.034906042739749,
            49.977900395169854
          ],
          [
            8.035022551193833,
            49.977770894765854
          ],
          [
            8.035132437944412,
            49.97763921506703
          ],
          [
            8.03524274379015,
            49.97751482762396
          ],
          [
            8.035372495651245,
            49.97735942713916
          ],
          [
            8.035478610545397,
            49.977241326123476
          ],
          [
            8.035636944696307,
            49.97710017487407
          ],
          [
            8.03573777899146,
            49.976936392486095
          ],
          [
            8.035841463133693,
            49.97681795619428
          ],
          [
            8.035944057628512,
            49.976692562922835
          ],
          [
            8.036049753427505,
            49.97656532563269
          ],
          [
            8.036153353750706,
            49.97643708251417
          ],
          [
            8.036266174167395,
            49.976308923214674
          ],
          [
            8.036377485841513,
            49.97617623768747
          ],
          [
            8.036488210782409,
            49.97604698874056
          ],
          [
            8.036594912409782,
            49.97592704370618
          ],
          [
            8.036703541874886,
            49.975803242996335
          ],
          [
            8.036837317049503,
            49.97568019665778
          ],
          [
            8.036953825503588,
            49.9755563121289
          ],
          [
            8.037047870457172,
            49.97542756609619
          ],
          [
            8.037144681438804,
            49.97528901323676
          ],
          [
            8.037261022254825,
            49.975157501176
          ],
          [
            8.037368142977357,
            49.97502867132425
          ],
          [
            8.03747434169054,
            49.974911073222756
          ],
          [
            8.037608619779348,
            49.974763384088874
          ],
          [
            8.0377147346735,
            49.974638326093554
          ],
          [
            8.037840127944946,
            49.97448963113129
          ],
          [
            8.037957642227411,
            49.97434990480542
          ],
          [
            8.038066606968641,
            49.97421160340309
          ],
          [
            8.038185043260455,
            49.974096016958356
          ],
          [
            8.038292080163956,
            49.97396727092564
          ],
          [
            8.038369193673134,
            49.97384078800678
          ],
          [
            8.038458712399006,
            49.97371497564018
          ],
          [
            8.038558792322874,
            49.9735514447093
          ],
          [
            8.038617884740233,
            49.97339596040547
          ],
          [
            8.038652753457427,
            49.97325480915606
          ],
          [
            8.038621908053756,
            49.97311935760081
          ],
          [
            8.038664320483804,
            49.97297426685691
          ],
          [
            8.038915023207664,
            49.97297284193337
          ],
          [
            8.03903203457594,
            49.972842670977116
          ],
          [
            8.03902080282569,
            49.97269028797746
          ],
          [
            8.039056174457073,
            49.972544107586145
          ],
          [
            8.039098083972931,
            49.97238418087363
          ],
          [
            8.039143765345216,
            49.97224981896579
          ],
          [
            8.039193889126182,
            49.972109254449606
          ],
          [
            8.039271170273423,
            49.97195636853576
          ],
          [
            8.039388349279761,
            49.97181924059987
          ],
          [
            8.039524052292109,
            49.97168965637684
          ],
          [
            8.039685739204288,
            49.971560910344124
          ],
          [
            8.039863435551524,
            49.971460327506065
          ],
          [
            8.04004984907806,
            49.97134314849973
          ],
          [
            8.040250763297081,
            49.97125178575516
          ],
          [
            8.040466764941812,
            49.97116897255182
          ],
          [
            8.040700368583202,
            49.97110049240291
          ],
          [
            8.040921315550804,
            49.97105212882161
          ],
          [
            8.041159696877003,
            49.97101441025734
          ],
          [
            8.041379889473319,
            49.970997562631965
          ],
          [
            8.041647523641586,
            49.97102212160826
          ],
          [
            8.04192571900785,
            49.97105556540191
          ],
          [
            8.0421407148242,
            49.97107861563563
          ],
          [
            8.042360823601484,
            49.971136869862676
          ],
          [
            8.042524019256234,
            49.97127056121826
          ],
          [
            8.042668523266912,
            49.97142688371241
          ],
          [
            8.04279257543385,
            49.97156602330506
          ],
          [
            8.042916879057884,
            49.97169812209904
          ],
          [
            8.043050821870565,
            49.971817480400205
          ],
          [
            8.043216867372394,
            49.97191680595279
          ],
          [
            8.043420631438494,
            49.971992410719395
          ],
          [
            8.043644679710269,
            49.97203633189201
          ],
          [
            8.043883396312594,
            49.972059801220894
          ],
          [
            8.044107109308243,
            49.97209584340453
          ],
          [
            8.044307855889201,
            49.97216952033341
          ],
          [
            8.044487396255136,
            49.97227085754275
          ],
          [
            8.044649083167315,
            49.972388707101345
          ],
          [
            8.04480716586113,
            49.97251125052571
          ],
          [
            8.044991148635745,
            49.972622310742736
          ],
          [
            8.04517756216228,
            49.97272549197078
          ],
          [
            8.045379146933556,
            49.97281861491501
          ],
          [
            8.045582072809339,
            49.972907127812505
          ],
          [
            8.045795895159245,
            49.97299396432936
          ],
          [
            8.04601357318461,
            49.97307828627527
          ],
          [
            8.046239549294114,
            49.97316537424922
          ],
          [
            8.046467117965221,
            49.97325288131833
          ],
          [
            8.046699883416295,
            49.97334114275873
          ],
          [
            8.046929715201259,
            49.97343267314136
          ],
          [
            8.04715845733881,
            49.973519928753376
          ],
          [
            8.047386277467012,
            49.97360726818442
          ],
          [
            8.047618204727769,
            49.97369955293834
          ],
          [
            8.047843845561147,
            49.97378680855036
          ],
          [
            8.048056159168482,
            49.973867358639836
          ],
          [
            8.048250116407871,
            49.97394958510995
          ],
          [
            8.048450443893671,
            49.97402049601078
          ],
          [
            8.048658650368452,
            49.974103728309274
          ],
          [
            8.048871718347073,
            49.97417748905718
          ],
          [
            8.049086714163423,
            49.97419433668256
          ],
          [
            8.049307074397802,
            49.97420657426119
          ],
          [
            8.049490386620164,
            49.97412987984717
          ],
          [
            8.049725079908967,
            49.974148320034146
          ],
          [
            8.049955582246184,
            49.97417237609625
          ],
          [
            8.050183486193419,
            49.97419509105384
          ],
          [
            8.050436871126294,
            49.974217219278216
          ],
          [
            8.050696374848485,
            49.97424094006419
          ],
          [
            8.05092235095799,
            49.974271450191736
          ],
          [
            8.05118034593761,
            49.974321657791734
          ],
          [
            8.051444124430418,
            49.974362310022116
          ],
          [
            8.051672531291842,
            49.97438971884549
          ],
          [
            8.051902195438743,
            49.97440413571894
          ],
          [
            8.052122052758932,
            49.97441930696368
          ],
          [
            8.05233352817595,
            49.9744391720742
          ],
          [
            8.052554810419679,
            49.97446599416435
          ],
          [
            8.052763771265745,
            49.97449692338705
          ],
          [
            8.052971139550209,
            49.97452684678137
          ],
          [
            8.053235588595271,
            49.97455735690892
          ],
          [
            8.05346617475152,
            49.97459448873997
          ],
          [
            8.053670022636652,
            49.974633883684874
          ],
          [
            8.053928771987557,
            49.97465584427118
          ],
          [
            8.054146617650986,
            49.97467881068587
          ],
          [
            8.054376533254981,
            49.974669087678194
          ],
          [
            8.054497735574841,
            49.974783500656486
          ],
          [
            8.054501758888364,
            49.97492750175297
          ],
          [
            8.054422466084361,
            49.97517476789653
          ],
          [
            8.05424309335649,
            49.97507183812559
          ],
          [
            8.054256672039628,
            49.97492305934429
          ],
          [
            8.054310735315084,
            49.97477184981108
          ],
          [
            8.054155670106411,
            49.974665651097894
          ],
          [
            8.053938914090395,
            49.974638326093554
          ],
          [
            8.05370363406837,
            49.974612509831786
          ],
          [
            8.053436167538166,
            49.97459700331092
          ],
          [
            8.053225362673402,
            49.97458099387586
          ],
          [
            8.05300290696323,
            49.97455802746117
          ],
          [
            8.052783887833357,
            49.97452978044748
          ],
          [
            8.052564784884453,
            49.97448870912194
          ],
          [
            8.052328415215015,
            49.97445585206151
          ],
          [
            8.052092297002673,
            49.97444059699774
          ],
          [
            8.051839414983988,
            49.974428275600076
          ],
          [
            8.051585778594017,
            49.97439810074866
          ],
          [
            8.051341446116567,
            49.97437580488622
          ],
          [
            8.05113055743277,
            49.97434998862445
          ],
          [
            8.05107045918703,
            49.97420531697571
          ],
          [
            8.051155786961317,
            49.974067183211446
          ],
          [
            8.0512654222548,
            49.97391387820244
          ],
          [
            8.051369609311223,
            49.973766105249524
          ],
          [
            8.05142031982541,
            49.973593186587095
          ],
          [
            8.05145745165646,
            49.97344063594937
          ],
          [
            8.051429456099868,
            49.97329093515873
          ],
          [
            8.05121848359704,
            49.97327249497175
          ],
          [
            8.05101279169321,
            49.97324416413903
          ],
          [
            8.050905670970678,
            49.97311105951667
          ],
          [
            8.050860660150647,
            49.97295423410833
          ],
          [
            8.050913633778691,
            49.972791289910674
          ],
          [
            8.05101471953094,
            49.97266195714474
          ],
          [
            8.051096023991704,
            49.97253497131169
          ],
          [
            8.051183111965656,
            49.972379403188825
          ],
          [
            8.051237929612398,
            49.97221729718149
          ],
          [
            8.051274474710226,
            49.97207757085562
          ],
          [
            8.051294842734933,
            49.97191336937249
          ],
          [
            8.051293836906552,
            49.9717677757144
          ],
          [
            8.051304398104548,
            49.971598042175174
          ],
          [
            8.051301715895534,
            49.97144146822393
          ],
          [
            8.051291909068823,
            49.97128522954881
          ],
          [
            8.051295932382345,
            49.971135864034295
          ],
          [
            8.051310516893864,
            49.970959508791566
          ],
          [
            8.051312528550625,
            49.9708007555455
          ],
          [
            8.051309594884515,
            49.97063286602497
          ],
          [
            8.05130934342742,
            49.970458606258035
          ],
          [
            8.051315546035767,
            49.97031720355153
          ],
          [
            8.051309594884515,
            49.97017630375922
          ],
          [
            8.0513259395957,
            49.970031548291445
          ],
          [
            8.05134890601039,
            49.96989467181265
          ],
          [
            8.051371034234762,
            49.96975637041032
          ],
          [
            8.051413111388683,
            49.96960474178195
          ],
          [
            8.051424007862806,
            49.96945143677294
          ],
          [
            8.05143197067082,
            49.9693067651242
          ],
          [
            8.051427360624075,
            49.969170559197664
          ],
          [
            8.051439011469483,
            49.968994203954935
          ],
          [
            8.051449405029416,
            49.968816759064794
          ],
          [
            8.051468348130584,
            49.96867787092924
          ],
          [
            8.05147547274828,
            49.96854099445045
          ],
          [
            8.05148620158434,
            49.96840311214328
          ],
          [
            8.051499528810382,
            49.96826631948352
          ],
          [
            8.051510341465473,
            49.96808845549822
          ],
          [
            8.051520567387342,
            49.96791461482644
          ],
          [
            8.051536912098527,
            49.96775083243847
          ],
          [
            8.051570858806372,
            49.9676161352545
          ],
          [
            8.051510592922568,
            49.96746165677905
          ],
          [
            8.051481004804373,
            49.96732243336737
          ],
          [
            8.05145937949419,
            49.967178432270885
          ],
          [
            8.051451249048114,
            49.96703451499343
          ],
          [
            8.05144764482975,
            49.966888753697276
          ],
          [
            8.051441861316562,
            49.966730922460556
          ],
          [
            8.051435491070151,
            49.96657443232834
          ],
          [
            8.05143054574728,
            49.96641492471099
          ],
          [
            8.051430126652122,
            49.96627134270966
          ],
          [
            8.051439095288515,
            49.96612876653671
          ],
          [
            8.05144714191556,
            49.96598753146827
          ],
          [
            8.051443118602037,
            49.965808326378465
          ],
          [
            8.051455356180668,
            49.96565921232104
          ],
          [
            8.051483519375324,
            49.965489730238914
          ],
          [
            8.051501289010048,
            49.965330976992846
          ],
          [
            8.051510844379663,
            49.9651762470603
          ],
          [
            8.051552837714553,
            49.96502822265029
          ],
          [
            8.051598183810711,
            49.96488053351641
          ],
          [
            8.051648056134582,
            49.96473460458219
          ],
          [
            8.051699688658118,
            49.96457727625966
          ],
          [
            8.051743358373642,
            49.96442028321326
          ],
          [
            8.051810078322887,
            49.96427536010742
          ],
          [
            8.051873194053769,
            49.96413446031511
          ],
          [
            8.051916528493166,
            49.964000433683395
          ],
          [
            8.051975620910525,
            49.96386271901429
          ],
          [
            8.052038652822375,
            49.96371041983366
          ],
          [
            8.052115514874458,
            49.963566083461046
          ],
          [
            8.052199082449079,
            49.963430715724826
          ],
          [
            8.052306035533547,
            49.96328420005739
          ],
          [
            8.05240779183805,
            49.9631436355412
          ],
          [
            8.052517846226692,
            49.96301271021366
          ],
          [
            8.052636617794633,
            49.962888741865754
          ],
          [
            8.052802244201303,
            49.962749518454075
          ],
          [
            8.052956722676754,
            49.96264088898897
          ],
          [
            8.053146237507463,
            49.96250870637596
          ],
          [
            8.053368274122477,
            49.96240234002471
          ],
          [
            8.053552508354187,
            49.962311731651425
          ],
          [
            8.05373053997755,
            49.96222095564008
          ],
          [
            8.053956013172865,
            49.96211886405945
          ],
          [
            8.054165812209249,
            49.96203487738967
          ],
          [
            8.054354153573513,
            49.96195424348116
          ],
          [
            8.054538974538445,
            49.961878806352615
          ],
          [
            8.054703678935766,
            49.96179255656898
          ],
          [
            8.054555067792535,
            49.961680406704545
          ],
          [
            8.054539142176509,
            49.96141738258302
          ],
          [
            8.054590355604887,
            49.96128402650356
          ],
          [
            8.054398326203227,
            49.96120573952794
          ],
          [
            8.054197244346142,
            49.96113675646484
          ],
          [
            8.054151479154825,
            49.96099820360541
          ],
          [
            8.054240914061666,
            49.96084841899574
          ],
          [
            8.05441509000957,
            49.96072889305651
          ],
          [
            8.054566131904721,
            49.96058480814099
          ],
          [
            8.054651292040944,
            49.960459331050515
          ],
          [
            8.054770985618234,
            49.960293620824814
          ],
          [
            8.054898474365473,
            49.96016504243016
          ],
          [
            8.05502981878817,
            49.960026405751705
          ],
          [
            8.055159067735076,
            49.959898917004466
          ],
          [
            8.055304074659944,
            49.95978031307459
          ],
          [
            8.055464420467615,
            49.95965433306992
          ],
          [
            8.055646475404501,
            49.95952432975173
          ],
          [
            8.055822746828198,
            49.9594068992883
          ],
          [
            8.056011758744717,
            49.95930681936443
          ],
          [
            8.056205799803138,
            49.95921076275408
          ],
          [
            8.05637494660914,
            49.95912803336978
          ],
          [
            8.056545183062553,
            49.9590337369591
          ],
          [
            8.05673947557807,
            49.95892586186528
          ],
          [
            8.05694567039609,
            49.9588059168309
          ],
          [
            8.057130826637149,
            49.95867205783725
          ],
          [
            8.057315647602081,
            49.95854658074677
          ],
          [
            8.057503486052155,
            49.958411464467645
          ],
          [
            8.057650839909911,
            49.95830467902124
          ],
          [
            8.057807246223092,
            49.95819755829871
          ],
          [
            8.05798209272325,
            49.95805707760155
          ],
          [
            8.058123411610723,
            49.957949789240956
          ],
          [
            8.058256516233087,
            49.95783613063395
          ],
          [
            8.05837000720203,
            49.9577197059989
          ],
          [
            8.058473858982325,
            49.95759464800358
          ],
          [
            8.058588691055775,
            49.95746464468539
          ],
          [
            8.058704948052764,
            49.957338497042656
          ],
          [
            8.05882640182972,
            49.95720757171512
          ],
          [
            8.058954812586308,
            49.95706709101796
          ],
          [
            8.059090180322528,
            49.95692518539727
          ],
          [
            8.059226050972939,
            49.95677632279694
          ],
          [
            8.059354377910495,
            49.95662905275822
          ],
          [
            8.059475580230355,
            49.95649519376457
          ],
          [
            8.05959309451282,
            49.95635756291449
          ],
          [
            8.059693006798625,
            49.95621926151216
          ],
          [
            8.059731479734182,
            49.9560721591115
          ],
          [
            8.059765258803964,
            49.955917093902826
          ],
          [
            8.059793002903461,
            49.95576521381736
          ],
          [
            8.05981932207942,
            49.955613166093826
          ],
          [
            8.059829715639353,
            49.95547603815794
          ],
          [
            8.059830972924829,
            49.955297922715545
          ],
          [
            8.059814041480422,
            49.95515777729452
          ],
          [
            8.059801887720823,
            49.95500455610454
          ],
          [
            8.0597806815058,
            49.95484974235296
          ],
          [
            8.059753272682428,
            49.954692497849464
          ],
          [
            8.059729468077421,
            49.954543970525265
          ],
          [
            8.059711279347539,
            49.95438991114497
          ],
          [
            8.059694347903132,
            49.954234175384045
          ],
          [
            8.059691833332181,
            49.95407894253731
          ],
          [
            8.059700634330511,
            49.95392203330994
          ],
          [
            8.059729300439358,
            49.95373050682247
          ],
          [
            8.059771712869406,
            49.95356689207256
          ],
          [
            8.059837091714144,
            49.95341157540679
          ],
          [
            8.05991219356656,
            49.953253995627165
          ],
          [
            8.059990648180246,
            49.95309775695205
          ],
          [
            8.0600880458951,
            49.95294998399913
          ],
          [
            8.060210421681404,
            49.95281461626291
          ],
          [
            8.060353333130479,
            49.95268017053604
          ],
          [
            8.060509152710438,
            49.95253776200116
          ],
          [
            8.060664385557175,
            49.95240557938814
          ],
          [
            8.06081810966134,
            49.95227976702154
          ],
          [
            8.060958925634623,
            49.95215839706361
          ],
          [
            8.061107704415917,
            49.95203325524926
          ],
          [
            8.061259081587195,
            49.95191037654877
          ],
          [
            8.061396293342113,
            49.95179194025695
          ],
          [
            8.061547419056296,
            49.951666463166475
          ],
          [
            8.061691923066974,
            49.95154542848468
          ],
          [
            8.061836594715714,
            49.95142104104161
          ],
          [
            8.061982858926058,
            49.9512989167124
          ],
          [
            8.06213834322989,
            49.95117084123194
          ],
          [
            8.062294162809849,
            49.951049303635955
          ],
          [
            8.062449311837554,
            49.95093807578087
          ],
          [
            8.062607059255242,
            49.95083305053413
          ],
          [
            8.062816187739372,
            49.95071637444198
          ],
          [
            8.063006708398461,
            49.95058829896152
          ],
          [
            8.06314542889595,
            49.950475646182895
          ],
          [
            8.063282556831837,
            49.95034597814083
          ],
          [
            8.063423875719309,
            49.9502251110971
          ],
          [
            8.063560836017132,
            49.95009443722665
          ],
          [
            8.063702406361699,
            49.94997055269778
          ],
          [
            8.063853699713945,
            49.94985345751047
          ],
          [
            8.064027288928628,
            49.949746085330844
          ],
          [
            8.064214289188385,
            49.949651369825006
          ],
          [
            8.064406150951982,
            49.949568305164576
          ],
          [
            8.064610585570335,
            49.94949471205473
          ],
          [
            8.064828431233764,
            49.94942111894488
          ],
          [
            8.065044851973653,
            49.94935791939497
          ],
          [
            8.065271163359284,
            49.949310813099146
          ],
          [
            8.06550795212388,
            49.94927049614489
          ],
          [
            8.06572730652988,
            49.94923914782703
          ],
          [
            8.065940458327532,
            49.949212493374944
          ],
          [
            8.066160148009658,
            49.94917812757194
          ],
          [
            8.066396601498127,
            49.94914376176894
          ],
          [
            8.066638084128499,
            49.949101097881794
          ],
          [
            8.066872274503112,
            49.94905499741435
          ],
          [
            8.067087605595589,
            49.949017530307174
          ],
          [
            8.067292040213943,
            49.94897436350584
          ],
          [
            8.067499157041311,
            49.94890186004341
          ],
          [
            8.067696802318096,
            49.94883111678064
          ],
          [
            8.067906433716416,
            49.9487379938364
          ],
          [
            8.068106090649962,
            49.948644703254104
          ],
          [
            8.068306082859635,
            49.94854931719601
          ],
          [
            8.068509008735418,
            49.94845778681338
          ],
          [
            8.068712186068296,
            49.94837170466781
          ],
          [
            8.068907232955098,
            49.948274390771985
          ],
          [
            8.069103704765439,
            49.94817799888551
          ],
          [
            8.06931040249765,
            49.948090156540275
          ],
          [
            8.069509388878942,
            49.94799451902509
          ],
          [
            8.069709800183773,
            49.947903575375676
          ],
          [
            8.06989579461515,
            49.94781715795398
          ],
          [
            8.070093942806125,
            49.947717329487205
          ],
          [
            8.070285301655531,
            49.94760953821242
          ],
          [
            8.070458639413118,
            49.94751281104982
          ],
          [
            8.070627031847835,
            49.94740979745984
          ],
          [
            8.070792825892568,
            49.947292283177376
          ],
          [
            8.070949567481875,
            49.94717652909458
          ],
          [
            8.071076637133956,
            49.94705272838473
          ],
          [
            8.071182919666171,
            49.94692004285753
          ],
          [
            8.071278389543295,
            49.94678635150194
          ],
          [
            8.071372769773006,
            49.94665274396539
          ],
          [
            8.071458768099546,
            49.94652223773301
          ],
          [
            8.071538312360644,
            49.94638804346323
          ],
          [
            8.071614922955632,
            49.94622434489429
          ],
          [
            8.071679882705212,
            49.94608428329229
          ],
          [
            8.071753978729248,
            49.945952435955405
          ],
          [
            8.071840731427073,
            49.94582695886493
          ],
          [
            8.071934692561626,
            49.945701817050576
          ],
          [
            8.072040053084493,
            49.94557625614107
          ],
          [
            8.072160836309195,
            49.9454537127167
          ],
          [
            8.072289666160941,
            49.945340137928724
          ],
          [
            8.072432074695826,
            49.945218516513705
          ],
          [
            8.072589989751577,
            49.94509899057448
          ],
          [
            8.07276793755591,
            49.944970831274986
          ],
          [
            8.072970025241375,
            49.94484359398484
          ],
          [
            8.073144368827343,
            49.94474820792675
          ],
          [
            8.073345283046365,
            49.944657599553466
          ],
          [
            8.073570253327489,
            49.94457772001624
          ],
          [
            8.073810478672385,
            49.94449842721224
          ],
          [
            8.074089009314775,
            49.94442575611174
          ],
          [
            8.074291097000241,
            49.94437697343528
          ],
          [
            8.074491173028946,
            49.944331208243966
          ],
          [
            8.074772050604224,
            49.94427898898721
          ],
          [
            8.07502694427967,
            49.94423037394881
          ],
          [
            8.07525610551238,
            49.944194834679365
          ],
          [
            8.075525583699346,
            49.94420380331576
          ],
          [
            8.07575793005526,
            49.944132221862674
          ],
          [
            8.075992874801159,
            49.944059466943145
          ],
          [
            8.076234105974436,
            49.9440498277545
          ],
          [
            8.076439714059234,
            49.9440204910934
          ],
          [
            8.076643059030175,
            49.94397388771176
          ],
          [
            8.076838189736009,
            49.94389853440225
          ],
          [
            8.077040109783411,
            49.943806920200586
          ],
          [
            8.077163239941001,
            49.94368873536587
          ],
          [
            8.077331380918622,
            49.94356853887439
          ],
          [
            8.077469933778048,
            49.94345764629543
          ],
          [
            8.077627010643482,
            49.943343568593264
          ],
          [
            8.077785596251488,
            49.94323384948075
          ],
          [
            8.077935297042131,
            49.94312153197825
          ],
          [
            8.078111233189702,
            49.9429927021265
          ],
          [
            8.078285828232765,
            49.94286403991282
          ],
          [
            8.07844047434628,
            49.94274962693453
          ],
          [
            8.07860367000103,
            49.94265181012452
          ],
          [
            8.078744737431407,
            49.94250554591417
          ],
          [
            8.0789091065526,
            49.94237193837762
          ],
          [
            8.079036846756935,
            49.94226238690317
          ],
          [
            8.079130975529552,
            49.94213657453656
          ],
          [
            8.079181518405676,
            49.941998021677136
          ],
          [
            8.079207502305508,
            49.94186072610319
          ],
          [
            8.07922761887312,
            49.94171999394894
          ],
          [
            8.079231726005673,
            49.94157423265278
          ],
          [
            8.079257626086473,
            49.941412126645446
          ],
          [
            8.079336918890476,
            49.94125102646649
          ],
          [
            8.079510172829032,
            49.94112387299538
          ],
          [
            8.079671859741211,
            49.94099395349622
          ],
          [
            8.079848885536194,
            49.94085347279906
          ],
          [
            8.079996993765235,
            49.94075448252261
          ],
          [
            8.08017510920763,
            49.94061551056802
          ],
          [
            8.080352135002613,
            49.94048450142145
          ],
          [
            8.080516755580902,
            49.94036187417805
          ],
          [
            8.080673664808273,
            49.94025659747422
          ],
          [
            8.080662935972214,
            49.94011888280511
          ],
          [
            8.080474929884076,
            49.94001176208258
          ],
          [
            8.080349620431662,
            49.9398757237941
          ],
          [
            8.080473253503442,
            49.939725771546364
          ],
          [
            8.080604346469045,
            49.93959886953235
          ],
          [
            8.08072823099792,
            49.93946174159646
          ],
          [
            8.080862676724792,
            49.93931841105223
          ],
          [
            8.08100483380258,
            49.93917424231768
          ],
          [
            8.081142967566848,
            49.93903376162052
          ],
          [
            8.081281101331115,
            49.938892275094986
          ],
          [
            8.081418983638287,
            49.938751040026546
          ],
          [
            8.081542197614908,
            49.93861357681453
          ],
          [
            8.081667171791196,
            49.93848885409534
          ],
          [
            8.081797091290355,
            49.9383476190269
          ],
          [
            8.081932878121734,
            49.938206719234586
          ],
          [
            8.082069838419557,
            49.93806179612875
          ],
          [
            8.082205122336745,
            49.937925254926085
          ],
          [
            8.082345854490995,
            49.937786450609565
          ],
          [
            8.082473427057266,
            49.93764982558787
          ],
          [
            8.08260602876544,
            49.93751345202327
          ],
          [
            8.082740977406502,
            49.93738009594381
          ],
          [
            8.082866370677948,
            49.937258306890726
          ],
          [
            8.082970641553402,
            49.93710156530142
          ],
          [
            8.083027889952064,
            49.936959743499756
          ],
          [
            8.083159318193793,
            49.936800906434655
          ],
          [
            8.083288483321667,
            49.93661558255553
          ],
          [
            8.083340199664235,
            49.93646730668843
          ],
          [
            8.08340298011899,
            49.93631509132683
          ],
          [
            8.083487385883927,
            49.93616094812751
          ],
          [
            8.083596266806126,
            49.936007894575596
          ],
          [
            8.083714535459876,
            49.93585475720465
          ],
          [
            8.083845963701606,
            49.935700530186296
          ],
          [
            8.08397613465786,
            49.9355448782444
          ],
          [
            8.084095744416118,
            49.93538754992187
          ],
          [
            8.08419012464583,
            49.935225024819374
          ],
          [
            8.084282577037811,
            49.93507348001003
          ],
          [
            8.084366396069527,
            49.93493408896029
          ],
          [
            8.084477288648486,
            49.93475882336497
          ],
          [
            8.084577033296227,
            49.93458925746381
          ],
          [
            8.084646267816424,
            49.934459421783686
          ],
          [
            8.084505116567016,
            49.93433662690222
          ],
          [
            8.084277464076877,
            49.93425381369889
          ],
          [
            8.084042686969042,
            49.93416295386851
          ],
          [
            8.083846466615796,
            49.934082655236125
          ],
          [
            8.083792990073562,
            49.9339076410979
          ],
          [
            8.083842191845179,
            49.93375307880342
          ],
          [
            8.08389550074935,
            49.93359616957605
          ],
          [
            8.083947887644172,
            49.93343389593065
          ],
          [
            8.084005136042833,
            49.93327874690294
          ],
          [
            8.08406313881278,
            49.93312812410295
          ],
          [
            8.084126422181726,
            49.93297071196139
          ],
          [
            8.08419213630259,
            49.932811204344034
          ],
          [
            8.084259694442153,
            49.93266376666725
          ],
          [
            8.084319457411766,
            49.932518005371094
          ],
          [
            8.084376873448491,
            49.93237157352269
          ],
          [
            8.084444096311927,
            49.93221919052303
          ],
          [
            8.084502685815096,
            49.93206035345793
          ],
          [
            8.084575273096561,
            49.931900426745415
          ],
          [
            8.08464459143579,
            49.93174829520285
          ],
          [
            8.084710221737623,
            49.9316057190299
          ],
          [
            8.084769817069173,
            49.93146238848567
          ],
          [
            8.084834944456816,
            49.931322326883674
          ],
          [
            8.084895545616746,
            49.93118871934712
          ],
          [
            8.084975676611066,
            49.93102367967367
          ],
          [
            8.08507114648819,
            49.93088973686099
          ],
          [
            8.085279604420066,
            49.93090935051441
          ],
          [
            8.08551387861371,
            49.93098353035748
          ],
          [
            8.08570884168148,
            49.931050166487694
          ],
          [
            8.085913360118866,
            49.93098218925297
          ],
          [
            8.086147466674447,
            49.930939776822925
          ],
          [
            8.086413089185953,
            49.9308908265084
          ],
          [
            8.086631689220667,
            49.93085218593478
          ],
          [
            8.086860766634345,
            49.93081455118954
          ],
          [
            8.087092945352197,
            49.930773228406906
          ],
          [
            8.087279107421637,
            49.930671555921435
          ],
          [
            8.087426293641329,
            49.93054289370775
          ],
          [
            8.087575240060687,
            49.93041926063597
          ],
          [
            8.087716056033969,
            49.93028875440359
          ],
          [
            8.087853351607919,
            49.930164366960526
          ],
          [
            8.087991820648313,
            49.93003444746137
          ],
          [
            8.088134061545134,
            49.9299084674567
          ],
          [
            8.08827554807067,
            49.92977812886238
          ],
          [
            8.08842658996582,
            49.92964728735387
          ],
          [
            8.08857511729002,
            49.92951845750213
          ],
          [
            8.08871727436781,
            49.929394740611315
          ],
          [
            8.088855827227235,
            49.92926247417927
          ],
          [
            8.088988848030567,
            49.92913699708879
          ],
          [
            8.089129831641912,
            49.92901101708412
          ],
          [
            8.089269306510687,
            49.928889982402325
          ],
          [
            8.089410206303,
            49.92877447977662
          ],
          [
            8.089540041983128,
            49.92866056971252
          ],
          [
            8.089671470224857,
            49.92854733020067
          ],
          [
            8.089793846011162,
            49.9284335039556
          ],
          [
            8.089946480467916,
            49.92830442264676
          ],
          [
            8.09009131975472,
            49.928198140114546
          ],
          [
            8.090262729674578,
            49.928096467629075
          ],
          [
            8.090438498184085,
            49.92799622006714
          ],
          [
            8.090610830113292,
            49.927900079637766
          ],
          [
            8.090769918635488,
            49.92779924534261
          ],
          [
            8.090912075713277,
            49.92768248543143
          ],
          [
            8.091021627187729,
            49.92756413295865
          ],
          [
            8.09115020558238,
            49.9274405837059
          ],
          [
            8.091278616338968,
            49.927311334759
          ],
          [
            8.0914047639817,
            49.927173871546984
          ],
          [
            8.091573240235448,
            49.92703850381076
          ],
          [
            8.09172092936933,
            49.92692987434566
          ],
          [
            8.091884376481175,
            49.92682124488056
          ],
          [
            8.092046985402703,
            49.92671144194901
          ],
          [
            8.092212779447436,
            49.92659610696137
          ],
          [
            8.092378322035074,
            49.92647507227957
          ],
          [
            8.0925427749753,
            49.92635998874903
          ],
          [
            8.09266640804708,
            49.92625035345554
          ],
          [
            8.092819461598992,
            49.92614155635238
          ],
          [
            8.093043426051736,
            49.92607232183218
          ],
          [
            8.093209555372596,
            49.9259830545634
          ],
          [
            8.093369817361236,
            49.92588766850531
          ],
          [
            8.093552375212312,
            49.925793120637536
          ],
          [
            8.093727389350533,
            49.92569010704756
          ],
          [
            8.093909528106451,
            49.925586339086294
          ],
          [
            8.094099713489413,
            49.92548801936209
          ],
          [
            8.09427640400827,
            49.92538399994373
          ],
          [
            8.094432391226292,
            49.92526849731803
          ],
          [
            8.094614613801241,
            49.925167579203844
          ],
          [
            8.094810163602233,
            49.92507713846862
          ],
          [
            8.095005713403225,
            49.9250006955117
          ],
          [
            8.095207968726754,
            49.92492953315377
          ],
          [
            8.095423048362136,
            49.924853425472975
          ],
          [
            8.09563335031271,
            49.92478184401989
          ],
          [
            8.095825212076306,
            49.92471638135612
          ],
          [
            8.096069041639566,
            49.92465670220554
          ],
          [
            8.096310775727034,
            49.92457078769803
          ],
          [
            8.096502888947725,
            49.92449711076915
          ],
          [
            8.096689637750387,
            49.924425445497036
          ],
          [
            8.096881750971079,
            49.92435235530138
          ],
          [
            8.097086939960718,
            49.92427155375481
          ],
          [
            8.097304617986083,
            49.9241853877902
          ],
          [
            8.097523637115955,
            49.92410307750106
          ],
          [
            8.097744667902589,
            49.92401976138353
          ],
          [
            8.097962345927954,
            49.923932841047645
          ],
          [
            8.09818597510457,
            49.923848770558834
          ],
          [
            8.098384039476514,
            49.923765789717436
          ],
          [
            8.098579840734601,
            49.92368867620826
          ],
          [
            8.098783269524574,
            49.92360879667103
          ],
          [
            8.099005725234747,
            49.92352472618222
          ],
          [
            8.09923597611487,
            49.92344627156854
          ],
          [
            8.09947838075459,
            49.92337645031512
          ],
          [
            8.099722545593977,
            49.923321129754186
          ],
          [
            8.099968805909157,
            49.92328776977956
          ],
          [
            8.100189249962568,
            49.92326111532748
          ],
          [
            8.10046493075788,
            49.92321987636387
          ],
          [
            8.100683111697435,
            49.92318995296955
          ],
          [
            8.100916463881731,
            49.9231581017375
          ],
          [
            8.101156186312437,
            49.923123735934496
          ],
          [
            8.101411834359169,
            49.923081155866385
          ],
          [
            8.101672930642962,
            49.92303497157991
          ],
          [
            8.101935870945454,
            49.92298074066639
          ],
          [
            8.10220342129469,
            49.922915026545525
          ],
          [
            8.102461583912373,
            49.92282249033451
          ],
          [
            8.102712035179138,
            49.92271771654487
          ],
          [
            8.102940861135721,
            49.92259768769145
          ],
          [
            8.103131717070937,
            49.92246869020164
          ],
          [
            8.103317627683282,
            49.92233784869313
          ],
          [
            8.103460455313325,
            49.92219560779631
          ],
          [
            8.10359112918377,
            49.92203123867512
          ],
          [
            8.103724820539355,
            49.921870306134224
          ],
          [
            8.10385650023818,
            49.921711049973965
          ],
          [
            8.103990610688925,
            49.921559588983655
          ],
          [
            8.104064539074898,
            49.92139723151922
          ],
          [
            8.10410276055336,
            49.921227833256125
          ],
          [
            8.104144250974059,
            49.921067068353295
          ],
          [
            8.10419311746955,
            49.92091384716332
          ],
          [
            8.104237373918295,
            49.920754339545965
          ],
          [
            8.104281295090914,
            49.92058804258704
          ],
          [
            8.104325383901596,
            49.92042467929423
          ],
          [
            8.104389254003763,
            49.92027288302779
          ],
          [
            8.104476509615779,
            49.92010968737304
          ],
          [
            8.104576338082552,
            49.91994448006153
          ],
          [
            8.104704916477203,
            49.91977575235069
          ],
          [
            8.104852605611086,
            49.91962420754135
          ],
          [
            8.105007167905569,
            49.91948213428259
          ],
          [
            8.105179080739617,
            49.91934433579445
          ],
          [
            8.105400279164314,
            49.91921139881015
          ],
          [
            8.105605971068144,
            49.919110145419836
          ],
          [
            8.10583303682506,
            49.91902196779847
          ],
          [
            8.106069909408689,
            49.9189274199307
          ],
          [
            8.106303848326206,
            49.91884594783187
          ],
          [
            8.10655421577394,
            49.91877989843488
          ],
          [
            8.106810534372926,
            49.91871602833271
          ],
          [
            8.107070457190275,
            49.91865056566894
          ],
          [
            8.107334151864052,
            49.91858552210033
          ],
          [
            8.10758862644434,
            49.91852156817913
          ],
          [
            8.107851818203926,
            49.9184559378773
          ],
          [
            8.108108807355165,
            49.918392738327384
          ],
          [
            8.108366718515754,
            49.91832350380719
          ],
          [
            8.108622701838613,
            49.91825435310602
          ],
          [
            8.108868123963475,
            49.918188471347094
          ],
          [
            8.109115809202194,
            49.91812820546329
          ],
          [
            8.109379168599844,
            49.918064000084996
          ],
          [
            8.10965795069933,
            49.91799543611705
          ],
          [
            8.109945449978113,
            49.91792201064527
          ],
          [
            8.11022867448628,
            49.91785017773509
          ],
          [
            8.110505696386099,
            49.91778127849102
          ],
          [
            8.110785149037838,
            49.917711121961474
          ],
          [
            8.111047251150012,
            49.9176390375942
          ],
          [
            8.11129585839808,
            49.91756787523627
          ],
          [
            8.111558882519603,
            49.91749503649771
          ],
          [
            8.111832551658154,
            49.91741339676082
          ],
          [
            8.11208451166749,
            49.917321782559156
          ],
          [
            8.112324737012386,
            49.91722580976784
          ],
          [
            8.112577954307199,
            49.917127238586545
          ],
          [
            8.11281155794859,
            49.917022716253996
          ],
          [
            8.1130544655025,
            49.91691551171243
          ],
          [
            8.11328798532486,
            49.91681417450309
          ],
          [
            8.113524606451392,
            49.916714848950505
          ],
          [
            8.113760640844703,
            49.91658643819392
          ],
          [
            8.113988460972905,
            49.91647043265402
          ],
          [
            8.114227680489421,
            49.91643422283232
          ],
          [
            8.114474946632981,
            49.91647127084434
          ],
          [
            8.11471676453948,
            49.91649415344
          ],
          [
            8.114962354302406,
            49.916508570313454
          ],
          [
            8.115201909095049,
            49.91650991141796
          ],
          [
            8.115438111126423,
            49.91649465635419
          ],
          [
            8.11568034812808,
            49.91647336632013
          ],
          [
            8.115939432755113,
            49.91647026501596
          ],
          [
            8.116204552352428,
            49.916485603898764
          ],
          [
            8.116463888436556,
            49.91650463081896
          ],
          [
            8.116705203428864,
            49.91650848649442
          ],
          [
            8.116940315812826,
            49.91644486784935
          ],
          [
            8.117178194224834,
            49.91637588478625
          ],
          [
            8.117384891957045,
            49.91628846153617
          ],
          [
            8.117621764540672,
            49.91623230278492
          ],
          [
            8.117862325161695,
            49.91622928529978
          ],
          [
            8.118102382868528,
            49.91622450761497
          ],
          [
            8.118338333442807,
            49.91620841436088
          ],
          [
            8.118573781102896,
            49.91619265638292
          ],
          [
            8.11881392262876,
            49.91615803912282
          ],
          [
            8.119053728878498,
            49.91611948236823
          ],
          [
            8.11929127201438,
            49.91607698611915
          ],
          [
            8.119525462388992,
            49.916035160422325
          ],
          [
            8.11975403688848,
            49.91599040105939
          ],
          [
            8.119976408779621,
            49.91595335304737
          ],
          [
            8.120205570012331,
            49.91591471247375
          ],
          [
            8.12045375816524,
            49.91587615571916
          ],
          [
            8.120710663497448,
            49.91583759896457
          ],
          [
            8.120918869972229,
            49.91580717265606
          ],
          [
            8.12113638035953,
            49.91578118875623
          ],
          [
            8.121346849948168,
            49.915750762447715
          ],
          [
            8.121559247374535,
            49.91575939580798
          ],
          [
            8.121748007833958,
            49.915830893442035
          ],
          [
            8.121970044448972,
            49.9159275367856
          ],
          [
            8.12216978520155,
            49.91588277742267
          ],
          [
            8.122147237882018,
            49.91570114158094
          ],
          [
            8.122118907049298,
            49.91555009968579
          ],
          [
            8.122141622006893,
            49.915394112467766
          ],
          [
            8.122252179309726,
            49.91525514051318
          ],
          [
            8.122385870665312,
            49.915134189650416
          ],
          [
            8.122553760185838,
            49.915028074756265
          ],
          [
            8.122750483453274,
            49.91497753188014
          ],
          [
            8.122865231707692,
            49.91485062986612
          ],
          [
            8.122792225331068,
            49.91472012363374
          ],
          [
            8.122704299166799,
            49.91455843672156
          ],
          [
            8.122749729081988,
            49.91440496407449
          ],
          [
            8.122978806495667,
            49.91432583890855
          ],
          [
            8.123171674087644,
            49.914265321567655
          ],
          [
            8.123409887775779,
            49.914237912744284
          ],
          [
            8.12365715391934,
            49.91431008093059
          ],
          [
            8.123853541910648,
            49.914362551644444
          ],
          [
            8.124081864953041,
            49.91439909674227
          ],
          [
            8.124239863827825,
            49.914289796724916
          ],
          [
            8.124439269304276,
            49.91422651335597
          ],
          [
            8.12465057708323,
            49.91423883475363
          ],
          [
            8.124895915389061,
            49.9142577778548
          ],
          [
            8.125119041651487,
            49.91426548920572
          ],
          [
            8.125354573130608,
            49.91427688859403
          ],
          [
            8.12557895667851,
            49.914296586066484
          ],
          [
            8.12584089115262,
            49.914327347651124
          ],
          [
            8.126101987436414,
            49.914365569129586
          ],
          [
            8.126311199739575,
            49.914401611313224
          ],
          [
            8.126527033746243,
            49.91444259881973
          ],
          [
            8.126743538305163,
            49.914481742307544
          ],
          [
            8.126946296542883,
            49.91453446447849
          ],
          [
            8.127192137762904,
            49.91459548473358
          ],
          [
            8.127426663413644,
            49.91462180390954
          ],
          [
            8.127676527947187,
            49.914534548297524
          ],
          [
            8.12788674607873,
            49.9144028685987
          ],
          [
            8.128044409677386,
            49.91431234404445
          ],
          [
            8.128217412158847,
            49.91421083919704
          ],
          [
            8.128355965018272,
            49.91409609094262
          ],
          [
            8.128455625846982,
            49.91396994329989
          ],
          [
            8.128557214513421,
            49.91380666382611
          ],
          [
            8.128665257245302,
            49.91367498412728
          ],
          [
            8.128749998286366,
            49.91353643126786
          ],
          [
            8.128852341324091,
            49.91339762695134
          ],
          [
            8.128962898626924,
            49.913272401317954
          ],
          [
            8.129207650199533,
            49.913214733824134
          ],
          [
            8.129408648237586,
            49.91326091811061
          ],
          [
            8.129621129482985,
            49.91330676712096
          ],
          [
            8.129834281280637,
            49.913361417129636
          ],
          [
            8.130051204934716,
            49.91340617649257
          ],
          [
            8.130277348682284,
            49.913451774045825
          ],
          [
            8.130506258457899,
            49.91350097581744
          ],
          [
            8.130754362791777,
            49.913543136790395
          ],
          [
            8.131006993353367,
            49.91359678097069
          ],
          [
            8.131249062716961,
            49.91365092806518
          ],
          [
            8.131485935300589,
            49.91369778290391
          ],
          [
            8.131731105968356,
            49.91370155476034
          ],
          [
            8.131949873641133,
            49.9136396124959
          ],
          [
            8.132100831717253,
            49.91351371631026
          ],
          [
            8.13228389248252,
            49.91342470049858
          ],
          [
            8.132542977109551,
            49.91341196000576
          ],
          [
            8.132757553830743,
            49.913440542295575
          ],
          [
            8.13298562541604,
            49.913470298051834
          ],
          [
            8.133220318704844,
            49.913455126807094
          ],
          [
            8.133445959538221,
            49.913435177877545
          ],
          [
            8.133662799373269,
            49.91341698914766
          ],
          [
            8.13389983959496,
            49.913400895893574
          ],
          [
            8.134135454893112,
            49.9133856408298
          ],
          [
            8.134379368275404,
            49.91337273269892
          ],
          [
            8.134515322744846,
            49.91347641684115
          ],
          [
            8.134608948603272,
            49.91363978013396
          ],
          [
            8.134725037962198,
            49.91378830745816
          ],
          [
            8.134854957461357,
            49.91390263661742
          ],
          [
            8.135014716535807,
            49.91400171071291
          ],
          [
            8.13517707400024,
            49.91409106180072
          ],
          [
            8.135389806702733,
            49.91419265046716
          ],
          [
            8.13558560796082,
            49.91425727494061
          ],
          [
            8.135805381461978,
            49.914321480318904
          ],
          [
            8.13603806309402,
            49.91437889635563
          ],
          [
            8.136255657300353,
            49.91442583501339
          ],
          [
            8.136478448286653,
            49.91449238732457
          ],
          [
            8.13674415461719,
            49.914479395374656
          ],
          [
            8.136913804337382,
            49.91437210701406
          ],
          [
            8.137086806818843,
            49.91426062770188
          ],
          [
            8.137265592813492,
            49.91416356526315
          ],
          [
            8.137452425435185,
            49.91406876593828
          ],
          [
            8.137646298855543,
            49.913972625508904
          ],
          [
            8.137826006859541,
            49.913874976336956
          ],
          [
            8.137983251363039,
            49.91376215592027
          ],
          [
            8.138090455904603,
            49.91363760083914
          ],
          [
            8.138116439804435,
            49.91345294751227
          ],
          [
            8.138106130063534,
            49.91330198943615
          ],
          [
            8.138090372085571,
            49.91314306855202
          ],
          [
            8.138034548610449,
            49.9129918590188
          ],
          [
            8.137953747063875,
            49.91285439580679
          ],
          [
            8.137845620512962,
            49.912721291184425
          ],
          [
            8.137730453163385,
            49.91259103640914
          ],
          [
            8.137650825083256,
            49.91245415993035
          ],
          [
            8.137588212266564,
            49.912303537130356
          ],
          [
            8.137513780966401,
            49.91215232759714
          ],
          [
            8.137422753497958,
            49.91201042197645
          ],
          [
            8.137325439602137,
            49.9118781555444
          ],
          [
            8.137204740196466,
            49.911727868020535
          ],
          [
            8.137403391301632,
            49.91162753663957
          ],
          [
            8.137634983286262,
            49.91165326908231
          ],
          [
            8.137883339077234,
            49.911666847765446
          ],
          [
            8.13814259134233,
            49.91166986525059
          ],
          [
            8.138404441997409,
            49.91165838204324
          ],
          [
            8.138663861900568,
            49.91165159270167
          ],
          [
            8.138922192156315,
            49.91164312697947
          ],
          [
            8.139176918193698,
            49.9116363376379
          ],
          [
            8.139428878203034,
            49.91162795573473
          ],
          [
            8.13967538997531,
            49.91162108257413
          ],
          [
            8.13992072828114,
            49.91161345504224
          ],
          [
            8.140157349407673,
            49.911609683185816
          ],
          [
            8.140392294153571,
            49.911601301282644
          ],
          [
            8.140635620802641,
            49.91159819997847
          ],
          [
            8.140874085947871,
            49.91158973425627
          ],
          [
            8.141096457839012,
            49.91157917305827
          ],
          [
            8.141321931034327,
            49.91156199015677
          ],
          [
            8.14154983498156,
            49.91150734014809
          ],
          [
            8.141760220751166,
            49.91146928630769
          ],
          [
            8.142024669796228,
            49.91150817833841
          ],
          [
            8.14223580993712,
            49.91152343340218
          ],
          [
            8.142485255375504,
            49.91153793409467
          ],
          [
            8.142732353881001,
            49.911541789770126
          ],
          [
            8.142965203151107,
            49.91155478172004
          ],
          [
            8.143191849812865,
            49.91158545948565
          ],
          [
            8.143411707133055,
            49.91162812337279
          ],
          [
            8.14362301491201,
            49.91167237982154
          ],
          [
            8.143823090940714,
            49.91171336732805
          ],
          [
            8.144004978239536,
            49.91179148666561
          ],
          [
            8.144177058711648,
            49.911879412829876
          ],
          [
            8.144351653754711,
            49.911962393671274
          ],
          [
            8.14456949941814,
            49.91206951439381
          ],
          [
            8.144745016470551,
            49.912161799147725
          ],
          [
            8.144905865192413,
            49.91225198842585
          ],
          [
            8.145070485770702,
            49.91233991459012
          ],
          [
            8.145243152976036,
            49.91242004558444
          ],
          [
            8.14544029533863,
            49.91250067949295
          ],
          [
            8.145650429651141,
            49.91257695481181
          ],
          [
            8.145856373012066,
            49.91265205666423
          ],
          [
            8.146068016067147,
            49.912711484357715
          ],
          [
            8.146273959428072,
            49.912757920101285
          ],
          [
            8.146480740979314,
            49.912809720262885
          ],
          [
            8.146698838099837,
            49.9128435831517
          ],
          [
            8.14691198989749,
            49.9128745123744
          ],
          [
            8.147127069532871,
            49.912899658083916
          ],
          [
            8.147346172481775,
            49.91291566751897
          ],
          [
            8.147565694525838,
            49.912930419668555
          ],
          [
            8.147779768332839,
            49.91293712519109
          ],
          [
            8.147990573197603,
            49.91293259896338
          ],
          [
            8.148261224851012,
            49.91292187012732
          ],
          [
            8.148486278951168,
            49.91291239857674
          ],
          [
            8.14870772883296,
            49.91288809105754
          ],
          [
            8.148860950022936,
            49.91279379464686
          ],
          [
            8.148914175108075,
            49.91264476440847
          ],
          [
            8.148955330252647,
            49.9124997574836
          ],
          [
            8.149007633328438,
            49.91235441528261
          ],
          [
            8.149063205346465,
            49.912209743633866
          ],
          [
            8.149111485108733,
            49.91205811500549
          ],
          [
            8.149167140945792,
            49.91190338507295
          ],
          [
            8.149224808439612,
            49.91174614056945
          ],
          [
            8.149281805381179,
            49.91158780641854
          ],
          [
            8.149330420419574,
            49.91143492050469
          ],
          [
            8.149375934153795,
            49.9112874828279
          ],
          [
            8.149432931095362,
            49.91113292053342
          ],
          [
            8.149494789540768,
            49.91097609512508
          ],
          [
            8.14955061301589,
            49.91082086227834
          ],
          [
            8.149607693776488,
            49.91066596470773
          ],
          [
            8.149646753445268,
            49.91050771437585
          ],
          [
            8.149622697383165,
            49.91036061197519
          ],
          [
            8.149569975212216,
            49.91022474132478
          ],
          [
            8.149508619681,
            49.91005592979491
          ],
          [
            8.149447767063975,
            49.909883262589574
          ],
          [
            8.149402840062976,
            49.909749403595924
          ],
          [
            8.149356907233596,
            49.90961571224034
          ],
          [
            8.149293540045619,
            49.90943784825504
          ],
          [
            8.149234112352133,
            49.90926685743034
          ],
          [
            8.14917728304863,
            49.9091031588614
          ],
          [
            8.149133864790201,
            49.90896686911583
          ],
          [
            8.149291528388858,
            49.90886343643069
          ],
          [
            8.149510379880667,
            49.908827897161245
          ],
          [
            8.149765273556113,
            49.90882412530482
          ],
          [
            8.150032153353095,
            49.908816581591964
          ],
          [
            8.150309845805168,
            49.908808870241046
          ],
          [
            8.150587202981114,
            49.90880132652819
          ],
          [
            8.150799851864576,
            49.90879822522402
          ],
          [
            8.15101115964353,
            49.908793615177274
          ],
          [
            8.151227664202452,
            49.90878674201667
          ],
          [
            8.151441318914294,
            49.90878598764539
          ],
          [
            8.151724627241492,
            49.90877534262836
          ],
          [
            8.15194247290492,
            49.9087714869529
          ],
          [
            8.15216526389122,
            49.90876687690616
          ],
          [
            8.152394592761993,
            49.90876008756459
          ],
          [
            8.152632722631097,
            49.908751621842384
          ],
          [
            8.152879737317562,
            49.908744832500815
          ],
          [
            8.153129518032074,
            49.90874022245407
          ],
          [
            8.153387177735567,
            49.90873334929347
          ],
          [
            8.15362773835659,
            49.90873334929347
          ],
          [
            8.153878273442388,
            49.908728739246726
          ],
          [
            8.154134340584278,
            49.90872194990516
          ],
          [
            8.154390659183264,
            49.90871725603938
          ],
          [
            8.154651084914804,
            49.90871046669781
          ],
          [
            8.154913522303104,
            49.908706694841385
          ],
          [
            8.155167493969202,
            49.90871180780232
          ],
          [
            8.155387602746487,
            49.90876411087811
          ],
          [
            8.15566336736083,
            49.90877257660031
          ],
          [
            8.155885320156813,
            49.9087299965322
          ],
          [
            8.156123701483011,
            49.90868314169347
          ],
          [
            8.156379349529743,
            49.90866771899164
          ],
          [
            8.156643966212869,
            49.90865615196526
          ],
          [
            8.156914617866278,
            49.908645590767264
          ],
          [
            8.157186023890972,
            49.90864483639598
          ],
          [
            8.157462794333696,
            49.90864181891084
          ],
          [
            8.157734032720327,
            49.90864651277661
          ],
          [
            8.158005522564054,
            49.90865422412753
          ],
          [
            8.15828287974,
            49.908671071752906
          ],
          [
            8.15856920555234,
            49.90870535373688
          ],
          [
            8.158854776993394,
            49.908748771995306
          ],
          [
            8.159126434475183,
            49.90881213918328
          ],
          [
            8.159361379221082,
            49.90889813750982
          ],
          [
            8.159564137458801,
            49.9089855607599
          ],
          [
            8.159778881818056,
            49.909037025645375
          ],
          [
            8.160012066364288,
            49.90907633677125
          ],
          [
            8.160244580358267,
            49.90912117995322
          ],
          [
            8.160483883693814,
            49.909164514392614
          ],
          [
            8.160722181200981,
            49.909226540476084
          ],
          [
            8.160971626639366,
            49.90929828956723
          ],
          [
            8.16122392192483,
            49.909369284287095
          ],
          [
            8.161478815600276,
            49.90943684242666
          ],
          [
            8.161731781437993,
            49.90951362065971
          ],
          [
            8.161978293210268,
            49.90959249436855
          ],
          [
            8.162229917943478,
            49.90966156125069
          ],
          [
            8.162480453029275,
            49.909731382504106
          ],
          [
            8.162728808820248,
            49.90980673581362
          ],
          [
            8.162983870133758,
            49.909886782988906
          ],
          [
            8.163238679990172,
            49.909960543736815
          ],
          [
            8.163486700505018,
            49.910039249807596
          ],
          [
            8.163733212277293,
            49.91011225618422
          ],
          [
            8.16397100687027,
            49.91018417291343
          ],
          [
            8.164196899160743,
            49.91025282070041
          ],
          [
            8.164412649348378,
            49.91031400859356
          ],
          [
            8.164630830287933,
            49.91038206964731
          ],
          [
            8.164845909923315,
            49.910446191206574
          ],
          [
            8.165078340098262,
            49.910515090450644
          ],
          [
            8.165306495502591,
            49.91058516316116
          ],
          [
            8.165535070002079,
            49.91065037436783
          ],
          [
            8.16575895063579,
            49.910718938335776
          ],
          [
            8.165982998907566,
            49.91078741848469
          ],
          [
            8.166201766580343,
            49.910855228081346
          ],
          [
            8.166429502889514,
            49.910924546420574
          ],
          [
            8.166657742112875,
            49.910989087074995
          ],
          [
            8.16688321530819,
            49.91105421446264
          ],
          [
            8.167113130912185,
            49.91112277843058
          ],
          [
            8.167349500581622,
            49.91119218058884
          ],
          [
            8.167586959898472,
            49.91126786917448
          ],
          [
            8.167824922129512,
            49.911336936056614
          ],
          [
            8.168067075312138,
            49.91140994243324
          ],
          [
            8.168313754722476,
            49.91148227825761
          ],
          [
            8.168559512123466,
            49.911557883024216
          ],
          [
            8.168801413848996,
            49.911630218848586
          ],
          [
            8.16903862170875,
            49.91170221939683
          ],
          [
            8.169277673587203,
            49.91177514195442
          ],
          [
            8.169504152610898,
            49.9118472263217
          ],
          [
            8.169727697968483,
            49.91190782748163
          ],
          [
            8.16995618864894,
            49.91197739727795
          ],
          [
            8.170185768976808,
            49.91204218938947
          ],
          [
            8.170411074534059,
            49.912113854661584
          ],
          [
            8.170631099492311,
            49.912186190485954
          ],
          [
            8.170838383957744,
            49.91224771365523
          ],
          [
            8.171034688130021,
            49.912305381149054
          ],
          [
            8.171229399740696,
            49.912364641204476
          ],
          [
            8.171431822702289,
            49.91242289543152
          ],
          [
            8.171628378331661,
            49.912480814382434
          ],
          [
            8.171825855970383,
            49.912539990618825
          ],
          [
            8.17201972939074,
            49.912598161026835
          ],
          [
            8.172222822904587,
            49.91265892982483
          ],
          [
            8.17242474295199,
            49.91271718405187
          ],
          [
            8.172625238075852,
            49.912774097174406
          ],
          [
            8.17282397300005,
            49.91283503361046
          ],
          [
            8.173041567206383,
            49.912899574264884
          ],
          [
            8.173252958804369,
            49.91296176798642
          ],
          [
            8.173474492505193,
            49.91302781738341
          ],
          [
            8.17369476892054,
            49.91310006938875
          ],
          [
            8.173908004537225,
            49.913174165412784
          ],
          [
            8.174129789695144,
            49.91327810101211
          ],
          [
            8.174356268718839,
            49.913372145965695
          ],
          [
            8.17461141385138,
            49.91339494474232
          ],
          [
            8.174826661124825,
            49.913432663306594
          ],
          [
            8.17504232749343,
            49.913490833714604
          ],
          [
            8.17526469938457,
            49.91355948150158
          ],
          [
            8.175496626645327,
            49.91363139823079
          ],
          [
            8.175741797313094,
            49.91370800882578
          ],
          [
            8.175988560542464,
            49.913785038515925
          ],
          [
            8.176220320165157,
            49.913858296349645
          ],
          [
            8.176413523033261,
            49.913917891681194
          ],
          [
            8.176607144996524,
            49.914006823673844
          ],
          [
            8.176763970404863,
            49.9141214042902
          ],
          [
            8.176978547126055,
            49.91415208205581
          ],
          [
            8.177217934280634,
            49.91419114172459
          ],
          [
            8.177451202645898,
            49.914221400395036
          ],
          [
            8.17769662477076,
            49.91425677202642
          ],
          [
            8.17794824950397,
            49.91429876536131
          ],
          [
            8.17819744348526,
            49.914343524724245
          ],
          [
            8.17845594137907,
            49.914370430633426
          ],
          [
            8.178714187815785,
            49.91439985111356
          ],
          [
            8.178977211937308,
            49.914414351806045
          ],
          [
            8.179249791428447,
            49.91442784667015
          ],
          [
            8.179535530507565,
            49.914420219138265
          ],
          [
            8.179826885461807,
            49.914404125884175
          ],
          [
            8.180118910968304,
            49.91437738761306
          ],
          [
            8.18040356040001,
            49.91435341536999
          ],
          [
            8.180663986131549,
            49.91432877257466
          ],
          [
            8.18091225810349,
            49.91431653499603
          ],
          [
            8.181156339123845,
            49.91429826244712
          ],
          [
            8.181418608874083,
            49.914284348487854
          ],
          [
            8.181673754006624,
            49.9142628069967
          ],
          [
            8.181926216930151,
            49.914240427315235
          ],
          [
            8.18216610699892,
            49.91422098129988
          ],
          [
            8.182398118078709,
            49.914202792569995
          ],
          [
            8.182633649557829,
            49.91418753750622
          ],
          [
            8.182880161330104,
            49.91417613811791
          ],
          [
            8.183131450787187,
            49.91416046395898
          ],
          [
            8.183391457423568,
            49.91414478980005
          ],
          [
            8.183645596727729,
            49.91412567906082
          ],
          [
            8.18388749845326,
            49.9141058139503
          ],
          [
            8.184153540059924,
            49.9140883795917
          ],
          [
            8.184390245005488,
            49.91407312452793
          ],
          [
            8.184644300490618,
            49.914057701826096
          ],
          [
            8.184871282428503,
            49.914051750674844
          ],
          [
            8.185125170275569,
            49.91403113119304
          ],
          [
            8.185337400063872,
            49.91403054445982
          ],
          [
            8.185595227405429,
            49.91401042789221
          ],
          [
            8.18582883104682,
            49.91397388279438
          ],
          [
            8.186090681701899,
            49.91395100019872
          ],
          [
            8.18629989400506,
            49.91393188945949
          ],
          [
            8.186514303088188,
            49.91391286253929
          ],
          [
            8.186727203428745,
            49.913896853104234
          ],
          [
            8.186941361054778,
            49.91387858055532
          ],
          [
            8.18715107627213,
            49.91386550478637
          ],
          [
            8.187397671863437,
            49.91383658722043
          ],
          [
            8.187639154493809,
            49.91381370462477
          ],
          [
            8.187884325161576,
            49.91380155086517
          ],
          [
            8.188121616840363,
            49.91377933882177
          ],
          [
            8.188346419483423,
            49.91376416757703
          ],
          [
            8.188585303723812,
            49.91375268436968
          ],
          [
            8.188810441643,
            49.91373357363045
          ],
          [
            8.189033484086394,
            49.91371831856668
          ],
          [
            8.189283767715096,
            49.913703901693225
          ],
          [
            8.18955073133111,
            49.91370088420808
          ],
          [
            8.189808558672667,
            49.91371236741543
          ],
          [
            8.190078875049949,
            49.91373147815466
          ],
          [
            8.19035212509334,
            49.91375436075032
          ],
          [
            8.190564019605517,
            49.91377162747085
          ],
          [
            8.19077524356544,
            49.9137934204191
          ],
          [
            8.19104983471334,
            49.91380766965449
          ],
          [
            8.191319229081273,
            49.91382284089923
          ],
          [
            8.191534643992782,
            49.913835413753986
          ],
          [
            8.191758943721652,
            49.91384589113295
          ],
          [
            8.191980309784412,
            49.9138571228832
          ],
          [
            8.19220351986587,
            49.91386877372861
          ],
          [
            8.192418767139316,
            49.91387556307018
          ],
          [
            8.19262814708054,
            49.913863241672516
          ],
          [
            8.192909443750978,
            49.91384966298938
          ],
          [
            8.193139526993036,
            49.91385653614998
          ],
          [
            8.193383943289518,
            49.913865085691214
          ],
          [
            8.193615367636085,
            49.91389534436166
          ],
          [
            8.193853916600347,
            49.91393364965916
          ],
          [
            8.194085257127881,
            49.91394421085715
          ],
          [
            8.1943363789469,
            49.91395276039839
          ],
          [
            8.194545675069094,
            49.91399844177067
          ],
          [
            8.19478346966207,
            49.914020569995046
          ],
          [
            8.194996118545532,
            49.91403364576399
          ],
          [
            8.19523743353784,
            49.91403875872493
          ],
          [
            8.195449830964208,
            49.91402719169855
          ],
          [
            8.195675052702427,
            49.91401671431959
          ],
          [
            8.195909578353167,
            49.91401294246316
          ],
          [
            8.196138571947813,
            49.914017552509904
          ],
          [
            8.196357088163495,
            49.914019983261824
          ],
          [
            8.196582226082683,
            49.91401000879705
          ],
          [
            8.1968058552593,
            49.91401839070022
          ],
          [
            8.197051109746099,
            49.91403364576399
          ],
          [
            8.197296699509025,
            49.91404906846583
          ],
          [
            8.19754270836711,
            49.9140643235296
          ],
          [
            8.197785699740052,
            49.914081590250134
          ],
          [
            8.198033552616835,
            49.91409005597234
          ],
          [
            8.198265647515655,
            49.91410229355097
          ],
          [
            8.198477122932673,
            49.914113860577345
          ],
          [
            8.198734782636166,
            49.9141282774508
          ],
          [
            8.198979031294584,
            49.914165241643786
          ],
          [
            8.19921925663948,
            49.914234559983015
          ],
          [
            8.199472222477198,
            49.914283845573664
          ],
          [
            8.199670873582363,
            49.91423933766782
          ],
          [
            8.199937334284186,
            49.914218885824084
          ],
          [
            8.200188456103206,
            49.91422274149954
          ],
          [
            8.200436728075147,
            49.91423590108752
          ],
          [
            8.200467070564628,
            49.91438174620271
          ]
        ]
      },
      "properties": {
        "name": "2026-07-09 (Thu) 10:40",
        "source_file": "2026-07-09-084041-ELEMNT_ROAM_A974-306-0.fit",
        "date": "2026-07-09T08:40:41",
        "sport": "cycling",
        "dropbox_id": "id:JY-PzzIM9pcAAAAAAAAAGQ"
      }
    },
    {
      "type": "Feature",
      "geometry": {
        "type": "LineString",
        "coordinates": [
          [
            8.205056162551045,
            49.90524295717478
          ],
          [
            8.205229416489601,
            49.90535988472402
          ],
          [
            8.205365119501948,
            49.905503215268254
          ],
          [
            8.205512054264545,
            49.905645372346044
          ],
          [
            8.205625712871552,
            49.90578652359545
          ],
          [
            8.205600986257195,
            49.905938571318984
          ],
          [
            8.205400742590427,
            49.906041752547026
          ],
          [
            8.205172754824162,
            49.90610889159143
          ],
          [
            8.204989861696959,
            49.906179551035166
          ],
          [
            8.204810321331024,
            49.90626806393266
          ],
          [
            8.204664140939713,
            49.90637334063649
          ],
          [
            8.204654334113002,
            49.906511222943664
          ],
          [
            8.204775620251894,
            49.90664097480476
          ],
          [
            8.204776458442211,
            49.90680760703981
          ],
          [
            8.204785091802478,
            49.906945237889886
          ],
          [
            8.20479012094438,
            49.9070877302438
          ],
          [
            8.204786852002144,
            49.907234413549304
          ],
          [
            8.204787438735366,
            49.907379085198045
          ],
          [
            8.204784337431192,
            49.9075161293149
          ],
          [
            8.20478081703186,
            49.9076540954411
          ],
          [
            8.204784169793129,
            49.907823242247105
          ],
          [
            8.204750306904316,
            49.90796992555261
          ],
          [
            8.204683167859912,
            49.908099845051765
          ],
          [
            8.204620638862252,
            49.90825239568949
          ],
          [
            8.204581663012505,
            49.908430175855756
          ],
          [
            8.204571353271604,
            49.908595718443394
          ],
          [
            8.20456531830132,
            49.908762434497476
          ],
          [
            8.20456087589264,
            49.908916829153895
          ],
          [
            8.204551069065928,
            49.90905420854688
          ],
          [
            8.204341772943735,
            49.909142050892115
          ],
          [
            8.204077575355768,
            49.90916300565004
          ],
          [
            8.203840535134077,
            49.90921991877258
          ],
          [
            8.203616235405207,
            49.90929963067174
          ],
          [
            8.203413477167487,
            49.90937540307641
          ],
          [
            8.203259836882353,
            49.9094863794744
          ],
          [
            8.203040398657322,
            49.909554943442345
          ],
          [
            8.20301248691976,
            49.90973054431379
          ],
          [
            8.203011145815253,
            49.909893069416285
          ],
          [
            8.202981390058994,
            49.910038160160184
          ],
          [
            8.20295624434948,
            49.9101891182363
          ],
          [
            8.202922130003572,
            49.91032951511443
          ],
          [
            8.202889524400234,
            49.91046731360257
          ],
          [
            8.202871838584542,
            49.91061148233712
          ],
          [
            8.202841160818934,
            49.91076026111841
          ],
          [
            8.202818529680371,
            49.91090979427099
          ],
          [
            8.202798664569855,
            49.91106200963259
          ],
          [
            8.202772848308086,
            49.91123702377081
          ],
          [
            8.202752731740475,
            49.911397034302354
          ],
          [
            8.202759101986885,
            49.91154086776078
          ],
          [
            8.202702607959509,
            49.91168595850468
          ],
          [
            8.202590038999915,
            49.911841694265604
          ],
          [
            8.20251602679491,
            49.91201603785157
          ],
          [
            8.202442098408937,
            49.912160793319345
          ],
          [
            8.202346544712782,
            49.912301525473595
          ],
          [
            8.20222919806838,
            49.91243655793369
          ],
          [
            8.202084610238671,
            49.91256941109896
          ],
          [
            8.201948823407292,
            49.91270679049194
          ],
          [
            8.20182309485972,
            49.91284416988492
          ],
          [
            8.201708933338523,
            49.912962103262544
          ],
          [
            8.201595107093453,
            49.91308162920177
          ],
          [
            8.201496116816998,
            49.91321020759642
          ],
          [
            8.201383044943213,
            49.91332897916436
          ],
          [
            8.201264357194304,
            49.913449762389064
          ],
          [
            8.201137706637383,
            49.91356668993831
          ],
          [
            8.201028071343899,
            49.91368512623012
          ],
          [
            8.200910137966275,
            49.91380540654063
          ],
          [
            8.200780972838402,
            49.91394831798971
          ],
          [
            8.200737638399005,
            49.91408829577267
          ],
          [
            8.200848614796996,
            49.91420363076031
          ],
          [
            8.2006445992738,
            49.9142596218735
          ],
          [
            8.200637893751264,
            49.914267249405384
          ]
        ]
      },
      "properties": {
        "name": "2026-07-08 (Wed) 14:29",
        "source_file": "2026-07-08-122950-ELEMNT_ROAM_A974-305-0.fit",
        "date": "2026-07-08T12:29:50",
        "sport": "cycling",
        "dropbox_id": "id:JY-PzzIM9pcAAAAAAAAAGg"
      }
    },
    {
      "type": "Feature",
      "geometry": {
        "type": "LineString",
        "coordinates": [
          [
            13.512180363759398,
            52.52451326698065
          ],
          [
            13.511938713490963,
            52.52456665970385
          ],
          [
            13.511702846735716,
            52.524611335247755
          ],
          [
            13.511664373800159,
            52.52475458197296
          ],
          [
            13.511667223647237,
            52.524911323562264
          ],
          [
            13.511657416820526,
            52.52506990917027
          ],
          [
            13.511659260839224,
            52.52521751448512
          ],
          [
            13.511644592508674,
            52.52535774372518
          ],
          [
            13.511413587257266,
            52.52543007954955
          ],
          [
            13.511148719117045,
            52.52541733905673
          ],
          [
            13.510891729965806,
            52.52541733905673
          ],
          [
            13.510611522942781,
            52.52541348338127
          ],
          [
            13.510354282334447,
            52.52541096881032
          ],
          [
            13.510096371173859,
            52.525405855849385
          ],
          [
            13.509852709248662,
            52.5253982283175
          ],
          [
            13.50961365737021,
            52.52540074288845
          ],
          [
            13.509356500580907,
            52.52540451474488
          ],
          [
            13.509101439267397,
            52.52540837042034
          ],
          [
            13.508853167295456,
            52.525424966588616
          ],
          [
            13.50859634578228,
            52.52542622387409
          ],
          [
            13.508370369672775,
            52.525424966588616
          ],
          [
            13.508086139336228,
            52.525435192510486
          ],
          [
            13.507812302559614,
            52.525437539443374
          ],
          [
            13.507560510188341,
            52.5254325941205
          ],
          [
            13.507320284843445,
            52.52542999573052
          ],
          [
            13.507079221308231,
            52.525439048185945
          ],
          [
            13.506803289055824,
            52.525454219430685
          ],
          [
            13.50655535236001,
            52.52549218945205
          ],
          [
            13.506311774253845,
            52.525553964078426
          ],
          [
            13.506104070693254,
            52.52563099376857
          ],
          [
            13.505871137604117,
            52.52563736401498
          ],
          [
            13.505637282505631,
            52.52562931738794
          ],
          [
            13.505403511226177,
            52.52560693770647
          ],
          [
            13.505162447690964,
            52.52555714920163
          ],
          [
            13.504950553178787,
            52.52549453638494
          ],
          [
            13.504914343357086,
            52.525353552773595
          ],
          [
            13.504963796585798,
            52.525183986872435
          ],
          [
            13.504999922588468,
            52.525042751803994
          ],
          [
            13.505029091611505,
            52.52488760277629
          ],
          [
            13.505041496828198,
            52.52472876571119
          ],
          [
            13.505055494606495,
            52.52455836161971
          ],
          [
            13.505062703043222,
            52.524380749091506
          ],
          [
            13.505080891773105,
            52.52420665696263
          ],
          [
            13.505079634487629,
            52.52404237166047
          ],
          [
            13.505089776590466,
            52.52387431450188
          ],
          [
            13.50509581156075,
            52.523697121068835
          ],
          [
            13.505108132958412,
            52.523528058081865
          ],
          [
            13.505109809339046,
            52.52337081357837
          ],
          [
            13.505103690549731,
            52.52322865650058
          ],
          [
            13.50513344630599,
            52.52307979390025
          ],
          [
            13.5051622800529,
            52.52293495461345
          ],
          [
            13.505207039415836,
            52.52278273925185
          ],
          [
            13.505250541493297,
            52.52263932488859
          ],
          [
            13.505170997232199,
            52.52247277647257
          ],
          [
            13.505014758557081,
            52.52234579063952
          ],
          [
            13.504835804924369,
            52.522262558341026
          ],
          [
            13.504575630649924,
            52.52226507291198
          ],
          [
            13.504310343414545,
            52.52227018587291
          ],
          [
            13.504075650125742,
            52.52227018587291
          ],
          [
            13.50386694073677,
            52.52219432964921
          ],
          [
            13.50370961241424,
            52.52209818921983
          ],
          [
            13.503536861389875,
            52.52200288698077
          ],
          [
            13.503338797017932,
            52.52191672101617
          ],
          [
            13.503146935254335,
            52.52184019424021
          ],
          [
            13.502882402390242,
            52.52175897359848
          ],
          [
            13.502664221450686,
            52.52171211875975
          ],
          [
            13.502426175400615,
            52.52167389728129
          ],
          [
            13.502182345837355,
            52.52164330333471
          ],
          [
            13.50193927064538,
            52.521633161231875
          ],
          [
            13.501714887097478,
            52.52162804827094
          ],
          [
            13.501483127474785,
            52.52162930555642
          ],
          [
            13.501242734491825,
            52.521633161231875
          ],
          [
            13.500993708148599,
            52.521639531478286
          ],
          [
            13.500743340700865,
            52.52164456062019
          ],
          [
            13.500500516965985,
            52.5216509308666
          ],
          [
            13.500212263315916,
            52.521656043827534
          ],
          [
            13.499950245022774,
            52.52165721729398
          ],
          [
            13.499707421287894,
            52.521656043827534
          ],
          [
            13.499481864273548,
            52.521657636389136
          ],
          [
            13.499404834583402,
            52.521510450169444
          ],
          [
            13.499395698308945,
            52.5213504396379
          ],
          [
            13.499386310577393,
            52.52119311131537
          ],
          [
            13.499374240636826,
            52.52102639526129
          ],
          [
            13.499365020543337,
            52.520851381123066
          ],
          [
            13.499354124069214,
            52.520675444975495
          ],
          [
            13.49934607744217,
            52.5205369759351
          ],
          [
            13.499166956171393,
            52.5204315315932
          ],
          [
            13.498916504904628,
            52.520446786656976
          ],
          [
            13.498650966212153,
            52.52045818604529
          ],
          [
            13.4983947314322,
            52.520465813577175
          ],
          [
            13.498131204396486,
            52.52047729678452
          ],
          [
            13.497864659875631,
            52.52047981135547
          ],
          [
            13.497577663511038,
            52.52048752270639
          ],
          [
            13.497352357953787,
            52.52049255184829
          ],
          [
            13.497124454006553,
            52.52050017938018
          ],
          [
            13.496894957497716,
            52.52050403505564
          ],
          [
            13.496671412140131,
            52.520510237663984
          ],
          [
            13.496378464624286,
            52.52052180469036
          ],
          [
            13.496152320876718,
            52.52052306197584
          ],
          [
            13.495929362252355,
            52.52052306197584
          ],
          [
            13.495703469961882,
            52.52052549272776
          ],
          [
            13.495481768622994,
            52.520526917651296
          ],
          [
            13.495254116132855,
            52.52053068950772
          ],
          [
            13.495025122538209,
            52.52053454518318
          ],
          [
            13.494727732613683,
            52.52054217271507
          ],
          [
            13.494494715705514,
            52.52054468728602
          ],
          [
            13.494264297187328,
            52.52055357210338
          ],
          [
            13.494028681889176,
            52.52055742777884
          ],
          [
            13.493779487907887,
            52.520565055310726
          ],
          [
            13.493530629202724,
            52.52057268284261
          ],
          [
            13.493282441049814,
            52.52057645469904
          ],
          [
            13.493034169077873,
            52.52058668062091
          ],
          [
            13.492784891277552,
            52.52059648744762
          ],
          [
            13.492535781115294,
            52.520615262910724
          ],
          [
            13.492289772257209,
            52.52064258791506
          ],
          [
            13.492042170837522,
            52.520655328407884
          ],
          [
            13.491799598559737,
            52.52066044136882
          ],
          [
            13.49157638847828,
            52.520668068900704
          ],
          [
            13.491349490359426,
            52.52067184075713
          ],
          [
            13.491124855354428,
            52.52067812718451
          ],
          [
            13.490837523713708,
            52.52068969421089
          ],
          [
            13.490565363317728,
            52.52069472335279
          ],
          [
            13.490278283134103,
            52.52069857902825
          ],
          [
            13.489993466064334,
            52.520706206560135
          ],
          [
            13.489711498841643,
            52.52072397619486
          ],
          [
            13.489489210769534,
            52.52072908915579
          ],
          [
            13.489263067021966,
            52.520718863233924
          ],
          [
            13.488989062607288,
            52.52072146162391
          ],
          [
            13.488725200295448,
            52.52072389237583
          ],
          [
            13.488455303013325,
            52.520731603726745
          ],
          [
            13.488188926130533,
            52.52073671668768
          ],
          [
            13.487928248941898,
            52.520746774971485
          ],
          [
            13.487665308639407,
            52.5207581743598
          ],
          [
            13.487425334751606,
            52.52077225595713
          ],
          [
            13.487179325893521,
            52.520792707800865
          ],
          [
            13.486942453309894,
            52.52081165090203
          ],
          [
            13.486708430573344,
            52.52082313410938
          ],
          [
            13.486483041197062,
            52.52084224484861
          ],
          [
            13.486242145299911,
            52.52085498534143
          ],
          [
            13.486011391505599,
            52.52085498534143
          ],
          [
            13.485744260251522,
            52.520814249292016
          ],
          [
            13.48551987670362,
            52.52080913633108
          ],
          [
            13.485286524519324,
            52.52080662176013
          ],
          [
            13.485043281689286,
            52.52080913633108
          ],
          [
            13.484788136556745,
            52.52080662176013
          ],
          [
            13.484516143798828,
            52.52079773694277
          ],
          [
            13.484237613156438,
            52.520807879045606
          ],
          [
            13.483962016180158,
            52.520811734721065
          ],
          [
            13.483678624033928,
            52.520807795226574
          ],
          [
            13.483402440324426,
            52.52080276608467
          ],
          [
            13.483134470880032,
            52.52079136669636
          ],
          [
            13.482893826439977,
            52.5207838229835
          ],
          [
            13.482654858380556,
            52.52077225595713
          ],
          [
            13.482404155656695,
            52.520767226815224
          ],
          [
            13.482157560065389,
            52.520763371139765
          ],
          [
            13.48189914599061,
            52.52075959928334
          ],
          [
            13.481642492115498,
            52.520754570141435
          ],
          [
            13.48139002919197,
            52.52075331285596
          ],
          [
            13.481136811897159,
            52.52074811607599
          ],
          [
            13.480911338701844,
            52.52074937336147
          ],
          [
            13.480661306530237,
            52.520750714465976
          ],
          [
            13.480419488623738,
            52.520782481878996
          ],
          [
            13.480173982679844,
            52.52075490541756
          ],
          [
            13.47995781339705,
            52.520665721967816
          ],
          [
            13.479735106229782,
            52.520587015897036
          ],
          [
            13.479523714631796,
            52.52051727846265
          ],
          [
            13.479272089898586,
            52.52046715468168
          ],
          [
            13.479023147374392,
            52.520441841334105
          ],
          [
            13.478744700551033,
            52.52042264677584
          ],
          [
            13.478462733328342,
            52.520395908504725
          ],
          [
            13.478184957057238,
            52.52037419937551
          ],
          [
            13.477922603487968,
            52.520364141091704
          ],
          [
            13.477654466405511,
            52.52034259960055
          ],
          [
            13.477392867207527,
            52.520328518003225
          ],
          [
            13.477145098149776,
            52.52033866010606
          ],
          [
            13.476902358233929,
            52.52035399898887
          ],
          [
            13.47665953449905,
            52.52037939615548
          ],
          [
            13.476407742127776,
            52.5204024463892
          ],
          [
            13.476147232577205,
            52.52042264677584
          ],
          [
            13.475884040817618,
            52.5204455293715
          ],
          [
            13.475636523216963,
            52.52047101035714
          ],
          [
            13.475392609834671,
            52.52049003727734
          ],
          [
            13.475151797756553,
            52.520505376160145
          ],
          [
            13.47491123713553,
            52.52052557654679
          ],
          [
            13.474670173600316,
            52.520548375323415
          ],
          [
            13.4744240809232,
            52.52057016827166
          ],
          [
            13.474196344614029,
            52.520595816895366
          ],
          [
            13.473932649940252,
            52.52062733285129
          ],
          [
            13.473710529506207,
            52.520645102486014
          ],
          [
            13.473473154008389,
            52.520645102486014
          ],
          [
            13.473204178735614,
            52.520674439147115
          ],
          [
            13.472925815731287,
            52.5206960644573
          ],
          [
            13.472637478262186,
            52.520699920132756
          ],
          [
            13.47241141833365,
            52.52068835310638
          ],
          [
            13.472183430567384,
            52.520670583471656
          ],
          [
            13.471961980685592,
            52.52064384520054
          ],
          [
            13.471727538853884,
            52.5206249859184
          ],
          [
            13.471474405378103,
            52.520600678399205
          ],
          [
            13.471212889999151,
            52.52058274112642
          ],
          [
            13.47096805460751,
            52.52056773751974
          ],
          [
            13.470724895596504,
            52.52054234035313
          ],
          [
            13.470481233671308,
            52.520522056147456
          ],
          [
            13.470233548432589,
            52.52050286158919
          ],
          [
            13.46998737193644,
            52.5204835832119
          ],
          [
            13.46974647603929,
            52.5204611197114
          ],
          [
            13.469495186582208,
            52.52043974585831
          ],
          [
            13.469248004257679,
            52.52041770145297
          ],
          [
            13.468996547162533,
            52.52039976418018
          ],
          [
            13.468745006248355,
            52.52038090489805
          ],
          [
            13.468493213877082,
            52.52035659737885
          ],
          [
            13.468241421505809,
            52.5203350558877
          ],
          [
            13.467992898076773,
            52.520315777510405
          ],
          [
            13.467750325798988,
            52.52029683440924
          ],
          [
            13.467516135424376,
            52.52027780748904
          ],
          [
            13.46728915348649,
            52.5202573556453
          ],
          [
            13.46705848351121,
            52.520239586010575
          ],
          [
            13.46682446077466,
            52.520222989842296
          ],
          [
            13.46658498980105,
            52.52020136453211
          ],
          [
            13.466340489685535,
            52.52018258906901
          ],
          [
            13.466081907972693,
            52.520159455016255
          ],
          [
            13.465827852487564,
            52.520136488601565
          ],
          [
            13.4655686840415,
            52.52011620439589
          ],
          [
            13.465304151177406,
            52.52009860239923
          ],
          [
            13.465040037408471,
            52.52007546834648
          ],
          [
            13.464785730466247,
            52.52005417831242
          ],
          [
            13.464527064934373,
            52.520033391192555
          ],
          [
            13.464281056076288,
            52.520010424777865
          ],
          [
            13.464048709720373,
            52.51999408006668
          ],
          [
            13.463817704468966,
            52.51998519524932
          ],
          [
            13.463587369769812,
            52.51997253857553
          ],
          [
            13.463303809985518,
            52.51995217055082
          ],
          [
            13.463029386475682,
            52.519929287955165
          ],
          [
            13.462784215807915,
            52.519916547462344
          ],
          [
            13.462536530569196,
            52.519942028447986
          ],
          [
            13.462379788979888,
            52.51983758993447
          ],
          [
            13.46231541596353,
            52.51966517418623
          ],
          [
            13.462242661044002,
            52.51951522193849
          ],
          [
            13.46216294914484,
            52.51935185864568
          ],
          [
            13.462086757645011,
            52.51918246038258
          ],
          [
            13.46200067549944,
            52.51901465468109
          ],
          [
            13.461914928629994,
            52.518857661634684
          ],
          [
            13.461838234215975,
            52.51870444044471
          ],
          [
            13.461751816794276,
            52.51853152178228
          ],
          [
            13.461660286411643,
            52.518349047750235
          ],
          [
            13.461566492915154,
            52.518165316432714
          ],
          [
            13.461465323343873,
            52.51798611134291
          ],
          [
            13.461363231763244,
            52.51780950464308
          ],
          [
            13.461279328912497,
            52.51762468367815
          ],
          [
            13.461197018623352,
            52.51745210029185
          ],
          [
            13.4611133672297,
            52.517301896587014
          ],
          [
            13.461026027798653,
            52.517151944339275
          ],
          [
            13.460952853783965,
            52.516983300447464
          ],
          [
            13.460879009217024,
            52.51682722941041
          ],
          [
            13.460789071395993,
            52.516648108139634
          ],
          [
            13.460698295384645,
            52.51646521501243
          ],
          [
            13.460604501888156,
            52.51628634519875
          ],
          [
            13.460530741140246,
            52.51612080261111
          ],
          [
            13.460467290133238,
            52.51595978625119
          ],
          [
            13.460383052006364,
            52.51580748707056
          ],
          [
            13.46030660904944,
            52.515672789886594
          ],
          [
            13.460174845531583,
            52.51553004607558
          ],
          [
            13.460107538849115,
            52.51539492979646
          ],
          [
            13.459836887195706,
            52.515376741066575
          ],
          [
            13.459549890831113,
            52.5154151301831
          ],
          [
            13.459303630515933,
            52.51543901860714
          ],
          [
            13.459034319967031,
            52.51546701416373
          ],
          [
            13.458756040781736,
            52.515494003891945
          ],
          [
            13.458482287824154,
            52.515523340553045
          ],
          [
            13.458209037780762,
            52.51554999500513
          ],
          [
            13.45794215798378,
            52.515578493475914
          ],
          [
            13.457670668140054,
            52.51559919677675
          ],
          [
            13.457392305135727,
            52.51563146710396
          ],
          [
            13.457122324034572,
            52.515659127384424
          ],
          [
            13.456843961030245,
            52.51568729057908
          ],
          [
            13.45657255500555,
            52.5157137773931
          ],
          [
            13.456296203657985,
            52.5157380849123
          ],
          [
            13.456030245870352,
            52.5157674215734
          ],
          [
            13.455780548974872,
            52.515793992206454
          ],
          [
            13.455546023324132,
            52.51581679098308
          ],
          [
            13.455322226509452,
            52.51583590172231
          ],
          [
            13.455051993951201,
            52.51585392281413
          ],
          [
            13.454798441380262,
            52.51585249789059
          ],
          [
            13.454553354531527,
            52.51587772741914
          ],
          [
            13.454262837767601,
            52.51590454950929
          ],
          [
            13.454026635736227,
            52.515927432104945
          ],
          [
            13.453780626878142,
            52.51595349982381
          ],
          [
            13.453528583049774,
            52.51597688533366
          ],
          [
            13.453276539221406,
            52.51600379124284
          ],
          [
            13.453031200915575,
            52.51603069715202
          ],
          [
            13.452811846509576,
            52.51608735881746
          ],
          [
            13.452593078836799,
            52.51612960360944
          ],
          [
            13.452361319214106,
            52.51614854671061
          ],
          [
            13.452127296477556,
            52.51617193222046
          ],
          [
            13.451897716149688,
            52.51619825139642
          ],
          [
            13.451667632907629,
            52.51622088253498
          ],
          [
            13.451432520523667,
            52.516242591664195
          ],
          [
            13.451193133369088,
            52.5162698328495
          ],
          [
            13.450966654345393,
            52.51629011705518
          ],
          [
            13.45074419863522,
            52.51631040126085
          ],
          [
            13.450522078201175,
            52.5163269136101
          ],
          [
            13.45029610209167,
            52.51633697189391
          ],
          [
            13.450064091011882,
            52.516358848661184
          ],
          [
            13.449830235913396,
            52.51638156361878
          ],
          [
            13.449592608958483,
            52.516401931643486
          ],
          [
            13.449350455775857,
            52.51642623916268
          ],
          [
            13.449119785800576,
            52.51646026968956
          ],
          [
            13.44882876612246,
            52.516506453976035
          ],
          [
            13.448607064783573,
            52.5165290851146
          ],
          [
            13.448378322646022,
            52.51654953695834
          ],
          [
            13.448150837793946,
            52.516576275229454
          ],
          [
            13.44792578369379,
            52.51659915782511
          ],
          [
            13.447697628289461,
            52.51662187278271
          ],
          [
            13.447466874495149,
            52.51664106734097
          ],
          [
            13.447238551452756,
            52.51666646450758
          ],
          [
            13.44701156951487,
            52.51669001765549
          ],
          [
            13.446779223158956,
            52.516703344881535
          ],
          [
            13.44649599865079,
            52.51675045117736
          ],
          [
            13.446205230429769,
            52.5167846493423
          ],
          [
            13.445967184379697,
            52.51679738983512
          ],
          [
            13.44572201371193,
            52.51682396046817
          ],
          [
            13.445470305159688,
            52.51684960909188
          ],
          [
            13.445221278816462,
            52.51687374897301
          ],
          [
            13.4449705760926,
            52.51689663156867
          ],
          [
            13.444722974672914,
            52.51692588441074
          ],
          [
            13.444480318576097,
            52.51695002429187
          ],
          [
            13.444229699671268,
            52.51697299070656
          ],
          [
            13.443982936441898,
            52.516995621845126
          ],
          [
            13.443731730803847,
            52.517016073688865
          ],
          [
            13.44348018988967,
            52.51704700291157
          ],
          [
            13.443239461630583,
            52.517075669020414
          ],
          [
            13.442996302619576,
            52.51709100790322
          ],
          [
            13.442758088931441,
            52.517114225775
          ],
          [
            13.442519623786211,
            52.517139706760645
          ],
          [
            13.44228895381093,
            52.517163595184684
          ],
          [
            13.442064905539155,
            52.51718278974295
          ],
          [
            13.441780172288418,
            52.51720542088151
          ],
          [
            13.441513711586595,
            52.51721313223243
          ],
          [
            13.441237946972251,
            52.51721313223243
          ],
          [
            13.44101750291884,
            52.517233500257134
          ],
          [
            13.440794795751572,
            52.517257472500205
          ],
          [
            13.440570663660765,
            52.51727934926748
          ],
          [
            13.440348040312529,
            52.51730717718601
          ],
          [
            13.440087614580989,
            52.517378171905875
          ],
          [
            13.439806066453457,
            52.51741538755596
          ],
          [
            13.439579084515572,
            52.51744095236063
          ],
          [
            13.439356125891209,
            52.51746475696564
          ],
          [
            13.43912067823112,
            52.51748789101839
          ],
          [
            13.438885230571032,
            52.517516892403364
          ],
          [
            13.43865456059575,
            52.517537511885166
          ],
          [
            13.438420370221138,
            52.517560394480824
          ],
          [
            13.438182659447193,
            52.517586797475815
          ],
          [
            13.437941260635853,
            52.517615631222725
          ],
          [
            13.437703717499971,
            52.51763641834259
          ],
          [
            13.437468772754073,
            52.51765938475728
          ],
          [
            13.437234917655587,
            52.51768218353391
          ],
          [
            13.436997039243579,
            52.51770523376763
          ],
          [
            13.436775170266628,
            52.51772937364876
          ],
          [
            13.436552295461297,
            52.51774840056896
          ],
          [
            13.43633159995079,
            52.517773965373635
          ],
          [
            13.43611165881157,
            52.5177965965122
          ],
          [
            13.43587956391275,
            52.51781964674592
          ],
          [
            13.435644702985883,
            52.51784613355994
          ],
          [
            13.435399867594242,
            52.517873123288155
          ],
          [
            13.435167018324137,
            52.51789583824575
          ],
          [
            13.434935174882412,
            52.51791872084141
          ],
          [
            13.4347009845078,
            52.51794411800802
          ],
          [
            13.434470565989614,
            52.51796591095626
          ],
          [
            13.434246433898807,
            52.517987536266446
          ],
          [
            13.43396807089448,
            52.518015364184976
          ],
          [
            13.43372038565576,
            52.51803715713322
          ],
          [
            13.433491475880146,
            52.51806003972888
          ],
          [
            13.433275641873479,
            52.51809189096093
          ],
          [
            13.433025442063808,
            52.51811728812754
          ],
          [
            13.432774906978011,
            52.51814411021769
          ],
          [
            13.432515989989042,
            52.51817177049816
          ],
          [
            13.432233855128288,
            52.51819347962737
          ],
          [
            13.431948451325297,
            52.51822222955525
          ],
          [
            13.431725911796093,
            52.51824670471251
          ],
          [
            13.431501276791096,
            52.51826589927077
          ],
          [
            13.431279240176082,
            52.51829272136092
          ],
          [
            13.431005151942372,
            52.518319291993976
          ],
          [
            13.43072310090065,
            52.51834980212152
          ],
          [
            13.430445408448577,
            52.51837620511651
          ],
          [
            13.430168302729726,
            52.518400847911835
          ],
          [
            13.42990561388433,
            52.51843621954322
          ],
          [
            13.429646529257298,
            52.5184958986938
          ],
          [
            13.429407058283687,
            52.51857762224972
          ],
          [
            13.429200863465667,
            52.51868289895356
          ],
          [
            13.429034734144807,
            52.518786834552884
          ],
          [
            13.428893331438303,
            52.51889806240797
          ],
          [
            13.428664254024625,
            52.518974002450705
          ],
          [
            13.428443223237991,
            52.51901876181364
          ],
          [
            13.428193191066384,
            52.5190709810704
          ],
          [
            13.42793695628643,
            52.51904575154185
          ],
          [
            13.427651636302471,
            52.519027730450034
          ],
          [
            13.427363215014338,
            52.51903778873384
          ],
          [
            13.42714142985642,
            52.51904943957925
          ],
          [
            13.4268712811172,
            52.519092271104455
          ],
          [
            13.426599120721221,
            52.519155805930495
          ],
          [
            13.426330061629415,
            52.51922495663166
          ],
          [
            13.426128225401044,
            52.51928304322064
          ],
          [
            13.42591448687017,
            52.51934180036187
          ],
          [
            13.425702676177025,
            52.51939645037055
          ],
          [
            13.425498409196734,
            52.51944984309375
          ],
          [
            13.42529439367354,
            52.51951212063432
          ],
          [
            13.425089372321963,
            52.51958495937288
          ],
          [
            13.42489080503583,
            52.51965058967471
          ],
          [
            13.424636162817478,
            52.51973055303097
          ],
          [
            13.424431392922997,
            52.51979174092412
          ],
          [
            13.424230478703976,
            52.519850665703416
          ],
          [
            13.423981871455908,
            52.51992559991777
          ],
          [
            13.423769306391478,
            52.519987374544144
          ],
          [
            13.423546431586146,
            52.52004764042795
          ],
          [
            13.42333311215043,
            52.52009893767536
          ],
          [
            13.423097915947437,
            52.520174542441964
          ],
          [
            13.422888619825244,
            52.52023899927735
          ],
          [
            13.422650238499045,
            52.52030446194112
          ],
          [
            13.422408169135451,
            52.52037914469838
          ],
          [
            13.422200046479702,
            52.52043630927801
          ],
          [
            13.421966023743153,
            52.520503951236606
          ],
          [
            13.42174013145268,
            52.52058634534478
          ],
          [
            13.421519603580236,
            52.52066723071039
          ],
          [
            13.421282563358545,
            52.52073395065963
          ],
          [
            13.42105851508677,
            52.520792204886675
          ],
          [
            13.420833460986614,
            52.520873257890344
          ],
          [
            13.420612514019012,
            52.52095129340887
          ],
          [
            13.420390896499157,
            52.521019354462624
          ],
          [
            13.420174643397331,
            52.52108498476446
          ],
          [
            13.419955372810364,
            52.5211501121521
          ],
          [
            13.419734258204699,
            52.52120501361787
          ],
          [
            13.419523620977998,
            52.52125924453139
          ],
          [
            13.419327735900879,
            52.52133384346962
          ],
          [
            13.419117517769337,
            52.52140467055142
          ],
          [
            13.418904198333621,
            52.52147348597646
          ],
          [
            13.418687777593732,
            52.521539283916354
          ],
          [
            13.418473368510604,
            52.521607764065266
          ],
          [
            13.418268347159028,
            52.52167230471969
          ],
          [
            13.41806123033166,
            52.5217336602509
          ],
          [
            13.417854867875576,
            52.52179618924856
          ],
          [
            13.417661162093282,
            52.52186533994973
          ],
          [
            13.417419930920005,
            52.52194480039179
          ],
          [
            13.417218597605824,
            52.522001545876265
          ],
          [
            13.416989939287305,
            52.52207212150097
          ],
          [
            13.416783325374126,
            52.52215853892267
          ],
          [
            13.416564725339413,
            52.522255098447204
          ],
          [
            13.41638870537281,
            52.52235987223685
          ],
          [
            13.41622643172741,
            52.52224302850664
          ],
          [
            13.41608620248735,
            52.5221311300993
          ],
          [
            13.416007664054632,
            52.52199936658144
          ],
          [
            13.415900459513068,
            52.521872632205486
          ],
          [
            13.415803229436278,
            52.52173827029765
          ],
          [
            13.415653444826603,
            52.52161203883588
          ],
          [
            13.415510952472687,
            52.52148102968931
          ],
          [
            13.415363430976868,
            52.52136711962521
          ],
          [
            13.41523703187704,
            52.52124264836311
          ],
          [
            13.415107866749167,
            52.52112278714776
          ],
          [
            13.414965961128473,
            52.52097434364259
          ],
          [
            13.414851296693087,
            52.52085733227432
          ],
          [
            13.414724227041006,
            52.52073772251606
          ],
          [
            13.414542339742184,
            52.52063227817416
          ],
          [
            13.414305467158556,
            52.520572766661644
          ],
          [
            13.414081921800971,
            52.52050428651273
          ],
          [
            13.413864159956574,
            52.52044946886599
          ],
          [
            13.413661736994982,
            52.52038358710706
          ],
          [
            13.413419164717197,
            52.52040311694145
          ],
          [
            13.413302572444081,
            52.52052364870906
          ],
          [
            13.413164773955941,
            52.520649544894695
          ],
          [
            13.413015743717551,
            52.52077091485262
          ],
          [
            13.412863276898861,
            52.520877281203866
          ],
          [
            13.41264040209353,
            52.52092790789902
          ],
          [
            13.41244451701641,
            52.52084584906697
          ],
          [
            13.412269754335284,
            52.520735543221235
          ],
          [
            13.412081832066178,
            52.52061056904495
          ],
          [
            13.411904387176037,
            52.52049154601991
          ],
          [
            13.411705065518618,
            52.52037528902292
          ],
          [
            13.41151555068791,
            52.52029951661825
          ],
          [
            13.411335172131658,
            52.5202177092433
          ],
          [
            13.411160493269563,
            52.520129615440965
          ],
          [
            13.410958992317319,
            52.52000858075917
          ],
          [
            13.410733016207814,
            52.51989584416151
          ],
          [
            13.4105265699327,
            52.51977992244065
          ],
          [
            13.410280980169773,
            52.519681518897414
          ],
          [
            13.410099260509014,
            52.51959677785635
          ],
          [
            13.4098581969738,
            52.51949158497155
          ],
          [
            13.409638004377484,
            52.5193833746016
          ],
          [
            13.409421164542437,
            52.51926938071847
          ],
          [
            13.409228380769491,
            52.519172402098775
          ],
          [
            13.409009361639619,
            52.51909805461764
          ],
          [
            13.408787157386541,
            52.51902270130813
          ],
          [
            13.408666541799903,
            52.51915840432048
          ],
          [
            13.40842204168439,
            52.51920056529343
          ],
          [
            13.408215679228306,
            52.51925613731146
          ],
          [
            13.408002527430654,
            52.519308691844344
          ],
          [
            13.407764481380582,
            52.51937943510711
          ],
          [
            13.407549317926168,
            52.51943844370544
          ],
          [
            13.407325437292457,
            52.51936216838658
          ],
          [
            13.407143298536539,
            52.51927918754518
          ],
          [
            13.406933918595314,
            52.51918355002999
          ],
          [
            13.406741386279464,
            52.519084895029664
          ],
          [
            13.406751193106174,
            52.518940726295114
          ],
          [
            13.406919166445732,
            52.51883318647742
          ],
          [
            13.40675387531519,
            52.518954975530505
          ],
          [
            13.40655455365777,
            52.519075591117144
          ],
          [
            13.406399572268128,
            52.51917885616422
          ],
          [
            13.406213326379657,
            52.519286312162876
          ],
          [
            13.406061446294188,
            52.5193936843425
          ],
          [
            13.40588609687984,
            52.51950591802597
          ],
          [
            13.405717788264155,
            52.519618067890406
          ],
          [
            13.405573619529605,
            52.51973742619157
          ],
          [
            13.405404724180698,
            52.519858879968524
          ],
          [
            13.405289640650153,
            52.52000045031309
          ],
          [
            13.405200708657503,
            52.52015233039856
          ],
          [
            13.405041033402085,
            52.520278142765164
          ],
          [
            13.404829809442163,
            52.52033103257418
          ],
          [
            13.404625710099936,
            52.52027009613812
          ],
          [
            13.404451534152031,
            52.520183930173516
          ],
          [
            13.404489755630493,
            52.52004244364798
          ],
          [
            13.404392944648862,
            52.51990028657019
          ],
          [
            13.404214074835181,
            52.5197824370116
          ],
          [
            13.40400142595172,
            52.519671795889735
          ],
          [
            13.403832279145718,
            52.51957582309842
          ],
          [
            13.403624659404159,
            52.51945596188307
          ],
          [
            13.403393737971783,
            52.51937884837389
          ],
          [
            13.40318695642054,
            52.51927851699293
          ],
          [
            13.4029904846102,
            52.51915262080729
          ],
          [
            13.40278135612607,
            52.51906511373818
          ],
          [
            13.402569461613894,
            52.51898607239127
          ],
          [
            13.402360752224922,
            52.51889605075121
          ],
          [
            13.40214072726667,
            52.51880653202534
          ],
          [
            13.401917852461338,
            52.518731597810984
          ],
          [
            13.401695983484387,
            52.51865138299763
          ],
          [
            13.401466067880392,
            52.518584160134196
          ],
          [
            13.401274960488081,
            52.51850285567343
          ],
          [
            13.401032220572233,
            52.51841610297561
          ],
          [
            13.40084102936089,
            52.51834628172219
          ],
          [
            13.400624692440033,
            52.518259696662426
          ],
          [
            13.400401147082448,
            52.51816850155592
          ],
          [
            13.400170812383294,
            52.518079318106174
          ],
          [
            13.399938130751252,
            52.51799206249416
          ],
          [
            13.39970838278532,
            52.51791159622371
          ],
          [
            13.399467822164297,
            52.51784169115126
          ],
          [
            13.399197338148952,
            52.5177860353142
          ],
          [
            13.398907659575343,
            52.51776005141437
          ],
          [
            13.3986353315413,
            52.51774345524609
          ],
          [
            13.398375157266855,
            52.517725601792336
          ],
          [
            13.398127220571041,
            52.51771026290953
          ],
          [
            13.397856652736664,
            52.517695259302855
          ],
          [
            13.397591365501285,
            52.517676232382655
          ],
          [
            13.397320294752717,
            52.51765946857631
          ],
          [
            13.39704972691834,
            52.5176377594471
          ],
          [
            13.396788965910673,
            52.51762141473591
          ],
          [
            13.39653474278748,
            52.51760615967214
          ],
          [
            13.396252524107695,
            52.51758084632456
          ],
          [
            13.395962342619896,
            52.51756785437465
          ],
          [
            13.395731002092361,
            52.51755025237799
          ],
          [
            13.39549739845097,
            52.51752988435328
          ],
          [
            13.395269494503736,
            52.51751605421305
          ],
          [
            13.395040836185217,
            52.51750691793859
          ],
          [
            13.394809160381556,
            52.51749551855028
          ],
          [
            13.394573545083404,
            52.517480263486505
          ],
          [
            13.39433440938592,
            52.51746241003275
          ],
          [
            13.394093597307801,
            52.5174495857209
          ],
          [
            13.393850270658731,
            52.517434414476156
          ],
          [
            13.39360342361033,
            52.517419243231416
          ],
          [
            13.393357414752245,
            52.51741639338434
          ],
          [
            13.393112579360604,
            52.51744824461639
          ],
          [
            13.392869839444757,
            52.517463667318225
          ],
          [
            13.392622154206038,
            52.51745109446347
          ],
          [
            13.392380839213729,
            52.51743223518133
          ],
          [
            13.392126448452473,
            52.51741664484143
          ],
          [
            13.39187909848988,
            52.51740130595863
          ],
          [
            13.391652954742312,
            52.51738864928484
          ],
          [
            13.391373502090573,
            52.517387391999364
          ],
          [
            13.391130091622472,
            52.51737590879202
          ],
          [
            13.390881149098277,
            52.51736828126013
          ],
          [
            13.390625584870577,
            52.517344141379
          ],
          [
            13.390366332605481,
            52.51730851829052
          ],
          [
            13.390081347897649,
            52.517290664836764
          ],
          [
            13.389796949923038,
            52.517284378409386
          ],
          [
            13.389522274956107,
            52.51728060655296
          ],
          [
            13.38929370045662,
            52.51726409420371
          ],
          [
            13.389059426262975,
            52.517239870503545
          ],
          [
            13.388814171776175,
            52.51722578890622
          ],
          [
            13.388587273657322,
            52.517203241586685
          ],
          [
            13.388321232050657,
            52.51718647778034
          ],
          [
            13.388054687529802,
            52.51716502010822
          ],
          [
            13.38778143748641,
            52.51714523881674
          ],
          [
            13.387501398101449,
            52.517130402848125
          ],
          [
            13.387229405343533,
            52.517110873013735
          ],
          [
            13.386954395100474,
            52.517091762274504
          ],
          [
            13.386689778417349,
            52.51708606258035
          ],
          [
            13.386429771780968,
            52.51707198098302
          ],
          [
            13.386171692982316,
            52.51705429516733
          ],
          [
            13.385927444323897,
            52.517042979598045
          ],
          [
            13.385689062997699,
            52.51701548695564
          ],
          [
            13.38542235083878,
            52.51698615029454
          ],
          [
            13.385149855166674,
            52.51697290688753
          ],
          [
            13.384884903207421,
            52.51695756800473
          ],
          [
            13.384632356464863,
            52.516937451437116
          ],
          [
            13.384378300979733,
            52.51692010089755
          ],
          [
            13.38412650860846,
            52.51690551638603
          ],
          [
            13.383887624368072,
            52.51687274314463
          ],
          [
            13.383640442043543,
            52.516850866377354
          ],
          [
            13.383376495912671,
            52.51683703623712
          ],
          [
            13.383103832602501,
            52.51681658439338
          ],
          [
            13.382838293910027,
            52.51680132932961
          ],
          [
            13.38258340023458,
            52.51678607426584
          ],
          [
            13.382339822128415,
            52.51676763407886
          ],
          [
            13.382112002000213,
            52.51675053499639
          ],
          [
            13.381876889616251,
            52.51672379672527
          ],
          [
            13.381650242954493,
            52.516705859452486
          ],
          [
            13.381361402571201,
            52.516693118959665
          ],
          [
            13.38113995268941,
            52.51670309342444
          ],
          [
            13.38090936653316,
            52.51670074649155
          ],
          [
            13.38074172846973,
            52.516805017367005
          ],
          [
            13.380711888894439,
            52.51695899292827
          ],
          [
            13.380684480071068,
            52.51709653995931
          ],
          [
            13.380655059590936,
            52.5172405410558
          ],
          [
            13.380624800920486,
            52.51737892627716
          ],
          [
            13.38057216256857,
            52.51754195429385
          ],
          [
            13.380528828129172,
            52.51771344803274
          ],
          [
            13.380488092079759,
            52.517860466614366
          ],
          [
            13.380434028804302,
            52.51799466088414
          ],
          [
            13.380442997440696,
            52.51817973330617
          ],
          [
            13.380415253341198,
            52.518354412168264
          ],
          [
            13.380352221429348,
            52.51849539577961
          ],
          [
            13.380367560312152,
            52.518633445724845
          ],
          [
            13.380328919738531,
            52.518767891451716
          ],
          [
            13.380286926403642,
            52.5189015828073
          ],
          [
            13.380200257524848,
            52.51903351396322
          ],
          [
            13.380242669954896,
            52.51917357556522
          ],
          [
            13.380237305536866,
            52.51931246370077
          ],
          [
            13.380189947783947,
            52.51945755444467
          ],
          [
            13.380124401301146,
            52.51962762326002
          ],
          [
            13.380102859809995,
            52.51980791799724
          ],
          [
            13.380083749070764,
            52.51995309256017
          ],
          [
            13.38005617260933,
            52.520099272951484
          ],
          [
            13.380077797919512,
            52.520265486091375
          ],
          [
            13.380089784041047,
            52.52040102146566
          ],
          [
            13.38002398610115,
            52.52053781412542
          ],
          [
            13.379956427961588,
            52.52070662565529
          ],
          [
            13.379923570901155,
            52.52088247798383
          ],
          [
            13.37991208769381,
            52.521047266200185
          ],
          [
            13.379898760467768,
            52.52119797281921
          ],
          [
            13.379929102957249,
            52.521342895925045
          ],
          [
            13.379860706627369,
            52.52148077823222
          ],
          [
            13.379676891490817,
            52.521396623924375
          ],
          [
            13.379412442445755,
            52.52140022814274
          ],
          [
            13.379155788570642,
            52.52144473604858
          ],
          [
            13.378910031169653,
            52.5215008109808
          ],
          [
            13.378687240183353,
            52.52158739604056
          ],
          [
            13.378481967374682,
            52.521655121818185
          ],
          [
            13.378279209136963,
            52.52173097804189
          ],
          [
            13.378064297139645,
            52.52180884592235
          ],
          [
            13.377865059301257,
            52.52190163359046
          ],
          [
            13.377635646611452,
            52.52198662608862
          ],
          [
            13.377451663836837,
            52.52206290140748
          ],
          [
            13.377255192026496,
            52.52214537933469
          ],
          [
            13.377002645283937,
            52.522137919440866
          ],
          [
            13.37674917653203,
            52.52213423140347
          ],
          [
            13.376530827954412,
            52.52220254391432
          ],
          [
            13.376382803544402,
            52.52233154140413
          ],
          [
            13.37623461149633,
            52.52244788222015
          ],
          [
            13.376051299273968,
            52.52255634404719
          ],
          [
            13.375887768343091,
            52.52265667542815
          ],
          [
            13.375677466392517,
            52.52276740036905
          ],
          [
            13.37550270371139,
            52.522858092561364
          ],
          [
            13.375308997929096,
            52.52294819802046
          ],
          [
            13.375105317682028,
            52.52304174005985
          ],
          [
            13.374901721253991,
            52.52313209697604
          ],
          [
            13.374686809256673,
            52.52322228625417
          ],
          [
            13.374460749328136,
            52.523299818858504
          ],
          [
            13.374228905886412,
            52.52336855046451
          ],
          [
            13.373994464054704,
            52.523424457758665
          ],
          [
            13.373771589249372,
            52.52347013913095
          ],
          [
            13.373555755242705,
            52.52351221628487
          ],
          [
            13.373284516856074,
            52.52355957403779
          ],
          [
            13.373015625402331,
            52.52360659651458
          ],
          [
            13.37276928126812,
            52.52363325096667
          ],
          [
            13.37254355661571,
            52.523647332563996
          ],
          [
            13.372317496687174,
            52.523647332563996
          ],
          [
            13.372073750942945,
            52.523648673668504
          ],
          [
            13.371817264705896,
            52.523625791072845
          ],
          [
            13.371546445414424,
            52.523608189076185
          ],
          [
            13.371317368000746,
            52.523585222661495
          ],
          [
            13.371031545102596,
            52.523548509925604
          ],
          [
            13.370788805186749,
            52.52353643998504
          ],
          [
            13.370682271197438,
            52.52367432229221
          ],
          [
            13.370694424957037,
            52.52382301725447
          ],
          [
            13.370716385543346,
            52.5239647552371
          ],
          [
            13.370739435777068,
            52.524122251197696
          ],
          [
            13.370623011142015,
            52.52423842437565
          ],
          [
            13.370398879051208,
            52.52428821288049
          ],
          [
            13.370159156620502,
            52.52430975437164
          ],
          [
            13.370137782767415,
            52.52431260421872
          ]
        ]
      },
      "properties": {
        "name": "2026-07-08 (Wed) 07:02",
        "source_file": "2026-07-08-050207-ELEMNT_ROAM_A974-304-0.fit",
        "date": "2026-07-08T05:02:07",
        "sport": "cycling",
        "dropbox_id": "id:JY-PzzIM9pcAAAAAAAAAGw"
      }
    },
    {
      "type": "Feature",
      "geometry": {
        "type": "LineString",
        "coordinates": [
          [
            13.429538402706385,
            52.554145054891706
          ],
          [
            13.429577881470323,
            52.55398219451308
          ],
          [
            13.429604955017567,
            52.553840121254325
          ],
          [
            13.429635632783175,
            52.553685726597905
          ],
          [
            13.429686510935426,
            52.55351691506803
          ],
          [
            13.429740322753787,
            52.553339721634984
          ],
          [
            13.429776784032583,
            52.55317451432347
          ],
          [
            13.429825315251946,
            52.55302037112415
          ],
          [
            13.42988021671772,
            52.552853152155876
          ],
          [
            13.429920114576817,
            52.55269029177725
          ],
          [
            13.429954312741756,
            52.55253187380731
          ],
          [
            13.429995384067297,
            52.55237823352218
          ],
          [
            13.430028492584825,
            52.55221436731517
          ],
          [
            13.430060595273972,
            52.55205603316426
          ],
          [
            13.430076353251934,
            52.55190482363105
          ],
          [
            13.430032012984157,
            52.55176451057196
          ],
          [
            13.429995300248265,
            52.55162721499801
          ],
          [
            13.429940231144428,
            52.55145379342139
          ],
          [
            13.429908882826567,
            52.55128925666213
          ],
          [
            13.42990955337882,
            52.55111524835229
          ],
          [
            13.42985582537949,
            52.55094509571791
          ],
          [
            13.429786674678326,
            52.55081366747618
          ],
          [
            13.429715344682336,
            52.55068299360573
          ],
          [
            13.429620377719402,
            52.550523318350315
          ],
          [
            13.429567152634263,
            52.55036196671426
          ],
          [
            13.429516525939107,
            52.55021880380809
          ],
          [
            13.429434718564153,
            52.55005409941077
          ],
          [
            13.4293597843498,
            52.549883695319295
          ],
          [
            13.42927822843194,
            52.54971102811396
          ],
          [
            13.42920497059822,
            52.54955034703016
          ],
          [
            13.429136825725436,
            52.549398466944695
          ],
          [
            13.42907253652811,
            52.549258237704635
          ],
          [
            13.428967678919435,
            52.54909177310765
          ],
          [
            13.428905149921775,
            52.54894006066024
          ],
          [
            13.428829042240977,
            52.54878013394773
          ],
          [
            13.428764585405588,
            52.54862800240517
          ],
          [
            13.428699541836977,
            52.54848307929933
          ],
          [
            13.428633827716112,
            52.54834243096411
          ],
          [
            13.428584290668368,
            52.54819734022021
          ],
          [
            13.428544476628304,
            52.54804571159184
          ],
          [
            13.428461831063032,
            52.54791864193976
          ],
          [
            13.428631564602256,
            52.54779081791639
          ],
          [
            13.428877322003245,
            52.54771479405463
          ],
          [
            13.429133724421263,
            52.54763776436448
          ],
          [
            13.429383505135775,
            52.547545647248626
          ],
          [
            13.429627167060971,
            52.547454284504056
          ],
          [
            13.429822465404868,
            52.547384798526764
          ],
          [
            13.4300194401294,
            52.54731371998787
          ],
          [
            13.430273663252592,
            52.54722596146166
          ],
          [
            13.430528976023197,
            52.54713434726
          ],
          [
            13.430731315165758,
            52.54706989042461
          ],
          [
            13.430969947949052,
            52.54698489792645
          ],
          [
            13.431188212707639,
            52.54691247828305
          ],
          [
            13.43144184909761,
            52.54682061262429
          ],
          [
            13.43164661899209,
            52.54674542695284
          ],
          [
            13.4318567533046,
            52.546680299565196
          ],
          [
            13.432061187922955,
            52.54660821519792
          ],
          [
            13.43229454010725,
            52.54653135314584
          ],
          [
            13.432490089908242,
            52.54646220244467
          ],
          [
            13.432698715478182,
            52.546389531344175
          ],
          [
            13.43291899189353,
            52.54631736315787
          ],
          [
            13.433156032115221,
            52.546233711764216
          ],
          [
            13.433348229154944,
            52.54616514779627
          ],
          [
            13.43355618417263,
            52.54609180614352
          ],
          [
            13.433763049542904,
            52.54602374508977
          ],
          [
            13.433998497202992,
            52.5459445361048
          ],
          [
            13.434202512726188,
            52.54586826078594
          ],
          [
            13.434472912922502,
            52.545783603563905
          ],
          [
            13.434700900688767,
            52.5457095913589
          ],
          [
            13.434917069971561,
            52.54562702961266
          ],
          [
            13.435146482661366,
            52.54554094746709
          ],
          [
            13.435374638065696,
            52.54545687697828
          ],
          [
            13.4356006141752,
            52.54537146538496
          ],
          [
            13.43583949841559,
            52.545294938609004
          ],
          [
            13.436072012409568,
            52.54521816037595
          ],
          [
            13.436286002397537,
            52.545145908370614
          ],
          [
            13.436480965465307,
            52.545067705214024
          ],
          [
            13.43669168651104,
            52.54500266164541
          ],
          [
            13.436838956549764,
            52.54489520564675
          ],
          [
            13.43709871172905,
            52.54486721009016
          ],
          [
            13.437308594584465,
            52.54477769136429
          ],
          [
            13.437539348378778,
            52.544701248407364
          ],
          [
            13.437744621187449,
            52.54462245851755
          ],
          [
            13.437699610367417,
            52.544479463249445
          ],
          [
            13.4376884624362,
            52.544335797429085
          ],
          [
            13.437757194042206,
            52.54417285323143
          ],
          [
            13.437830032780766,
            52.544038658961654
          ],
          [
            13.43790303915739,
            52.543898429721594
          ],
          [
            13.43797093257308,
            52.54374822601676
          ],
          [
            13.438036730512977,
            52.54359860904515
          ],
          [
            13.438127590343356,
            52.54344966262579
          ],
          [
            13.438213588669896,
            52.54328395240009
          ],
          [
            13.438283745199442,
            52.543123941868544
          ],
          [
            13.43835792504251,
            52.54297046922147
          ],
          [
            13.438446018844843,
            52.54283878952265
          ],
          [
            13.43852698802948,
            52.54267182201147
          ],
          [
            13.438621368259192,
            52.54250795580447
          ],
          [
            13.438696721568704,
            52.54236730746925
          ],
          [
            13.438780540600419,
            52.54222121089697
          ],
          [
            13.438855726271868,
            52.54207218065858
          ],
          [
            13.4389369469136,
            52.541908230632544
          ],
          [
            13.439035266637802,
            52.54177554510534
          ],
          [
            13.439123025164008,
            52.541640596464276
          ],
          [
            13.439010875299573,
            52.54152216017246
          ],
          [
            13.438857151195407,
            52.54139240831137
          ],
          [
            13.438702169805765,
            52.54129526205361
          ],
          [
            13.438796885311604,
            52.54116190597415
          ],
          [
            13.43901414424181,
            52.54109300673008
          ],
          [
            13.439240204170346,
            52.54101974889636
          ],
          [
            13.439475819468498,
            52.540920758619905
          ],
          [
            13.439675476402044,
            52.54084783606231
          ],
          [
            13.43987069092691,
            52.54077885299921
          ],
          [
            13.440077053382993,
            52.540699392557144
          ],
          [
            13.440278554335237,
            52.54061942920089
          ],
          [
            13.440488437190652,
            52.54054315388203
          ],
          [
            13.440704438835382,
            52.54046520218253
          ],
          [
            13.440917422994971,
            52.54038532264531
          ],
          [
            13.44113040715456,
            52.54030502401292
          ],
          [
            13.441334422677755,
            52.54022506065667
          ],
          [
            13.441552184522152,
            52.54013981670141
          ],
          [
            13.441771203652024,
            52.54005650058389
          ],
          [
            13.441988797858357,
            52.539974274113774
          ],
          [
            13.442210163921118,
            52.539897663518786
          ],
          [
            13.442432451993227,
            52.539824740961194
          ],
          [
            13.442654320970178,
            52.53975173458457
          ],
          [
            13.442875519394875,
            52.539676716551185
          ],
          [
            13.443089509382844,
            52.539600022137165
          ],
          [
            13.443297799676657,
            52.53952751867473
          ],
          [
            13.443494606763124,
            52.53945216536522
          ],
          [
            13.443704238161445,
            52.53938150592148
          ],
          [
            13.443903056904674,
            52.5393064878881
          ],
          [
            13.444101456552744,
            52.53923096694052
          ],
          [
            13.444303963333368,
            52.53915418870747
          ],
          [
            13.444508565589786,
            52.53908084705472
          ],
          [
            13.44470570795238,
            52.53901253454387
          ],
          [
            13.444912154227495,
            52.538931565359235
          ],
          [
            13.44512689858675,
            52.53884824924171
          ],
          [
            13.445346336811781,
            52.538767866790295
          ],
          [
            13.4455646853894,
            52.538690669462085
          ],
          [
            13.445779429748654,
            52.53860752098262
          ],
          [
            13.445996269583702,
            52.538531832396984
          ],
          [
            13.446212857961655,
            52.53845161758363
          ],
          [
            13.446424081921577,
            52.53837416879833
          ],
          [
            13.446631114929914,
            52.53829848021269
          ],
          [
            13.446841416880488,
            52.53822245635092
          ],
          [
            13.447044007480145,
            52.53814718686044
          ],
          [
            13.44724701717496,
            52.538073593750596
          ],
          [
            13.447449775412679,
            52.537992959842086
          ],
          [
            13.447651527822018,
            52.537921629846096
          ],
          [
            13.447853699326515,
            52.5378452707082
          ],
          [
            13.448048662394285,
            52.53776933066547
          ],
          [
            13.448292072862387,
            52.53768190741539
          ],
          [
            13.448520731180906,
            52.53758174367249
          ],
          [
            13.448709659278393,
            52.53748786635697
          ],
          [
            13.44891426153481,
            52.53740639425814
          ],
          [
            13.449119618162513,
            52.537301536649466
          ],
          [
            13.44932028092444,
            52.53717731684446
          ],
          [
            13.44949085265398,
            52.537057204172015
          ],
          [
            13.449639631435275,
            52.536955112591386
          ],
          [
            13.449779273942113,
            52.5368386041373
          ],
          [
            13.449909025803208,
            52.53670918755233
          ],
          [
            13.450058978050947,
            52.536579854786396
          ],
          [
            13.450208092108369,
            52.53643744625151
          ],
          [
            13.450340274721384,
            52.536290092393756
          ],
          [
            13.450463404878974,
            52.53614139743149
          ],
          [
            13.45056482590735,
            52.536004269495606
          ],
          [
            13.450676556676626,
            52.53588239662349
          ],
          [
            13.450821228325367,
            52.535732025280595
          ],
          [
            13.450942933559418,
            52.5356144271791
          ],
          [
            13.451056843623519,
            52.53549741581082
          ],
          [
            13.451174357905984,
            52.53537168726325
          ],
          [
            13.451325567439198,
            52.53522232174873
          ],
          [
            13.451445009559393,
            52.535106735304
          ],
          [
            13.451561937108636,
            52.53498519770801
          ],
          [
            13.451680121943355,
            52.5348649173975
          ],
          [
            13.451830828562379,
            52.534718569368124
          ],
          [
            13.451950773596764,
            52.53457909449935
          ],
          [
            13.452105587348342,
            52.534436183050275
          ],
          [
            13.45225352793932,
            52.534294528886676
          ],
          [
            13.452372718602419,
            52.534176176413894
          ],
          [
            13.452496351674199,
            52.5340464245528
          ],
          [
            13.452619146555662,
            52.533921618014574
          ],
          [
            13.452742863446474,
            52.533794129267335
          ],
          [
            13.452867167070508,
            52.53367234021425
          ],
          [
            13.452982250601053,
            52.53355583176017
          ],
          [
            13.453101525083184,
            52.533437982201576
          ],
          [
            13.4532474540174,
            52.53329054452479
          ],
          [
            13.453371087089181,
            52.53313221037388
          ],
          [
            13.45346974208951,
            52.532984521239996
          ],
          [
            13.453619610518217,
            52.53282878547907
          ],
          [
            13.453760761767626,
            52.532697608694434
          ],
          [
            13.453903505578637,
            52.53255704417825
          ],
          [
            13.454039627686143,
            52.53239938057959
          ],
          [
            13.454167284071445,
            52.532244147732854
          ],
          [
            13.454300472512841,
            52.532090758904815
          ],
          [
            13.454444641247392,
            52.531935358420014
          ],
          [
            13.454596688970923,
            52.53179110586643
          ],
          [
            13.454752173274755,
            52.531661773100495
          ],
          [
            13.454900365322828,
            52.5315388944
          ],
          [
            13.455044534057379,
            52.531409561634064
          ],
          [
            13.455193899571896,
            52.531291879713535
          ],
          [
            13.45532113686204,
            52.5311625469476
          ],
          [
            13.455450804904103,
            52.53103656694293
          ],
          [
            13.45557477325201,
            52.53091494552791
          ],
          [
            13.45573847182095,
            52.530768010765314
          ],
          [
            13.455853639170527,
            52.530650831758976
          ],
          [
            13.455968638882041,
            52.53052795305848
          ],
          [
            13.45608439296484,
            52.53040683455765
          ],
          [
            13.456205846741796,
            52.530289655551314
          ],
          [
            13.456298215314746,
            52.530164094641805
          ],
          [
            13.456397289410233,
            52.53004129976034
          ],
          [
            13.456555539742112,
            52.52989059314132
          ],
          [
            13.456714125350118,
            52.529754973948
          ],
          [
            13.456841446459293,
            52.52960158511996
          ],
          [
            13.456947142258286,
            52.52947677858174
          ],
          [
            13.457089215517044,
            52.52933043055236
          ],
          [
            13.457205388695002,
            52.52919263206422
          ],
          [
            13.457356598228216,
            52.529054414480925
          ],
          [
            13.457493893802166,
            52.528924494981766
          ],
          [
            13.457592548802495,
            52.52877705730498
          ],
          [
            13.457814417779446,
            52.52873154357076
          ],
          [
            13.458052715286613,
            52.52879239618778
          ],
          [
            13.458329401910305,
            52.52884863875806
          ],
          [
            13.458558395504951,
            52.528895158320665
          ],
          [
            13.45878697000444,
            52.52892382442951
          ],
          [
            13.459073044359684,
            52.52896824851632
          ],
          [
            13.459302624687552,
            52.52901719883084
          ],
          [
            13.459521643817425,
            52.52906606532633
          ],
          [
            13.459737310186028,
            52.529113003984094
          ],
          [
            13.46001248806715,
            52.529169246554375
          ],
          [
            13.46028950996697,
            52.52922624349594
          ],
          [
            13.460558149963617,
            52.52928139641881
          ],
          [
            13.460790496319532,
            52.529344176873565
          ],
          [
            13.461015466600657,
            52.52940544858575
          ],
          [
            13.461255943402648,
            52.52942506223917
          ],
          [
            13.46149449236691,
            52.52938633784652
          ],
          [
            13.46175835467875,
            52.5293440092355
          ],
          [
            13.462019367143512,
            52.529293801635504
          ],
          [
            13.462260514497757,
            52.529214760288596
          ],
          [
            13.462515408173203,
            52.52917586825788
          ],
          [
            13.462797962129116,
            52.52912314608693
          ],
          [
            13.463010443374515,
            52.52908433787525
          ],
          [
            13.463262235745788,
            52.529045110568404
          ],
          [
            13.463510423898697,
            52.52903228625655
          ],
          [
            13.46379540860653,
            52.529001608490944
          ],
          [
            13.46402901224792,
            52.52896615304053
          ],
          [
            13.464276613667607,
            52.52892466261983
          ],
          [
            13.46453477628529,
            52.52888266928494
          ],
          [
            13.464790591970086,
            52.52883229404688
          ],
          [
            13.46505805850029,
            52.52879122272134
          ],
          [
            13.465320328250527,
            52.528752414509654
          ],
          [
            13.465568516403437,
            52.52871494740248
          ],
          [
            13.465816285461187,
            52.52867203205824
          ],
          [
            13.466050811111927,
            52.528630793094635
          ],
          [
            13.466283576563,
            52.52859642729163
          ],
          [
            13.46649999730289,
            52.528554014861584
          ],
          [
            13.466711221262813,
            52.52851277589798
          ],
          [
            13.466956559568644,
            52.52847086638212
          ],
          [
            13.46717826090753,
            52.52844236791134
          ],
          [
            13.467447571456432,
            52.52842585556209
          ],
          [
            13.467712691053748,
            52.52838268876076
          ],
          [
            13.46799080260098,
            52.52832560800016
          ],
          [
            13.468267908319831,
            52.52828076481819
          ],
          [
            13.468515677377582,
            52.52822904847562
          ],
          [
            13.468761518597603,
            52.52814137376845
          ],
          [
            13.4690276440233,
            52.528085550293326
          ],
          [
            13.46923777833581,
            52.5280418805778
          ],
          [
            13.469512788578868,
            52.52798563800752
          ],
          [
            13.469726527109742,
            52.52792788669467
          ],
          [
            13.469961807131767,
            52.52788036130369
          ],
          [
            13.470174539834261,
            52.52782914787531
          ],
          [
            13.470431445166469,
            52.52776963636279
          ],
          [
            13.470681980252266,
            52.52767961472273
          ],
          [
            13.470896389335394,
            52.527636867016554
          ],
          [
            13.471102165058255,
            52.527577355504036
          ],
          [
            13.471345910802484,
            52.5275117252022
          ],
          [
            13.471565349027514,
            52.52743494696915
          ],
          [
            13.471799539402127,
            52.52739337272942
          ],
          [
            13.472044207155704,
            52.52738951705396
          ],
          [
            13.472300106659532,
            52.527365209534764
          ],
          [
            13.472531950101256,
            52.52731575630605
          ],
          [
            13.47275985404849,
            52.527274349704385
          ],
          [
            13.472987674176693,
            52.527250461280346
          ],
          [
            13.47324499860406,
            52.52720846794546
          ],
          [
            13.473471645265818,
            52.52718231640756
          ],
          [
            13.473691418766975,
            52.5271594338119
          ],
          [
            13.473922926932573,
            52.527119452133775
          ],
          [
            13.474157452583313,
            52.527066729962826
          ],
          [
            13.474401282146573,
            52.527020294219255
          ],
          [
            13.474636729806662,
            52.52697570249438
          ],
          [
            13.47485993988812,
            52.52693312242627
          ],
          [
            13.475121036171913,
            52.52688358537853
          ],
          [
            13.475361429154873,
            52.526835054159164
          ],
          [
            13.475454719737172,
            52.52670773304999
          ],
          [
            13.475660411641002,
            52.52676942385733
          ],
          [
            13.475895524024963,
            52.526797000318766
          ],
          [
            13.476139856502414,
            52.526754001155496
          ],
          [
            13.476397097110748,
            52.526692897081375
          ],
          [
            13.476665066555142,
            52.526640677824616
          ],
          [
            13.476927671581507,
            52.52658577635884
          ],
          [
            13.477185666561127,
            52.52653724513948
          ],
          [
            13.477434944361448,
            52.52649583853781
          ],
          [
            13.477688329294324,
            52.52647329121828
          ],
          [
            13.47796669229865,
            52.526454934850335
          ],
          [
            13.478245977312326,
            52.52645158208907
          ],
          [
            13.478494500741363,
            52.526442781090736
          ],
          [
            13.478744449093938,
            52.52642819657922
          ],
          [
            13.478971850126982,
            52.52642442472279
          ],
          [
            13.479179134592414,
            52.526473039761186
          ],
          [
            13.479380887001753,
            52.52653565257788
          ],
          [
            13.479602839797735,
            52.52656079828739
          ],
          [
            13.479842310771346,
            52.52660036087036
          ],
          [
            13.480098461732268,
            52.52663246355951
          ],
          [
            13.48038638010621,
            52.52666967920959
          ],
          [
            13.48061109893024,
            52.526696752756834
          ],
          [
            13.480835482478142,
            52.5267193838954
          ],
          [
            13.481063302606344,
            52.52673480659723
          ],
          [
            13.481361363083124,
            52.526740254834294
          ],
          [
            13.481623632833362,
            52.52670991234481
          ],
          [
            13.481896799057722,
            52.52669834531844
          ],
          [
            13.482189159840345,
            52.52669457346201
          ],
          [
            13.48246643319726,
            52.52667998895049
          ],
          [
            13.48271906375885,
            52.52667311578989
          ],
          [
            13.48296926356852,
            52.526691975072026
          ],
          [
            13.483257601037621,
            52.526691472157836
          ],
          [
            13.48355121910572,
            52.52669222652912
          ],
          [
            13.48377451300621,
            52.526691472157836
          ],
          [
            13.483997387811542,
            52.52668686211109
          ],
          [
            13.484220765531063,
            52.526683174073696
          ],
          [
            13.484443640336394,
            52.52667537890375
          ],
          [
            13.48470683209598,
            52.52665643580258
          ],
          [
            13.484953343868256,
            52.526648975908756
          ],
          [
            13.48521159030497,
            52.52664185129106
          ],
          [
            13.485483331605792,
            52.52664947882295
          ],
          [
            13.485771249979734,
            52.526653250679374
          ],
          [
            13.485994040966034,
            52.52664998173714
          ],
          [
            13.486244156956673,
            52.52665258012712
          ],
          [
            13.486488070338964,
            52.52664872445166
          ],
          [
            13.48674438893795,
            52.52663732506335
          ],
          [
            13.48699794150889,
            52.52663732506335
          ],
          [
            13.487247554585338,
            52.526630368083715
          ],
          [
            13.487502615898848,
            52.52662659622729
          ],
          [
            13.487747618928552,
            52.52662274055183
          ],
          [
            13.487986838445067,
            52.52661821432412
          ],
          [
            13.488227985799313,
            52.526610754430294
          ],
          [
            13.488479945808649,
            52.526602959260345
          ],
          [
            13.488731570541859,
            52.52659533172846
          ],
          [
            13.488990319892764,
            52.52658401615918
          ],
          [
            13.4892422799021,
            52.52657647244632
          ],
          [
            13.489494491368532,
            52.52656859345734
          ],
          [
            13.489742679521441,
            52.52656172029674
          ],
          [
            13.490002686157823,
            52.52655794844031
          ],
          [
            13.490260345861316,
            52.526560965925455
          ],
          [
            13.49050585180521,
            52.52656172029674
          ],
          [
            13.49074574187398,
            52.52655794844031
          ],
          [
            13.491034917533398,
            52.52656130120158
          ],
          [
            13.491259887814522,
            52.52654981799424
          ],
          [
            13.491486785933375,
            52.52653816714883
          ],
          [
            13.491733046248555,
            52.52653196454048
          ],
          [
            13.491998501121998,
            52.526533557102084
          ],
          [
            13.49226194433868,
            52.526515955105424
          ],
          [
            13.492521699517965,
            52.52651981078088
          ],
          [
            13.492774749174714,
            52.52651142887771
          ],
          [
            13.49303844384849,
            52.526499861851335
          ],
          [
            13.493295852094889,
            52.526496928185225
          ],
          [
            13.49356030113995,
            52.526495419442654
          ],
          [
            13.493822738528252,
            52.5264878757298
          ],
          [
            13.49408802576363,
            52.52647781744599
          ],
          [
            13.49435574375093,
            52.526473961770535
          ],
          [
            13.494621869176626,
            52.52647018991411
          ],
          [
            13.494889084249735,
            52.52646633423865
          ],
          [
            13.49516007117927,
            52.52646256238222
          ],
          [
            13.495431393384933,
            52.52645811997354
          ],
          [
            13.495706906542182,
            52.52645434811711
          ],
          [
            13.495979821309447,
            52.52644345164299
          ],
          [
            13.496243013069034,
            52.52643900923431
          ],
          [
            13.496506875380874,
            52.52642819657922
          ],
          [
            13.496760008856654,
            52.52641989849508
          ],
          [
            13.497014483436942,
            52.526412941515446
          ],
          [
            13.497271137312055,
            52.52641369588673
          ],
          [
            13.497523684054613,
            52.52641185186803
          ],
          [
            13.497767681255937,
            52.52640154212713
          ],
          [
            13.498016120865941,
            52.52639768645167
          ],
          [
            13.498266069218516,
            52.5263945851475
          ],
          [
            13.498512245714664,
            52.52639324404299
          ],
          [
            13.498762613162398,
            52.526385532692075
          ],
          [
            13.498998647555709,
            52.526374803856015
          ],
          [
            13.499238705262542,
            52.526374803856015
          ],
          [
            13.499499633908272,
            52.52637103199959
          ],
          [
            13.499774308875203,
            52.52636717632413
          ],
          [
            13.500067759305239,
            52.526354771107435
          ],
          [
            13.500296669080853,
            52.52633607946336
          ],
          [
            13.500537145882845,
            52.52632526680827
          ],
          [
            13.500766726210713,
            52.52632526680827
          ],
          [
            13.500997480005026,
            52.52632526680827
          ],
          [
            13.501235861331224,
            52.52632082439959
          ],
          [
            13.501487569883466,
            52.52631311304867
          ],
          [
            13.501739781349897,
            52.52630992792547
          ],
          [
            13.501983359456062,
            52.52630942501128
          ],
          [
            13.50223833695054,
            52.52629794180393
          ],
          [
            13.502487447112799,
            52.52628704532981
          ],
          [
            13.502746196463704,
            52.52628327347338
          ],
          [
            13.503002095967531,
            52.52628008835018
          ],
          [
            13.503269394859672,
            52.52627941779792
          ],
          [
            13.503541890531778,
            52.52627179026604
          ],
          [
            13.503812374547124,
            52.5262634921819
          ],
          [
            13.504063244909048,
            52.526256535202265
          ],
          [
            13.504295088350773,
            52.526252092793584
          ],
          [
            13.504576636478305,
            52.526241950690746
          ],
          [
            13.504817867651582,
            52.52623566426337
          ],
          [
            13.505021966993809,
            52.52617087215185
          ],
          [
            13.505241489037871,
            52.52608085051179
          ],
          [
            13.505447851493955,
            52.52596207894385
          ],
          [
            13.505618339404464,
            52.52587071619928
          ],
          [
            13.505797879770398,
            52.52575940452516
          ],
          [
            13.506013378500938,
            52.525656474754214
          ],
          [
            13.50624555721879,
            52.525574415922165
          ],
          [
            13.50645711645484,
            52.525525046512485
          ],
          [
            13.506662473082542,
            52.525473833084106
          ],
          [
            13.506891131401062,
            52.52545405179262
          ],
          [
            13.507153820246458,
            52.52542823553085
          ],
          [
            13.507406953722239,
            52.52543720416725
          ],
          [
            13.50766402669251,
            52.525435695424676
          ],
          [
            13.507922608405352,
            52.525424966588616
          ],
          [
            13.50819761864841,
            52.52542111091316
          ],
          [
            13.508455948904157,
            52.52542111091316
          ],
          [
            13.508728193119168,
            52.525420440360904
          ],
          [
            13.50899507291615,
            52.52541348338127
          ],
          [
            13.509289529174566,
            52.52540526911616
          ],
          [
            13.509522713720798,
            52.525397557765245
          ],
          [
            13.50977048277855,
            52.52539060078561
          ],
          [
            13.510020263493061,
            52.52539060078561
          ],
          [
            13.510260740295053,
            52.5253913551569
          ],
          [
            13.510496774688363,
            52.5253982283175
          ],
          [
            13.510725516825914,
            52.5253982283175
          ],
          [
            13.510998096317053,
            52.52540208399296
          ],
          [
            13.511239746585488,
            52.5254032574594
          ],
          [
            13.51147536188364,
            52.52538456581533
          ],
          [
            13.511649873107672,
            52.525278870016336
          ],
          [
            13.511644592508674,
            52.52513101324439
          ],
          [
            13.511640317738056,
            52.524981647729874
          ],
          [
            13.511645346879959,
            52.52483538351953
          ],
          [
            13.511658422648907,
            52.52469507046044
          ],
          [
            13.511778032407165,
            52.52456665970385
          ],
          [
            13.512000404298306,
            52.52455961890519
          ],
          [
            13.512209532782435,
            52.5244864448905
          ],
          [
            13.512186566367745,
            52.524350909516215
          ],
          [
            13.512181118130684,
            52.52434101887047
          ]
        ]
      },
      "properties": {
        "name": "2026-07-07 (Tue) 18:58",
        "source_file": "2026-07-07-165852-ELEMNT_ROAM_A974-303-0.fit",
        "date": "2026-07-07T16:58:52",
        "sport": "cycling",
        "dropbox_id": "id:JY-PzzIM9pcAAAAAAAAAHA"
      }
    },
    {
      "type": "Feature",
      "geometry": {
        "type": "LineString",
        "coordinates": [
          [
            13.511844668537378,
            52.5246315356344
          ],
          [
            13.511771159246564,
            52.524773022159934
          ],
          [
            13.5117416549474,
            52.524917693808675
          ],
          [
            13.511733021587133,
            52.525055073201656
          ],
          [
            13.511712988838553,
            52.52519245259464
          ],
          [
            13.511603521183133,
            52.52532949671149
          ],
          [
            13.5113444365561,
            52.5253792013973
          ],
          [
            13.51109080016613,
            52.52537534572184
          ],
          [
            13.510824926197529,
            52.5253601744771
          ],
          [
            13.510564249008894,
            52.52535631880164
          ],
          [
            13.51027281023562,
            52.52534902654588
          ],
          [
            13.509981539100409,
            52.525352127850056
          ],
          [
            13.509727818891406,
            52.52535631880164
          ],
          [
            13.50946513004601,
            52.52537325024605
          ],
          [
            13.509203530848026,
            52.525367718189955
          ],
          [
            13.508969089016318,
            52.525371573865414
          ],
          [
            13.508732886984944,
            52.525378949940205
          ],
          [
            13.508475730195642,
            52.52537174150348
          ],
          [
            13.508213041350245,
            52.52537534572184
          ],
          [
            13.507964434102178,
            52.5253982283175
          ],
          [
            13.50769629701972,
            52.52540560439229
          ],
          [
            13.507410306483507,
            52.5254138186574
          ],
          [
            13.507154742255807,
            52.525417087599635
          ],
          [
            13.506864057853818,
            52.5254394672811
          ],
          [
            13.506608996540308,
            52.525477604940534
          ],
          [
            13.50637019611895,
            52.52551540732384
          ],
          [
            13.506164588034153,
            52.52559042535722
          ],
          [
            13.50597582757473,
            52.52567835152149
          ],
          [
            13.505802657455206,
            52.52577013336122
          ],
          [
            13.505613645538688,
            52.52586434595287
          ],
          [
            13.505414659157395,
            52.525984374806285
          ],
          [
            13.505207039415836,
            52.52608621492982
          ],
          [
            13.505010483786464,
            52.526179840788245
          ],
          [
            13.504825495183468,
            52.526282267645
          ],
          [
            13.504588706418872,
            52.52631730400026
          ],
          [
            13.504505306482315,
            52.52651872113347
          ],
          [
            13.50448602810502,
            52.52666465006769
          ],
          [
            13.504445543512702,
            52.52683773636818
          ],
          [
            13.504411932080984,
            52.52699548378587
          ],
          [
            13.504368346184492,
            52.52713386900723
          ],
          [
            13.504279414191842,
            52.52725850790739
          ],
          [
            13.50417866371572,
            52.52738113515079
          ],
          [
            13.504052264615893,
            52.52752077765763
          ],
          [
            13.503882782533765,
            52.52767299301922
          ],
          [
            13.503736769780517,
            52.527788328006864
          ],
          [
            13.503591092303395,
            52.52790642902255
          ],
          [
            13.503441978245974,
            52.528024865314364
          ],
          [
            13.503281297162175,
            52.528139194473624
          ],
          [
            13.503117430955172,
            52.52824975177646
          ],
          [
            13.502955073490739,
            52.52836114726961
          ],
          [
            13.502775700762868,
            52.528471536934376
          ],
          [
            13.502580402418971,
            52.528569186106324
          ],
          [
            13.502371022477746,
            52.528662560507655
          ],
          [
            13.502145046368241,
            52.528742691501975
          ],
          [
            13.501919824630022,
            52.528826678171754
          ],
          [
            13.5016861371696,
            52.52890228293836
          ],
          [
            13.501432836055756,
            52.52896782942116
          ],
          [
            13.501192778348923,
            52.52901644445956
          ],
          [
            13.500901088118553,
            52.52907503396273
          ],
          [
            13.500639237463474,
            52.5291058793664
          ],
          [
            13.500359365716577,
            52.52912884578109
          ],
          [
            13.500123666599393,
            52.529151728376746
          ],
          [
            13.500071447342634,
            52.529318360611796
          ],
          [
            13.500076225027442,
            52.52948851324618
          ],
          [
            13.500088630244136,
            52.52962689846754
          ],
          [
            13.50009324029088,
            52.529771234840155
          ],
          [
            13.500102879479527,
            52.52992546185851
          ],
          [
            13.500119894742966,
            52.530072312802076
          ],
          [
            13.500126516446471,
            52.530209021642804
          ],
          [
            13.500136071816087,
            52.53034665249288
          ],
          [
            13.50014847703278,
            52.53048394806683
          ],
          [
            13.500155014917254,
            52.53062417730689
          ],
          [
            13.500168425962329,
            52.53076289780438
          ],
          [
            13.500176388770342,
            52.530902372673154
          ],
          [
            13.500183681026101,
            52.531070010736585
          ],
          [
            13.500193487852812,
            52.531224489212036
          ],
          [
            13.50019826553762,
            52.53140394575894
          ],
          [
            13.500203043222427,
            52.53154140897095
          ],
          [
            13.500188374891877,
            52.53168138675392
          ],
          [
            13.500170018523932,
            52.531828321516514
          ],
          [
            13.500149231404066,
            52.53197173587978
          ],
          [
            13.500123666599393,
            52.53211246803403
          ],
          [
            13.50009860470891,
            52.532258313149214
          ],
          [
            13.500075554475188,
            52.532400554046035
          ],
          [
            13.50005853921175,
            52.532539358362556
          ],
          [
            13.50005803629756,
            52.53268419764936
          ],
          [
            13.500048983842134,
            52.53282694146037
          ],
          [
            13.500036327168345,
            52.532965410500765
          ],
          [
            13.500016713514924,
            52.53310488536954
          ],
          [
            13.499991819262505,
            52.53325433470309
          ],
          [
            13.49996910430491,
            52.5334055442363
          ],
          [
            13.499947059899569,
            52.53355541266501
          ],
          [
            13.499917471781373,
            52.533726654946804
          ],
          [
            13.499894421547651,
            52.53386973403394
          ],
          [
            13.499870533123612,
            52.534009627997875
          ],
          [
            13.499850416556,
            52.53415513783693
          ],
          [
            13.49983524531126,
            52.5343210157007
          ],
          [
            13.499730387702584,
            52.53444272093475
          ],
          [
            13.499475326389074,
            52.5344019010663
          ],
          [
            13.499196879565716,
            52.53439335152507
          ],
          [
            13.498967215418816,
            52.53438211977482
          ],
          [
            13.498732941225171,
            52.53437080420554
          ],
          [
            13.498486848548055,
            52.5343553815037
          ],
          [
            13.498245365917683,
            52.534347753971815
          ],
          [
            13.49800530821085,
            52.5343400426209
          ],
          [
            13.49777027964592,
            52.53432847559452
          ],
          [
            13.497539358213544,
            52.53431724384427
          ],
          [
            13.497306425124407,
            52.53431322053075
          ],
          [
            13.49708086811006,
            52.53431322053075
          ],
          [
            13.496845923364162,
            52.53431322053075
          ],
          [
            13.496613325551152,
            52.53431322053075
          ],
          [
            13.49638408049941,
            52.53430936485529
          ],
          [
            13.496148465201259,
            52.53430936485529
          ],
          [
            13.495915196835995,
            52.53430936485529
          ],
          [
            13.495680168271065,
            52.534305676817894
          ],
          [
            13.49543809890747,
            52.53429804928601
          ],
          [
            13.49518152885139,
            52.53429042175412
          ],
          [
            13.494920348748565,
            52.53428648225963
          ],
          [
            13.494666712358594,
            52.53427533432841
          ],
          [
            13.494412992149591,
            52.53426753915846
          ],
          [
            13.494165977463126,
            52.534256307408214
          ],
          [
            13.493914688006043,
            52.534244656562805
          ],
          [
            13.493671612814069,
            52.534229569137096
          ],
          [
            13.493423173204064,
            52.53421808592975
          ],
          [
            13.493175404146314,
            52.5342139787972
          ],
          [
            13.492943979799747,
            52.53421020694077
          ],
          [
            13.49271247163415,
            52.53419905900955
          ],
          [
            13.492438718676567,
            52.53418346866965
          ],
          [
            13.492213664576411,
            52.53416821360588
          ],
          [
            13.491947371512651,
            52.534142062067986
          ],
          [
            13.491706810891628,
            52.53411146812141
          ],
          [
            13.491482427343726,
            52.53408816643059
          ],
          [
            13.491204902529716,
            52.534069223329425
          ],
          [
            13.490911284461617,
            52.534061428159475
          ],
          [
            13.490685392171144,
            52.53405036404729
          ],
          [
            13.490450866520405,
            52.53403871320188
          ],
          [
            13.490160768851638,
            52.534019853919744
          ],
          [
            13.489864133298397,
            52.53400434739888
          ],
          [
            13.489573113620281,
            52.533989092335105
          ],
          [
            13.489279663190246,
            52.53397023305297
          ],
          [
            13.489058213308454,
            52.533954894170165
          ],
          [
            13.488765768706799,
            52.53393955528736
          ],
          [
            13.488545240834355,
            52.53392430022359
          ],
          [
            13.488254640251398,
            52.53392027691007
          ],
          [
            13.488032771274447,
            52.53391650505364
          ],
          [
            13.487806040793657,
            52.53390921279788
          ],
          [
            13.487540921196342,
            52.53388607874513
          ],
          [
            13.487275214865804,
            52.533859675750136
          ],
          [
            13.487053764984012,
            52.53384048119187
          ],
          [
            13.48681764677167,
            52.53382514230907
          ],
          [
            13.486580606549978,
            52.53381357528269
          ],
          [
            13.486341135576367,
            52.53379471600056
          ],
          [
            13.486104514449835,
            52.533781388774514
          ],
          [
            13.485870659351349,
            52.5337681453675
          ],
          [
            13.485619286075234,
            52.533756494522095
          ],
          [
            13.485367661342025,
            52.53375221975148
          ],
          [
            13.485145037993789,
            52.53375833854079
          ],
          [
            13.48487002775073,
            52.53374836407602
          ],
          [
            13.484583115205169,
            52.53375297412276
          ],
          [
            13.484344985336065,
            52.533726235851645
          ],
          [
            13.484086655080318,
            52.533707125112414
          ],
          [
            13.48381944000721,
            52.533695474267006
          ],
          [
            13.483548369258642,
            52.533676866441965
          ],
          [
            13.483275203034282,
            52.53366504795849
          ],
          [
            13.483006646856666,
            52.53365021198988
          ],
          [
            13.482733648270369,
            52.53362724557519
          ],
          [
            13.482448663562536,
            52.53361157141626
          ],
          [
            13.48217281512916,
            52.533588940277696
          ],
          [
            13.481890764087439,
            52.53357351757586
          ],
          [
            13.481618519872427,
            52.533558597788215
          ],
          [
            13.481349796056747,
            52.533546444028616
          ],
          [
            13.481073612347245,
            52.53353152424097
          ],
          [
            13.480791980400681,
            52.533512245863676
          ],
          [
            13.48052074201405,
            52.533497242257
          ],
          [
            13.480279007926583,
            52.53348886035383
          ],
          [
            13.479987904429436,
            52.533485842868686
          ],
          [
            13.479705601930618,
            52.53347033634782
          ],
          [
            13.479449283331633,
            52.53344410099089
          ],
          [
            13.47918776795268,
            52.533428175374866
          ],
          [
            13.478933293372393,
            52.53340872935951
          ],
          [
            13.478665659204125,
            52.53340160474181
          ],
          [
            13.47842300310731,
            52.533386601135135
          ],
          [
            13.478198703378439,
            52.5333711784333
          ],
          [
            13.477909192442894,
            52.53335223533213
          ],
          [
            13.477626135572791,
            52.53334058448672
          ],
          [
            13.477344084531069,
            52.53333664499223
          ],
          [
            13.477055747061968,
            52.533321641385555
          ],
          [
            13.47678316757083,
            52.533309906721115
          ],
          [
            13.476561466231942,
            52.53328467719257
          ],
          [
            13.476339345797896,
            52.5332829169929
          ],
          [
            13.476164834573865,
            52.53340646624565
          ],
          [
            13.476016642525792,
            52.533539067953825
          ],
          [
            13.475881777703762,
            52.533692959696054
          ],
          [
            13.475741297006607,
            52.53385062329471
          ],
          [
            13.475597212091088,
            52.53399848006666
          ],
          [
            13.475446254014969,
            52.53414566628635
          ],
          [
            13.475297223776579,
            52.53429184667766
          ],
          [
            13.475158838555217,
            52.534444481134415
          ],
          [
            13.47501240670681,
            52.53459678031504
          ],
          [
            13.47487268038094,
            52.53475452773273
          ],
          [
            13.474736642092466,
            52.53491051495075
          ],
          [
            13.47461074590683,
            52.53506935201585
          ],
          [
            13.474480155855417,
            52.53522315993905
          ],
          [
            13.47434688359499,
            52.5353794824332
          ],
          [
            13.474216545000672,
            52.53552650101483
          ],
          [
            13.474081763997674,
            52.53567351959646
          ],
          [
            13.473952766507864,
            52.5358285009861
          ],
          [
            13.473828546702862,
            52.53597023896873
          ],
          [
            13.473705416545272,
            52.53610795363784
          ],
          [
            13.473558900877833,
            52.536252457648516
          ],
          [
            13.473408361896873,
            52.53640945069492
          ],
          [
            13.473258577287197,
            52.5365608278662
          ],
          [
            13.473115162923932,
            52.53670994192362
          ],
          [
            13.47296990454197,
            52.53685654141009
          ],
          [
            13.472856413573027,
            52.53697355277836
          ],
          [
            13.472699839621782,
            52.53712669014931
          ],
          [
            13.472586181014776,
            52.5372479762882
          ],
          [
            13.472439581528306,
            52.53740128129721
          ],
          [
            13.472297843545675,
            52.537548216059804
          ],
          [
            13.472151830792427,
            52.53770235925913
          ],
          [
            13.472045715898275,
            52.53782314248383
          ],
          [
            13.471950832754374,
            52.53794685937464
          ],
          [
            13.47186567261815,
            52.538075521588326
          ],
          [
            13.471771879121661,
            52.538205524906516
          ],
          [
            13.47168386913836,
            52.538334438577294
          ],
          [
            13.471591165289283,
            52.53846947103739
          ],
          [
            13.471497455611825,
            52.538600731641054
          ],
          [
            13.47140341065824,
            52.538735177367926
          ],
          [
            13.471304839476943,
            52.538872892037034
          ],
          [
            13.471211967989802,
            52.53900951705873
          ],
          [
            13.471125047653913,
            52.53913692198694
          ],
          [
            13.471033852547407,
            52.53926608711481
          ],
          [
            13.470944920554757,
            52.539396090433
          ],
          [
            13.470856323838234,
            52.53952810540795
          ],
          [
            13.470761524513364,
            52.539659701287746
          ],
          [
            13.470651470124722,
            52.53981518559158
          ],
          [
            13.470550971105695,
            52.53996388055384
          ],
          [
            13.47048089839518,
            52.54012489691377
          ],
          [
            13.470380818471313,
            52.54028524272144
          ],
          [
            13.470327258110046,
            52.540429746732116
          ],
          [
            13.47027176991105,
            52.540576262399554
          ],
          [
            13.470215946435928,
            52.54073384217918
          ],
          [
            13.470160122960806,
            52.54088086076081
          ],
          [
            13.470111340284348,
            52.54101572558284
          ],
          [
            13.47006012685597,
            52.541152434423566
          ],
          [
            13.469997681677341,
            52.541302470490336
          ],
          [
            13.469941103830934,
            52.541455859318376
          ],
          [
            13.469883939251304,
            52.54161578603089
          ],
          [
            13.469825265929103,
            52.54177336581051
          ],
          [
            13.469772711396217,
            52.54192356951535
          ],
          [
            13.469722419977188,
            52.54208114929497
          ],
          [
            13.469684952870011,
            52.542219618335366
          ],
          [
            13.469599206000566,
            52.54235473461449
          ],
          [
            13.469520919024944,
            52.542527401819825
          ],
          [
            13.469456126913428,
            52.542679365724325
          ],
          [
            13.469402147457004,
            52.54283661022782
          ],
          [
            13.469344144687057,
            52.54298924468458
          ],
          [
            13.469284465536475,
            52.543147914111614
          ],
          [
            13.469229647889733,
            52.54329820163548
          ],
          [
            13.469178602099419,
            52.543451925739646
          ],
          [
            13.46911707893014,
            52.54359777085483
          ],
          [
            13.46906435675919,
            52.54375644028187
          ],
          [
            13.469004509970546,
            52.54390899091959
          ],
          [
            13.468950614333153,
            52.54405844025314
          ],
          [
            13.46889914944768,
            52.54419984295964
          ],
          [
            13.468844080343843,
            52.54433646798134
          ],
          [
            13.468790771439672,
            52.54448122344911
          ],
          [
            13.46874232403934,
            52.54462564364076
          ],
          [
            13.468683566898108,
            52.54477978684008
          ],
          [
            13.46862849779427,
            52.54492789506912
          ],
          [
            13.468575272709131,
            52.54507248289883
          ],
          [
            13.468523053452373,
            52.54520961083472
          ],
          [
            13.468483407050371,
            52.54534715786576
          ],
          [
            13.46845650114119,
            52.545484621077776
          ],
          [
            13.468408975750208,
            52.54565678536892
          ],
          [
            13.468373771756887,
            52.545826602727175
          ],
          [
            13.46832800656557,
            52.54599750973284
          ],
          [
            13.468267153948545,
            52.54615634679794
          ],
          [
            13.468231279402971,
            52.546304455026984
          ],
          [
            13.468269165605307,
            52.54645423963666
          ],
          [
            13.468248881399632,
            52.5466094724834
          ],
          [
            13.468181993812323,
            52.546740900725126
          ],
          [
            13.468107227236032,
            52.546885488554835
          ],
          [
            13.467866834253073,
            52.54692136310041
          ],
          [
            13.4676443785429,
            52.54688708111644
          ],
          [
            13.467437261715531,
            52.546834694221616
          ],
          [
            13.46729057841003,
            52.54670972004533
          ],
          [
            13.467074073851109,
            52.546650459989905
          ],
          [
            13.466846337541938,
            52.54660477861762
          ],
          [
            13.466608626767993,
            52.546563036739826
          ],
          [
            13.466390697285533,
            52.54652498289943
          ],
          [
            13.466175952926278,
            52.54642205312848
          ],
          [
            13.465918460860848,
            52.54635348916054
          ],
          [
            13.46564101986587,
            52.54629590548575
          ],
          [
            13.465430298820138,
            52.546250224113464
          ],
          [
            13.465152774006128,
            52.546189622953534
          ],
          [
            13.464940376579762,
            52.546139834448695
          ],
          [
            13.46472680568695,
            52.54609758965671
          ],
          [
            13.464514994993806,
            52.54604855552316
          ],
          [
            13.464300585910678,
            52.546002957969904
          ],
          [
            13.464082824066281,
            52.54596071317792
          ],
          [
            13.463858608156443,
            52.54591100849211
          ],
          [
            13.463642187416553,
            52.54586549475789
          ],
          [
            13.463416965678334,
            52.545814868062735
          ],
          [
            13.463189732283354,
            52.545765582472086
          ],
          [
            13.462971299886703,
            52.54572367295623
          ],
          [
            13.462757896631956,
            52.54568159580231
          ],
          [
            13.462483221665025,
            52.54564312286675
          ],
          [
            13.462201924994588,
            52.54560909233987
          ],
          [
            13.4619215503335,
            52.545567601919174
          ],
          [
            13.461705213412642,
            52.54553667269647
          ],
          [
            13.461423246189952,
            52.54550968296826
          ],
          [
            13.461153013631701,
            52.545482609421015
          ],
          [
            13.46093944273889,
            52.54555678926408
          ],
          [
            13.460829723626375,
            52.545713782310486
          ],
          [
            13.46074297092855,
            52.545888628810644
          ],
          [
            13.460649093613029,
            52.546054339036345
          ],
          [
            13.460551276803017,
            52.54621351137757
          ],
          [
            13.460459662601352,
            52.54638131707907
          ],
          [
            13.460362516343594,
            52.54655289463699
          ],
          [
            13.460288671776652,
            52.54668138921261
          ],
          [
            13.460201248526573,
            52.54683896899223
          ],
          [
            13.460116926580667,
            52.546994369477034
          ],
          [
            13.460012907162309,
            52.54715890623629
          ],
          [
            13.459902852773666,
            52.547319838777184
          ],
          [
            13.459824565798044,
            52.547464510425925
          ],
          [
            13.459751643240452,
            52.54761236719787
          ],
          [
            13.459667908027768,
            52.54774631001055
          ],
          [
            13.459574449807405,
            52.547892490401864
          ],
          [
            13.45944905653596,
            52.54803724586964
          ],
          [
            13.459213357418776,
            52.54803934134543
          ],
          [
            13.45899953506887,
            52.54798578098416
          ],
          [
            13.458720836788416,
            52.547924760729074
          ],
          [
            13.458457058295608,
            52.54787564277649
          ],
          [
            13.458245415240526,
            52.54782543517649
          ],
          [
            13.45797199755907,
            52.54775737412274
          ],
          [
            13.457753984257579,
            52.547711189836264
          ],
          [
            13.457482997328043,
            52.54765779711306
          ],
          [
            13.457226091995835,
            52.547600800171494
          ],
          [
            13.456994667649269,
            52.54755503498018
          ],
          [
            13.456757962703705,
            52.547501642256975
          ],
          [
            13.456551935523748,
            52.5474485848099
          ],
          [
            13.456309111788869,
            52.54739292897284
          ],
          [
            13.456045584753156,
            52.54733375273645
          ],
          [
            13.455780297517776,
            52.547280276194215
          ],
          [
            13.45551609992981,
            52.547219255939126
          ],
          [
            13.455305965617299,
            52.54717164672911
          ],
          [
            13.45509298145771,
            52.54712210968137
          ],
          [
            13.454874716699123,
            52.5470722373575
          ],
          [
            13.454650333151221,
            52.54702504724264
          ],
          [
            13.454428967088461,
            52.54698263481259
          ],
          [
            13.454212043434381,
            52.54693309776485
          ],
          [
            13.454000065103173,
            52.54688758403063
          ],
          [
            13.45372673124075,
            52.5468338560313
          ],
          [
            13.453478626906872,
            52.546784318983555
          ],
          [
            13.453250890597701,
            52.54674257710576
          ],
          [
            13.453042097389698,
            52.5466818921268
          ],
          [
            13.45279885455966,
            52.54662414081395
          ],
          [
            13.452571369707584,
            52.546570245176554
          ],
          [
            13.452323097735643,
            52.54652087576687
          ],
          [
            13.452087063342333,
            52.5464712549001
          ],
          [
            13.451811969280243,
            52.54641769453883
          ],
          [
            13.451598230749369,
            52.546368492767215
          ],
          [
            13.451334536075592,
            52.54630043171346
          ],
          [
            13.451066818088293,
            52.54624217748642
          ],
          [
            13.450806392356753,
            52.54618861712515
          ],
          [
            13.450555019080639,
            52.54617336206138
          ],
          [
            13.450313452631235,
            52.5461276806891
          ],
          [
            13.450070964172482,
            52.54610404372215
          ],
          [
            13.449853118509054,
            52.54619096405804
          ],
          [
            13.449608869850636,
            52.54628224298358
          ],
          [
            13.449419103562832,
            52.5463555008173
          ],
          [
            13.449173178523779,
            52.54645021632314
          ],
          [
            13.448920883238316,
            52.5465489551425
          ],
          [
            13.448679149150848,
            52.54663654603064
          ],
          [
            13.448471613228321,
            52.54672547802329
          ],
          [
            13.44829810783267,
            52.54682061262429
          ],
          [
            13.448123345151544,
            52.54691943526268
          ],
          [
            13.448025695979595,
            52.547063268721104
          ],
          [
            13.447902398183942,
            52.54718321375549
          ],
          [
            13.447677679359913,
            52.54712353460491
          ],
          [
            13.447476429864764,
            52.54699160344899
          ],
          [
            13.447269732132554,
            52.54689546301961
          ],
          [
            13.447054484859109,
            52.54679177887738
          ],
          [
            13.44687469303608,
            52.546708630397916
          ],
          [
            13.44664117321372,
            52.54660293459892
          ],
          [
            13.446457358077168,
            52.54652204923332
          ],
          [
            13.446271615102887,
            52.546435464173555
          ],
          [
            13.44608310610056,
            52.54635156132281
          ],
          [
            13.445902140811086,
            52.546270759776235
          ],
          [
            13.445671303197742,
            52.546167746186256
          ],
          [
            13.445450020954013,
            52.54607453942299
          ],
          [
            13.445263355970383,
            52.545987870544195
          ],
          [
            13.44505799934268,
            52.545884773135185
          ],
          [
            13.444860856980085,
            52.54580405540764
          ],
          [
            13.444660361856222,
            52.545720068737864
          ],
          [
            13.44441351480782,
            52.54577497020364
          ],
          [
            13.444173876196146,
            52.54588200710714
          ],
          [
            13.443989725783467,
            52.54595912061632
          ],
          [
            13.443740028887987,
            52.546049980446696
          ],
          [
            13.443504581227899,
            52.546140253543854
          ],
          [
            13.443312048912048,
            52.54621342755854
          ],
          [
            13.443113816902041,
            52.546278052031994
          ],
          [
            13.442916506901383,
            52.546348040923476
          ],
          [
            13.442731434479356,
            52.54643470980227
          ],
          [
            13.44247561879456,
            52.54650788381696
          ],
          [
            13.442291216924787,
            52.54663746803999
          ],
          [
            13.442132798954844,
            52.54678809083998
          ],
          [
            13.442008243873715,
            52.54690082743764
          ],
          [
            13.441782603040338,
            52.54701138474047
          ],
          [
            13.441594429314137,
            52.54708363674581
          ],
          [
            13.441405920311809,
            52.5471599958837
          ],
          [
            13.441158067435026,
            52.54725479520857
          ],
          [
            13.440972156822681,
            52.5473312381655
          ],
          [
            13.440783228725195,
            52.54740466363728
          ],
          [
            13.440539985895157,
            52.54750289954245
          ],
          [
            13.440295653417706,
            52.547597866505384
          ],
          [
            13.440053584054112,
            52.547690737992525
          ],
          [
            13.439792823046446,
            52.54776734858751
          ],
          [
            13.439572798088193,
            52.547786459326744
          ],
          [
            13.439272558316588,
            52.54780540242791
          ],
          [
            13.439067034050822,
            52.54786600358784
          ],
          [
            13.438875507563353,
            52.54794521257281
          ],
          [
            13.438678365200758,
            52.54802559502423
          ],
          [
            13.438483905047178,
            52.548102121800184
          ],
          [
            13.438279135152698,
            52.54818309098482
          ],
          [
            13.438090709969401,
            52.548258025199175
          ],
          [
            13.437902368605137,
            52.54833497107029
          ],
          [
            13.43766063451767,
            52.54842884838581
          ],
          [
            13.437466509640217,
            52.548506716266274
          ],
          [
            13.437272384762764,
            52.54857938736677
          ],
          [
            13.437076918780804,
            52.54865893162787
          ],
          [
            13.436884637922049,
            52.54873084835708
          ],
          [
            13.43669319525361,
            52.548808213323355
          ],
          [
            13.436499740928411,
            52.5488886795938
          ],
          [
            13.436310477554798,
            52.54896394908428
          ],
          [
            13.43611367046833,
            52.549040811136365
          ],
          [
            13.435923233628273,
            52.549113649874926
          ],
          [
            13.43567873351276,
            52.549207862466574
          ],
          [
            13.43543247319758,
            52.549303751438856
          ],
          [
            13.435248490422964,
            52.54937977530062
          ],
          [
            13.435009103268385,
            52.54947583191097
          ],
          [
            13.43478069640696,
            52.54957021214068
          ],
          [
            13.434593109413981,
            52.54964707419276
          ],
          [
            13.4343521296978,
            52.54973826929927
          ],
          [
            13.434115508571267,
            52.549834409728646
          ],
          [
            13.43387863598764,
            52.54992610774934
          ],
          [
            13.433650145307183,
            52.55001747049391
          ],
          [
            13.433424001559615,
            52.55010522902012
          ],
          [
            13.433247562497854,
            52.55021628923714
          ],
          [
            13.433043714612722,
            52.550292229279876
          ],
          [
            13.432832406833768,
            52.550375713035464
          ],
          [
            13.43263660557568,
            52.55046405829489
          ],
          [
            13.432419681921601,
            52.55054737441242
          ],
          [
            13.432206027209759,
            52.5506276730448
          ],
          [
            13.431987091898918,
            52.55071853287518
          ],
          [
            13.431763127446175,
            52.55080595612526
          ],
          [
            13.431530864909291,
            52.550894217565656
          ],
          [
            13.431313019245863,
            52.55098583176732
          ],
          [
            13.43111495487392,
            52.55107820034027
          ],
          [
            13.43087850138545,
            52.551158498972654
          ],
          [
            13.430662080645561,
            52.551215747371316
          ],
          [
            13.430481869727373,
            52.55129797384143
          ],
          [
            13.4305012319237,
            52.55144365131855
          ],
          [
            13.430544566363096,
            52.55158823914826
          ],
          [
            13.43057599849999,
            52.551740538328886
          ],
          [
            13.430545153096318,
            52.551913037896156
          ],
          [
            13.430491928011179,
            52.55207656882703
          ],
          [
            13.43045094050467,
            52.55223968066275
          ],
          [
            13.430412132292986,
            52.55239197984338
          ],
          [
            13.430373659357429,
            52.55255232565105
          ],
          [
            13.430368462577462,
            52.55269540473819
          ],
          [
            13.430330576375127,
            52.55283513106406
          ],
          [
            13.430257318541408,
            52.5530072953552
          ],
          [
            13.430213229730725,
            52.55314559675753
          ],
          [
            13.43015975318849,
            52.55332111380994
          ],
          [
            13.430112563073635,
            52.5534909311682
          ],
          [
            13.430068222805858,
            52.55365261808038
          ],
          [
            13.430013991892338,
            52.55380894057453
          ],
          [
            13.429988259449601,
            52.5539795961231
          ],
          [
            13.429969903081656,
            52.55411823280156
          ],
          [
            13.42994375154376,
            52.55427371710539
          ],
          [
            13.429840402677655,
            52.554415706545115
          ],
          [
            13.429771838709712,
            52.55455677397549
          ],
          [
            13.429791368544102,
            52.55469465628266
          ],
          [
            13.429544102400541,
            52.554691387340426
          ],
          [
            13.42945265583694,
            52.55453975871205
          ],
          [
            13.429494565352798,
            52.554375641047955
          ],
          [
            13.429534547030926,
            52.554238848388195
          ],
          [
            13.429572014138103,
            52.55407783202827
          ],
          [
            13.429598584771156,
            52.55395914427936
          ]
        ]
      },
      "properties": {
        "name": "2026-07-07 (Tue) 12:37",
        "source_file": "2026-07-07-103708-ELEMNT_ROAM_A974-302-0.fit",
        "date": "2026-07-07T10:37:08",
        "sport": "cycling",
        "dropbox_id": "id:JY-PzzIM9pcAAAAAAAAAHQ"
      }
    }
  ]
}