{
  "type": "FeatureCollection",
  "features": [
    {
      "type": "Feature",
      "geometry": {
        "type": "LineString",
        "coordinates": [
          [
            -1.2248233705759048,
            51.71208950690925
          ],
          [
            -1.2248532101511955,
            51.71223342418671
          ],
          [
            -1.2249704729765654,
            51.71237398870289
          ],
          [
            -1.225186474621296,
            51.71248672530055
          ],
          [
            -1.2254364229738712,
            51.712497705593705
          ],
          [
            -1.2256890535354614,
            51.712491838261485
          ],
          [
            -1.2259296979755163,
            51.71244909055531
          ],
          [
            -1.2261495552957058,
            51.712388740852475
          ],
          [
            -1.226344434544444,
            51.712324200198054
          ],
          [
            -1.2265114858746529,
            51.712229903787374
          ],
          [
            -1.2269070278853178,
            51.71226871199906
          ],
          [
            -1.2271268852055073,
            51.71233819797635
          ],
          [
            -1.2272925954312086,
            51.71242662705481
          ],
          [
            -1.22749837115407,
            51.71255461871624
          ],
          [
            -1.2276966031640768,
            51.712686130777
          ],
          [
            -1.2278385926038027,
            51.71279291622341
          ],
          [
            -1.2279696017503738,
            51.71290246769786
          ],
          [
            -1.228094743564725,
            51.71302517876029
          ],
          [
            -1.2282227352261543,
            51.7131454590708
          ],
          [
            -1.2283502239733934,
            51.713266745209694
          ],
          [
            -1.2284818198531866,
            51.71339507214725
          ],
          [
            -1.2286093924194574,
            51.71351920813322
          ],
          [
            -1.228724392130971,
            51.71363948844373
          ],
          [
            -1.2288255617022514,
            51.713759852573276
          ],
          [
            -1.228919019922614,
            51.713883904740214
          ],
          [
            -1.2290020007640123,
            51.71401558443904
          ],
          [
            -1.2290773540735245,
            51.71414332464337
          ],
          [
            -1.2291408888995647,
            51.714273411780596
          ],
          [
            -1.229207944124937,
            51.71444750390947
          ],
          [
            -1.2292578164488077,
            51.714616399258375
          ],
          [
            -1.2292883265763521,
            51.71478378586471
          ],
          [
            -1.2293067667633295,
            51.714944718405604
          ],
          [
            -1.2293105386197567,
            51.715112356469035
          ],
          [
            -1.2292955350130796,
            51.71528661623597
          ],
          [
            -1.229260414838791,
            51.71545995399356
          ],
          [
            -1.2292216904461384,
            51.71562717296183
          ],
          [
            -1.2291709799319506,
            51.715792547911406
          ],
          [
            -1.2291101273149252,
            51.71595482155681
          ],
          [
            -1.2290376238524914,
            51.71611952595413
          ],
          [
            -1.2289570737630129,
            51.71628347598016
          ],
          [
            -1.2288693152368069,
            51.71645128168166
          ],
          [
            -1.2287768628448248,
            51.71661858446896
          ],
          [
            -1.228689020499587,
            51.71677633188665
          ],
          [
            -1.2286041118204594,
            51.716938856989145
          ],
          [
            -1.2285140063613653,
            51.717106914147735
          ],
          [
            -1.2284203805029392,
            51.71727052889764
          ],
          [
            -1.2283270061016083,
            51.71743364073336
          ],
          [
            -1.2282332126051188,
            51.71759935095906
          ],
          [
            -1.2281558476388454,
            51.717761205509305
          ],
          [
            -1.228042608126998,
            51.7179152648896
          ],
          [
            -1.2279340624809265,
            51.71806873753667
          ],
          [
            -1.2277962639927864,
            51.71822598204017
          ],
          [
            -1.2276769056916237,
            51.718352967873216
          ],
          [
            -1.2275498360395432,
            51.71848255209625
          ],
          [
            -1.2274236883968115,
            51.71860861591995
          ],
          [
            -1.227301899343729,
            51.718737026676536
          ],
          [
            -1.2271856423467398,
            51.718858731910586
          ],
          [
            -1.2270460836589336,
            51.71900893561542
          ],
          [
            -1.2269030883908272,
            51.71914279460907
          ],
          [
            -1.2267344444990158,
            51.71927045099437
          ],
          [
            -1.2265554908663034,
            51.719385450705886
          ],
          [
            -1.2263784650713205,
            51.71949123032391
          ],
          [
            -1.2262002658098936,
            51.719632213935256
          ],
          [
            -1.226051989942789,
            51.719761630520225
          ],
          [
            -1.2258946616202593,
            51.71989808790386
          ],
          [
            -1.2257225811481476,
            51.72004829160869
          ],
          [
            -1.2255500815808773,
            51.720193047076464
          ],
          [
            -1.2253736425191164,
            51.720329923555255
          ],
          [
            -1.2251986283808947,
            51.72046009451151
          ],
          [
            -1.2250206805765629,
            51.72057903371751
          ],
          [
            -1.2248445767909288,
            51.72069453634322
          ],
          [
            -1.2246743403375149,
            51.72081548720598
          ],
          [
            -1.2245071213692427,
            51.72092931345105
          ],
          [
            -1.2243416626006365,
            51.72104163095355
          ],
          [
            -1.2241922970861197,
            51.7211461532861
          ],
          [
            -1.2240886129438877,
            51.721272049471736
          ],
          [
            -1.2240403331816196,
            51.721423510462046
          ],
          [
            -1.2240085657685995,
            51.721576480194926
          ],
          [
            -1.2239846773445606,
            51.721728863194585
          ],
          [
            -1.2239826656877995,
            51.721877893432975
          ],
          [
            -1.2239977531135082,
            51.72201795503497
          ],
          [
            -1.2240044586360455,
            51.722166733816266
          ],
          [
            -1.2240094039589167,
            51.72231157310307
          ],
          [
            -1.224010493606329,
            51.72245607711375
          ],
          [
            -1.2240171991288662,
            51.72259756363928
          ],
          [
            -1.2240249942988157,
            51.722740307450294
          ],
          [
            -1.2240348849445581,
            51.72287651337683
          ],
          [
            -1.224042261019349,
            51.72305655665696
          ],
          [
            -1.2240389082580805,
            51.72319787554443
          ],
          [
            -1.2240271735936403,
            51.72333952970803
          ],
          [
            -1.2240068055689335,
            51.72347498126328
          ],
          [
            -1.2239844258874655,
            51.7236240953207
          ],
          [
            -1.2239617947489023,
            51.723769856616855
          ],
          [
            -1.223934469744563,
            51.723911091685295
          ],
          [
            -1.2240094039589167,
            51.72406129539013
          ],
          [
            -1.2242555804550648,
            51.724113430827856
          ],
          [
            -1.2244730070233345,
            51.72415316104889
          ],
          [
            -1.2246528826653957,
            51.72425910830498
          ],
          [
            -1.2248002365231514,
            51.7243614513427
          ],
          [
            -1.2250464130192995,
            51.72432188875973
          ],
          [
            -1.2252782564610243,
            51.72425617463887
          ],
          [
            -1.2255376763641834,
            51.72419322654605
          ],
          [
            -1.2257779855281115,
            51.72413840889931
          ],
          [
            -1.2260291073471308,
            51.72405886463821
          ],
          [
            -1.2262394092977047,
            51.724007399752736
          ],
          [
            -1.226453147828579,
            51.72395861707628
          ],
          [
            -1.2266631983220577,
            51.723909582942724
          ],
          [
            -1.2268718238919973,
            51.723853005096316
          ],
          [
            -1.227090423926711,
            51.72379516996443
          ],
          [
            -1.2273089401423931,
            51.7237414419651
          ],
          [
            -1.2275234330445528,
            51.72369240783155
          ],
          [
            -1.2277384288609028,
            51.72363381832838
          ],
          [
            -1.227952167391777,
            51.72358201816678
          ],
          [
            -1.2281797360628843,
            51.723525021225214
          ],
          [
            -1.228408645838499,
            51.72346509061754
          ],
          [
            -1.2286392319947481,
            51.72339719720185
          ],
          [
            -1.2288669683039188,
            51.723327208310366
          ],
          [
            -1.2291014939546585,
            51.72325445339084
          ],
          [
            -1.2293298169970512,
            51.72318278811872
          ],
          [
            -1.2295625824481249,
            51.72311078757048
          ],
          [
            -1.2297935876995325,
            51.72303509898484
          ],
          [
            -1.2300274427980185,
            51.72296226024628
          ],
          [
            -1.2302768044173717,
            51.72288799658418
          ],
          [
            -1.230530608445406,
            51.72281825914979
          ],
          [
            -1.2307718396186829,
            51.72275824472308
          ],
          [
            -1.2310155853629112,
            51.72271063551307
          ],
          [
            -1.231260085478425,
            51.72266721725464
          ],
          [
            -1.2315156497061253,
            51.72262916341424
          ],
          [
            -1.2317812722176313,
            51.72259119339287
          ],
          [
            -1.2320691905915737,
            51.722554229199886
          ],
          [
            -1.232366245239973,
            51.722506787627935
          ],
          [
            -1.232638405635953,
            51.72245733439922
          ],
          [
            -1.232918193563819,
            51.722412994131446
          ],
          [
            -1.233201753348112,
            51.72236597165465
          ],
          [
            -1.233470644801855,
            51.722312746569514
          ],
          [
            -1.2337427213788033,
            51.72225239686668
          ],
          [
            -1.2340118642896414,
            51.72224183566868
          ],
          [
            -1.234279666095972,
            51.72226220369339
          ],
          [
            -1.2345480546355247,
            51.72229019924998
          ],
          [
            -1.234821556136012,
            51.72232464887202
          ],
          [
            -1.2350926268845797,
            51.722355242818594
          ],
          [
            -1.2353514600545168,
            51.72240746207535
          ],
          [
            -1.2355769332498312,
            51.722504859790206
          ],
          [
            -1.2357833795249462,
            51.72259781509638
          ],
          [
            -1.2359852157533169,
            51.72268934547901
          ],
          [
            -1.2361900694668293,
            51.72278439626098
          ],
          [
            -1.2364055681973696,
            51.72288129106164
          ],
          [
            -1.2366152834147215,
            51.72297743149102
          ],
          [
            -1.2368011102080345,
            51.72306150197983
          ],
          [
            -1.2370255775749683,
            51.723172813653946
          ],
          [
            -1.2372528947889805,
            51.72328261658549
          ],
          [
            -1.2374911084771156,
            51.72338990494609
          ],
          [
            -1.2377268075942993,
            51.72349601984024
          ],
          [
            -1.2379506882280111,
            51.723607163876295
          ],
          [
            -1.2381821125745773,
            51.72371487133205
          ],
          [
            -1.2384185660630465,
            51.723822662606835
          ],
          [
            -1.2386531755328178,
            51.72392693348229
          ],
          [
            -1.2388847675174475,
            51.72403556294739
          ],
          [
            -1.23912432231009,
            51.72414008527994
          ],
          [
            -1.2393709179013968,
            51.7242491338402
          ],
          [
            -1.2396186031401157,
            51.724363546818495
          ],
          [
            -1.239858828485012,
            51.724477875977755
          ],
          [
            -1.2401001434773207,
            51.724588852375746
          ],
          [
            -1.2403487507253885,
            51.7247018404305
          ],
          [
            -1.2406026385724545,
            51.72482170164585
          ],
          [
            -1.2408547662198544,
            51.72493686899543
          ],
          [
            -1.241100188344717,
            51.72505019232631
          ],
          [
            -1.2413451913744211,
            51.72515924088657
          ],
          [
            -1.2415766157209873,
            51.72526686452329
          ],
          [
            -1.2418271508067846,
            51.7253837082535
          ],
          [
            -1.2420693039894104,
            51.72549300827086
          ],
          [
            -1.2423143908381462,
            51.72560851089656
          ],
          [
            -1.2425613217055798,
            51.72572233714163
          ],
          [
            -1.2428165506571531,
            51.725840689614415
          ],
          [
            -1.243071611970663,
            51.72595635987818
          ],
          [
            -1.2433245778083801,
            51.726073790341616
          ],
          [
            -1.2435734365135431,
            51.72618409618735
          ],
          [
            -1.2438094709068537,
            51.72629473730922
          ],
          [
            -1.2440470978617668,
            51.726404540240765
          ],
          [
            -1.244292100891471,
            51.72651585191488
          ],
          [
            -1.2445254530757666,
            51.726624481379986
          ],
          [
            -1.2447368446737528,
            51.72671768814325
          ],
          [
            -1.2449215818196535,
            51.72680217772722
          ],
          [
            -1.2451472226530313,
            51.7269086278975
          ],
          [
            -1.245366996154189,
            51.72700828872621
          ],
          [
            -1.2455778010189533,
            51.72710417769849
          ],
          [
            -1.2457655556499958,
            51.7271919362247
          ],
          [
            -1.2459704093635082,
            51.727277263998985
          ],
          [
            -1.2462038453668356,
            51.727338368073106
          ],
          [
            -1.2464019935578108,
            51.72745294868946
          ],
          [
            -1.246564518660307,
            51.7275820299983
          ],
          [
            -1.246710866689682,
            51.72768973745406
          ],
          [
            -1.2468381877988577,
            51.727820578962564
          ],
          [
            -1.246976237744093,
            51.727954437956214
          ],
          [
            -1.2471083365380764,
            51.72808226197958
          ],
          [
            -1.2472291197627783,
            51.72819600440562
          ],
          [
            -1.2473801616579294,
            51.72831184230745
          ],
          [
            -1.2475516553968191,
            51.72841896302998
          ],
          [
            -1.247672438621521,
            51.72855676151812
          ],
          [
            -1.247732201591134,
            51.72870872542262
          ],
          [
            -1.2477692496031523,
            51.728857001289725
          ],
          [
            -1.2478091474622488,
            51.72900569625199
          ],
          [
            -1.2478484585881233,
            51.72916227020323
          ],
          [
            -1.2478764541447163,
            51.729326052591205
          ],
          [
            -1.2479054555296898,
            51.72948983497918
          ],
          [
            -1.247931020334363,
            51.72966543585062
          ],
          [
            -1.247951639816165,
            51.72984221018851
          ],
          [
            -1.2479767017066479,
            51.73001487739384
          ],
          [
            -1.2480052839964628,
            51.73018687404692
          ],
          [
            -1.2480333633720875,
            51.73037278465927
          ],
          [
            -1.2480757758021355,
            51.730555426329374
          ],
          [
            -1.2481143325567245,
            51.73073957674205
          ],
          [
            -1.248153392225504,
            51.73092070966959
          ],
          [
            -1.2482174299657345,
            51.73109505325556
          ],
          [
            -1.2482693139463663,
            51.731269313022494
          ],
          [
            -1.2483219522982836,
            51.731442315503955
          ],
          [
            -1.2484056875109673,
            51.73160827718675
          ],
          [
            -1.2485543824732304,
            51.73174657858908
          ],
          [
            -1.2486724834889174,
            51.731883622705936
          ],
          [
            -1.2487417180091143,
            51.732025276869535
          ],
          [
            -1.24880013987422,
            51.732157710939646
          ],
          [
            -1.2488638423383236,
            51.73230858519673
          ],
          [
            -1.2489392794668674,
            51.7324382532388
          ],
          [
            -1.2490113638341427,
            51.732580326497555
          ],
          [
            -1.249045729637146,
            51.73275827430189
          ],
          [
            -1.2491205800324678,
            51.73292297869921
          ],
          [
            -1.2492696940898895,
            51.733058765530586
          ],
          [
            -1.2494540959596634,
            51.7331460211426
          ],
          [
            -1.2495609652251005,
            51.7332723364234
          ],
          [
            -1.2496608775109053,
            51.733415918424726
          ],
          [
            -1.249764058738947,
            51.73356578685343
          ],
          [
            -1.2498734425753355,
            51.73371649347246
          ],
          [
            -1.2499862629920244,
            51.73387214541435
          ],
          [
            -1.250091791152954,
            51.7340353410691
          ],
          [
            -1.250198408961296,
            51.73420004546642
          ],
          [
            -1.2502901908010244,
            51.73436785116792
          ],
          [
            -1.25038281083107,
            51.73454395495355
          ],
          [
            -1.250467887148261,
            51.7347158677876
          ],
          [
            -1.250553047284484,
            51.7348797339946
          ],
          [
            -1.2506415601819754,
            51.73504997044802
          ],
          [
            -1.2507357727736235,
            51.735228672623634
          ],
          [
            -1.2508326675742865,
            51.73540586605668
          ],
          [
            -1.25092763453722,
            51.73558264039457
          ],
          [
            -1.2510267924517393,
            51.73575907945633
          ],
          [
            -1.2511245254427195,
            51.73593979328871
          ],
          [
            -1.2512291315943003,
            51.73612511716783
          ],
          [
            -1.2513256072998047,
            51.736298790201545
          ],
          [
            -1.2514237593859434,
            51.73646894283593
          ],
          [
            -1.251522246748209,
            51.73664093948901
          ],
          [
            -1.2516168784350157,
            51.73681687563658
          ],
          [
            -1.2517118453979492,
            51.7369900457561
          ],
          [
            -1.2518118415027857,
            51.73716388642788
          ],
          [
            -1.251912172883749,
            51.737341582775116
          ],
          [
            -1.2520124204456806,
            51.737527661025524
          ],
          [
            -1.2521252408623695,
            51.73770887777209
          ],
          [
            -1.252241749316454,
            51.73788380809128
          ],
          [
            -1.2523569166660309,
            51.73806494101882
          ],
          [
            -1.2524694856256247,
            51.73824951052666
          ],
          [
            -1.2525867484509945,
            51.73842888325453
          ],
          [
            -1.2527065258473158,
            51.73861621879041
          ],
          [
            -1.2528315838426352,
            51.73879777081311
          ],
          [
            -1.2529754173010588,
            51.73897479660809
          ],
          [
            -1.2530973739922047,
            51.73914955928922
          ],
          [
            -1.2532208394259214,
            51.73932356759906
          ],
          [
            -1.25335025601089,
            51.739482739940286
          ],
          [
            -1.2534585501998663,
            51.739633195102215
          ],
          [
            -1.2535918224602938,
            51.73979328945279
          ],
          [
            -1.2537129409611225,
            51.73996000550687
          ],
          [
            -1.2538369931280613,
            51.74013032577932
          ],
          [
            -1.253961045295,
            51.740300729870796
          ],
          [
            -1.254081493243575,
            51.74046761356294
          ],
          [
            -1.2541971635073423,
            51.740630557760596
          ],
          [
            -1.254305373877287,
            51.740779085084796
          ],
          [
            -1.2544181942939758,
            51.740928618237376
          ],
          [
            -1.2545349542051554,
            51.74108552746475
          ],
          [
            -1.2546367105096579,
            51.741240341216326
          ],
          [
            -1.2547245528548956,
            51.74138274975121
          ],
          [
            -1.2547976430505514,
            51.74152063205838
          ],
          [
            -1.254879031330347,
            51.741653652861714
          ],
          [
            -1.2549707293510437,
            51.74180503003299
          ],
          [
            -1.2550600804388523,
            51.74195255152881
          ],
          [
            -1.2551509402692318,
            51.742085572332144
          ],
          [
            -1.2552433926612139,
            51.74224910326302
          ],
          [
            -1.2553176563233137,
            51.742389500141144
          ],
          [
            -1.2553878128528595,
            51.742531741037965
          ],
          [
            -1.255470123142004,
            51.742670964449644
          ],
          [
            -1.2555441353470087,
            51.742811277508736
          ],
          [
            -1.2556172255426645,
            51.742952931672335
          ],
          [
            -1.2556826043874025,
            51.74310271628201
          ],
          [
            -1.2557568680495024,
            51.74324604682624
          ],
          [
            -1.2558263540267944,
            51.74338258802891
          ],
          [
            -1.255900114774704,
            51.74353572539985
          ],
          [
            -1.2559462152421474,
            51.7436954844743
          ],
          [
            -1.255982257425785,
            51.7438302654773
          ],
          [
            -1.25601670704782,
            51.74397300928831
          ],
          [
            -1.256049145013094,
            51.744134025648236
          ],
          [
            -1.2560833431780338,
            51.74436184577644
          ],
          [
            -1.2561094108968973,
            51.74451087601483
          ],
          [
            -1.2561500631272793,
            51.744649428874254
          ],
          [
            -1.2561893742531538,
            51.74481195397675
          ],
          [
            -1.2562210578471422,
            51.744969449937344
          ],
          [
            -1.2562327925115824,
            51.745117558166385
          ],
          [
            -1.2562439404428005,
            51.745281759649515
          ],
          [
            -1.2562556751072407,
            51.745419055223465
          ],
          [
            -1.2562677450478077,
            51.74558535218239
          ],
          [
            -1.2562815751880407,
            51.745738573372364
          ],
          [
            -1.2562905438244343,
            51.74588701687753
          ],
          [
            -1.256298255175352,
            51.74602724611759
          ],
          [
            -1.2563099898397923,
            51.746188681572676
          ],
          [
            -1.2563254963606596,
            51.746354810893536
          ],
          [
            -1.2563228141516447,
            51.746497889980674
          ],
          [
            -1.256337147206068,
            51.74663468264043
          ],
          [
            -1.2563749495893717,
            51.746776420623064
          ],
          [
            -1.256457595154643,
            51.7469403706491
          ],
          [
            -1.2565176095813513,
            51.747091161087155
          ],
          [
            -1.2565129157155752,
            51.74726424738765
          ],
          [
            -1.2564860098063946,
            51.74742040224373
          ],
          [
            -1.2564794719219208,
            51.7475894652307
          ],
          [
            -1.25652976334095,
            51.74777755513787
          ],
          [
            -1.2565584294497967,
            51.74795608967543
          ],
          [
            -1.256577204912901,
            51.74814325757325
          ],
          [
            -1.256591621786356,
            51.748317182064056
          ],
          [
            -1.256607798859477,
            51.748482808470726
          ],
          [
            -1.2566227186471224,
            51.74863577820361
          ],
          [
            -1.256648451089859,
            51.7487760912627
          ],
          [
            -1.2566716689616442,
            51.74893844872713
          ],
          [
            -1.256682313978672,
            51.74911128357053
          ],
          [
            -1.2567104771733284,
            51.749252602458
          ],
          [
            -1.2567466869950294,
            51.749399872496724
          ],
          [
            -1.256785998120904,
            51.74955175258219
          ],
          [
            -1.2568144965916872,
            51.74971058964729
          ],
          [
            -1.2568295001983643,
            51.74985081888735
          ],
          [
            -1.2568388879299164,
            51.74999481998384
          ],
          [
            -1.2568577472120523,
            51.75014234147966
          ],
          [
            -1.256877863779664,
            51.75028273835778
          ],
          [
            -1.256903177127242,
            51.75042296759784
          ],
          [
            -1.2569388840347528,
            51.75056470558047
          ],
          [
            -1.2569870799779892,
            51.75069898366928
          ],
          [
            -1.2570528779178858,
            51.7508380394429
          ],
          [
            -1.2571145687252283,
            51.75097835250199
          ],
          [
            -1.257185311987996,
            51.75111824646592
          ],
          [
            -1.2572634313255548,
            51.751255709677935
          ],
          [
            -1.2573375273495913,
            51.75138604827225
          ],
          [
            -1.257443642243743,
            51.751543963328004
          ],
          [
            -1.2575358431786299,
            51.75167765468359
          ],
          [
            -1.2576080113649368,
            51.751818638294935
          ],
          [
            -1.2576405331492424,
            51.75196850672364
          ],
          [
            -1.2574865575879812,
            51.75208669155836
          ],
          [
            -1.2572781834751368,
            51.75212977454066
          ],
          [
            -1.2570402212440968,
            51.752160200849175
          ],
          [
            -1.2567765265703201,
            51.752183083444834
          ],
          [
            -1.2565049529075623,
            51.752224154770374
          ],
          [
            -1.2562301941215992,
            51.75226991996169
          ],
          [
            -1.2559799943119287,
            51.75230277702212
          ],
          [
            -1.2559593748301268,
            51.752446023747325
          ],
          [
            -1.2559048924595118,
            51.752610225230455
          ],
          [
            -1.2559332232922316,
            51.75275397486985
          ],
          [
            -1.2559959199279547,
            51.75289956852794
          ],
          [
            -1.2560831755399704,
            51.753029404208064
          ],
          [
            -1.2561378255486488,
            51.75319301895797
          ],
          [
            -1.2562052998691797,
            51.75334624014795
          ],
          [
            -1.2562903761863708,
            51.75350029952824
          ],
          [
            -1.256373692303896,
            51.75367070361972
          ],
          [
            -1.2564624566584826,
            51.75382082350552
          ],
          [
            -1.2565476167947054,
            51.753982342779636
          ],
          [
            -1.2565962318331003,
            51.75412894226611
          ],
          [
            -1.2561677489429712,
            51.754409819841385
          ],
          [
            -1.2559250928461552,
            51.75442758947611
          ],
          [
            -1.2556853704154491,
            51.754488525912166
          ],
          [
            -1.2554671056568623,
            51.75456840544939
          ],
          [
            -1.2552361004054546,
            51.754649206995964
          ],
          [
            -1.2550149019807577,
            51.75472523085773
          ],
          [
            -1.2547858245670795,
            51.75481516867876
          ],
          [
            -1.2546067871153355,
            51.754908207803965
          ],
          [
            -1.254518860951066,
            51.75503552891314
          ],
          [
            -1.2546394765377045,
            51.75517911091447
          ],
          [
            -1.2547481060028076,
            51.75534876063466
          ],
          [
            -1.254838714376092,
            51.755487732589245
          ],
          [
            -1.2549346033483744,
            51.755623603239655
          ],
          [
            -1.25503015704453,
            51.75576341338456
          ],
          [
            -1.255122609436512,
            51.75590230152011
          ],
          [
            -1.2552184145897627,
            51.75604638643563
          ],
          [
            -1.2553143873810768,
            51.75619407556951
          ],
          [
            -1.25540885142982,
            51.75633539445698
          ],
          [
            -1.2555013876408339,
            51.756477719172835
          ],
          [
            -1.25560088083148,
            51.75661518238485
          ],
          [
            -1.255697775632143,
            51.75675842911005
          ],
          [
            -1.2557898089289665,
            51.75689958035946
          ],
          [
            -1.255877735093236,
            51.757034193724394
          ],
          [
            -1.2559702713042498,
            51.75717568024993
          ],
          [
            -1.2560630589723587,
            51.75731750205159
          ],
          [
            -1.2561732809990644,
            51.75748690031469
          ],
          [
            -1.2562697567045689,
            51.75762771628797
          ],
          [
            -1.2563648913055658,
            51.757782278582454
          ],
          [
            -1.256461450830102,
            51.757937259972095
          ],
          [
            -1.256545940414071,
            51.75809576176107
          ],
          [
            -1.2566383928060532,
            51.75825065933168
          ],
          [
            -1.2567211221903563,
            51.758408825844526
          ],
          [
            -1.2567948829382658,
            51.75855115056038
          ],
          [
            -1.2568745948374271,
            51.758694145828485
          ],
          [
            -1.2569516245275736,
            51.75885130651295
          ],
          [
            -1.2570266425609589,
            51.759000001475215
          ],
          [
            -1.2570942845195532,
            51.7591717466712
          ],
          [
            -1.2571779359132051,
            51.759319603443146
          ],
          [
            -1.25726368278265,
            51.75946393981576
          ],
          [
            -1.2573687080293894,
            51.75960266031325
          ],
          [
            -1.2575266230851412,
            51.75969695672393
          ],
          [
            -1.2577966041862965,
            51.75966024398804
          ],
          [
            -1.2580091692507267,
            51.75960467197001
          ],
          [
            -1.2582337204366922,
            51.759556056931615
          ],
          [
            -1.258458523079753,
            51.75951540470123
          ],
          [
            -1.258678799495101,
            51.75946544855833
          ],
          [
            -1.2588890176266432,
            51.759422281757
          ],
          [
            -1.2590977270156145,
            51.75937802530825
          ],
          [
            -1.2593684624880552,
            51.75932563841343
          ],
          [
            -1.2596074305474758,
            51.75928129814565
          ],
          [
            -1.2598053272813559,
            51.759216506034136
          ],
          [
            -1.2598162237554789,
            51.759064458310604
          ],
          [
            -1.259788814932108,
            51.758879804983735
          ],
          [
            -1.2598004657775164,
            51.758723398670554
          ],
          [
            -1.2597978673875332,
            51.758571015670896
          ],
          [
            -1.2597998790442944,
            51.758408322930336
          ],
          [
            -1.2597950175404549,
            51.758255269378424
          ],
          [
            -1.2597938440740108,
            51.758112190291286
          ],
          [
            -1.2597862165421247,
            51.75795955583453
          ],
          [
            -1.259776158258319,
            51.75781907513738
          ],
          [
            -1.259659230709076,
            51.75768060609698
          ],
          [
            -1.2595455721020699,
            51.757530234754086
          ],
          [
            -1.2594596575945616,
            51.75737550482154
          ],
          [
            -1.2593807000666857,
            51.75723292864859
          ],
          [
            -1.2593384552747011,
            51.757068978622556
          ],
          [
            -1.2593211885541677,
            51.75689329393208
          ],
          [
            -1.25928221270442,
            51.75673437304795
          ],
          [
            -1.2592366989701986,
            51.75657126121223
          ],
          [
            -1.2592304963618517,
            51.75654049962759
          ]
        ]
      },
      "properties": {
        "name": "2023-08-12 (Sat) 13:48",
        "source_file": "2023-08-12-124801-ELEMNT_ROAM_A974-19-0.fit",
        "date": "2023-08-12T12:48:03",
        "sport": "cycling",
        "dropbox_id": "id:JY-PzzIM9pcAAAAAAAAA2w"
      }
    },
    {
      "type": "Feature",
      "geometry": {
        "type": "LineString",
        "coordinates": [
          [
            8.4160384722054,
            50.55627442896366
          ],
          [
            8.416251288726926,
            50.55624685250223
          ],
          [
            8.416499812155962,
            50.55620360188186
          ],
          [
            8.416721345856786,
            50.55615012533963
          ],
          [
            8.416940197348595,
            50.556083992123604
          ],
          [
            8.416973976418376,
            50.55592046119273
          ],
          [
            8.417017394676805,
            50.55576480925083
          ],
          [
            8.416983112692833,
            50.555612007156014
          ],
          [
            8.41697322204709,
            50.55544084869325
          ],
          [
            8.417043127119541,
            50.5552744679153
          ],
          [
            8.417127365246415,
            50.55510959587991
          ],
          [
            8.417173968628049,
            50.55496593005955
          ],
          [
            8.417377900332212,
            50.55487607605755
          ],
          [
            8.417605301365256,
            50.55483768694103
          ],
          [
            8.417823063209653,
            50.55479963310063
          ],
          [
            8.418042166158557,
            50.55476157926023
          ],
          [
            8.418265292420983,
            50.55471866391599
          ],
          [
            8.41845229268074,
            50.554654290899634
          ],
          [
            8.418556563556194,
            50.55452562868595
          ],
          [
            8.418536614626646,
            50.554335191845894
          ],
          [
            8.418536614626646,
            50.55419186130166
          ],
          [
            8.41855295933783,
            50.55405498482287
          ],
          [
            8.418564777821302,
            50.55388139560819
          ],
          [
            8.418509541079402,
            50.553720043972135
          ],
          [
            8.418430080637336,
            50.55356699042022
          ],
          [
            8.418359505012631,
            50.553412260487676
          ],
          [
            8.418278200551867,
            50.553248561918736
          ],
          [
            8.418174181133509,
            50.553089724853635
          ],
          [
            8.41809212230146,
            50.55291638709605
          ],
          [
            8.418037639930844,
            50.552765261381865
          ],
          [
            8.417988521978259,
            50.55261882953346
          ],
          [
            8.418015846982598,
            50.5524490121752
          ],
          [
            8.418148951604962,
            50.5523385386914
          ],
          [
            8.418360594660044,
            50.552263017743826
          ],
          [
            8.41861062683165,
            50.55220836773515
          ],
          [
            8.418853115290403,
            50.55214500054717
          ],
          [
            8.419104656204581,
            50.55208649486303
          ],
          [
            8.419334823265672,
            50.55202530696988
          ],
          [
            8.419576808810234,
            50.55196512490511
          ],
          [
            8.419825416058302,
            50.55191047489643
          ],
          [
            8.420076537877321,
            50.551842330023646
          ],
          [
            8.420330761000514,
            50.55178424343467
          ],
          [
            8.420591689646244,
            50.551716182380915
          ],
          [
            8.420851612463593,
            50.5516495462507
          ],
          [
            8.421062752604485,
            50.55160202085972
          ],
          [
            8.42126869596541,
            50.55155516602099
          ],
          [
            8.421471286565065,
            50.551503198221326
          ],
          [
            8.421726515516639,
            50.55144879966974
          ],
          [
            8.42192005366087,
            50.55152398534119
          ],
          [
            8.421958275139332,
            50.55167896673083
          ],
          [
            8.422119626775384,
            50.55178290233016
          ],
          [
            8.422367563471198,
            50.551738142967224
          ],
          [
            8.422605441883206,
            50.551715260371566
          ],
          [
            8.422882882878184,
            50.551679050549865
          ],
          [
            8.423106512054801,
            50.55165239609778
          ],
          [
            8.423327878117561,
            50.55162230506539
          ],
          [
            8.423552261665463,
            50.55155952461064
          ],
          [
            8.423541113734245,
            50.551393227651715
          ],
          [
            8.42348369769752,
            50.55123916827142
          ],
          [
            8.423466430976987,
            50.55107178166509
          ],
          [
            8.423621244728565,
            50.550964241847396
          ],
          [
            8.423859793692827,
            50.55089467205107
          ],
          [
            8.424106976017356,
            50.55081554688513
          ],
          [
            8.424325240775943,
            50.55074010975659
          ],
          [
            8.424534453079104,
            50.550685711205006
          ],
          [
            8.424747604876757,
            50.55060977116227
          ],
          [
            8.424994200468063,
            50.55054162628949
          ],
          [
            8.425214728340507,
            50.55045688524842
          ],
          [
            8.425426287576556,
            50.55038094520569
          ],
          [
            8.425626615062356,
            50.5503061786294
          ],
          [
            8.42582711018622,
            50.550240548327565
          ],
          [
            8.426020396873355,
            50.55017533712089
          ],
          [
            8.426244864240289,
            50.550101744011045
          ],
          [
            8.426434630528092,
            50.550032844766974
          ],
          [
            8.426624648272991,
            50.54996805265546
          ],
          [
            8.426865376532078,
            50.54988473653793
          ],
          [
            8.427100656554103,
            50.54980460554361
          ],
          [
            8.427324201911688,
            50.54972858168185
          ],
          [
            8.427526038140059,
            50.54966948926449
          ],
          [
            8.4277362562716,
            50.54976110346615
          ],
          [
            8.427873132750392,
            50.54987970739603
          ],
          [
            8.428002465516329,
            50.55000342428684
          ],
          [
            8.42813397757709,
            50.55012739263475
          ],
          [
            8.428234308958054,
            50.55025496520102
          ],
          [
            8.428242271766067,
            50.55040801875293
          ],
          [
            8.428196841850877,
            50.5505548696965
          ],
          [
            8.428258616477251,
            50.55069048888981
          ],
          [
            8.42848191037774,
            50.55071043781936
          ],
          [
            8.428732864558697,
            50.55073298513889
          ],
          [
            8.428985495120287,
            50.5507636629045
          ],
          [
            8.429250782355666,
            50.55079895071685
          ],
          [
            8.42951724305749,
            50.55082853883505
          ],
          [
            8.429788900539279,
            50.55085158906877
          ],
          [
            8.430003728717566,
            50.55087807588279
          ],
          [
            8.430217383429408,
            50.550901209935546
          ],
          [
            8.4304871968925,
            50.55093850940466
          ],
          [
            8.430740246549249,
            50.550965834409
          ],
          [
            8.431011317297816,
            50.550992572680116
          ],
          [
            8.431220781058073,
            50.551015539094806
          ],
          [
            8.43148740939796,
            50.551049737259746
          ],
          [
            8.431751104071736,
            50.55108033120632
          ],
          [
            8.431995771825314,
            50.551095586270094
          ],
          [
            8.432226860895753,
            50.55103909224272
          ],
          [
            8.432447304949164,
            50.55114135146141
          ],
          [
            8.432639837265015,
            50.551253920421004
          ],
          [
            8.432823149487376,
            50.55137503892183
          ],
          [
            8.433006964623928,
            50.551505042240024
          ],
          [
            8.433208465576172,
            50.55162842385471
          ],
          [
            8.433394124731421,
            50.55176043882966
          ],
          [
            8.433535527437925,
            50.551868146285415
          ],
          [
            8.433677684515715,
            50.55197509936988
          ],
          [
            8.43381623737514,
            50.55208926089108
          ],
          [
            8.433988317847252,
            50.5522315017879
          ],
          [
            8.434142461046576,
            50.55237516760826
          ],
          [
            8.43427849933505,
            50.55251237936318
          ],
          [
            8.434376316145062,
            50.55265847593546
          ],
          [
            8.43450129032135,
            50.55278646759689
          ],
          [
            8.434694660827518,
            50.55290230549872
          ],
          [
            8.434935305267572,
            50.55299945175648
          ],
          [
            8.435106463730335,
            50.553091736510396
          ],
          [
            8.435271503403783,
            50.55318770930171
          ],
          [
            8.435435285791755,
            50.553291477262974
          ],
          [
            8.435584316030145,
            50.55340521968901
          ],
          [
            8.43574139289558,
            50.55352482944727
          ],
          [
            8.435889668762684,
            50.55364418774843
          ],
          [
            8.436026209965348,
            50.553756253793836
          ],
          [
            8.436158560216427,
            50.55387083441019
          ],
          [
            8.436289401724935,
            50.55397879332304
          ],
          [
            8.4364552795887,
            50.554124135524035
          ],
          [
            8.436626102775335,
            50.55425941944122
          ],
          [
            8.43680765479803,
            50.5543952062726
          ],
          [
            8.437020555138588,
            50.55450978688896
          ],
          [
            8.437227169051766,
            50.554603496566415
          ],
          [
            8.437464376911521,
            50.55468438193202
          ],
          [
            8.43768808990717,
            50.55477222427726
          ],
          [
            8.437914652749896,
            50.55487004108727
          ],
          [
            8.43813668936491,
            50.554957296699286
          ],
          [
            8.438360067084432,
            50.55503524839878
          ],
          [
            8.438597358763218,
            50.555123342201114
          ],
          [
            8.438840182498097,
            50.5552136991173
          ],
          [
            8.439077474176884,
            50.55528620257974
          ],
          [
            8.439293475821614,
            50.555370189249516
          ],
          [
            8.439510986208916,
            50.55545794777572
          ],
          [
            8.439738973975182,
            50.5555334687233
          ],
          [
            8.4399573225528,
            50.55558778345585
          ],
          [
            8.44016988761723,
            50.55561829358339
          ],
          [
            8.440382704138756,
            50.55562290363014
          ],
          [
            8.440501978620887,
            50.55576799437404
          ],
          [
            8.440655032172799,
            50.555880814790726
          ],
          [
            8.440848486497998,
            50.555938901379704
          ],
          [
            8.44104504212737,
            50.55600075982511
          ],
          [
            8.441249979659915,
            50.556064965203404
          ],
          [
            8.441460030153394,
            50.55612665601075
          ],
          [
            8.441664045676589,
            50.556190526112914
          ],
          [
            8.441864792257547,
            50.55626009590924
          ],
          [
            8.442049194127321,
            50.55634223856032
          ],
          [
            8.442256981506944,
            50.55646142922342
          ],
          [
            8.44241263344884,
            50.556610291823745
          ],
          [
            8.442550180479884,
            50.55672336369753
          ],
          [
            8.442702228203416,
            50.556829143315554
          ],
          [
            8.442869950085878,
            50.55697130039334
          ],
          [
            8.443053094670177,
            50.55710440501571
          ],
          [
            8.443238670006394,
            50.557244047522545
          ],
          [
            8.443457521498203,
            50.55734504945576
          ],
          [
            8.443723730742931,
            50.55736156180501
          ],
          [
            8.443951802328229,
            50.55735326372087
          ],
          [
            8.444200661033392,
            50.55736416019499
          ],
          [
            8.444452034309506,
            50.557420905679464
          ],
          [
            8.444679770618677,
            50.557501036673784
          ],
          [
            8.444888480007648,
            50.557567672804
          ],
          [
            8.445080006495118,
            50.55762726813555
          ],
          [
            8.445308161899447,
            50.55770890787244
          ],
          [
            8.445540508255363,
            50.557790296152234
          ],
          [
            8.445780901238322,
            50.55786967277527
          ],
          [
            8.44597184099257,
            50.55792968720198
          ],
          [
            8.446170156821609,
            50.55798316374421
          ],
          [
            8.446364449337125,
            50.558040495961905
          ],
          [
            8.446565615013242,
            50.55808668024838
          ],
          [
            8.446766277775168,
            50.55813512764871
          ],
          [
            8.44703215174377,
            50.55819078348577
          ],
          [
            8.447241364046931,
            50.5582236405462
          ],
          [
            8.447443954646587,
            50.55826412513852
          ],
          [
            8.447658866643906,
            50.55829488672316
          ],
          [
            8.447879645973444,
            50.55832464247942
          ],
          [
            8.448099168017507,
            50.55835054256022
          ],
          [
            8.448318857699633,
            50.55837049148977
          ],
          [
            8.448537876829505,
            50.55838557891548
          ],
          [
            8.448767708614469,
            50.55839614011347
          ],
          [
            8.448996115475893,
            50.558403013274074
          ],
          [
            8.449231144040823,
            50.55840393528342
          ],
          [
            8.449467429891229,
            50.55839756503701
          ],
          [
            8.449712181463838,
            50.558387003839016
          ],
          [
            8.449935726821423,
            50.55837166495621
          ],
          [
            8.450159775093198,
            50.558346854522824
          ],
          [
            8.450385499745607,
            50.558321038261056
          ],
          [
            8.450600830838084,
            50.55829388089478
          ],
          [
            8.450820771977305,
            50.55826026946306
          ],
          [
            8.451050771400332,
            50.55823286063969
          ],
          [
            8.451302731409669,
            50.55820184759796
          ],
          [
            8.45156617462635,
            50.558155411854386
          ],
          [
            8.451854763552547,
            50.55810905992985
          ],
          [
            8.452061545103788,
            50.55807067081332
          ],
          [
            8.452294813469052,
            50.55803596973419
          ],
          [
            8.452555993571877,
            50.558030186221
          ],
          [
            8.45281407237053,
            50.557996071875095
          ],
          [
            8.453021021559834,
            50.55792398750782
          ],
          [
            8.453228808939457,
            50.55788551457226
          ],
          [
            8.45351479947567,
            50.55784352123737
          ],
          [
            8.453777153044939,
            50.55781368166208
          ],
          [
            8.454041769728065,
            50.557789793238044
          ],
          [
            8.454310996457934,
            50.55777453817427
          ],
          [
            8.45458541996777,
            50.55779146961868
          ],
          [
            8.454838218167424,
            50.557824075222015
          ],
          [
            8.455055812373757,
            50.55783371441066
          ],
          [
            8.45533836632967,
            50.55783547461033
          ],
          [
            8.455567611381412,
            50.55784779600799
          ],
          [
            8.45580498687923,
            50.55786598473787
          ],
          [
            8.456033477559686,
            50.55788291618228
          ],
          [
            8.456273451447487,
            50.55791728198528
          ],
          [
            8.45651401206851,
            50.557951144874096
          ],
          [
            8.45673588104546,
            50.557981906458735
          ],
          [
            8.456945512443781,
            50.55801233276725
          ],
          [
            8.457155730575323,
            50.558050805702806
          ],
          [
            8.457373240962625,
            50.55809221230447
          ],
          [
            8.45760315656662,
            50.558130852878094
          ],
          [
            8.457833239808679,
            50.55816940963268
          ],
          [
            8.45807472243905,
            50.55821618065238
          ],
          [
            8.458312014117837,
            50.558265717700124
          ],
          [
            8.458529273048043,
            50.558318104594946
          ],
          [
            8.458732450380921,
            50.55836386978626
          ],
          [
            8.458934118971229,
            50.55840971879661
          ],
          [
            8.459197646006942,
            50.558467134833336
          ],
          [
            8.459408702328801,
            50.55848993360996
          ],
          [
            8.459669630974531,
            50.5585087928921
          ],
          [
            8.45993097871542,
            50.55855388753116
          ],
          [
            8.460174053907394,
            50.55859194137156
          ],
          [
            8.460410675033927,
            50.55862220004201
          ],
          [
            8.460647966712713,
            50.558644914999604
          ],
          [
            8.460888359695673,
            50.55867073126137
          ],
          [
            8.461128752678633,
            50.55868229828775
          ],
          [
            8.461363026872277,
            50.558689925819635
          ],
          [
            8.4616070240736,
            50.55870132520795
          ],
          [
            8.461863258853555,
            50.55871649645269
          ],
          [
            8.462147824466228,
            50.55873619392514
          ],
          [
            8.462427277117968,
            50.55875848978758
          ],
          [
            8.46267119050026,
            50.558770056813955
          ],
          [
            8.462904207408428,
            50.55877609178424
          ],
          [
            8.463110737502575,
            50.55867316201329
          ],
          [
            8.463161448016763,
            50.5585206951946
          ],
          [
            8.463143091648817,
            50.55835071019828
          ],
          [
            8.463166896253824,
            50.55820452980697
          ],
          [
            8.46318474970758,
            50.55806530639529
          ],
          [
            8.46321509219706,
            50.55788048543036
          ],
          [
            8.463248200714588,
            50.55770982988179
          ],
          [
            8.463280890136957,
            50.55754814296961
          ],
          [
            8.463308466598392,
            50.55740154348314
          ],
          [
            8.463336797431111,
            50.557253854349256
          ],
          [
            8.463363368064165,
            50.557104321196675
          ],
          [
            8.46338658593595,
            50.55695948190987
          ],
          [
            8.463549613952637,
            50.55684959515929
          ],
          [
            8.463817499578,
            50.55685428902507
          ],
          [
            8.464033249765635,
            50.55685127153993
          ],
          [
            8.46424799412489,
            50.556858060881495
          ],
          [
            8.464470030739903,
            50.55685889907181
          ],
          [
            8.464693492278457,
            50.55686568841338
          ],
          [
            8.464917792007327,
            50.556870298460126
          ],
          [
            8.46514125354588,
            50.55687717162073
          ],
          [
            8.465370330959558,
            50.55688655935228
          ],
          [
            8.465600330382586,
            50.556896198540926
          ],
          [
            8.465832928195596,
            50.55690080858767
          ],
          [
            8.46607550047338,
            50.556912291795015
          ],
          [
            8.466323772445321,
            50.5569199193269
          ],
          [
            8.466563327237964,
            50.556931402534246
          ],
          [
            8.466783603653312,
            50.556942550465465
          ],
          [
            8.467002538964152,
            50.55695344693959
          ],
          [
            8.46722080372274,
            50.55696174502373
          ],
          [
            8.46745298244059,
            50.55696870200336
          ],
          [
            8.467684155330062,
            50.556976329535246
          ],
          [
            8.46795137040317,
            50.556988567113876
          ],
          [
            8.468207521364093,
            50.556999212130904
          ],
          [
            8.468483621254563,
            50.55700683966279
          ],
          [
            8.46875854767859,
            50.55701128207147
          ],
          [
            8.469014866277575,
            50.55702209472656
          ],
          [
            8.469270514324307,
            50.55702972225845
          ],
          [
            8.46950906328857,
            50.557037349790335
          ],
          [
            8.469757083803415,
            50.55704497732222
          ],
          [
            8.469976270571351,
            50.55704497732222
          ],
          [
            8.470188165083528,
            50.55705260485411
          ],
          [
            8.470407351851463,
            50.55706107057631
          ],
          [
            8.470616899430752,
            50.55708311498165
          ],
          [
            8.470831224694848,
            50.55708311498165
          ],
          [
            8.471074886620045,
            50.55708311498165
          ],
          [
            8.471333719789982,
            50.55709074251354
          ],
          [
            8.471600851044059,
            50.55709141306579
          ],
          [
            8.471879381686449,
            50.55709074251354
          ],
          [
            8.472151709720492,
            50.557094598188996
          ],
          [
            8.472373830154538,
            50.55709837004542
          ],
          [
            8.472600225359201,
            50.55709837004542
          ],
          [
            8.472818154841661,
            50.55709837004542
          ],
          [
            8.47303843125701,
            50.5571030639112
          ],
          [
            8.473254684358835,
            50.5571168102324
          ],
          [
            8.473461968824267,
            50.55717213079333
          ],
          [
            8.473675874993205,
            50.557216638699174
          ],
          [
            8.473889362066984,
            50.55718428455293
          ],
          [
            8.47402984276414,
            50.55706023238599
          ],
          [
            8.474266631528735,
            50.55700985714793
          ],
          [
            8.474531834945083,
            50.55697834119201
          ],
          [
            8.474744651466608,
            50.55695487186313
          ],
          [
            8.474959982559085,
            50.55692486464977
          ],
          [
            8.475191071629524,
            50.556893767789006
          ],
          [
            8.47541755065322,
            50.556867867708206
          ],
          [
            8.475626176223159,
            50.55684020742774
          ],
          [
            8.475843602791429,
            50.55680609308183
          ],
          [
            8.476071925833821,
            50.55677273310721
          ],
          [
            8.476289687678218,
            50.55673761293292
          ],
          [
            8.476509377360344,
            50.55670299567282
          ],
          [
            8.476727390661836,
            50.556671814993024
          ],
          [
            8.476991839706898,
            50.55661087855697
          ],
          [
            8.477201219648123,
            50.556551618501544
          ],
          [
            8.477400373667479,
            50.55647081695497
          ],
          [
            8.477599024772644,
            50.556385992094874
          ],
          [
            8.47779038362205,
            50.55629521608353
          ],
          [
            8.477965984493494,
            50.55620728991926
          ],
          [
            8.478139406070113,
            50.55611911229789
          ],
          [
            8.478315845131874,
            50.5560237262398
          ],
          [
            8.478496139869094,
            50.55592364631593
          ],
          [
            8.478674003854394,
            50.55581711232662
          ],
          [
            8.478847006335855,
            50.55572030134499
          ],
          [
            8.479013219475746,
            50.55563145317137
          ],
          [
            8.47917809151113,
            50.55553539656103
          ],
          [
            8.47937791608274,
            50.55541821755469
          ],
          [
            8.479530215263367,
            50.55531285703182
          ],
          [
            8.479680502787232,
            50.5552068259567
          ],
          [
            8.479952747002244,
            50.55523834191263
          ],
          [
            8.480160785838962,
            50.55531118065119
          ],
          [
            8.480361280962825,
            50.55539826862514
          ],
          [
            8.480551969259977,
            50.555486446246505
          ],
          [
            8.480745423585176,
            50.555574875324965
          ],
          [
            8.480935944244266,
            50.555662382394075
          ],
          [
            8.481124117970467,
            50.55575726553798
          ],
          [
            8.48131145350635,
            50.5558458622545
          ],
          [
            8.481503231450915,
            50.55593370459974
          ],
          [
            8.481689225882292,
            50.55602624081075
          ],
          [
            8.481870107352734,
            50.55611316114664
          ],
          [
            8.482056688517332,
            50.55620108731091
          ],
          [
            8.482235725969076,
            50.55628817528486
          ],
          [
            8.482427252456546,
            50.55636168457568
          ],
          [
            8.482640404254198,
            50.556368390098214
          ],
          [
            8.482869984582067,
            50.556345423683524
          ],
          [
            8.483101911842823,
            50.55632648058236
          ],
          [
            8.48332998342812,
            50.55630410090089
          ],
          [
            8.483555959537625,
            50.556280463933945
          ],
          [
            8.483789311721921,
            50.55626604706049
          ],
          [
            8.484015120193362,
            50.55624257773161
          ],
          [
            8.484245538711548,
            50.556223299354315
          ],
          [
            8.484476041048765,
            50.55620108731091
          ],
          [
            8.484697910025716,
            50.55618591606617
          ],
          [
            8.484918856993318,
            50.55616990663111
          ],
          [
            8.485181126743555,
            50.556143168359995
          ],
          [
            8.48543400876224,
            50.55613411590457
          ],
          [
            8.485686723142862,
            50.5561585072428
          ],
          [
            8.485920075327158,
            50.55618792772293
          ],
          [
            8.486156361177564,
            50.55621567182243
          ],
          [
            8.486366244032979,
            50.556245259940624
          ],
          [
            8.486594818532467,
            50.55626889690757
          ],
          [
            8.486846694722772,
            50.55629873648286
          ],
          [
            8.48710854537785,
            50.55632941424847
          ],
          [
            8.487374167889357,
            50.55635992437601
          ],
          [
            8.487583883106709,
            50.55638046003878
          ],
          [
            8.487802650779486,
            50.556397223845124
          ],
          [
            8.488030135631561,
            50.556419268250465
          ],
          [
            8.488254602998495,
            50.556443659588695
          ],
          [
            8.488469682633877,
            50.5564711522311
          ],
          [
            8.48873664624989,
            50.55650928989053
          ],
          [
            8.488947032019496,
            50.55653527379036
          ],
          [
            8.489163536578417,
            50.55655882693827
          ],
          [
            8.489381046965718,
            50.55659629404545
          ],
          [
            8.489605011418462,
            50.55661842226982
          ],
          [
            8.489824533462524,
            50.556638203561306
          ],
          [
            8.490095185115933,
            50.55667667649686
          ],
          [
            8.490364914759994,
            50.55671104229987
          ],
          [
            8.490621903911233,
            50.55674817413092
          ],
          [
            8.49081041291356,
            50.55666485801339
          ],
          [
            8.49083287641406,
            50.55651348084211
          ],
          [
            8.490893729031086,
            50.55634240619838
          ],
          [
            8.490944355726242,
            50.55617166683078
          ],
          [
            8.490990540012717,
            50.55603311397135
          ],
          [
            8.491001017391682,
            50.55588651448488
          ],
          [
            8.490979308262467,
            50.555741591379046
          ],
          [
            8.490947959944606,
            50.55559038184583
          ],
          [
            8.490920048207045,
            50.555443447083235
          ],
          [
            8.490855759009719,
            50.55530397221446
          ],
          [
            8.490756014361978,
            50.555170867592096
          ],
          [
            8.490637242794037,
            50.5550429597497
          ],
          [
            8.490505227819085,
            50.55491547100246
          ],
          [
            8.49037203937769,
            50.554794520139694
          ],
          [
            8.490302469581366,
            50.554663594812155
          ],
          [
            8.490362567827106,
            50.55451473221183
          ],
          [
            8.49053431302309,
            50.55440107360482
          ],
          [
            8.490725168958306,
            50.554295126348734
          ],
          [
            8.490778980776668,
            50.55413863621652
          ],
          [
            8.490728437900543,
            50.55399103090167
          ],
          [
            8.490741429850459,
            50.55382255464792
          ],
          [
            8.490655850619078,
            50.553685426712036
          ],
          [
            8.490600194782019,
            50.55352340452373
          ],
          [
            8.490790715441108,
            50.55343430489302
          ],
          [
            8.491031946614385,
            50.55338501930237
          ],
          [
            8.491239063441753,
            50.55333950556815
          ],
          [
            8.491474343463778,
            50.55327848531306
          ],
          [
            8.491680957376957,
            50.5533401761204
          ],
          [
            8.491802075877786,
            50.55347168818116
          ],
          [
            8.491913555189967,
            50.55360252968967
          ],
          [
            8.492036685347557,
            50.55372565984726
          ],
          [
            8.49216727539897,
            50.553846610710025
          ],
          [
            8.492321083322167,
            50.553968818858266
          ],
          [
            8.492467263713479,
            50.554083064198494
          ],
          [
            8.49262559786439,
            50.55419655516744
          ],
          [
            8.492782842367887,
            50.554314740002155
          ],
          [
            8.492968333885074,
            50.55442588403821
          ],
          [
            8.49317042157054,
            50.55453577078879
          ],
          [
            8.493367061018944,
            50.554637694731355
          ],
          [
            8.493585661053658,
            50.55474313907325
          ],
          [
            8.493746677413583,
            50.55483500473201
          ],
          [
            8.493904508650303,
            50.55492586456239
          ],
          [
            8.49412084557116,
            50.55501999333501
          ],
          [
            8.494338020682335,
            50.555118480697274
          ],
          [
            8.4945815987885,
            50.55519190616906
          ],
          [
            8.494806569069624,
            50.55527966469526
          ],
          [
            8.495036819949746,
            50.55537220090628
          ],
          [
            8.49521778523922,
            50.55544386617839
          ],
          [
            8.495430434122682,
            50.555551908910275
          ],
          [
            8.495608046650887,
            50.55567721836269
          ],
          [
            8.49585053510964,
            50.555698089301586
          ],
          [
            8.49603921175003,
            50.55560387670994
          ],
          [
            8.496200228109956,
            50.555479824543
          ],
          [
            8.496436513960361,
            50.555447386577725
          ],
          [
            8.496676152572036,
            50.555502539500594
          ],
          [
            8.496937835589051,
            50.555527936667204
          ],
          [
            8.4970682580024,
            50.55566179566085
          ],
          [
            8.497165739536285,
            50.55579272098839
          ],
          [
            8.497276129201055,
            50.55593538098037
          ],
          [
            8.497410658746958,
            50.556071335449815
          ],
          [
            8.497534459456801,
            50.55620410479605
          ],
          [
            8.497638897970319,
            50.55632824078202
          ],
          [
            8.497739229351282,
            50.556463776156306
          ],
          [
            8.49788038060069,
            50.55657718330622
          ],
          [
            8.497905693948269,
            50.55672780610621
          ],
          [
            8.497904688119888,
            50.556866861879826
          ],
          [
            8.497953554615378,
            50.55700424127281
          ],
          [
            8.498023208230734,
            50.557161988690495
          ],
          [
            8.498131334781647,
            50.55728486739099
          ],
          [
            8.498342977836728,
            50.5572603084147
          ],
          [
            8.498537102714181,
            50.5571876373142
          ],
          [
            8.498782273381948,
            50.557162407785654
          ],
          [
            8.499014116823673,
            50.55720423348248
          ],
          [
            8.49921042099595,
            50.557269444689155
          ],
          [
            8.499318463727832,
            50.55741973221302
          ],
          [
            8.499465817585588,
            50.55754194036126
          ],
          [
            8.499667067080736,
            50.55766054429114
          ],
          [
            8.499810732901096,
            50.55780462920666
          ],
          [
            8.499961690977216,
            50.557941338047385
          ],
          [
            8.500107787549496,
            50.55807704105973
          ],
          [
            8.500235360115767,
            50.55821953341365
          ],
          [
            8.500352874398232,
            50.558335203677416
          ],
          [
            8.500490421429276,
            50.558487167581916
          ],
          [
            8.500617071986198,
            50.558644412085414
          ],
          [
            8.500741878524423,
            50.55880702100694
          ],
          [
            8.50086584687233,
            50.55896342732012
          ],
          [
            8.50097238086164,
            50.55910483002663
          ],
          [
            8.50106667727232,
            50.55925067514181
          ],
          [
            8.501200703904033,
            50.55940439924598
          ],
          [
            8.501341436058283,
            50.559546472504735
          ],
          [
            8.501427937299013,
            50.55968678556383
          ],
          [
            8.501246552914381,
            50.559812765568495
          ],
          [
            8.501081261783838,
            50.559930112212896
          ],
          [
            8.500902308151126,
            50.56003673002124
          ],
          [
            8.500957041978836,
            50.56016933172941
          ],
          [
            8.501140270382166,
            50.56028299033642
          ],
          [
            8.501286869868636,
            50.560391787439585
          ],
          [
            8.501439671963453,
            50.560509134083986
          ],
          [
            8.501617787405849,
            50.56061432696879
          ],
          [
            8.501845691353083,
            50.56067543104291
          ],
          [
            8.501922218129039,
            50.5608038417995
          ],
          [
            8.501991871744394,
            50.56094750761986
          ],
          [
            8.50212506018579,
            50.56106636300683
          ],
          [
            8.502351036295295,
            50.56110609322786
          ],
          [
            8.502555135637522,
            50.56101456284523
          ],
          [
            8.50280424579978,
            50.56103476323187
          ],
          [
            8.503044554963708,
            50.56109662167728
          ],
          [
            8.503270447254181,
            50.56115479208529
          ],
          [
            8.503507571294904,
            50.56122821755707
          ],
          [
            8.50374486297369,
            50.56131002493203
          ],
          [
            8.50394083186984,
            50.561428880319
          ],
          [
            8.504077959805727,
            50.56153843179345
          ],
          [
            8.50423545576632,
            50.56168779730797
          ],
          [
            8.504368979483843,
            50.561834732070565
          ],
          [
            8.504525637254119,
            50.56196607649326
          ],
          [
            8.50468304939568,
            50.56209842674434
          ],
          [
            8.504821434617043,
            50.56220227852464
          ],
          [
            8.504968201741576,
            50.562300849705935
          ],
          [
            8.505119327455759,
            50.56239799596369
          ],
          [
            8.505321247503161,
            50.562523137778044
          ],
          [
            8.505466589704156,
            50.56262422353029
          ],
          [
            8.50568275898695,
            50.562730338424444
          ],
          [
            8.505852911621332,
            50.562811978161335
          ],
          [
            8.506018538028002,
            50.562897976487875
          ],
          [
            8.506249459460378,
            50.56299336254597
          ],
          [
            8.506441991776228,
            50.56306133978069
          ],
          [
            8.506690096110106,
            50.563136441633105
          ],
          [
            8.506926968693733,
            50.56320617906749
          ],
          [
            8.507184376940131,
            50.563282035291195
          ],
          [
            8.507439438253641,
            50.563354874029756
          ],
          [
            8.507683267816901,
            50.563426706939936
          ],
          [
            8.507938161492348,
            50.56349962949753
          ],
          [
            8.508160952478647,
            50.56359803304076
          ],
          [
            8.508418360725045,
            50.563697861507535
          ],
          [
            8.508618520572782,
            50.563791235908866
          ],
          [
            8.508830917999148,
            50.56389500387013
          ],
          [
            8.508980786427855,
            50.56404252536595
          ],
          [
            8.509068293496966,
            50.56418124586344
          ],
          [
            8.509157057851553,
            50.564312087371945
          ],
          [
            8.509248001500964,
            50.56443823501468
          ],
          [
            8.509350344538689,
            50.56456044316292
          ],
          [
            8.509467272087932,
            50.564687345176935
          ],
          [
            8.509588306769729,
            50.56481081061065
          ],
          [
            8.509724261239171,
            50.56492689996958
          ],
          [
            8.509836830198765,
            50.56504902429879
          ],
          [
            8.509926432743669,
            50.565172573551536
          ],
          [
            8.510030535981059,
            50.56533308699727
          ],
          [
            8.510156767442822,
            50.56548060849309
          ],
          [
            8.510252069681883,
            50.56561362929642
          ],
          [
            8.510340498760343,
            50.56573759764433
          ],
          [
            8.510491959750652,
            50.56585259735584
          ],
          [
            8.510661274194717,
            50.56597128510475
          ],
          [
            8.510818853974342,
            50.56607874110341
          ],
          [
            8.510977271944284,
            50.56618561036885
          ],
          [
            8.511128230020404,
            50.566296922042966
          ],
          [
            8.511295448988676,
            50.566402450203896
          ],
          [
            8.511458896100521,
            50.56650571525097
          ],
          [
            8.511596443131566,
            50.566617948934436
          ],
          [
            8.511715466156602,
            50.56674853898585
          ],
          [
            8.511830382049084,
            50.566880721598864
          ],
          [
            8.511937083676457,
            50.56700167246163
          ],
          [
            8.512074295431376,
            50.5671466793865
          ],
          [
            8.51218443363905,
            50.56727324612439
          ],
          [
            8.51229247637093,
            50.56741029024124
          ],
          [
            8.512402949854732,
            50.567538952454925
          ],
          [
            8.512517027556896,
            50.56766610592604
          ],
          [
            8.512633703649044,
            50.56779225356877
          ],
          [
            8.512726994231343,
            50.56792083196342
          ],
          [
            8.512791702523828,
            50.568055948242545
          ],
          [
            8.512781225144863,
            50.568200116977096
          ],
          [
            8.512702351436019,
            50.568332467228174
          ],
          [
            8.512590285390615,
            50.56845777668059
          ],
          [
            8.512427173554897,
            50.5685505643487
          ],
          [
            8.512226426973939,
            50.56861284188926
          ],
          [
            8.512015705928206,
            50.56864997372031
          ],
          [
            8.5117915738374,
            50.568670090287924
          ],
          [
            8.511577416211367,
            50.56869179941714
          ],
          [
            8.511360324919224,
            50.56870814412832
          ],
          [
            8.51114809513092,
            50.568726835772395
          ],
          [
            8.510926812887192,
            50.56875214911997
          ],
          [
            8.510715840384364,
            50.56877637282014
          ],
          [
            8.510441165417433,
            50.56881107389927
          ],
          [
            8.510227426886559,
            50.568834291771054
          ],
          [
            8.509999355301261,
            50.568864131346345
          ],
          [
            8.509785365313292,
            50.568887013942
          ],
          [
            8.509568525478244,
            50.568909561261535
          ],
          [
            8.509297370910645,
            50.5689406581223
          ],
          [
            8.509069383144379,
            50.568972090259194
          ],
          [
            8.508805856108665,
            50.56903109885752
          ],
          [
            8.50861500017345,
            50.569091867655516
          ],
          [
            8.50842540152371,
            50.56915716268122
          ],
          [
            8.508232114836574,
            50.56923821568489
          ],
          [
            8.50802130997181,
            50.56935480795801
          ],
          [
            8.507861215621233,
            50.56950023397803
          ],
          [
            8.507751915603876,
            50.56962177157402
          ],
          [
            8.507689805701375,
            50.56975563056767
          ],
          [
            8.507677065208554,
            50.56990030221641
          ],
          [
            8.507686536759138,
            50.5700474884361
          ],
          [
            8.50770522840321,
            50.570186879485846
          ],
          [
            8.507738672196865,
            50.57037119753659
          ],
          [
            8.507797932252288,
            50.57052567601204
          ],
          [
            8.507876470685005,
            50.570680908858776
          ],
          [
            8.50798367522657,
            50.570820048451424
          ],
          [
            8.508097920566797,
            50.57095684111118
          ],
          [
            8.508196407929063,
            50.57109095156193
          ],
          [
            8.50831056945026,
            50.57121433317661
          ],
          [
            8.508440824225545,
            50.57133444584906
          ],
          [
            8.508575521409512,
            50.5714410636574
          ],
          [
            8.50875673815608,
            50.57157877832651
          ],
          [
            8.508888417854905,
            50.571685899049044
          ],
          [
            8.50901423022151,
            50.57179628871381
          ],
          [
            8.50915060378611,
            50.571906762197614
          ],
          [
            8.509293599054217,
            50.572017319500446
          ],
          [
            8.509476324543357,
            50.572107592597604
          ],
          [
            8.509677741676569,
            50.572175066918135
          ],
          [
            8.509861305356026,
            50.572256706655025
          ],
          [
            8.51001058705151,
            50.57236894033849
          ],
          [
            8.510144278407097,
            50.572487292811275
          ],
          [
            8.510253997519612,
            50.57260581292212
          ],
          [
            8.510389365255833,
            50.572761967778206
          ],
          [
            8.510538144037127,
            50.5729123391211
          ],
          [
            8.510686084628105,
            50.573012083768845
          ],
          [
            8.510955646634102,
            50.57306757196784
          ],
          [
            8.51118765771389,
            50.57305835187435
          ],
          [
            8.511410700157285,
            50.57307679206133
          ],
          [
            8.511641034856439,
            50.57313789613545
          ],
          [
            8.511869609355927,
            50.57319103740156
          ],
          [
            8.512076390907168,
            50.57324459776282
          ],
          [
            8.512265319004655,
            50.57330654002726
          ],
          [
            8.512487355619669,
            50.573346773162484
          ],
          [
            8.512697406113148,
            50.57339245453477
          ],
          [
            8.512911396101117,
            50.57343503460288
          ],
          [
            8.513138126581907,
            50.57347359135747
          ],
          [
            8.513365611433983,
            50.57350393384695
          ],
          [
            8.513614134863019,
            50.573541233316064
          ],
          [
            8.513890653848648,
            50.57358046062291
          ],
          [
            8.514162814244628,
            50.573621364310384
          ],
          [
            8.514421982690692,
            50.57365539483726
          ],
          [
            8.514687437564135,
            50.57369009591639
          ],
          [
            8.514949707314372,
            50.573720186948776
          ],
          [
            8.515170738101006,
            50.573738710954785
          ],
          [
            8.51540258154273,
            50.57374189607799
          ],
          [
            8.51562981493771,
            50.57373887859285
          ],
          [
            8.515902310609818,
            50.573754804208875
          ],
          [
            8.516174806281924,
            50.57380576618016
          ],
          [
            8.516380246728659,
            50.57385681197047
          ],
          [
            8.516568168997765,
            50.57393006980419
          ],
          [
            8.516748128458858,
            50.574016654863954
          ],
          [
            8.5169168561697,
            50.574110113084316
          ],
          [
            8.517081895843148,
            50.57421036064625
          ],
          [
            8.517221286892891,
            50.57434245944023
          ],
          [
            8.517261100932956,
            50.57449668645859
          ],
          [
            8.517207708209753,
            50.574630377814174
          ],
          [
            8.517127074301243,
            50.57476742193103
          ],
          [
            8.517023054882884,
            50.574898766353726
          ],
          [
            8.516888357698917,
            50.575023824349046
          ],
          [
            8.516724491491914,
            50.5751349683851
          ],
          [
            8.516542771831155,
            50.57523957453668
          ],
          [
            8.516344539821148,
            50.57532146573067
          ],
          [
            8.516144379973412,
            50.57539296336472
          ],
          [
            8.515903484076262,
            50.57547468692064
          ],
          [
            8.515678765252233,
            50.5755493696779
          ],
          [
            8.515473827719688,
            50.575631177052855
          ],
          [
            8.515297807753086,
            50.57573628611863
          ],
          [
            8.515134863555431,
            50.57587265968323
          ],
          [
            8.515001758933067,
            50.57600241154432
          ],
          [
            8.514878628775477,
            50.576145658269525
          ],
          [
            8.51475172676146,
            50.57629460468888
          ],
          [
            8.514653323218226,
            50.57641563937068
          ],
          [
            8.514543939381838,
            50.57655042037368
          ],
          [
            8.51443799212575,
            50.576684111729264
          ],
          [
            8.514327267184854,
            50.576810175552964
          ],
          [
            8.514223834499717,
            50.57695032097399
          ],
          [
            8.514120317995548,
            50.577079486101866
          ],
          [
            8.514051921665668,
            50.57723270729184
          ],
          [
            8.514268174767494,
            50.57728199288249
          ],
          [
            8.51448836736381,
            50.57728199288249
          ],
          [
            8.514713421463966,
            50.57728643529117
          ],
          [
            8.514941157773137,
            50.577293979004025
          ],
          [
            8.515175683423877,
            50.577301774173975
          ],
          [
            8.515412472188473,
            50.57730948552489
          ],
          [
            8.51564984768629,
            50.57731627486646
          ],
          [
            8.515892839059234,
            50.577320884913206
          ],
          [
            8.516133651137352,
            50.57732775807381
          ],
          [
            8.516368931159377,
            50.577331529930234
          ],
          [
            8.516600858420134,
            50.577331529930234
          ],
          [
            8.516831947490573,
            50.57733077555895
          ],
          [
            8.517059767618775,
            50.57732390239835
          ],
          [
            8.517285576090217,
            50.57732314802706
          ],
          [
            8.51750417612493,
            50.57731334120035
          ],
          [
            8.517725793644786,
            50.577315436676145
          ],
          [
            8.51795269176364,
            50.57730931788683
          ],
          [
            8.518185708671808,
            50.577316861599684
          ],
          [
            8.518433142453432,
            50.577324740588665
          ],
          [
            8.518667165189981,
            50.57734058238566
          ],
          [
            8.518903786316514,
            50.57736011222005
          ],
          [
            8.51913177408278,
            50.57738492265344
          ],
          [
            8.519375184550881,
            50.57739716023207
          ],
          [
            8.519622534513474,
            50.577417109161615
          ],
          [
            8.519868040457368,
            50.577443512156606
          ],
          [
            8.520110864192247,
            50.57746262289584
          ],
          [
            8.520344300195575,
            50.577485505491495
          ],
          [
            8.520573293790221,
            50.57750394567847
          ],
          [
            8.52079650387168,
            50.577520709484816
          ],
          [
            8.521025162190199,
            50.57754585519433
          ],
          [
            8.52126069366932,
            50.57756555266678
          ],
          [
            8.521499997004867,
            50.57759807445109
          ],
          [
            8.521717842668295,
            50.57764844968915
          ],
          [
            8.521962678059936,
            50.577733190730214
          ],
          [
            8.522188318893313,
            50.57783989235759
          ],
          [
            8.522356040775776,
            50.577925555408
          ],
          [
            8.52255946956575,
            50.57804726064205
          ],
          [
            8.52274177595973,
            50.578160248696804
          ],
          [
            8.522901786491275,
            50.57826267555356
          ],
          [
            8.523044949397445,
            50.57837105356157
          ],
          [
            8.523175623267889,
            50.57850013487041
          ],
          [
            8.523284252732992,
            50.57863935828209
          ],
          [
            8.523314762860537,
            50.578802386298776
          ],
          [
            8.523290455341339,
            50.578937251120806
          ],
          [
            8.523276122286916,
            50.57907781563699
          ],
          [
            8.523263884708285,
            50.57923313230276
          ],
          [
            8.52327486500144,
            50.57939875870943
          ],
          [
            8.523512156680226,
            50.57949054054916
          ],
          [
            8.52375615388155,
            50.579565139487386
          ],
          [
            8.523895293474197,
            50.57969103567302
          ],
          [
            8.52391054853797,
            50.57982833124697
          ],
          [
            8.523898143321276,
            50.579968728125095
          ],
          [
            8.523898478597403,
            50.58012471534312
          ],
          [
            8.523962935432792,
            50.58027869090438
          ],
          [
            8.524088328704238,
            50.58041615411639
          ],
          [
            8.524234173819423,
            50.58054842054844
          ],
          [
            8.524350263178349,
            50.58067792095244
          ],
          [
            8.524438943713903,
            50.580810187384486
          ],
          [
            8.524566516280174,
            50.580942537635565
          ],
          [
            8.524831552058458,
            50.580969443544745
          ],
          [
            8.525069765746593,
            50.58099224232137
          ],
          [
            8.525325329974294,
            50.58100967667997
          ],
          [
            8.525580056011677,
            50.58102199807763
          ],
          [
            8.525819526985288,
            50.58104496449232
          ],
          [
            8.526061177253723,
            50.5810668412596
          ],
          [
            8.52629754692316,
            50.581078324466944
          ],
          [
            8.526555374264717,
            50.581093495711684
          ],
          [
            8.526841448619962,
            50.581107242032886
          ],
          [
            8.527065832167864,
            50.58110732585192
          ],
          [
            8.52733195759356,
            50.58110271580517
          ],
          [
            8.52753957733512,
            50.58105234056711
          ],
          [
            8.527787597849965,
            50.58102090843022
          ],
          [
            8.528000833466649,
            50.58107195422053
          ],
          [
            8.528256481513381,
            50.58110891841352
          ],
          [
            8.528486983850598,
            50.58110657148063
          ],
          [
            8.52872896939516,
            50.58109735138714
          ],
          [
            8.528959974646568,
            50.581104308366776
          ],
          [
            8.529201038181782,
            50.581104308366776
          ],
          [
            8.52946188300848,
            50.581104308366776
          ],
          [
            8.529727254062891,
            50.581104308366776
          ],
          [
            8.530003353953362,
            50.581107242032886
          ],
          [
            8.53028523735702,
            50.581104308366776
          ],
          [
            8.530565779656172,
            50.581104308366776
          ],
          [
            8.530783960595727,
            50.58110045269132
          ],
          [
            8.53100256063044,
            50.581104308366776
          ],
          [
            8.531222166493535,
            50.5811080802232
          ],
          [
            8.531454429030418,
            50.5811080802232
          ],
          [
            8.531677136197686,
            50.58110732585192
          ],
          [
            8.531895400956273,
            50.58110506273806
          ],
          [
            8.532124143093824,
            50.5811080802232
          ],
          [
            8.532349867746234,
            50.5811080802232
          ],
          [
            8.53258229792118,
            50.5811080802232
          ],
          [
            8.532798048108816,
            50.58111126534641
          ],
          [
            8.533078003674746,
            50.5811080802232
          ],
          [
            8.533298280090094,
            50.58110883459449
          ],
          [
            8.533528028056026,
            50.58111193589866
          ],
          [
            8.533760961145163,
            50.58111193589866
          ],
          [
            8.53399146348238,
            50.58111193589866
          ],
          [
            8.534220792353153,
            50.58111193589866
          ],
          [
            8.534459006041288,
            50.58111193589866
          ],
          [
            8.534701997414231,
            50.58111193589866
          ],
          [
            8.534942558035254,
            50.58111193589866
          ],
          [
            8.535170210525393,
            50.58111193589866
          ],
          [
            8.535407669842243,
            50.58111269026995
          ],
          [
            8.535646637901664,
            50.58111570775509
          ],
          [
            8.535885941237211,
            50.58111570775509
          ],
          [
            8.53611359372735,
            50.5811149533838
          ],
          [
            8.536339066922665,
            50.58111570775509
          ],
          [
            8.53656847961247,
            50.58111570775509
          ],
          [
            8.536795880645514,
            50.58111570775509
          ],
          [
            8.537015402689576,
            50.581112606450915
          ],
          [
            8.537232493981719,
            50.58111570775509
          ],
          [
            8.537448914721608,
            50.58111570775509
          ],
          [
            8.537671873345971,
            50.58111872524023
          ],
          [
            8.537889886647463,
            50.58111956343055
          ],
          [
            8.538106977939606,
            50.581116545945406
          ],
          [
            8.538369331508875,
            50.581112522631884
          ],
          [
            8.538538226857781,
            50.58102250099182
          ],
          [
            8.538677785545588,
            50.58087045326829
          ],
          [
            8.53880351409316,
            50.580740198493004
          ],
          [
            8.538939636200666,
            50.580607345327735
          ],
          [
            8.539078021422029,
            50.58047826401889
          ],
          [
            8.539214143529534,
            50.5803432315588
          ],
          [
            8.5393454041332,
            50.580213060602546
          ],
          [
            8.53946995921433,
            50.58008708059788
          ],
          [
            8.539590239524841,
            50.579967722296715
          ],
          [
            8.539719823747873,
            50.57984006591141
          ],
          [
            8.539860304445028,
            50.579705871641636
          ],
          [
            8.540000282227993,
            50.57957176119089
          ],
          [
            8.540126765146852,
            50.57944326661527
          ],
          [
            8.540259534493089,
            50.57931510731578
          ],
          [
            8.540403954684734,
            50.579176135361195
          ],
          [
            8.540542423725128,
            50.579037833958864
          ],
          [
            8.540676031261683,
            50.57890573516488
          ],
          [
            8.540807208046317,
            50.578774977475405
          ],
          [
            8.540946431457996,
            50.578636173158884
          ],
          [
            8.541089007630944,
            50.57849242351949
          ],
          [
            8.541224291548133,
            50.57836040854454
          ],
          [
            8.541354546323419,
            50.57823074050248
          ],
          [
            8.541482705622911,
            50.57810735888779
          ],
          [
            8.541615307331085,
            50.57797526009381
          ],
          [
            8.541739527136087,
            50.57784081436694
          ],
          [
            8.541861064732075,
            50.57770108804107
          ],
          [
            8.541989475488663,
            50.57755507528782
          ],
          [
            8.542114868760109,
            50.5774059612304
          ],
          [
            8.542237747460604,
            50.57725667953491
          ],
          [
            8.542352076619864,
            50.57711636647582
          ],
          [
            8.542471937835217,
            50.57697303593159
          ],
          [
            8.54259179905057,
            50.57682367041707
          ],
          [
            8.542705290019512,
            50.57667623274028
          ],
          [
            8.542819367721677,
            50.576522843912244
          ],
          [
            8.542924309149384,
            50.57637264020741
          ],
          [
            8.543027993291616,
            50.57622905820608
          ],
          [
            8.54314693249762,
            50.5761003959924
          ],
          [
            8.543343236669898,
            50.576020600274205
          ],
          [
            8.54357935488224,
            50.576026383787394
          ],
          [
            8.543818490579724,
            50.576072316616774
          ],
          [
            8.544058632105589,
            50.5761297326535
          ],
          [
            8.544281926006079,
            50.5762003082782
          ],
          [
            8.54440463706851,
            50.576321091502905
          ],
          [
            8.54440019465983,
            50.5764751508832
          ],
          [
            8.544308999553323,
            50.57662032544613
          ],
          [
            8.544199531897902,
            50.57676063850522
          ],
          [
            8.544082269072533,
            50.57690279558301
          ],
          [
            8.5439648386091,
            50.57705073617399
          ],
          [
            8.54384665377438,
            50.57719649747014
          ],
          [
            8.543730145320296,
            50.57734100148082
          ],
          [
            8.543667951598763,
            50.5775008443743
          ],
          [
            8.543745651841164,
            50.57765431702137
          ],
          [
            8.543859645724297,
            50.57779999449849
          ],
          [
            8.543974477797747,
            50.57793720625341
          ],
          [
            8.544182600453496,
            50.577983893454075
          ],
          [
            8.544425843283534,
            50.577980037778616
          ],
          [
            8.544660033658147,
            50.577980037778616
          ],
          [
            8.544880896806717,
            50.577980037778616
          ],
          [
            8.545096395537257,
            50.577980037778616
          ],
          [
            8.545316755771637,
            50.577980037778616
          ],
          [
            8.54555974714458,
            50.577980037778616
          ],
          [
            8.545816820114851,
            50.57797693647444
          ],
          [
            8.54607624001801,
            50.57797626592219
          ],
          [
            8.546341191977262,
            50.577980037778616
          ],
          [
            8.546601450070739,
            50.57797685265541
          ],
          [
            8.546866569668055,
            50.57797626592219
          ],
          [
            8.547104615718126,
            50.577975595369935
          ],
          [
            8.547349199652672,
            50.57797626592219
          ],
          [
            8.547607697546482,
            50.57797626592219
          ],
          [
            8.547870889306068,
            50.57797626592219
          ],
          [
            8.548121927306056,
            50.57797626592219
          ],
          [
            8.548372546210885,
            50.577980037778616
          ],
          [
            8.548621824011207,
            50.577980037778616
          ],
          [
            8.548864144831896,
            50.57798464782536
          ],
          [
            8.549093641340733,
            50.577996047213674
          ],
          [
            8.549326239153743,
            50.578007362782955
          ],
          [
            8.549572415649891,
            50.57801499031484
          ],
          [
            8.549819681793451,
            50.57802270166576
          ],
          [
            8.550055297091603,
            50.57803049683571
          ],
          [
            8.550289738923311,
            50.57804164476693
          ],
          [
            8.55053641833365,
            50.578049356117845
          ],
          [
            8.550782511010766,
            50.578060168772936
          ],
          [
            8.551036147400737,
            50.57806855067611
          ],
          [
            8.551281820982695,
            50.57807617820799
          ],
          [
            8.551509389653802,
            50.57808682322502
          ],
          [
            8.551741233095527,
            50.578094786033034
          ],
          [
            8.551982045173645,
            50.57810283266008
          ],
          [
            8.552215984091163,
            50.578114399686456
          ],
          [
            8.552432237192988,
            50.57812194339931
          ],
          [
            8.55265318416059,
            50.578129570931196
          ],
          [
            8.552883099764585,
            50.57814097031951
          ],
          [
            8.55311636812985,
            50.57815169915557
          ],
          [
            8.553347457200289,
            50.57816008105874
          ],
          [
            8.553578546270728,
            50.5781708098948
          ],
          [
            8.553799912333488,
            50.578171480447054
          ],
          [
            8.554018847644329,
            50.578186735510826
          ],
          [
            8.554240465164185,
            50.57819369249046
          ],
          [
            8.55445764027536,
            50.57820190675557
          ],
          [
            8.554719239473343,
            50.57821271941066
          ],
          [
            8.554929122328758,
            50.578158404678106
          ],
          [
            8.555119140073657,
            50.578028401359916
          ],
          [
            8.555270684882998,
            50.57792421430349
          ],
          [
            8.55546715669334,
            50.57779563590884
          ],
          [
            8.555649630725384,
            50.577662447467446
          ],
          [
            8.555832272395492,
            50.577543675899506
          ],
          [
            8.555987002328038,
            50.57743261568248
          ],
          [
            8.556072497740388,
            50.57728450745344
          ],
          [
            8.556089429184794,
            50.577118964865804
          ],
          [
            8.556161681190133,
            50.57697622105479
          ],
          [
            8.556351028382778,
            50.576880080625415
          ],
          [
            8.556574657559395,
            50.57680414058268
          ],
          [
            8.55677766725421,
            50.57674052193761
          ],
          [
            8.5569853708148,
            50.576678328216076
          ],
          [
            8.55718762613833,
            50.5766234267503
          ],
          [
            8.557398431003094,
            50.57657363824546
          ],
          [
            8.557612169533968,
            50.57652426883578
          ],
          [
            8.557881563901901,
            50.57647473178804
          ],
          [
            8.558130087330937,
            50.57642594911158
          ],
          [
            8.558367043733597,
            50.576370460912585
          ],
          [
            8.55854599736631,
            50.576246324926615
          ],
          [
            8.55870634317398,
            50.576110035181046
          ],
          [
            8.558878004550934,
            50.57596460916102
          ],
          [
            8.559027453884482,
            50.57582873851061
          ],
          [
            8.55915829539299,
            50.575709380209446
          ],
          [
            8.559205988422036,
            50.57556487619877
          ],
          [
            8.558977246284485,
            50.575506035238504
          ],
          [
            8.55878354050219,
            50.57540310546756
          ],
          [
            8.558651190251112,
            50.575225157663226
          ],
          [
            8.558887643739581,
            50.575163969770074
          ],
          [
            8.559166174381971,
            50.57515642605722
          ],
          [
            8.55939818546176,
            50.57515173219144
          ],
          [
            8.559633549302816,
            50.57513639330864
          ],
          [
            8.559849970042706,
            50.57512667030096
          ],
          [
            8.560070833191276,
            50.575122060254216
          ],
          [
            8.56030116789043,
            50.57512356899679
          ],
          [
            8.560537537559867,
            50.57514418847859
          ],
          [
            8.560761166736484,
            50.57517402805388
          ],
          [
            8.56097649782896,
            50.575186936184764
          ],
          [
            8.561214627698064,
            50.57517176494002
          ],
          [
            8.561441274359822,
            50.57515935972333
          ],
          [
            8.561713267117739,
            50.57513262145221
          ],
          [
            8.56194737367332,
            50.575115187093616
          ],
          [
            8.562178378924727,
            50.57508652098477
          ],
          [
            8.562433272600174,
            50.575052658095956
          ],
          [
            8.562679113820195,
            50.57503807358444
          ],
          [
            8.562924955040216,
            50.57503128424287
          ],
          [
            8.5631762444973,
            50.57502441108227
          ],
          [
            8.563410099595785,
            50.57503656484187
          ],
          [
            8.563646553084254,
            50.5750556755811
          ],
          [
            8.563879318535328,
            50.57507403194904
          ],
          [
            8.564107390120625,
            50.575085347518325
          ],
          [
            8.5643401555717,
            50.57508467696607
          ],
          [
            8.564568813890219,
            50.57508853264153
          ],
          [
            8.56481071561575,
            50.575093729421496
          ],
          [
            8.565023867413402,
            50.57511837221682
          ],
          [
            8.565274234861135,
            50.575192300602794
          ],
          [
            8.565498199313879,
            50.57530051097274
          ],
          [
            8.565672459080815,
            50.57538701221347
          ],
          [
            8.565883599221706,
            50.57546186260879
          ],
          [
            8.566111251711845,
            50.57552388869226
          ],
          [
            8.566321637481451,
            50.57556303218007
          ],
          [
            8.566541159525514,
            50.57558599859476
          ],
          [
            8.566810972988605,
            50.575623381882906
          ],
          [
            8.567091766744852,
            50.57561030611396
          ],
          [
            8.567324867472053,
            50.57562011294067
          ],
          [
            8.567570960149169,
            50.57564006187022
          ],
          [
            8.567804982885718,
            50.575674679130316
          ],
          [
            8.568025762215257,
            50.575708793476224
          ],
          [
            8.568240338936448,
            50.57573385536671
          ],
          [
            8.568464806303382,
            50.575748439878225
          ],
          [
            8.568680807948112,
            50.57575606741011
          ],
          [
            8.56894601136446,
            50.575764533132315
          ],
          [
            8.569181878119707,
            50.575755815953016
          ],
          [
            8.569269636645913,
            50.57560703717172
          ],
          [
            8.569340212270617,
            50.57543395087123
          ],
          [
            8.569406429305673,
            50.57528014294803
          ],
          [
            8.569470131769776,
            50.57514016516507
          ],
          [
            8.569529643282294,
            50.574994487687945
          ],
          [
            8.569618239998817,
            50.57484570890665
          ],
          [
            8.56973567046225,
            50.57470933534205
          ],
          [
            8.56985385529697,
            50.57458410970867
          ],
          [
            8.569979248568416,
            50.57445662096143
          ],
          [
            8.570110844448209,
            50.57431605644524
          ],
          [
            8.570229448378086,
            50.57419292628765
          ],
          [
            8.570338245481253,
            50.57406392879784
          ],
          [
            8.570443103089929,
            50.5739330034703
          ],
          [
            8.570548882707953,
            50.573798306286335
          ],
          [
            8.570663295686245,
            50.57366696186364
          ],
          [
            8.570761028677225,
            50.57353913784027
          ],
          [
            8.570866053923965,
            50.57341349311173
          ],
          [
            8.570975940674543,
            50.57327418588102
          ],
          [
            8.571051880717278,
            50.57311509735882
          ],
          [
            8.571087922900915,
            50.57294888421893
          ],
          [
            8.57108624652028,
            50.57279490865767
          ],
          [
            8.571067471057177,
            50.57263674214482
          ],
          [
            8.571019861847162,
            50.57248058728874
          ],
          [
            8.57092447578907,
            50.572343207895756
          ],
          [
            8.570796735584736,
            50.57222041301429
          ],
          [
            8.570716688409448,
            50.572091080248356
          ],
          [
            8.570730770006776,
            50.57194070890546
          ],
          [
            8.57086286880076,
            50.571781201288104
          ],
          [
            8.571044588461518,
            50.571696208789945
          ],
          [
            8.571272660046816,
            50.571652203798294
          ],
          [
            8.57151573523879,
            50.571672823280096
          ],
          [
            8.571740621700883,
            50.57171112857759
          ],
          [
            8.571947906166315,
            50.57174490764737
          ],
          [
            8.572205314412713,
            50.5717830453068
          ],
          [
            8.572446461766958,
            50.57181732729077
          ],
          [
            8.572656344622374,
            50.571852028369904
          ],
          [
            8.572862539440393,
            50.57189108803868
          ],
          [
            8.573067812249064,
            50.57193308137357
          ],
          [
            8.573274845257401,
            50.57197406888008
          ],
          [
            8.573489338159561,
            50.572011452168226
          ],
          [
            8.573701987043023,
            50.572048500180244
          ],
          [
            8.573923017829657,
            50.5720972828567
          ],
          [
            8.574135582894087,
            50.57214271277189
          ],
          [
            8.574352338910103,
            50.57219015434384
          ],
          [
            8.574575129896402,
            50.57224991731346
          ],
          [
            8.574800435453653,
            50.57230322621763
          ],
          [
            8.57501182705164,
            50.57235267944634
          ],
          [
            8.575220787897706,
            50.57239525951445
          ],
          [
            8.575428826734424,
            50.57244781404734
          ],
          [
            8.575633680447936,
            50.57250078767538
          ],
          [
            8.575862003490329,
            50.57255510240793
          ],
          [
            8.576069371774793,
            50.57262131944299
          ],
          [
            8.57624907977879,
            50.57271243073046
          ],
          [
            8.57643130235374,
            50.572802452370524
          ],
          [
            8.576618637889624,
            50.57288124226034
          ],
          [
            8.576798010617495,
            50.57296187616885
          ],
          [
            8.577007977291942,
            50.5730315297842
          ],
          [
            8.57725415378809,
            50.573050640523434
          ],
          [
            8.577487422153354,
            50.57303831912577
          ],
          [
            8.577716248109937,
            50.57302398607135
          ],
          [
            8.577942224219441,
            50.57300806045532
          ],
          [
            8.578175660222769,
            50.57299657724798
          ],
          [
            8.578415801748633,
            50.57298492640257
          ],
          [
            8.578650327399373,
            50.57297218590975
          ],
          [
            8.578890971839428,
            50.57298886589706
          ],
          [
            8.579129353165627,
            50.57301853783429
          ],
          [
            8.57936161570251,
            50.573042342439294
          ],
          [
            8.57958247885108,
            50.57306757196784
          ],
          [
            8.579848185181618,
            50.57309866882861
          ],
          [
            8.580071395263076,
            50.573122054338455
          ],
          [
            8.580302400514483,
            50.5731491278857
          ],
          [
            8.580533154308796,
            50.57317519560456
          ],
          [
            8.580748485401273,
            50.57320235297084
          ],
          [
            8.580965073779225,
            50.57322825305164
          ],
          [
            8.581192307174206,
            50.57325214147568
          ],
          [
            8.581411996856332,
            50.57327804155648
          ],
          [
            8.581625986844301,
            50.57330494746566
          ],
          [
            8.581841234117746,
            50.57333285920322
          ],
          [
            8.582022283226252,
            50.57340863160789
          ],
          [
            8.58217223547399,
            50.57351659052074
          ],
          [
            8.582322522997856,
            50.573628321290016
          ],
          [
            8.582473816350102,
            50.573728904128075
          ],
          [
            8.582689315080643,
            50.57384608313441
          ],
          [
            8.582862736657262,
            50.57393501512706
          ],
          [
            8.583042863756418,
            50.57402662932873
          ],
          [
            8.583233635872602,
            50.5741248652339
          ],
          [
            8.583436058834195,
            50.57422058656812
          ],
          [
            8.583620209246874,
            50.574312368407845
          ],
          [
            8.583799581974745,
            50.5744044855237
          ],
          [
            8.58398113399744,
            50.57448755018413
          ],
          [
            8.58416335657239,
            50.57456709444523
          ],
          [
            8.584355805069208,
            50.57463892735541
          ],
          [
            8.58456895686686,
            50.574700366705656
          ],
          [
            8.58477464877069,
            50.57475719600916
          ],
          [
            8.584985537454486,
            50.574817126616836
          ],
          [
            8.585219476372004,
            50.57486582547426
          ],
          [
            8.585451068356633,
            50.57490463368595
          ],
          [
            8.585668662562966,
            50.57494578883052
          ],
          [
            8.585910145193338,
            50.574980322271585
          ],
          [
            8.586141066625714,
            50.57501368224621
          ],
          [
            8.58636712655425,
            50.57504025287926
          ],
          [
            8.586601484566927,
            50.57505961507559
          ],
          [
            8.586821090430021,
            50.57507327757776
          ],
          [
            8.58704430051148,
            50.57506179437041
          ],
          [
            8.58728276565671,
            50.575052658095956
          ],
          [
            8.587507316842675,
            50.57503958232701
          ],
          [
            8.587716948240995,
            50.57507621124387
          ],
          [
            8.587911492213607,
            50.57513463310897
          ],
          [
            8.58815398067236,
            50.57521845214069
          ],
          [
            8.588382387533784,
            50.575285255908966
          ],
          [
            8.58853560872376,
            50.57517067529261
          ],
          [
            8.588585564866662,
            50.575033547356725
          ],
          [
            8.588673993945122,
            50.57489021681249
          ],
          [
            8.588931653648615,
            50.574913853779435
          ],
          [
            8.589128041639924,
            50.57502558454871
          ],
          [
            8.58928905799985,
            50.57511736638844
          ],
          [
            8.589459042996168,
            50.575205041095614
          ],
          [
            8.589623998850584,
            50.57530017569661
          ],
          [
            8.589801276102662,
            50.57539631612599
          ],
          [
            8.589973105117679,
            50.575490863993764
          ],
          [
            8.590140659362078,
            50.575582226738334
          ],
          [
            8.590307291597128,
            50.57567090727389
          ],
          [
            8.590483060106635,
            50.57577098719776
          ],
          [
            8.590659582987428,
            50.575873581692576
          ],
          [
            8.59082043170929,
            50.575975170359015
          ],
          [
            8.590950099751353,
            50.57611950673163
          ],
          [
            8.591132741421461,
            50.576207181438804
          ],
          [
            8.59131446108222,
            50.576093439012766
          ],
          [
            8.59146206639707,
            50.575994700193405
          ],
          [
            8.591617718338966,
            50.575895542278886
          ],
          [
            8.591814944520593,
            50.5758345220238
          ],
          [
            8.591992976143956,
            50.57591188699007
          ],
          [
            8.59217008575797,
            50.57601833716035
          ],
          [
            8.59234157949686,
            50.576125625520945
          ],
          [
            8.592526903375983,
            50.576232662424445
          ],
          [
            8.59270359389484,
            50.5763419624418
          ],
          [
            8.592879781499505,
            50.57644112035632
          ],
          [
            8.593048425391316,
            50.576543966308236
          ],
          [
            8.593188235536218,
            50.57669282890856
          ],
          [
            8.593201646581292,
            50.576838087290525
          ],
          [
            8.593201981857419,
            50.5769759695977
          ],
          [
            8.593210615217686,
            50.577141931280494
          ],
          [
            8.593265768140554,
            50.57727763429284
          ],
          [
            8.593501467257738,
            50.577207980677485
          ],
          [
            8.593664159998298,
            50.57710840366781
          ],
          [
            8.593845376744866,
            50.577010083943605
          ],
          [
            8.594025168567896,
            50.576913859695196
          ],
          [
            8.594205798581243,
            50.57681495323777
          ],
          [
            8.594381399452686,
            50.576719315722585
          ],
          [
            8.59456286765635,
            50.576616721227765
          ],
          [
            8.594755148515105,
            50.57651722803712
          ],
          [
            8.5949263907969,
            50.576416309922934
          ],
          [
            8.595094280317426,
            50.57632268406451
          ],
          [
            8.595276083797216,
            50.57622687891126
          ],
          [
            8.595468532294035,
            50.57612361386418
          ],
          [
            8.595655113458633,
            50.57601984590292
          ],
          [
            8.595828199759126,
            50.575921358540654
          ],
          [
            8.59601310454309,
            50.57582303881645
          ],
          [
            8.596194656565785,
            50.57572681456804
          ],
          [
            8.59636782668531,
            50.575631093233824
          ],
          [
            8.5965427570045,
            50.57553210295737
          ],
          [
            8.596720453351736,
            50.57543629780412
          ],
          [
            8.596902592107654,
            50.575338397175074
          ],
          [
            8.59707735478878,
            50.575240245088935
          ],
          [
            8.59725622460246,
            50.57514318265021
          ],
          [
            8.597437776625156,
            50.575043857097626
          ],
          [
            8.59761094674468,
            50.57494922541082
          ],
          [
            8.597784033045173,
            50.574848810210824
          ],
          [
            8.597919903695583,
            50.57473297230899
          ],
          [
            8.59800623729825,
            50.574591401964426
          ],
          [
            8.598071280866861,
            50.57444396428764
          ],
          [
            8.598126852884889,
            50.57429074309766
          ],
          [
            8.598183514550328,
            50.57414003647864
          ],
          [
            8.598239086568356,
            50.573994191363454
          ],
          [
            8.598292982205749,
            50.57384750805795
          ],
          [
            8.598349476233125,
            50.573705015704036
          ],
          [
            8.598415357992053,
            50.57355330325663
          ],
          [
            8.598477132618427,
            50.57339991442859
          ],
          [
            8.598534129559994,
            50.573254488408566
          ],
          [
            8.598595820367336,
            50.57310713455081
          ],
          [
            8.598657259717584,
            50.572959277778864
          ],
          [
            8.598710903897882,
            50.57280907407403
          ],
          [
            8.59875868074596,
            50.57265576906502
          ],
          [
            8.598809223622084,
            50.57251746766269
          ],
          [
            8.598867394030094,
            50.572381261736155
          ],
          [
            8.598924223333597,
            50.572224436327815
          ],
          [
            8.598982226103544,
            50.57207238860428
          ],
          [
            8.599039725959301,
            50.5719196703285
          ],
          [
            8.599098399281502,
            50.57176787406206
          ],
          [
            8.599147936329246,
            50.57162026874721
          ],
          [
            8.599203927442431,
            50.57146964594722
          ],
          [
            8.599258745089173,
            50.571324806660414
          ],
          [
            8.599310629069805,
            50.571183655411005
          ],
          [
            8.59936360269785,
            50.571039486676455
          ],
          [
            8.599422108381987,
            50.57089506648481
          ],
          [
            8.599475920200348,
            50.57075676508248
          ],
          [
            8.599524451419711,
            50.57062131352723
          ],
          [
            8.599586645141244,
            50.57044956833124
          ],
          [
            8.599646911025047,
            50.57028578594327
          ],
          [
            8.599682953208685,
            50.57014572434127
          ],
          [
            8.599748499691486,
            50.56999652646482
          ],
          [
            8.599812118336558,
            50.569862918928266
          ],
          [
            8.599875066429377,
            50.56970131583512
          ],
          [
            8.59993482939899,
            50.56954273022711
          ],
          [
            8.599985539913177,
            50.56937240995467
          ],
          [
            8.600044632330537,
            50.569197395816445
          ],
          [
            8.600112022832036,
            50.56902481243014
          ],
          [
            8.600162900984287,
            50.56888743303716
          ],
          [
            8.60021386295557,
            50.56875441223383
          ],
          [
            8.600273206830025,
            50.568615440279245
          ],
          [
            8.600332215428352,
            50.568464398384094
          ],
          [
            8.600380076095462,
            50.568325174972415
          ],
          [
            8.600436486303806,
            50.56819047778845
          ],
          [
            8.600486442446709,
            50.56805703788996
          ],
          [
            8.600546792149544,
            50.56792217306793
          ],
          [
            8.600603453814983,
            50.567783787846565
          ],
          [
            8.600655170157552,
            50.56764850392938
          ],
          [
            8.60071568749845,
            50.56748799048364
          ],
          [
            8.600742174312472,
            50.56735304184258
          ],
          [
            8.600714849308133,
            50.567194540053606
          ],
          [
            8.600632958114147,
            50.56703553535044
          ],
          [
            8.600529441609979,
            50.56690972298384
          ],
          [
            8.600405557081103,
            50.56676656007767
          ],
          [
            8.600287958979607,
            50.566648626700044
          ],
          [
            8.600179580971599,
            50.5665179528296
          ],
          [
            8.600059803575277,
            50.566379399970174
          ],
          [
            8.599939942359924,
            50.56623891927302
          ],
          [
            8.599933236837387,
            50.566098941490054
          ],
          [
            8.600076232105494,
            50.56595695205033
          ],
          [
            8.60004429705441,
            50.56581420823932
          ],
          [
            8.599868444725871,
            50.56568923406303
          ],
          [
            8.599829217419028,
            50.56551564484835
          ],
          [
            8.600042033940554,
            50.56539603509009
          ],
          [
            8.600312685593963,
            50.56535395793617
          ],
          [
            8.600536230951548,
            50.565316658467054
          ],
          [
            8.600748712196946,
            50.56528287939727
          ],
          [
            8.600975861772895,
            50.56524792686105
          ],
          [
            8.60120678320527,
            50.5652089510113
          ],
          [
            8.601435609161854,
            50.56517190299928
          ],
          [
            8.601658986881375,
            50.56513770483434
          ],
          [
            8.601885382086039,
            50.56509956717491
          ],
          [
            8.602114291861653,
            50.56506486609578
          ],
          [
            8.602323839440942,
            50.56502656079829
          ],
          [
            8.602535985410213,
            50.56499311700463
          ],
          [
            8.602764727547765,
            50.56496235541999
          ],
          [
            8.602996822446585,
            50.56492849253118
          ],
          [
            8.603228582069278,
            50.564897898584604
          ],
          [
            8.60345489345491,
            50.564866717904806
          ],
          [
            8.603681875392795,
            50.56483704596758
          ],
          [
            8.603915479034185,
            50.5648101400584
          ],
          [
            8.604148579761386,
            50.564782563596964
          ],
          [
            8.604384614154696,
            50.564756747335196
          ],
          [
            8.60462517477572,
            50.564734702929854
          ],
          [
            8.604850815609097,
            50.564711736515164
          ],
          [
            8.605076121166348,
            50.56469187140465
          ],
          [
            8.605318190529943,
            50.564669743180275
          ],
          [
            8.605566211044788,
            50.56464979425073
          ],
          [
            8.605812806636095,
            50.564635042101145
          ],
          [
            8.606050768867135,
            50.56460754945874
          ],
          [
            8.606287892907858,
            50.5645736027509
          ],
          [
            8.606524094939232,
            50.56454694829881
          ],
          [
            8.606741186231375,
            50.56453219614923
          ],
          [
            8.606964983046055,
            50.564520210027695
          ],
          [
            8.607191713526845,
            50.56451031938195
          ],
          [
            8.60741919837892,
            50.564506547525525
          ],
          [
            8.607650119811296,
            50.56450730189681
          ],
          [
            8.607891853898764,
            50.564506547525525
          ],
          [
            8.608143394812942,
            50.56450193747878
          ],
          [
            8.6083925049752,
            50.56449891999364
          ],
          [
            8.608645051717758,
            50.564502691850066
          ],
          [
            8.608899358659983,
            50.564502691850066
          ],
          [
            8.609138326719403,
            50.56449891999364
          ],
          [
            8.609366985037923,
            50.56449891999364
          ],
          [
            8.6095857527107,
            50.56449506431818
          ],
          [
            8.609808962792158,
            50.56449891999364
          ],
          [
            8.61004357226193,
            50.56449891999364
          ],
          [
            8.610269464552402,
            50.564502691850066
          ],
          [
            8.610488399863243,
            50.56452322751284
          ],
          [
            8.610716639086604,
            50.56452943012118
          ],
          [
            8.61094320192933,
            50.564525574445724
          ],
          [
            8.611199771985412,
            50.564525574445724
          ],
          [
            8.611455922946334,
            50.56453018449247
          ],
          [
            8.611685000360012,
            50.56453404016793
          ],
          [
            8.611910976469517,
            50.56455021724105
          ],
          [
            8.611888596788049,
            50.564701510593295
          ],
          [
            8.611712912097573,
            50.56461123749614
          ],
          [
            8.611479559913278,
            50.56457821279764
          ],
          [
            8.611258445307612,
            50.56456287391484
          ],
          [
            8.611016375944018,
            50.56454787030816
          ],
          [
            8.610780760645866,
            50.564544685184956
          ],
          [
            8.610563250258565,
            50.56453705765307
          ],
          [
            8.61029813066125,
            50.56451794691384
          ],
          [
            8.610050193965435,
            50.56451794691384
          ],
          [
            8.609771160408854,
            50.56451031938195
          ],
          [
            8.609540071338415,
            50.564506547525525
          ],
          [
            8.609300684183836,
            50.56450730189681
          ],
          [
            8.60906875692308,
            50.56451031938195
          ],
          [
            8.608851749449968,
            50.56450956501067
          ],
          [
            8.608622588217258,
            50.564506547525525
          ],
          [
            8.608388816937804,
            50.564506547525525
          ],
          [
            8.608152698725462,
            50.564515767619014
          ],
          [
            8.607921777293086,
            50.564525574445724
          ],
          [
            8.60769429244101,
            50.564525574445724
          ],
          [
            8.607418444007635,
            50.5645218025893
          ],
          [
            8.607140081003308,
            50.56452599354088
          ],
          [
            8.606909913942218,
            50.56453018449247
          ],
          [
            8.60669651068747,
            50.5645424220711
          ],
          [
            8.606479335576296,
            50.56456916034222
          ],
          [
            8.606252437457442,
            50.56459573097527
          ],
          [
            8.606009697541595,
            50.56462313979864
          ],
          [
            8.605774668976665,
            50.56465205736458
          ],
          [
            8.60552572645247,
            50.564672173932195
          ],
          [
            8.605279214680195,
            50.56469111703336
          ],
          [
            8.605033122003078,
            50.56471014395356
          ],
          [
            8.60478401184082,
            50.56473311036825
          ],
          [
            8.604529704898596,
            50.564755238592625
          ],
          [
            8.604276152327657,
            50.564783150330186
          ],
          [
            8.604037268087268,
            50.56481282226741
          ],
          [
            8.60379058867693,
            50.56484065018594
          ],
          [
            8.6035434063524,
            50.564867136999965
          ],
          [
            8.603290021419525,
            50.564901418983936
          ],
          [
            8.603033032268286,
            50.56493612006307
          ],
          [
            8.602788280695677,
            50.56497040204704
          ],
          [
            8.602553252130747,
            50.56500828824937
          ],
          [
            8.602316128090024,
            50.56504365988076
          ],
          [
            8.60207598656416,
            50.56508481502533
          ],
          [
            8.601837521418929,
            50.56512295268476
          ],
          [
            8.60159813426435,
            50.56516025215387
          ],
          [
            8.601363021880388,
            50.56519922800362
          ],
          [
            8.601118521764874,
            50.56524180807173
          ],
          [
            8.600871842354536,
            50.56528011336923
          ],
          [
            8.60062231309712,
            50.565322022885084
          ],
          [
            8.600372448563576,
            50.56535848416388
          ],
          [
            8.600129038095474,
            50.5653902515769
          ],
          [
            8.599919909611344,
            50.56545412167907
          ],
          [
            8.599830642342567,
            50.56558756157756
          ],
          [
            8.5999705363065,
            50.565741788595915
          ],
          [
            8.600113783031702,
            50.565871791914105
          ],
          [
            8.600049996748567,
            50.566023671999574
          ],
          [
            8.599884957075119,
            50.56612308137119
          ],
          [
            8.599628219380975,
            50.566159123554826
          ],
          [
            8.599403919652104,
            50.56613481603563
          ],
          [
            8.599299732595682,
            50.56600238196552
          ],
          [
            8.599273581057787,
            50.56585779413581
          ],
          [
            8.599203089252114,
            50.56570599786937
          ],
          [
            8.59898884780705,
            50.565611366182566
          ],
          [
            8.598775528371334,
            50.565606420859694
          ],
          [
            8.598504709079862,
            50.565641121938825
          ],
          [
            8.598247552290559,
            50.56567917577922
          ],
          [
            8.597998190671206,
            50.56571714580059
          ],
          [
            8.597728293389082,
            50.56575184687972
          ],
          [
            8.59746535308659,
            50.5657821893692
          ],
          [
            8.597206436097622,
            50.56581228040159
          ],
          [
            8.596928911283612,
            50.56584404781461
          ],
          [
            8.59671726822853,
            50.56587003171444
          ],
          [
            8.596437145024538,
            50.56590020656586
          ],
          [
            8.596224496141076,
            50.56592325679958
          ],
          [
            8.596008410677314,
            50.56594245135784
          ],
          [
            8.595789056271315,
            50.56596248410642
          ],
          [
            8.59557724557817,
            50.565984193235636
          ],
          [
            8.595303911715746,
            50.56600640527904
          ],
          [
            8.595026973634958,
            50.566027108579874
          ],
          [
            8.594816336408257,
            50.56604848243296
          ],
          [
            8.594588851556182,
            50.566063737496734
          ],
          [
            8.594324653968215,
            50.56607966311276
          ],
          [
            8.594073532149196,
            50.56610740721226
          ],
          [
            8.593836072832346,
            50.56613163091242
          ],
          [
            8.593604313209653,
            50.56614470668137
          ],
          [
            8.59337842091918,
            50.566159039735794
          ],
          [
            8.593154707923532,
            50.56617513298988
          ],
          [
            8.592929653823376,
            50.56619348935783
          ],
          [
            8.592698816210032,
            50.56621260009706
          ],
          [
            8.592480551451445,
            50.56622760370374
          ],
          [
            8.59226144850254,
            50.56624386459589
          ],
          [
            8.591988198459148,
            50.56626205332577
          ],
          [
            8.591731544584036,
            50.56628501974046
          ],
          [
            8.591501964256167,
            50.566308656707406
          ],
          [
            8.5912861302495,
            50.56633145548403
          ],
          [
            8.591062584891915,
            50.566354505717754
          ],
          [
            8.590827975422144,
            50.56637738831341
          ],
          [
            8.59056394547224,
            50.56640018709004
          ],
          [
            8.590354062616825,
            50.566423907876015
          ],
          [
            8.5901412460953,
            50.56645357981324
          ],
          [
            8.58991988003254,
            50.56647361256182
          ],
          [
            8.589701615273952,
            50.566503033041954
          ],
          [
            8.589481506496668,
            50.566529016941786
          ],
          [
            8.589261565357447,
            50.566552989184856
          ],
          [
            8.589033829048276,
            50.566583666950464
          ],
          [
            8.588811540976167,
            50.56660981848836
          ],
          [
            8.588589923456311,
            50.566632533445954
          ],
          [
            8.588361265137792,
            50.56665985845029
          ],
          [
            8.588124560192227,
            50.56669481098652
          ],
          [
            8.587890202179551,
            50.566724985837936
          ],
          [
            8.587655844166875,
            50.56676387786865
          ],
          [
            8.587419809773564,
            50.566805116832256
          ],
          [
            8.587179249152541,
            50.56683696806431
          ],
          [
            8.586939107626677,
            50.56688642129302
          ],
          [
            8.58670424669981,
            50.566929168999195
          ],
          [
            8.586485143750906,
            50.566976107656956
          ],
          [
            8.586255479604006,
            50.56701214984059
          ],
          [
            8.58603386208415,
            50.56705263443291
          ],
          [
            8.585807299241424,
            50.56708859279752
          ],
          [
            8.585597667843103,
            50.56713326834142
          ],
          [
            8.585371607914567,
            50.567184230312705
          ],
          [
            8.585144709795713,
            50.5672362819314
          ],
          [
            8.584892749786377,
            50.56728766299784
          ],
          [
            8.58464221470058,
            50.56734767742455
          ],
          [
            8.584412131458521,
            50.56740090250969
          ],
          [
            8.584191771224141,
            50.56745806708932
          ],
          [
            8.583974344655871,
            50.56751196272671
          ],
          [
            8.583757756277919,
            50.56756250560284
          ],
          [
            8.583546448498964,
            50.56761983782053
          ],
          [
            8.583339834585786,
            50.567676834762096
          ],
          [
            8.583127772435546,
            50.567733915522695
          ],
          [
            8.582904813811183,
            50.56779183447361
          ],
          [
            8.582676909863949,
            50.56785235181451
          ],
          [
            8.582450430840254,
            50.56791001930833
          ],
          [
            8.582225376740098,
            50.567970955744386
          ],
          [
            8.5819973051548,
            50.56803138926625
          ],
          [
            8.581757918000221,
            50.568089140579104
          ],
          [
            8.5815189499408,
            50.56815057992935
          ],
          [
            8.581282328814268,
            50.568215288221836
          ],
          [
            8.581052832305431,
            50.568276308476925
          ],
          [
            8.58083389699459,
            50.56832785718143
          ],
          [
            8.580621583387256,
            50.568381920456886
          ],
          [
            8.580401474609971,
            50.56843497790396
          ],
          [
            8.580178013071418,
            50.56848468258977
          ],
          [
            8.579956144094467,
            50.56852768175304
          ],
          [
            8.579721450805664,
            50.56858090683818
          ],
          [
            8.579477118328214,
            50.56863371282816
          ],
          [
            8.579238401725888,
            50.56868308223784
          ],
          [
            8.57900488190353,
            50.568725913763046
          ],
          [
            8.578768009319901,
            50.568778635933995
          ],
          [
            8.57851730659604,
            50.56882079690695
          ],
          [
            8.578275321051478,
            50.568866059184074
          ],
          [
            8.578029396012425,
            50.568908052518964
          ],
          [
            8.577780537307262,
            50.56894543580711
          ],
          [
            8.577529080212116,
            50.568987429142
          ],
          [
            8.577275527641177,
            50.56901735253632
          ],
          [
            8.577007055282593,
            50.5690513830632
          ],
          [
            8.576737577095628,
            50.569082563742995
          ],
          [
            8.576467344537377,
            50.569113325327635
          ],
          [
            8.576200548559427,
            50.56914299726486
          ],
          [
            8.575938697904348,
            50.569173423573375
          ],
          [
            8.575667543336749,
            50.56919555179775
          ],
          [
            8.575403345748782,
            50.569221787154675
          ],
          [
            8.57519212178886,
            50.56933335028589
          ],
          [
            8.57497955672443,
            50.569437285885215
          ],
          [
            8.574746623635292,
            50.56950367055833
          ],
          [
            8.574516791850328,
            50.56956158950925
          ],
          [
            8.574281679466367,
            50.569621939212084
          ],
          [
            8.574044052511454,
            50.56968731805682
          ],
          [
            8.573809275403619,
            50.56974775157869
          ],
          [
            8.573557902127504,
            50.569793013855815
          ],
          [
            8.573315916582942,
            50.56983483955264
          ],
          [
            8.573071416467428,
            50.56987632997334
          ],
          [
            8.572825575247407,
            50.569919077679515
          ],
          [
            8.57257797382772,
            50.56996090337634
          ],
          [
            8.57234051451087,
            50.569998789578676
          ],
          [
            8.572100205346942,
            50.57004396803677
          ],
          [
            8.571855621412396,
            50.57008294388652
          ],
          [
            8.571623023599386,
            50.57012401521206
          ],
          [
            8.571386989206076,
            50.570161985233426
          ],
          [
            8.571141315624118,
            50.57020121254027
          ],
          [
            8.570892037823796,
            50.57024345733225
          ],
          [
            8.570653824135661,
            50.57028419338167
          ],
          [
            8.570428937673569,
            50.57032258249819
          ],
          [
            8.570194998756051,
            50.57036147452891
          ],
          [
            8.569958293810487,
            50.570403384044766
          ],
          [
            8.569717146456242,
            50.570444790646434
          ],
          [
            8.569489745423198,
            50.57047865353525
          ],
          [
            8.569271648302674,
            50.57051628828049
          ],
          [
            8.569183805957437,
            50.57068224996328
          ],
          [
            8.569196127355099,
            50.57083806954324
          ],
          [
            8.569214148446918,
            50.57099330238998
          ],
          [
            8.569230576977134,
            50.57114979252219
          ],
          [
            8.569239545613527,
            50.57131080888212
          ],
          [
            8.569255722686648,
            50.57147132232785
          ],
          [
            8.56926896609366,
            50.57162127457559
          ],
          [
            8.569281958043575,
            50.571766616776586
          ],
          [
            8.569270223379135,
            50.57192302308977
          ],
          [
            8.569089761003852,
            50.57202042080462
          ],
          [
            8.568868394941092,
            50.57213366031647
          ],
          [
            8.568696733564138,
            50.572219993919134
          ],
          [
            8.568511744961143,
            50.57231353595853
          ],
          [
            8.568330528214574,
            50.572406239807606
          ],
          [
            8.568146545439959,
            50.572503972798586
          ],
          [
            8.567960551008582,
            50.5725946649909
          ],
          [
            8.567765587940812,
            50.57269558310509
          ],
          [
            8.567573726177216,
            50.57279641740024
          ],
          [
            8.56739074923098,
            50.572901191189885
          ],
          [
            8.567313216626644,
            50.57303857058287
          ],
          [
            8.567172149196267,
            50.57317812927067
          ],
          [
            8.566980957984924,
            50.57328223250806
          ],
          [
            8.566779289394617,
            50.573392705991864
          ],
          [
            8.566572088748217,
            50.57349949143827
          ],
          [
            8.56640662997961,
            50.57358448393643
          ],
          [
            8.566240333020687,
            50.57367601431906
          ],
          [
            8.56605920009315,
            50.57376922108233
          ],
          [
            8.56587111018598,
            50.573862260207534
          ],
          [
            8.565675560384989,
            50.57395689189434
          ],
          [
            8.56549140997231,
            50.574035849422216
          ],
          [
            8.565288735553622,
            50.574117405340075
          ],
          [
            8.565080696716905,
            50.574196530506015
          ],
          [
            8.564864359796047,
            50.574271297082305
          ],
          [
            8.564643915742636,
            50.5743373464793
          ],
          [
            8.5644212923944,
            50.574387051165104
          ],
          [
            8.564198417589068,
            50.574438432231545
          ],
          [
            8.563970429822803,
            50.574467265978456
          ],
          [
            8.563731964677572,
            50.57447430677712
          ],
          [
            8.563489308580756,
            50.57446978054941
          ],
          [
            8.563225194811821,
            50.57446215301752
          ],
          [
            8.562934342771769,
            50.574450669810176
          ],
          [
            8.562621949240565,
            50.57443457655609
          ],
          [
            8.56234316714108,
            50.57441622018814
          ],
          [
            8.562107384204865,
            50.57438772171736
          ],
          [
            8.561900602653623,
            50.574349500238895
          ],
          [
            8.561693234369159,
            50.57429661042988
          ],
          [
            8.561473628506064,
            50.574316726997495
          ],
          [
            8.561498438939452,
            50.57448176667094
          ],
          [
            8.561618970707059,
            50.57460464537144
          ],
          [
            8.561747884377837,
            50.57474311441183
          ],
          [
            8.5618706792593,
            50.57489323429763
          ],
          [
            8.561984254047275,
            50.57503522373736
          ],
          [
            8.562102438881993,
            50.575188947841525
          ],
          [
            8.562215594574809,
            50.575326243415475
          ],
          [
            8.562315758317709,
            50.57546345517039
          ],
          [
            8.562398990616202,
            50.575593039393425
          ],
          [
            8.562487084418535,
            50.575722036883235
          ],
          [
            8.562580542638898,
            50.57584592141211
          ],
          [
            8.56264709495008,
            50.57598548009992
          ],
          [
            8.562453221529722,
            50.57606661692262
          ],
          [
            8.562253061681986,
            50.576119255274534
          ],
          [
            8.562040496617556,
            50.576157392933965
          ],
          [
            8.561821728944778,
            50.57615965604782
          ],
          [
            8.561563650146127,
            50.576145155355334
          ],
          [
            8.561304314062,
            50.57612378150225
          ],
          [
            8.561062831431627,
            50.57606435380876
          ],
          [
            8.560860240831971,
            50.576107101514935
          ],
          [
            8.560664355754852,
            50.57618689723313
          ],
          [
            8.560451036319137,
            50.576233668252826
          ],
          [
            8.560235369950533,
            50.5762557964772
          ],
          [
            8.559975363314152,
            50.57628454640508
          ],
          [
            8.560119029134512,
            50.57640675455332
          ],
          [
            8.560313321650028,
            50.576468193903565
          ],
          [
            8.560060942545533,
            50.57641237042844
          ],
          [
            8.559827506542206,
            50.57633257471025
          ],
          [
            8.559609241783619,
            50.57629393413663
          ],
          [
            8.559357784688473,
            50.57630717754364
          ],
          [
            8.559113619849086,
            50.57632528245449
          ],
          [
            8.558873729780316,
            50.57634053751826
          ],
          [
            8.558627469465137,
            50.57636107318103
          ],
          [
            8.558356231078506,
            50.57639661245048
          ],
          [
            8.558090860024095,
            50.57645469903946
          ],
          [
            8.557821800932288,
            50.5765079241246
          ],
          [
            8.557556513696909,
            50.57656073011458
          ],
          [
            8.557291897013783,
            50.57661881670356
          ],
          [
            8.557037925347686,
            50.57668813504279
          ],
          [
            8.556805830448866,
            50.5767566151917
          ],
          [
            8.556581027805805,
            50.57682224549353
          ],
          [
            8.556366367265582,
            50.57690128684044
          ],
          [
            8.556189173832536,
            50.57699264958501
          ],
          [
            8.556105187162757,
            50.57713598012924
          ],
          [
            8.556050034239888,
            50.57730009779334
          ],
          [
            8.55595188215375,
            50.57743437588215
          ],
          [
            8.555786004289985,
            50.57757468894124
          ],
          [
            8.55561476200819,
            50.57769941166043
          ],
          [
            8.55543245561421,
            50.57783721014857
          ],
          [
            8.555239252746105,
            50.57796402834356
          ],
          [
            8.555047223344445,
            50.578093361109495
          ],
          [
            8.554893163964152,
            50.57820006273687
          ],
          [
            8.554732063785195,
            50.57830994948745
          ],
          [
            8.554573142901063,
            50.57842159643769
          ],
          [
            8.554414305835962,
            50.578529220074415
          ],
          [
            8.554250607267022,
            50.578647404909134
          ],
          [
            8.554086908698082,
            50.57875712402165
          ],
          [
            8.553915247321129,
            50.57887312956154
          ],
          [
            8.553738556802273,
            50.578986033797264
          ],
          [
            8.553563207387924,
            50.57910840958357
          ],
          [
            8.553374698385596,
            50.57923145592213
          ],
          [
            8.553191805258393,
            50.57935475371778
          ],
          [
            8.55301721021533,
            50.579480566084385
          ],
          [
            8.552851751446724,
            50.57959221303463
          ],
          [
            8.552692327648401,
            50.579703943803906
          ],
          [
            8.55253491550684,
            50.579811315983534
          ],
          [
            8.552366187795997,
            50.57992824353278
          ],
          [
            8.552182456478477,
            50.58005053550005
          ],
          [
            8.55197835713625,
            50.58017618022859
          ],
          [
            8.551747184246778,
            50.58028170838952
          ],
          [
            8.551472257822752,
            50.58035982772708
          ],
          [
            8.55125525034964,
            50.580406012013555
          ],
          [
            8.551033213734627,
            50.58044917881489
          ],
          [
            8.550745127722621,
            50.58050827123225
          ],
          [
            8.550522085279226,
            50.58055093511939
          ],
          [
            8.550254115834832,
            50.58060516603291
          ],
          [
            8.549960078671575,
            50.580664509907365
          ],
          [
            8.549676770344377,
            50.58072502724826
          ],
          [
            8.54950301349163,
            50.58084270916879
          ],
          [
            8.549462361261249,
            50.58098763227463
          ],
          [
            8.549444423988461,
            50.581128196790814
          ],
          [
            8.549432856962085,
            50.58126725256443
          ],
          [
            8.549410896375775,
            50.58144276961684
          ],
          [
            8.549380972981453,
            50.58160236105323
          ],
          [
            8.549359096214175,
            50.58176522143185
          ],
          [
            8.549369405955076,
            50.58192892000079
          ],
          [
            8.5494389757514,
            50.582080632448196
          ],
          [
            8.549532182514668,
            50.58222773484886
          ],
          [
            8.549630083143711,
            50.58238313533366
          ],
          [
            8.549717590212822,
            50.5825312435627
          ],
          [
            8.549807611852884,
            50.58268672786653
          ],
          [
            8.549896208569407,
            50.58283584192395
          ],
          [
            8.549973322078586,
            50.582968946546316
          ],
          [
            8.55006250552833,
            50.58311345055699
          ],
          [
            8.550151688978076,
            50.58325510472059
          ],
          [
            8.550227964296937,
            50.583385694772005
          ],
          [
            8.550279261544347,
            50.58353489264846
          ],
          [
            8.550335923209786,
            50.58367998339236
          ],
          [
            8.550391662865877,
            50.583821050822735
          ],
          [
            8.550449581816792,
            50.58396454900503
          ],
          [
            8.550514290109277,
            50.584112824872136
          ],
          [
            8.550634318962693,
            50.5842493660748
          ],
          [
            8.55067329481244,
            50.58441465720534
          ],
          [
            8.550713025033474,
            50.584556898102164
          ],
          [
            8.550734985619783,
            50.58469830080867
          ],
          [
            8.5507617238909,
            50.58484557084739
          ],
          [
            8.550800951197743,
            50.58499694801867
          ],
          [
            8.550776476040483,
            50.58515754528344
          ],
          [
            8.550739344209433,
            50.585007509216666
          ],
          [
            8.550716545432806,
            50.58483383618295
          ],
          [
            8.550692657008767,
            50.58468212373555
          ],
          [
            8.550680503249168,
            50.5845324229449
          ],
          [
            8.550637420266867,
            50.584379537031054
          ],
          [
            8.550569778308272,
            50.58424844406545
          ],
          [
            8.550494676455855,
            50.5841111484915
          ],
          [
            8.55042795650661,
            50.583969661965966
          ],
          [
            8.550371713936329,
            50.583828845992684
          ],
          [
            8.550322595983744,
            50.5836830008775
          ],
          [
            8.55026911944151,
            50.58353388682008
          ],
          [
            8.550209356471896,
            50.58338142000139
          ],
          [
            8.550128387287259,
            50.58323440141976
          ],
          [
            8.550045574083924,
            50.58308595791459
          ],
          [
            8.549952618777752,
            50.58293558657169
          ],
          [
            8.549851784482598,
            50.58278647251427
          ],
          [
            8.54976100847125,
            50.582639034837484
          ],
          [
            8.549686158075929,
            50.582498386502266
          ],
          [
            8.549592616036534,
            50.58235639706254
          ],
          [
            8.549492955207825,
            50.58221080340445
          ],
          [
            8.549395306035876,
            50.58206168934703
          ],
          [
            8.549234960228205,
            50.581928584724665
          ],
          [
            8.548994399607182,
            50.58183068409562
          ],
          [
            8.548751072958112,
            50.581738986074924
          ],
          [
            8.548512691631913,
            50.5816451087594
          ],
          [
            8.548289313912392,
            50.58154804632068
          ],
          [
            8.54807423427701,
            50.58146162889898
          ],
          [
            8.547876589000225,
            50.58138116262853
          ],
          [
            8.547666538506746,
            50.58130379766226
          ],
          [
            8.547464283183217,
            50.58121637441218
          ],
          [
            8.547249622642994,
            50.581132639199495
          ],
          [
            8.547020042315125,
            50.58104580268264
          ],
          [
            8.546771602705121,
            50.58099475689232
          ],
          [
            8.546516206115484,
            50.580973802134395
          ],
          [
            8.54625846259296,
            50.58096223510802
          ],
          [
            8.545993426814675,
            50.580954775214195
          ],
          [
            8.54571271687746,
            50.580942537635565
          ],
          [
            8.545433934777975,
            50.58093558065593
          ],
          [
            8.545162193477154,
            50.58093641884625
          ],
          [
            8.544886177405715,
            50.58093641884625
          ],
          [
            8.5446123406291,
            50.580936670303345
          ],
          [
            8.544314866885543,
            50.58094027452171
          ],
          [
            8.544029211625457,
            50.58094027452171
          ],
          [
            8.543751686811447,
            50.580941028892994
          ],
          [
            8.543491763994098,
            50.58094488456845
          ],
          [
            8.543234691023827,
            50.580950835719705
          ],
          [
            8.542970241978765,
            50.58094882406294
          ],
          [
            8.54272616095841,
            50.58095997199416
          ],
          [
            8.542447630316019,
            50.58096391148865
          ],
          [
            8.542232885956764,
            50.580963995307684
          ],
          [
            8.542014034464955,
            50.580969862639904
          ],
          [
            8.541800966486335,
            50.580966928973794
          ],
          [
            8.54158429428935,
            50.580963995307684
          ],
          [
            8.541360078379512,
            50.58096776716411
          ],
          [
            8.541126726195216,
            50.580966928973794
          ],
          [
            8.540898319333792,
            50.58096785098314
          ],
          [
            8.540666811168194,
            50.580975394696
          ],
          [
            8.540427843108773,
            50.58097841218114
          ],
          [
            8.54018091224134,
            50.580979250371456
          ],
          [
            8.539941944181919,
            50.580979250371456
          ],
          [
            8.539691241458058,
            50.58099450543523
          ],
          [
            8.5394421312958,
            50.58100867085159
          ],
          [
            8.539191260933876,
            50.58102392591536
          ],
          [
            8.538940390571952,
            50.581039264798164
          ],
          [
            8.53868960402906,
            50.58105451986194
          ],
          [
            8.538468070328236,
            50.58110749348998
          ],
          [
            8.538192640990019,
            50.58113481849432
          ],
          [
            8.537948057055473,
            50.58113481849432
          ],
          [
            8.537682183086872,
            50.58113565668464
          ],
          [
            8.537415219470859,
            50.58113481849432
          ],
          [
            8.53713970631361,
            50.58113481849432
          ],
          [
            8.536870144307613,
            50.58113481849432
          ],
          [
            8.536594295874238,
            50.581130124628544
          ],
          [
            8.536328505724669,
            50.581123335286975
          ],
          [
            8.536069840192795,
            50.581127190962434
          ],
          [
            8.535817796364427,
            50.58113096281886
          ],
          [
            8.53555410169065,
            50.58113096281886
          ],
          [
            8.535294514149427,
            50.58113096281886
          ],
          [
            8.53503568097949,
            50.58113096281886
          ],
          [
            8.534782212227583,
            50.581134064123034
          ],
          [
            8.53451776318252,
            50.581127190962434
          ],
          [
            8.53424509987235,
            50.581123335286975
          ],
          [
            8.533959276974201,
            50.581123335286975
          ],
          [
            8.533687870949507,
            50.581123335286975
          ],
          [
            8.533428451046348,
            50.581123335286975
          ],
          [
            8.533163834363222,
            50.58112249709666
          ],
          [
            8.532901648432016,
            50.5811186414212
          ],
          [
            8.532648012042046,
            50.58111956343055
          ],
          [
            8.532379204407334,
            50.58111956343055
          ],
          [
            8.532108468934894,
            50.58111956343055
          ],
          [
            8.531837984919548,
            50.58111193589866
          ],
          [
            8.531592059880495,
            50.58111956343055
          ],
          [
            8.531347727403045,
            50.5811202339828
          ],
          [
            8.531093504279852,
            50.581123335286975
          ],
          [
            8.530834168195724,
            50.58111805468798
          ],
          [
            8.53058623149991,
            50.58111285790801
          ],
          [
            8.530338546261191,
            50.5811149533838
          ],
          [
            8.530083820223808,
            50.581116462126374
          ],
          [
            8.529847702011466,
            50.58111956343055
          ],
          [
            8.529613176360726,
            50.581118892878294
          ],
          [
            8.52936859242618,
            50.58111193589866
          ],
          [
            8.529134318232536,
            50.58110891841352
          ],
          [
            8.52891605347395,
            50.5811080802232
          ],
          [
            8.528694938868284,
            50.58110900223255
          ],
          [
            8.52841816842556,
            50.58111956343055
          ],
          [
            8.52816453203559,
            50.581111097708344
          ],
          [
            8.527935119345784,
            50.58105577714741
          ],
          [
            8.527693469077349,
            50.58103180490434
          ],
          [
            8.527482245117426,
            50.581087628379464
          ],
          [
            8.527265237644315,
            50.58111101388931
          ],
          [
            8.526539281010628,
            50.581107242032886
          ],
          [
            8.526281621307135,
            50.58108444325626
          ],
          [
            8.526067631319165,
            50.58106935583055
          ],
          [
            8.525832183659077,
            50.581053514033556
          ],
          [
            8.525581732392311,
            50.58103758841753
          ],
          [
            8.525329353287816,
            50.58101856149733
          ],
          [
            8.52507060393691,
            50.58100045658648
          ],
          [
            8.524820487946272,
            50.58098419569433
          ],
          [
            8.52458923123777,
            50.58096248656511
          ],
          [
            8.52445486932993,
            50.580831142142415
          ],
          [
            8.524362919852138,
            50.58069694787264
          ],
          [
            8.524256888777018,
            50.58056493289769
          ],
          [
            8.52411582134664,
            50.580438785254955
          ],
          [
            8.523990092799067,
            50.58031104505062
          ],
          [
            8.523924294859171,
            50.58017358183861
          ],
          [
            8.523908872157335,
            50.5800340231508
          ],
          [
            8.523901496082544,
            50.579888597130775
          ],
          [
            8.5239003226161,
            50.579750295728445
          ],
          [
            8.523835949599743,
            50.579619286581874
          ],
          [
            8.52365892380476,
            50.579537227749825
          ],
          [
            8.523429930210114,
            50.57948282919824
          ],
          [
            8.523244438692927,
            50.57940814644098
          ],
          [
            8.523249048739672,
            50.579269425943494
          ],
          [
            8.523260112851858,
            50.579121904447675
          ],
          [
            8.52327092550695,
            50.578960217535496
          ],
          [
            8.523294562473893,
            50.57879274711013
          ],
          [
            8.523272182792425,
            50.57864807546139
          ],
          [
            8.523176293820143,
            50.5785059183836
          ],
          [
            8.523039249703288,
            50.578370466828346
          ],
          [
            8.522854596376419,
            50.578235602006316
          ],
          [
            8.522690227255225,
            50.57812286540866
          ],
          [
            8.52250574156642,
            50.57801733724773
          ],
          [
            8.522336091846228,
            50.57792563922703
          ],
          [
            8.52216417901218,
            50.57784014381468
          ],
          [
            8.521971479058266,
            50.577748361974955
          ],
          [
            8.52174986153841,
            50.577665800228715
          ],
          [
            8.52152162231505,
            50.57761123403907
          ],
          [
            8.521297154948115,
            50.577580723911524
          ],
          [
            8.521060198545456,
            50.57755574584007
          ],
          [
            8.520816368982196,
            50.577535796910524
          ],
          [
            8.520582346245646,
            50.577512914314866
          ],
          [
            8.520346898585558,
            50.57749003171921
          ],
          [
            8.520112708210945,
            50.57746823877096
          ],
          [
            8.519868962466717,
            50.57744728401303
          ],
          [
            8.519620522856712,
            50.57742599397898
          ],
          [
            8.519377280026674,
            50.57740604504943
          ],
          [
            8.519134372472763,
            50.57738995179534
          ],
          [
            8.518919795751572,
            50.577368158847094
          ],
          [
            8.51869784295559,
            50.57735298760235
          ],
          [
            8.518470106646419,
            50.5773383192718
          ],
          [
            8.518233988434076,
            50.57732306420803
          ],
          [
            8.517996445298195,
            50.57732013054192
          ],
          [
            8.517749262973666,
            50.577320884913206
          ],
          [
            8.5175109654665,
            50.57732390239835
          ],
          [
            8.517266800627112,
            50.577328596264124
          ],
          [
            8.517010230571032,
            50.57733538560569
          ],
          [
            8.516755504533648,
            50.577339828014374
          ],
          [
            8.51650882512331,
            50.57734301313758
          ],
          [
            8.516258373856544,
            50.57733915746212
          ],
          [
            8.51600264199078,
            50.577331529930234
          ],
          [
            8.515757136046886,
            50.577331529930234
          ],
          [
            8.515506852418184,
            50.57732700370252
          ],
          [
            8.515243660658598,
            50.57732013054192
          ],
          [
            8.514979043975472,
            50.57731535285711
          ],
          [
            8.514719288796186,
            50.57730403728783
          ],
          [
            8.514480823650956,
            50.57729649357498
          ],
          [
            8.514261720702052,
            50.57729657739401
          ],
          [
            8.514046892523766,
            50.57724284939468
          ],
          [
            8.514103889465332,
            50.57709155604243
          ],
          [
            8.514216039329767,
            50.576955266296864
          ],
          [
            8.514326009899378,
            50.57679978199303
          ],
          [
            8.514457186684012,
            50.576643543317914
          ],
          [
            8.514587776735425,
            50.57648805901408
          ],
          [
            8.514680061489344,
            50.5763646773994
          ],
          [
            8.514786260202527,
            50.57623928412795
          ],
          [
            8.514891033992171,
            50.5761210154742
          ],
          [
            8.51501701399684,
            50.57596762664616
          ],
          [
            8.515139389783144,
            50.57585279457271
          ],
          [
            8.515288503840566,
            50.57573561556637
          ],
          [
            8.515459829941392,
            50.575640900060534
          ],
          [
            8.515663174912333,
            50.57555221952498
          ],
          [
            8.515856796875596,
            50.575479213148355
          ],
          [
            8.516054945066571,
            50.575414672493935
          ],
          [
            8.51626742631197,
            50.57533739134669
          ],
          [
            8.516462054103613,
            50.575258769094944
          ],
          [
            8.51664855144918,
            50.57517310604453
          ],
          [
            8.51681174710393,
            50.57506866753101
          ],
          [
            8.516977038234472,
            50.57492332533002
          ],
          [
            8.517082817852497,
            50.57479960843921
          ],
          [
            8.517174934968352,
            50.574665581807494
          ],
          [
            8.517246097326279,
            50.57451990433037
          ],
          [
            8.517229501157999,
            50.574380261823535
          ],
          [
            8.517080890014768,
            50.574235171079636
          ],
          [
            8.516872012987733,
            50.57410734705627
          ],
          [
            8.516689706593752,
            50.57400818914175
          ],
          [
            8.516496419906616,
            50.57391565293074
          ],
          [
            8.516288883984089,
            50.57383912615478
          ],
          [
            8.516064500436187,
            50.57378112338483
          ],
          [
            8.515827292576432,
            50.573744997382164
          ],
          [
            8.51557650603354,
            50.57374189607799
          ],
          [
            8.51533954963088,
            50.57374189607799
          ],
          [
            8.51510837674141,
            50.573736196383834
          ],
          [
            8.514892291277647,
            50.573714235797524
          ],
          [
            8.514665141701698,
            50.57369445450604
          ],
          [
            8.514408906921744,
            50.57365916669369
          ],
          [
            8.514164993539453,
            50.57362354360521
          ],
          [
            8.513929462060332,
            50.57359043508768
          ],
          [
            8.51368848234415,
            50.573555398732424
          ],
          [
            8.513453286141157,
            50.57352262549102
          ],
          [
            8.513222867622972,
            50.57349504902959
          ],
          [
            8.512984905391932,
            50.57345515117049
          ],
          [
            8.51275716908276,
            50.573401506990194
          ],
          [
            8.51252356544137,
            50.5733512993902
          ],
          [
            8.5122871119529,
            50.573287177830935
          ],
          [
            8.512062057852745,
            50.57322875596583
          ],
          [
            8.511837087571621,
            50.57317008264363
          ],
          [
            8.511604573577642,
            50.57311895303428
          ],
          [
            8.511369377374649,
            50.57306866161525
          ],
          [
            8.511121608316898,
            50.5730695836246
          ],
          [
            8.510881885886192,
            50.573079977184534
          ],
          [
            8.5106760263443,
            50.573022896423936
          ],
          [
            8.510523810982704,
            50.57291250675917
          ],
          [
            8.510400261729956,
            50.57278107851744
          ],
          [
            8.510274784639478,
            50.57264696806669
          ],
          [
            8.510145284235477,
            50.57251067832112
          ],
          [
            8.510010167956352,
            50.57237799279392
          ],
          [
            8.509852671995759,
            50.57225846685469
          ],
          [
            8.509658044204116,
            50.5721768271178
          ],
          [
            8.509415052831173,
            50.57209552265704
          ],
          [
            8.509226376190782,
            50.57196929119527
          ],
          [
            8.509095031768084,
            50.57186032645404
          ],
          [
            8.50895899347961,
            50.57174909859896
          ],
          [
            8.508811807259917,
            50.57163963094354
          ],
          [
            8.508667722344398,
            50.57152982801199
          ],
          [
            8.508528918027878,
            50.57141876779497
          ],
          [
            8.50837854668498,
            50.57129144668579
          ],
          [
            8.508248794823885,
            50.57116781361401
          ],
          [
            8.50813178345561,
            50.571031188592315
          ],
          [
            8.508028853684664,
            50.570894815027714
          ],
          [
            8.507922068238258,
            50.57076849974692
          ],
          [
            8.507823748514056,
            50.57063807733357
          ],
          [
            8.507762979716063,
            50.57049625553191
          ],
          [
            8.507719477638602,
            50.570347141474485
          ],
          [
            8.507688967511058,
            50.57019383646548
          ],
          [
            8.507667426019907,
            50.57003709487617
          ],
          [
            8.507655523717403,
            50.56988219730556
          ],
          [
            8.507674969732761,
            50.56974280625582
          ],
          [
            8.50775208324194,
            50.56960467249155
          ],
          [
            8.507860209792852,
            50.569480285048485
          ],
          [
            8.507985016331077,
            50.56936243548989
          ],
          [
            8.508139243349433,
            50.5692686419934
          ],
          [
            8.508364548906684,
            50.56916571222246
          ],
          [
            8.508596559986472,
            50.5690873414278
          ],
          [
            8.508839718997478,
            50.56901877745986
          ],
          [
            8.509056894108653,
            50.568975610658526
          ],
          [
            8.50929913111031,
            50.56894451379776
          ],
          [
            8.509532902389765,
            50.568903274834156
          ],
          [
            8.509746808558702,
            50.56888399645686
          ],
          [
            8.509979154914618,
            50.568860191851854
          ],
          [
            8.510214937850833,
            50.56883068755269
          ],
          [
            8.510429430752993,
            50.568807972595096
          ],
          [
            8.510650377720594,
            50.56878081522882
          ],
          [
            8.5108797904104,
            50.5687543284148
          ],
          [
            8.511110125109553,
            50.568727841600776
          ],
          [
            8.511326713487506,
            50.568709736689925
          ],
          [
            8.511552270501852,
            50.56868953630328
          ],
          [
            8.511786963790655,
            50.568671179935336
          ],
          [
            8.512009754776955,
            50.56864754296839
          ],
          [
            8.512222319841385,
            50.568612003698945
          ],
          [
            8.512422312051058,
            50.5685436911881
          ],
          [
            8.512581987306476,
            50.56843740865588
          ],
          [
            8.512690952047706,
            50.568316876888275
          ],
          [
            8.51277275942266,
            50.56818159297109
          ],
          [
            8.512774603441358,
            50.56803809478879
          ],
          [
            8.512710146605968,
            50.56790339760482
          ],
          [
            8.51260763593018,
            50.56776836514473
          ],
          [
            8.512483583763242,
            50.56763584725559
          ],
          [
            8.512369003146887,
            50.56750693358481
          ],
          [
            8.512253081426024,
            50.56737743318081
          ],
          [
            8.512141350656748,
            50.56724374182522
          ],
          [
            8.512020986527205,
            50.567114325240254
          ],
          [
            8.51191135123372,
            50.56698080152273
          ],
          [
            8.511793334037066,
            50.566847110167146
          ],
          [
            8.511679843068123,
            50.56672087870538
          ],
          [
            8.511566016823053,
            50.56659623980522
          ],
          [
            8.511417657136917,
            50.56648802943528
          ],
          [
            8.511250019073486,
            50.56638719514012
          ],
          [
            8.511089002713561,
            50.56628342717886
          ],
          [
            8.510937038809061,
            50.56618141941726
          ],
          [
            8.510772502049804,
            50.566078489646316
          ],
          [
            8.510594638064504,
            50.565963657572865
          ],
          [
            8.510420210659504,
            50.565844886004925
          ],
          [
            8.510270258411765,
            50.56571379303932
          ],
          [
            8.510167747735977,
            50.5655699595809
          ],
          [
            8.51007747463882,
            50.56543274782598
          ],
          [
            8.509978568181396,
            50.565262511372566
          ],
          [
            8.509866502135992,
            50.565118258818984
          ],
          [
            8.5097452159971,
            50.56498951278627
          ],
          [
            8.509615128859878,
            50.56486395187676
          ],
          [
            8.509484874084592,
            50.56475414894521
          ],
          [
            8.509379848837852,
            50.56462682783604
          ],
          [
            8.509279768913984,
            50.564493387937546
          ],
          [
            8.509184466674924,
            50.56436447426677
          ],
          [
            8.509098216891289,
            50.56423019617796
          ],
          [
            8.508997466415167,
            50.56406071409583
          ],
          [
            8.508900487795472,
            50.563931968063116
          ],
          [
            8.508699741214514,
            50.563801880925894
          ],
          [
            8.508496060967445,
            50.56372786872089
          ],
          [
            8.508292296901345,
            50.56368528865278
          ],
          [
            8.50812734104693,
            50.56359937414527
          ],
          [
            8.507944783195853,
            50.56349711492658
          ],
          [
            8.50773498415947,
            50.56344263255596
          ],
          [
            8.507514707744122,
            50.563399801030755
          ],
          [
            8.50731915794313,
            50.56334615685046
          ],
          [
            8.507117656990886,
            50.56328438222408
          ],
          [
            8.506912216544151,
            50.56322411634028
          ],
          [
            8.506701914593577,
            50.56315815076232
          ],
          [
            8.506508376449347,
            50.56309453211725
          ],
          [
            8.506259769201279,
            50.563008952885866
          ],
          [
            8.506080228835344,
            50.56292898952961
          ],
          [
            8.50584838539362,
            50.5628224555403
          ],
          [
            8.505618805065751,
            50.56271877139807
          ],
          [
            8.505425602197647,
            50.562601424753666
          ],
          [
            8.505229633301497,
            50.562482653185725
          ],
          [
            8.505024863407016,
            50.56235231459141
          ],
          [
            8.50486820563674,
            50.562250558286905
          ],
          [
            8.504707273095846,
            50.56211393326521
          ],
          [
            8.504533180966973,
            50.5619746260345
          ],
          [
            8.50441625341773,
            50.56185836903751
          ],
          [
            8.504297398030758,
            50.561742866411805
          ],
          [
            8.504141326993704,
            50.56159081868827
          ],
          [
            8.50402439944446,
            50.56146559305489
          ],
          [
            8.50386799313128,
            50.56134740822017
          ],
          [
            8.503643525764346,
            50.561271384358406
          ],
          [
            8.503420818597078,
            50.561161329969764
          ],
          [
            8.503187969326973,
            50.561114475131035
          ],
          [
            8.50297431461513,
            50.56106208823621
          ],
          [
            8.502765102311969,
            50.56103132665157
          ],
          [
            8.502535186707973,
            50.56106837466359
          ],
          [
            8.502364279702306,
            50.56115965358913
          ],
          [
            8.50225699134171,
            50.56100567802787
          ],
          [
            8.502157581970096,
            50.56087383069098
          ],
          [
            8.502073595300317,
            50.56073603220284
          ],
          [
            8.501940993592143,
            50.56061826646328
          ],
          [
            8.50176983512938,
            50.56048876605928
          ],
          [
            8.501603621989489,
            50.56036865338683
          ],
          [
            8.501458028331399,
            50.560244685038924
          ],
          [
            8.501334730535746,
            50.56012541055679
          ],
          [
            8.501199698075652,
            50.56001678109169
          ],
          [
            8.501035077497363,
            50.55990521796048
          ],
          [
            8.500879593193531,
            50.559784937649965
          ],
          [
            8.50071631371975,
            50.55967412889004
          ],
          [
            8.500533504411578,
            50.559587962925434
          ],
          [
            8.500311551615596,
            50.559483859688044
          ],
          [
            8.500097645446658,
            50.559379337355494
          ],
          [
            8.499860605224967,
            50.55931203067303
          ],
          [
            8.499974850565195,
            50.55954068899155
          ],
          [
            8.500189343467355,
            50.55961713194847
          ],
          [
            8.50037139840424,
            50.55970606394112
          ],
          [
            8.500534677878022,
            50.55981611832976
          ],
          [
            8.500703405588865,
            50.559920221567154
          ],
          [
            8.500931560993195,
            50.55991276167333
          ],
          [
            8.501163991168141,
            50.55984486825764
          ],
          [
            8.501352248713374,
            50.55977923795581
          ],
          [
            8.501447383314371,
            50.55964353494346
          ],
          [
            8.501329198479652,
            50.559521494433284
          ],
          [
            8.501189975067973,
            50.559381851926446
          ],
          [
            8.501095175743103,
            50.5592477414757
          ],
          [
            8.500984702259302,
            50.55912394076586
          ],
          [
            8.5008863825351,
            50.559002738446
          ],
          [
            8.500802563503385,
            50.55887742899358
          ],
          [
            8.5007119551301,
            50.55875371210277
          ],
          [
            8.500579353421926,
            50.55860795080662
          ],
          [
            8.500450858846307,
            50.55845523253083
          ],
          [
            8.500324878841639,
            50.55831525474787
          ],
          [
            8.500207616016269,
            50.55818650871515
          ],
          [
            8.500066297128797,
            50.55804728530347
          ],
          [
            8.499909052625299,
            50.55791485123336
          ],
          [
            8.4997777082026,
            50.55777797475457
          ],
          [
            8.499620715156198,
            50.557647719979286
          ],
          [
            8.499431200325489,
            50.557544622570276
          ],
          [
            8.499316619709134,
            50.55742132477462
          ],
          [
            8.499867646023631,
            50.557067105546594
          ],
          [
            8.499918524175882,
            50.55691690184176
          ],
          [
            8.499863455072045,
            50.55676049552858
          ],
          [
            8.49975616671145,
            50.55663007311523
          ],
          [
            8.499654242768884,
            50.55649772286415
          ],
          [
            8.49958224222064,
            50.556345507502556
          ],
          [
            8.499581823125482,
            50.55619094520807
          ],
          [
            8.499606968834996,
            50.55602707900107
          ],
          [
            8.49954511038959,
            50.55588684976101
          ],
          [
            8.49946053698659,
            50.555734131485224
          ],
          [
            8.499374873936176,
            50.55560052394867
          ],
          [
            8.499307902529836,
            50.5554658267647
          ],
          [
            8.499264316633344,
            50.555330626666546
          ],
          [
            8.499229615554214,
            50.55518721230328
          ],
          [
            8.4991923160851,
            50.55503667332232
          ],
          [
            8.498993664979935,
            50.55497908964753
          ],
          [
            8.498768359422684,
            50.55502560921013
          ],
          [
            8.498528385534883,
            50.55506693199277
          ],
          [
            8.498273491859436,
            50.55509182624519
          ],
          [
            8.49803226068616,
            50.55509182624519
          ],
          [
            8.497795220464468,
            50.55509760975838
          ],
          [
            8.497539907693863,
            50.55506735108793
          ],
          [
            8.497327426448464,
            50.555036924779415
          ],
          [
            8.497111927717924,
            50.55501085706055
          ],
          [
            8.49686742760241,
            50.554984202608466
          ],
          [
            8.496641619130969,
            50.55494765751064
          ],
          [
            8.496401645243168,
            50.55490046739578
          ],
          [
            8.496165443211794,
            50.554845901206136
          ],
          [
            8.495914405211806,
            50.55480994284153
          ],
          [
            8.495708545669913,
            50.554776499047875
          ],
          [
            8.495496651157737,
            50.55474121123552
          ],
          [
            8.495243014767766,
            50.55470106191933
          ],
          [
            8.494990887120366,
            50.55466585792601
          ],
          [
            8.494749320670962,
            50.554599137976766
          ],
          [
            8.494506664574146,
            50.55451087653637
          ],
          [
            8.49432653747499,
            50.554438289254904
          ],
          [
            8.494101902469993,
            50.55432563647628
          ],
          [
            8.493944155052304,
            50.554217509925365
          ],
          [
            8.493808032944798,
            50.554106617346406
          ],
          [
            8.493671156466007,
            50.55398843251169
          ],
          [
            8.49354274570942,
            50.55386605672538
          ],
          [
            8.493437049910426,
            50.55374560877681
          ],
          [
            8.49333412013948,
            50.55362658575177
          ],
          [
            8.493223646655679,
            50.55349959991872
          ],
          [
            8.493120549246669,
            50.553379068151116
          ],
          [
            8.493014853447676,
            50.55323204956949
          ],
          [
            8.492897422984242,
            50.55310456082225
          ],
          [
            8.492642026394606,
            50.55313750170171
          ],
          [
            8.49242384545505,
            50.55319449864328
          ],
          [
            8.492197534069419,
            50.553264236077666
          ],
          [
            8.491998463869095,
            50.553324334323406
          ],
          [
            8.49187608808279,
            50.553438076749444
          ],
          [
            8.491987735033035,
            50.55355525575578
          ],
          [
            8.492112709209323,
            50.553690707311034
          ],
          [
            8.491906179115176,
            50.55360982194543
          ],
          [
            8.49180031567812,
            50.553488032892346
          ],
          [
            8.491693530231714,
            50.55336372926831
          ],
          [
            8.49144073203206,
            50.55329030379653
          ],
          [
            8.491229172796011,
            50.55333288386464
          ],
          [
            8.49101660773158,
            50.5533832591027
          ],
          [
            8.490808736532927,
            50.55343111976981
          ],
          [
            8.490601535886526,
            50.55353723466396
          ],
          [
            8.490684013813734,
            50.55369297042489
          ],
          [
            8.49076783284545,
            50.55382666178048
          ],
          [
            8.490723073482513,
            50.55396898649633
          ],
          [
            8.49077126942575,
            50.55410728789866
          ],
          [
            8.490795576944947,
            50.55424885824323
          ],
          [
            8.49061536602676,
            50.554365115240216
          ],
          [
            8.490428198128939,
            50.55447776801884
          ],
          [
            8.49031588062644,
            50.55461489595473
          ],
          [
            8.490355862304568,
            50.55476778186858
          ],
          [
            8.490508496761322,
            50.554917650297284
          ],
          [
            8.49065593443811,
            50.555054023861885
          ],
          [
            8.49077277816832,
            50.555191319435835
          ],
          [
            8.490863721817732,
            50.555322244763374
          ],
          [
            8.490918288007379,
            50.55545786395669
          ],
          [
            8.49095743149519,
            50.55563002824783
          ],
          [
            8.490993389859796,
            50.555797750130296
          ],
          [
            8.491001604124904,
            50.55595876649022
          ],
          [
            8.490957347676158,
            50.55613067932427
          ],
          [
            8.490909738466144,
            50.55628658272326
          ],
          [
            8.49085969850421,
            50.55645849555731
          ],
          [
            8.490819549188018,
            50.55659252218902
          ],
          [
            8.490753332152963,
            50.55675898678601
          ],
          [
            8.490524170920253,
            50.55677960626781
          ],
          [
            8.490256369113922,
            50.556742725893855
          ],
          [
            8.490032823756337,
            50.55671120993793
          ],
          [
            8.489805674180388,
            50.556676760315895
          ],
          [
            8.489561844617128,
            50.55664608255029
          ],
          [
            8.48931223154068,
            50.5566125549376
          ],
          [
            8.489075107499957,
            50.556581038981676
          ],
          [
            8.488824907690287,
            50.55654399096966
          ],
          [
            8.488592393696308,
            50.556517001241446
          ],
          [
            8.48831838928163,
            50.55648582056165
          ],
          [
            8.488107584416866,
            50.55645614862442
          ],
          [
            8.487840536981821,
            50.556425554677844
          ],
          [
            8.487597797065973,
            50.55641105398536
          ],
          [
            8.487335778772831,
            50.556379118934274
          ],
          [
            8.487070323899388,
            50.55634072981775
          ],
          [
            8.486808389425278,
            50.55631491355598
          ],
          [
            8.486590711399913,
            50.55629136040807
          ],
          [
            8.486363058909774,
            50.55626168847084
          ],
          [
            8.486117888242006,
            50.556231178343296
          ],
          [
            8.48587917163968,
            50.5561997462064
          ],
          [
            8.485662415623665,
            50.55616990663111
          ],
          [
            8.48544574342668,
            50.5561516340822
          ],
          [
            8.485165955498815,
            50.556156914681196
          ],
          [
            8.484918437898159,
            50.556179797276855
          ],
          [
            8.484669998288155,
            50.55619580671191
          ],
          [
            8.484396245330572,
            50.556222377344966
          ],
          [
            8.484117463231087,
            50.556245259940624
          ],
          [
            8.483903892338276,
            50.55626068264246
          ],
          [
            8.483683029189706,
            50.55627979338169
          ],
          [
            8.483470799401402,
            50.556301753968
          ],
          [
            8.48318925127387,
            50.556321535259485
          ],
          [
            8.482964616268873,
            50.55634391494095
          ],
          [
            8.482688684016466,
            50.55637123994529
          ],
          [
            8.482428761199117,
            50.556381633505225
          ],
          [
            8.48222910426557,
            50.556303011253476
          ],
          [
            8.482027938589454,
            50.55620628409088
          ],
          [
            8.481836998835206,
            50.55611550807953
          ],
          [
            8.481660727411509,
            50.55603303015232
          ],
          [
            8.481484539806843,
            50.555944852530956
          ],
          [
            8.481305334717035,
            50.55585650727153
          ],
          [
            8.481138199567795,
            50.555772772058845
          ],
          [
            8.480918006971478,
            50.55566255003214
          ],
          [
            8.480734024196863,
            50.55557596497238
          ],
          [
            8.4805041924119,
            50.55547940544784
          ],
          [
            8.480305122211576,
            50.55536884814501
          ],
          [
            8.480128515511751,
            50.555285615846515
          ],
          [
            8.479904718697071,
            50.55518427863717
          ],
          [
            8.479672707617283,
            50.555186960846186
          ],
          [
            8.479496436193585,
            50.555318389087915
          ],
          [
            8.479340868070722,
            50.55542626418173
          ],
          [
            8.479160154238343,
            50.55553229525685
          ],
          [
            8.47898405045271,
            50.55563271045685
          ],
          [
            8.47881406545639,
            50.55573136545718
          ],
          [
            8.478635614737868,
            50.555835301056504
          ],
          [
            8.478477783501148,
            50.55592834018171
          ],
          [
            8.478311821818352,
            50.556021044030786
          ],
          [
            8.478140914812684,
            50.55611567571759
          ],
          [
            8.477964475750923,
            50.55620745755732
          ],
          [
            8.477787114679813,
            50.55629974231124
          ],
          [
            8.47759885713458,
            50.556392865255475
          ],
          [
            8.477410096675158,
            50.55646880529821
          ],
          [
            8.477226281538606,
            50.5565451644361
          ],
          [
            8.477027295157313,
            50.556609285995364
          ],
          [
            8.476827135309577,
            50.55665832012892
          ],
          [
            8.476616414263844,
            50.55670039728284
          ],
          [
            8.476394461467862,
            50.556730572134256
          ],
          [
            8.47618374042213,
            50.556764267385006
          ],
          [
            8.475970085710287,
            50.55679921992123
          ],
          [
            8.47575475461781,
            50.55682981386781
          ],
          [
            8.475481923669577,
            50.556867783889174
          ],
          [
            8.475254690274596,
            50.55689787492156
          ],
          [
            8.475034413859248,
            50.556924445554614
          ],
          [
            8.474818747490644,
            50.55695193819702
          ],
          [
            8.474597800523043,
            50.55698152631521
          ],
          [
            8.47438263706863,
            50.55700767785311
          ],
          [
            8.474136544391513,
            50.55703558959067
          ],
          [
            8.473950801417232,
            50.557137597352266
          ],
          [
            8.47372985444963,
            50.557231893762946
          ],
          [
            8.473469596356153,
            50.557195683941245
          ],
          [
            8.473274633288383,
            50.55713441222906
          ],
          [
            8.47300129942596,
            50.557117480784655
          ],
          [
            8.472774820402265,
            50.5571152176708
          ],
          [
            8.472550436854362,
            50.557113625109196
          ],
          [
            8.472325969487429,
            50.557115972042084
          ],
          [
            8.472102927044034,
            50.5571152176708
          ],
          [
            8.471874939277768,
            50.55711136199534
          ],
          [
            8.471652818843722,
            50.55710985325277
          ],
          [
            8.471429022029042,
            50.55710985325277
          ],
          [
            8.471203716471791,
            50.55710985325277
          ],
          [
            8.470973717048764,
            50.557101890444756
          ],
          [
            8.47073558717966,
            50.557094598188996
          ],
          [
            8.470523357391357,
            50.55709317326546
          ],
          [
            8.470235019922256,
            50.55707708001137
          ],
          [
            8.469993369653821,
            50.55707096122205
          ],
          [
            8.469754653051496,
            50.557056460529566
          ],
          [
            8.469521468505263,
            50.55705176666379
          ],
          [
            8.469288451597095,
            50.55704497732222
          ],
          [
            8.469052920117974,
            50.55703667923808
          ],
          [
            8.468818729743361,
            50.55702913552523
          ],
          [
            8.46857137978077,
            50.557018239051104
          ],
          [
            8.468328891322017,
            50.55701061151922
          ],
          [
            8.468096125870943,
            50.557004576548934
          ],
          [
            8.467856906354427,
            50.55699460208416
          ],
          [
            8.467613076791167,
            50.556983118876815
          ],
          [
            8.467366816475987,
            50.55697557516396
          ],
          [
            8.467125501483679,
            50.5569648463279
          ],
          [
            8.46689734607935,
            50.556957218796015
          ],
          [
            8.46667941659689,
            50.55694959126413
          ],
          [
            8.466461151838303,
            50.556944981217384
          ],
          [
            8.466230146586895,
            50.556938191875815
          ],
          [
            8.465999392792583,
            50.556929809972644
          ],
          [
            8.4657671302557,
            50.556922098621726
          ],
          [
            8.465543249621987,
            50.5569114536047
          ],
          [
            8.465316435322165,
            50.556906927376986
          ],
          [
            8.46508358605206,
            50.55689536035061
          ],
          [
            8.464858196675777,
            50.55688479915261
          ],
          [
            8.464624090120196,
            50.55687717162073
          ],
          [
            8.464398616924882,
            50.55687390267849
          ],
          [
            8.464176747947931,
            50.55687331594527
          ],
          [
            8.463957896456122,
            50.55686954408884
          ],
          [
            8.463740469887853,
            50.556864934042096
          ],
          [
            8.463489012792706,
            50.5568596534431
          ],
          [
            8.463383316993713,
            50.55700717493892
          ],
          [
            8.463370325043797,
            50.55717196315527
          ],
          [
            8.463338641449809,
            50.557326190173626
          ],
          [
            8.463308718055487,
            50.557482931762934
          ],
          [
            8.463271083310246,
            50.55764495395124
          ],
          [
            8.46323948353529,
            50.55780563503504
          ],
          [
            8.463216433301568,
            50.55797193199396
          ],
          [
            8.46318676136434,
            50.55812490172684
          ],
          [
            8.463160274550319,
            50.5582878459245
          ],
          [
            8.463133284822106,
            50.558438301086426
          ],
          [
            8.463093806058168,
            50.558575512841344
          ],
          [
            8.463089782744646,
            50.558730913326144
          ],
          [
            8.462856095284224,
            50.558776846155524
          ],
          [
            8.462602207437158,
            50.55877374485135
          ],
          [
            8.46236726269126,
            50.55877139791846
          ],
          [
            8.462120834738016,
            50.55874482728541
          ],
          [
            8.461860744282603,
            50.558730410411954
          ],
          [
            8.461648933589458,
            50.55871498771012
          ],
          [
            8.461377443745732,
            50.55870434269309
          ],
          [
            8.461095811799169,
            50.55869981646538
          ],
          [
            8.460842845961452,
            50.558684561401606
          ],
          [
            8.460610918700695,
            50.55866469629109
          ],
          [
            8.460383266210556,
            50.55863494053483
          ],
          [
            8.46015041694045,
            50.558602921664715
          ],
          [
            8.459903569892049,
            50.55856109596789
          ],
          [
            8.459651106968522,
            50.55852270685136
          ],
          [
            8.4593759290874,
            50.5585053563118
          ],
          [
            8.459135117009282,
            50.55846193805337
          ],
          [
            8.458877122029662,
            50.55841499939561
          ],
          [
            8.458671597763896,
            50.55837350897491
          ],
          [
            8.458449896425009,
            50.55831927806139
          ],
          [
            8.458218974992633,
            50.55827426724136
          ],
          [
            8.45799995586276,
            50.558227244764566
          ],
          [
            8.457779344171286,
            50.55817846208811
          ],
          [
            8.457569209858775,
            50.558138228952885
          ],
          [
            8.457361171022058,
            50.55810729973018
          ],
          [
            8.457136452198029,
            50.55807259865105
          ],
          [
            8.456913325935602,
            50.558030772954226
          ],
          [
            8.456676285713911,
            50.55799154564738
          ],
          [
            8.45642558299005,
            50.557946702465415
          ],
          [
            8.456150824204087,
            50.557908648625016
          ],
          [
            8.455908419564366,
            50.5578835029155
          ],
          [
            8.455683197826147,
            50.557865146547556
          ],
          [
            8.455460742115974,
            50.557852908968925
          ],
          [
            8.45518154092133,
            50.557852908968925
          ],
          [
            8.45496604219079,
            50.5578422639519
          ],
          [
            8.454700754955411,
            50.55782809853554
          ],
          [
            8.45448668114841,
            50.55779415182769
          ],
          [
            8.45416959375143,
            50.55779105052352
          ],
          [
            8.45388955436647,
            50.557813346385956
          ],
          [
            8.453650251030922,
            50.55784427560866
          ],
          [
            8.453417485579848,
            50.557873444631696
          ],
          [
            8.453139960765839,
            50.55790680460632
          ],
          [
            8.452935023233294,
            50.557942260056734
          ],
          [
            8.4526860807091,
            50.55798618122935
          ],
          [
            8.452429259195924,
            50.55801719427109
          ],
          [
            8.452210491523147,
            50.55805357173085
          ],
          [
            8.452004129067063,
            50.558097744360566
          ],
          [
            8.451720736920834,
            50.55814585648477
          ],
          [
            8.451452599838376,
            50.5581892747432
          ],
          [
            8.451202232390642,
            50.55823487229645
          ],
          [
            8.450950859114528,
            50.55827879346907
          ],
          [
            8.450694791972637,
            50.55831357836723
          ],
          [
            8.450427995994687,
            50.55834819562733
          ],
          [
            8.450156589969993,
            50.558378119021654
          ],
          [
            8.449885519221425,
            50.55840091779828
          ],
          [
            8.449613275006413,
            50.558418268337846
          ],
          [
            8.449339354410768,
            50.55842665024102
          ],
          [
            8.449056716635823,
            50.55843444541097
          ],
          [
            8.448776677250862,
            50.55843654088676
          ],
          [
            8.448490099981427,
            50.55842447094619
          ],
          [
            8.448195392265916,
            50.55840142071247
          ],
          [
            8.447882998734713,
            50.558369904756546
          ],
          [
            8.447667500004172,
            50.55834668688476
          ],
          [
            8.447457617148757,
            50.558319026604295
          ],
          [
            8.44725351780653,
            50.558280469849706
          ],
          [
            8.447042210027575,
            50.55824149399996
          ],
          [
            8.446837188676,
            50.558200255036354
          ],
          [
            8.446619343012571,
            50.55814870633185
          ],
          [
            8.446408035233617,
            50.558090955019
          ],
          [
            8.446199325844646,
            50.558033622801304
          ],
          [
            8.445986928418279,
            50.55797486566007
          ],
          [
            8.445788444951177,
            50.55791485123336
          ],
          [
            8.445584429427981,
            50.557846035808325
          ],
          [
            8.445385275408626,
            50.55777629837394
          ],
          [
            8.445189809426665,
            50.5577074829489
          ],
          [
            8.444995936006308,
            50.55764051154256
          ],
          [
            8.444786053150892,
            50.55757010355592
          ],
          [
            8.444567201659083,
            50.557496678084135
          ],
          [
            8.444336531683803,
            50.55742744356394
          ],
          [
            8.44409504905343,
            50.55739031173289
          ],
          [
            8.443873934447765,
            50.55738067254424
          ],
          [
            8.443587776273489,
            50.557391066104174
          ],
          [
            8.44335962086916,
            50.557371033355594
          ],
          [
            8.443178739398718,
            50.55729224346578
          ],
          [
            8.443051502108574,
            50.55717975832522
          ],
          [
            8.442917643114924,
            50.55706677027047
          ],
          [
            8.442775402218103,
            50.55694221518934
          ],
          [
            8.442622516304255,
            50.556814055889845
          ],
          [
            8.44245764426887,
            50.556671312078834
          ],
          [
            8.442283384501934,
            50.5565314181149
          ],
          [
            8.442096468061209,
            50.55641306564212
          ],
          [
            8.441898403689265,
            50.55630477145314
          ],
          [
            8.441664045676589,
            50.556221287697554
          ],
          [
            8.441424490883946,
            50.5561497900635
          ],
          [
            8.441195748746395,
            50.55608047172427
          ],
          [
            8.440977232530713,
            50.55601383559406
          ],
          [
            8.440760225057602,
            50.555946696549654
          ],
          [
            8.440563753247261,
            50.55586924776435
          ],
          [
            8.440350601449609,
            50.5557456985116
          ],
          [
            8.44014742411673,
            50.55566858500242
          ],
          [
            8.439948605373502,
            50.55560236796737
          ],
          [
            8.439718941226602,
            50.5555472150445
          ],
          [
            8.439489863812923,
            50.55547286756337
          ],
          [
            8.439287273213267,
            50.55538225919008
          ],
          [
            8.439078396186233,
            50.55530070327222
          ],
          [
            8.43885107897222,
            50.55523012764752
          ],
          [
            8.438622001558542,
            50.555150331929326
          ],
          [
            8.438401725143194,
            50.555062321946025
          ],
          [
            8.438166277483106,
            50.55498252622783
          ],
          [
            8.437942899763584,
            50.55490281432867
          ],
          [
            8.437732849270105,
            50.55481187067926
          ],
          [
            8.437517685815692,
            50.554725620895624
          ],
          [
            8.437289446592331,
            50.554641550406814
          ],
          [
            8.43709104694426,
            50.55455102585256
          ],
          [
            8.43689365312457,
            50.55444583296776
          ],
          [
            8.436709251254797,
            50.55432756431401
          ],
          [
            8.436554688960314,
            50.55420954711735
          ],
          [
            8.436409262940288,
            50.55408817715943
          ],
          [
            8.436257215216756,
            50.55395046249032
          ],
          [
            8.436107179149985,
            50.553834373131394
          ],
          [
            8.435942642390728,
            50.55369942449033
          ],
          [
            8.435773411765695,
            50.55355701595545
          ],
          [
            8.435608958825469,
            50.55342558771372
          ],
          [
            8.435440231114626,
            50.553295500576496
          ],
          [
            8.435260439291596,
            50.553166000172496
          ],
          [
            8.435067487880588,
            50.55305519141257
          ],
          [
            8.434869507327676,
            50.55296064354479
          ],
          [
            8.434679238125682,
            50.55288051255047
          ],
          [
            8.434483939781785,
            50.55275679565966
          ],
          [
            8.434363240376115,
            50.5526443105191
          ],
          [
            8.434256706386805,
            50.552507266402245
          ],
          [
            8.43409233726561,
            50.55236343294382
          ],
          [
            8.433913635089993,
            50.552209205925465
          ],
          [
            8.433721605688334,
            50.55205062031746
          ],
          [
            8.433516835793853,
            50.55189345963299
          ],
          [
            8.433310557156801,
            50.5517378076911
          ],
          [
            8.433170579373837,
            50.551632195711136
          ],
          [
            8.432967569679022,
            50.55149163119495
          ],
          [
            8.432771600782871,
            50.551357017830014
          ],
          [
            8.43257118947804,
            50.55122743360698
          ],
          [
            8.432394582778215,
            50.55111637338996
          ],
          [
            8.432173300534487,
            50.55105694569647
          ],
          [
            8.43195210210979,
            50.551105476915836
          ],
          [
            8.431723527610302,
            50.551093155518174
          ],
          [
            8.431482883170247,
            50.551074128597975
          ],
          [
            8.431220026686788,
            50.55104638449848
          ],
          [
            8.43096261844039,
            50.55101981386542
          ],
          [
            8.43074812553823,
            50.550997853279114
          ],
          [
            8.430492393672466,
            50.55097413249314
          ],
          [
            8.430270859971642,
            50.55094739422202
          ],
          [
            8.430058462545276,
            50.55092375725508
          ],
          [
            8.429842460900545,
            50.55089785717428
          ],
          [
            8.429618077352643,
            50.55087111890316
          ],
          [
            8.429382126778364,
            50.55084731429815
          ],
          [
            8.429142404347658,
            50.550817642360926
          ],
          [
            8.42891089618206,
            50.55079031735659
          ],
          [
            8.428679890930653,
            50.550756957381964
          ],
          [
            8.428453914821148,
            50.55073373951018
          ],
          [
            8.428218131884933,
            50.55069618858397
          ],
          [
            8.428160464391112,
            50.55055512115359
          ],
          [
            8.428213940933347,
            50.55041573010385
          ],
          [
            8.428194327279925,
            50.550273824483156
          ],
          [
            8.42808653600514,
            50.55013979785144
          ],
          [
            8.42795955017209,
            50.550000071525574
          ],
          [
            8.427822841331363,
            50.549872582778335
          ],
          [
            8.427662579342723,
            50.54974232800305
          ],
          [
            8.427424700930715,
            50.54970628581941
          ],
          [
            8.427193947136402,
            50.549786165356636
          ],
          [
            8.426969144493341,
            50.54987392388284
          ],
          [
            8.426755405962467,
            50.549948355183005
          ],
          [
            8.426526915282011,
            50.55002773180604
          ],
          [
            8.426283840090036,
            50.55010803043842
          ],
          [
            8.426028611138463,
            50.550188831985
          ],
          [
            8.425784949213266,
            50.550276171416044
          ],
          [
            8.42554472386837,
            50.55034976452589
          ],
          [
            8.425329895690084,
            50.55041388608515
          ],
          [
            8.425142895430326,
            50.55049862712622
          ],
          [
            8.424931922927499,
            50.550568448379636
          ],
          [
            8.424707623198628,
            50.55063768289983
          ],
          [
            8.424492040649056,
            50.55071362294257
          ],
          [
            8.424285175278783,
            50.55077338591218
          ],
          [
            8.42406758107245,
            50.55083993822336
          ],
          [
            8.423843951895833,
            50.55090984329581
          ],
          [
            8.423642199486494,
            50.55097714997828
          ],
          [
            8.4234812669456,
            50.551098519936204
          ],
          [
            8.423512866720557,
            50.551274456083775
          ],
          [
            8.423562152311206,
            50.5514217261225
          ],
          [
            8.423554943874478,
            50.551571007817984
          ],
          [
            8.423351934179664,
            50.55164124816656
          ],
          [
            8.423089580610394,
            50.55167938582599
          ],
          [
            8.422836363315582,
            50.551713248714805
          ],
          [
            8.422578535974026,
            50.55175272747874
          ],
          [
            8.42232121154666,
            50.55179111659527
          ],
          [
            8.42208324931562,
            50.55182648822665
          ],
          [
            8.421926088631153,
            50.55169891566038
          ],
          [
            8.421890800818801,
            50.551560865715146
          ],
          [
            8.421691982075572,
            50.551499258726835
          ],
          [
            8.421476148068905,
            50.55153186433017
          ],
          [
            8.421225193887949,
            50.551597494632006
          ],
          [
            8.420983711257577,
            50.55165449157357
          ],
          [
            8.420752370730042,
            50.55171090178192
          ],
          [
            8.420512229204178,
            50.55176815018058
          ],
          [
            8.420249791815877,
            50.55182975716889
          ],
          [
            8.420040160417557,
            50.551878958940506
          ],
          [
            8.41982088983059,
            50.55192623287439
          ],
          [
            8.419621149078012,
            50.55197970941663
          ],
          [
            8.419354604557157,
            50.552038718014956
          ],
          [
            8.419094430282712,
            50.55209311656654
          ],
          [
            8.41886124573648,
            50.55215028114617
          ],
          [
            8.418622612953186,
            50.55220275186002
          ],
          [
            8.41839068569243,
            50.552268885076046
          ],
          [
            8.4181918669492,
            50.552338706329465
          ],
          [
            8.418131852522492,
            50.55248463526368
          ],
          [
            8.41808089055121,
            50.5526340007782
          ],
          [
            8.418117938563228,
            50.55278118699789
          ],
          [
            8.418171415105462,
            50.55293658748269
          ],
          [
            8.418230507522821,
            50.553077487275004
          ],
          [
            8.418317511677742,
            50.553237246349454
          ],
          [
            8.418393954634666,
            50.55336750112474
          ],
          [
            8.418441899120808,
            50.553503539413214
          ],
          [
            8.418505936861038,
            50.5536372307688
          ],
          [
            8.418592941015959,
            50.55377553217113
          ],
          [
            8.418633844703436,
            50.55392020381987
          ],
          [
            8.41860861517489,
            50.55408054962754
          ],
          [
            8.418576261028647,
            50.554246259853244
          ],
          [
            8.418594785034657,
            50.55440744385123
          ],
          [
            8.418609453365207,
            50.55454800836742
          ],
          [
            8.418497806414962,
            50.55469552986324
          ],
          [
            8.418309045955539,
            50.5547614954412
          ],
          [
            8.41808969154954,
            50.55479963310063
          ],
          [
            8.417879557237029,
            50.5548339150846
          ],
          [
            8.417665399610996,
            50.554872220382094
          ],
          [
            8.41745006851852,
            50.554914800450206
          ],
          [
            8.417247980833054,
            50.55498302914202
          ],
          [
            8.417181260883808,
            50.55511772632599
          ],
          [
            8.417121917009354,
            50.55526860058308
          ],
          [
            8.417027788236737,
            50.55540497414768
          ],
          [
            8.417032649740577,
            50.55556129664183
          ],
          [
            8.417058801278472,
            50.555706303566694
          ],
          [
            8.417064836248755,
            50.555849550291896
          ],
          [
            8.41699568554759,
            50.556001933291554
          ],
          [
            8.416923684999347,
            50.55613906122744
          ],
          [
            8.416709946468472,
            50.55621491745114
          ],
          [
            8.416490172967315,
            50.556264286860824
          ],
          [
            8.416244499385357,
            50.556294210255146
          ],
          [
            8.416024977341294,
            50.556304939091206
          ]
        ]
      },
      "properties": {
        "name": "2023-08-17 (Thu) 10:31",
        "source_file": "2023-08-17-093116-ELEMNT_ROAM_A974-20-0.fit",
        "date": "2023-08-17T09:31:17",
        "sport": "cycling",
        "dropbox_id": "id:JY-PzzIM9pcAAAAAAAAA3A"
      }
    },
    {
      "type": "Feature",
      "geometry": {
        "type": "LineString",
        "coordinates": [
          [
            -1.2259833421558142,
            51.71266173943877
          ],
          [
            -1.2262527365237474,
            51.712629133835435
          ],
          [
            -1.2264295108616352,
            51.71251740306616
          ],
          [
            -1.2266369629651308,
            51.71245738863945
          ],
          [
            -1.2268663756549358,
            51.71241992153227
          ],
          [
            -1.2270751688629389,
            51.712512290105224
          ],
          [
            -1.2272888235747814,
            51.71262921765447
          ],
          [
            -1.2274463195353746,
            51.712725944817066
          ],
          [
            -1.2275997083634138,
            51.71283700503409
          ],
          [
            -1.2277493253350258,
            51.712951166555285
          ],
          [
            -1.2278942484408617,
            51.71306868083775
          ],
          [
            -1.2280344776809216,
            51.71318703331053
          ],
          [
            -1.2281810771673918,
            51.71331536024809
          ],
          [
            -1.2283273413777351,
            51.713441759347916
          ],
          [
            -1.228474024683237,
            51.713567236438394
          ],
          [
            -1.2286124099045992,
            51.713689947500825
          ],
          [
            -1.228733779862523,
            51.713811149820685
          ],
          [
            -1.2288301717489958,
            51.713944589719176
          ],
          [
            -1.228921115398407,
            51.71408465132117
          ],
          [
            -1.2290033418685198,
            51.71422387473285
          ],
          [
            -1.2290755100548267,
            51.71437315642834
          ],
          [
            -1.2291388772428036,
            51.714518163353205
          ],
          [
            -1.2291874922811985,
            51.7146582249552
          ],
          [
            -1.229221522808075,
            51.71480029821396
          ],
          [
            -1.2292371969670057,
            51.71494605951011
          ],
          [
            -1.2292410526424646,
            51.715085953474045
          ],
          [
            -1.229228312149644,
            51.71522945165634
          ],
          [
            -1.2292018253356218,
            51.71536574140191
          ],
          [
            -1.229158490896225,
            51.71550940722227
          ],
          [
            -1.229102499783039,
            51.71565307304263
          ],
          [
            -1.2290372047573328,
            51.715803779661655
          ],
          [
            -1.2289653718471527,
            51.71596052125096
          ],
          [
            -1.228896640241146,
            51.71609421260655
          ],
          [
            -1.2287901062518358,
            51.71625690534711
          ],
          [
            -1.2286886014044285,
            51.7164128087461
          ],
          [
            -1.2285876832902431,
            51.71656083315611
          ],
          [
            -1.228494392707944,
            51.71671480871737
          ],
          [
            -1.2283861823379993,
            51.71687004156411
          ],
          [
            -1.228279396891594,
            51.7170275375247
          ],
          [
            -1.2281775567680597,
            51.71718838624656
          ],
          [
            -1.2280812487006187,
            51.717346888035536
          ],
          [
            -1.227980749681592,
            51.71750832349062
          ],
          [
            -1.2278927396982908,
            51.71766808256507
          ],
          [
            -1.2278091721236706,
            51.71782591380179
          ],
          [
            -1.2276963517069817,
            51.717972848564386
          ],
          [
            -1.2275780830532312,
            51.7181311827153
          ],
          [
            -1.2274402845650911,
            51.718276776373386
          ],
          [
            -1.2273224350064993,
            51.71839630231261
          ],
          [
            -1.2272081896662712,
            51.71851733699441
          ],
          [
            -1.2270923517644405,
            51.71864189207554
          ],
          [
            -1.2269716523587704,
            51.71876451931894
          ],
          [
            -1.2268486060202122,
            51.718883039429784
          ],
          [
            -1.2267154175788164,
            51.71903349459171
          ],
          [
            -1.2265749368816614,
            51.719173304736614
          ],
          [
            -1.2264013476669788,
            51.719293501228094
          ],
          [
            -1.2262109946459532,
            51.71940942294896
          ],
          [
            -1.2260368186980486,
            51.71952299773693
          ],
          [
            -1.2258650735020638,
            51.71966766938567
          ],
          [
            -1.2257251795381308,
            51.71979306265712
          ],
          [
            -1.2255762331187725,
            51.719920467585325
          ],
          [
            -1.2254213355481625,
            51.72005265019834
          ],
          [
            -1.2252751551568508,
            51.72017619945109
          ],
          [
            -1.2251264601945877,
            51.72029254026711
          ],
          [
            -1.224972065538168,
            51.72040896490216
          ],
          [
            -1.224810630083084,
            51.72052673064172
          ],
          [
            -1.224646931514144,
            51.720641143620014
          ],
          [
            -1.2245068699121475,
            51.7207576520741
          ],
          [
            -1.224384242668748,
            51.720885559916496
          ],
          [
            -1.224251976236701,
            51.72100651077926
          ],
          [
            -1.2241208832710981,
            51.721125869080424
          ],
          [
            -1.224016360938549,
            51.72124916687608
          ],
          [
            -1.22398660518229,
            51.72139878384769
          ],
          [
            -1.2239615432918072,
            51.72154940664768
          ],
          [
            -1.2239488866180182,
            51.72170422039926
          ],
          [
            -1.2239211425185204,
            51.721859369426966
          ],
          [
            -1.2239827495068312,
            51.7219923902303
          ],
          [
            -1.2239938136190176,
            51.722145695239305
          ],
          [
            -1.2240073084831238,
            51.72232515178621
          ],
          [
            -1.224019043147564,
            51.722505362704396
          ],
          [
            -1.224031699821353,
            51.722683142870665
          ],
          [
            -1.2240378186106682,
            51.722822366282344
          ],
          [
            -1.224052319303155,
            51.72295848838985
          ],
          [
            -1.2240572646260262,
            51.72309444285929
          ],
          [
            -1.2240596115589142,
            51.72323685139418
          ],
          [
            -1.2240389920771122,
            51.72338663600385
          ],
          [
            -1.2240142654627562,
            51.723534408956766
          ],
          [
            -1.2239969987422228,
            51.7236761469394
          ],
          [
            -1.2239656504243612,
            51.72383749857545
          ],
          [
            -1.2239732779562473,
            51.723980410024524
          ],
          [
            -1.224122392013669,
            51.724082166329026
          ],
          [
            -1.2243896909058094,
            51.724085519090295
          ],
          [
            -1.2245992384850979,
            51.72416036948562
          ],
          [
            -1.224813899025321,
            51.72426321543753
          ],
          [
            -1.22503568418324,
            51.724314261227846
          ],
          [
            -1.2252395320683718,
            51.72424636781216
          ],
          [
            -1.225445056334138,
            51.724185179919004
          ],
          [
            -1.2257090862840414,
            51.724132457748055
          ],
          [
            -1.2259599566459656,
            51.72407403588295
          ],
          [
            -1.2261675763875246,
            51.724019134417176
          ],
          [
            -1.226382739841938,
            51.72396297566593
          ],
          [
            -1.2266072910279036,
            51.72391025349498
          ],
          [
            -1.2268488574773073,
            51.72384646721184
          ],
          [
            -1.2271023262292147,
            51.72378771007061
          ],
          [
            -1.227359315380454,
            51.72372761182487
          ],
          [
            -1.2276119459420443,
            51.72365133650601
          ],
          [
            -1.2278611399233341,
            51.72358000651002
          ],
          [
            -1.228116787970066,
            51.723511945456266
          ],
          [
            -1.2283740285784006,
            51.72344614751637
          ],
          [
            -1.22863688506186,
            51.72337934374809
          ],
          [
            -1.2288818042725325,
            51.723303655162454
          ],
          [
            -1.22913284227252,
            51.72323316335678
          ],
          [
            -1.2293892446905375,
            51.72315345145762
          ],
          [
            -1.2296589743345976,
            51.72307281754911
          ],
          [
            -1.2299150414764881,
            51.72298539429903
          ],
          [
            -1.230168677866459,
            51.722908867523074
          ],
          [
            -1.2304252479225397,
            51.7228330951184
          ],
          [
            -1.2306924629956484,
            51.722765285521746
          ],
          [
            -1.2309611029922962,
            51.722711976617575
          ],
          [
            -1.2312344368547201,
            51.72266528941691
          ],
          [
            -1.2315181642770767,
            51.72262564301491
          ],
          [
            -1.2318039033561945,
            51.72258851118386
          ],
          [
            -1.2320918217301369,
            51.722554229199886
          ],
          [
            -1.2323873676359653,
            51.722505781799555
          ],
          [
            -1.2326894514262676,
            51.72246144153178
          ],
          [
            -1.2329975701868534,
            51.7223962303251
          ],
          [
            -1.2333034258335829,
            51.722342083230615
          ],
          [
            -1.2336097843945026,
            51.72228181734681
          ],
          [
            -1.2339045759290457,
            51.72224803827703
          ],
          [
            -1.234191320836544,
            51.7222582641989
          ],
          [
            -1.234490554779768,
            51.72228625975549
          ],
          [
            -1.2347912974655628,
            51.722324481233954
          ],
          [
            -1.235085166990757,
            51.72235901467502
          ],
          [
            -1.2353664636611938,
            51.72241793945432
          ],
          [
            -1.2356102094054222,
            51.72252564691007
          ],
          [
            -1.2358565535396338,
            51.72264039516449
          ],
          [
            -1.236107675358653,
            51.722751539200544
          ],
          [
            -1.2363509181886911,
            51.72286142595112
          ],
          [
            -1.2365920655429363,
            51.72297508455813
          ],
          [
            -1.2368329614400864,
            51.723085306584835
          ],
          [
            -1.23707989230752,
            51.72320039011538
          ],
          [
            -1.2373317684978247,
            51.72331086359918
          ],
          [
            -1.2375880032777786,
            51.72342762351036
          ],
          [
            -1.2378415558487177,
            51.723543209955096
          ],
          [
            -1.2380992155522108,
            51.72366860322654
          ],
          [
            -1.238280013203621,
            51.723749320954084
          ],
          [
            -1.2384562008082867,
            51.723832469433546
          ],
          [
            -1.2386323884129524,
            51.72391276806593
          ],
          [
            -1.2388105038553476,
            51.723993653431535
          ],
          [
            -1.2390664871782064,
            51.724114352837205
          ],
          [
            -1.239327248185873,
            51.724233040586114
          ],
          [
            -1.2395849917083979,
            51.724351309239864
          ],
          [
            -1.239841477945447,
            51.72446941025555
          ],
          [
            -1.2400942761451006,
            51.7245860863477
          ],
          [
            -1.2402713019400835,
            51.72466772608459
          ],
          [
            -1.2405368406325579,
            51.72478733584285
          ],
          [
            -1.240798020735383,
            51.72490485012531
          ],
          [
            -1.2410559318959713,
            51.725022280588746
          ],
          [
            -1.241314010694623,
            51.72514163888991
          ],
          [
            -1.2415750231593847,
            51.72526351176202
          ],
          [
            -1.2418285757303238,
            51.7253805231303
          ],
          [
            -1.2420840561389923,
            51.72549845650792
          ],
          [
            -1.2423373572528362,
            51.725614462047815
          ],
          [
            -1.2425901554524899,
            51.725731724873185
          ],
          [
            -1.2428258545696735,
            51.72585083171725
          ],
          [
            -1.2430761381983757,
            51.725956443697214
          ],
          [
            -1.2433270923793316,
            51.726066917181015
          ],
          [
            -1.2435771245509386,
            51.72617889940739
          ],
          [
            -1.243826737627387,
            51.72629909589887
          ],
          [
            -1.2440719921141863,
            51.726407809183
          ],
          [
            -1.244318587705493,
            51.726518869400024
          ],
          [
            -1.2445655185729265,
            51.72663386911154
          ],
          [
            -1.2448146287351847,
            51.726749036461115
          ],
          [
            -1.2450605537742376,
            51.72686076723039
          ],
          [
            -1.2453069817274809,
            51.72697342000902
          ],
          [
            -1.2455477099865675,
            51.72708414494991
          ],
          [
            -1.2457830738276243,
            51.727191265672445
          ],
          [
            -1.2459766119718552,
            51.72727541998029
          ],
          [
            -1.2461579963564873,
            51.727352449670434
          ],
          [
            -1.2463636044412851,
            51.727449176833034
          ],
          [
            -1.2465319968760014,
            51.727543054148555
          ],
          [
            -1.246677590534091,
            51.727656880393624
          ],
          [
            -1.2468196637928486,
            51.7277910746634
          ],
          [
            -1.2469566240906715,
            51.727934489026666
          ],
          [
            -1.2470988649874926,
            51.72808217816055
          ],
          [
            -1.2472626473754644,
            51.72822944819927
          ],
          [
            -1.2474416010081768,
            51.7283524107188
          ],
          [
            -1.2476077303290367,
            51.72847361303866
          ],
          [
            -1.2476931419223547,
            51.72861694358289
          ],
          [
            -1.2477387394756079,
            51.728764213621616
          ],
          [
            -1.247773775830865,
            51.7289082147181
          ],
          [
            -1.247814679518342,
            51.72905749641359
          ],
          [
            -1.2478476203978062,
            51.729210717603564
          ],
          [
            -1.2478789687156677,
            51.72936796210706
          ],
          [
            -1.2479062099009752,
            51.72953585162759
          ],
          [
            -1.2479340378195047,
            51.729706171900034
          ],
          [
            -1.247961027547717,
            51.7298892326653
          ],
          [
            -1.2479906156659126,
            51.73007472418249
          ],
          [
            -1.2480155937373638,
            51.73026155680418
          ],
          [
            -1.2480518035590649,
            51.73045266419649
          ],
          [
            -1.248090360313654,
            51.730640502646565
          ],
          [
            -1.2481367960572243,
            51.730826664716005
          ],
          [
            -1.2481829803436995,
            51.731007462367415
          ],
          [
            -1.248237630352378,
            51.731189182028174
          ],
          [
            -1.2482926156371832,
            51.73137014731765
          ],
          [
            -1.2483626883476973,
            51.73153535462916
          ],
          [
            -1.2484916858375072,
            51.731687150895596
          ],
          [
            -1.2486349325627089,
            51.73182612285018
          ],
          [
            -1.2487239483743906,
            51.731968112289906
          ],
          [
            -1.2487884890288115,
            51.732109347358346
          ],
          [
            -1.248858729377389,
            51.73227262683213
          ],
          [
            -1.2489375192672014,
            51.732423501089215
          ],
          [
            -1.248993007466197,
            51.73257026821375
          ],
          [
            -1.249031564220786,
            51.7327247466892
          ],
          [
            -1.249096104875207,
            51.73286187462509
          ],
          [
            -1.24917883425951,
            51.73299238085747
          ],
          [
            -1.2493722047656775,
            51.733084078878164
          ],
          [
            -1.2495202291756868,
            51.73320804722607
          ],
          [
            -1.2496190518140793,
            51.73334525898099
          ],
          [
            -1.249713683500886,
            51.73348590731621
          ],
          [
            -1.2498066388070583,
            51.73361884430051
          ],
          [
            -1.2499193754047155,
            51.73376837745309
          ],
          [
            -1.2500368896871805,
            51.73393668606877
          ],
          [
            -1.2501361314207315,
            51.73408563248813
          ],
          [
            -1.2502367980778217,
            51.734244637191296
          ],
          [
            -1.2503273226320744,
            51.73441085033119
          ],
          [
            -1.2504105549305677,
            51.734579829499125
          ],
          [
            -1.2504957150667906,
            51.73475299961865
          ],
          [
            -1.250578612089157,
            51.73492013476789
          ],
          [
            -1.2506710644811392,
            51.73508089967072
          ],
          [
            -1.250758906826377,
            51.73524853773415
          ],
          [
            -1.250846665352583,
            51.73541768454015
          ],
          [
            -1.2509351782500744,
            51.735581047832966
          ],
          [
            -1.2510246969759464,
            51.73574147745967
          ],
          [
            -1.251106671988964,
            51.73589109443128
          ],
          [
            -1.2511940114200115,
            51.73604532144964
          ],
          [
            -1.2512851227074862,
            51.73620566725731
          ],
          [
            -1.251376150175929,
            51.73637389205396
          ],
          [
            -1.2514692731201649,
            51.73654035665095
          ],
          [
            -1.251564072445035,
            51.73670648597181
          ],
          [
            -1.251656860113144,
            51.7368676699698
          ],
          [
            -1.2517517432570457,
            51.73703505657613
          ],
          [
            -1.2518377415835857,
            51.73719531856477
          ],
          [
            -1.2519319541752338,
            51.73736044205725
          ],
          [
            -1.2520292680710554,
            51.73752849921584
          ],
          [
            -1.2521406635642052,
            51.737705022096634
          ],
          [
            -1.2522494606673717,
            51.737876096740365
          ],
          [
            -1.2523582577705383,
            51.73804591409862
          ],
          [
            -1.2524638697504997,
            51.73821455799043
          ],
          [
            -1.2525781150907278,
            51.738388650119305
          ],
          [
            -1.252692947164178,
            51.73856249079108
          ],
          [
            -1.2528092041611671,
            51.738727781921625
          ],
          [
            -1.252933843061328,
            51.73888829536736
          ],
          [
            -1.2530543748289347,
            51.739058531820774
          ],
          [
            -1.2531737331300974,
            51.73922407440841
          ],
          [
            -1.2532939296215773,
            51.73938676714897
          ],
          [
            -1.2534184847027063,
            51.73954694531858
          ],
          [
            -1.2535427045077085,
            51.739704608917236
          ],
          [
            -1.253660637885332,
            51.73987031914294
          ],
          [
            -1.25377438031137,
            51.740025635808706
          ],
          [
            -1.2538882065564394,
            51.74018505960703
          ],
          [
            -1.2540017813444138,
            51.74034188501537
          ],
          [
            -1.2541203014552593,
            51.74051069654524
          ],
          [
            -1.2542365584522486,
            51.740681268274784
          ],
          [
            -1.2543651368469,
            51.74084228463471
          ],
          [
            -1.2544868420809507,
            51.741012604907155
          ],
          [
            -1.2546011712402105,
            51.74117890186608
          ],
          [
            -1.2547083757817745,
            51.741346791386604
          ],
          [
            -1.254795715212822,
            51.74149154685438
          ],
          [
            -1.2548730801790953,
            51.74162280745804
          ],
          [
            -1.2549771834164858,
            51.74179455265403
          ],
          [
            -1.2550610024482012,
            51.741939056664705
          ],
          [
            -1.2551472522318363,
            51.74208138138056
          ],
          [
            -1.2552266288548708,
            51.742239547893405
          ],
          [
            -1.2553044967353344,
            51.7423986364156
          ],
          [
            -1.2554246094077826,
            51.74254892393947
          ],
          [
            -1.2555155530571938,
            51.742714047431946
          ],
          [
            -1.2555908225476742,
            51.742878668010235
          ],
          [
            -1.255673049017787,
            51.74303641542792
          ],
          [
            -1.2557450495660305,
            51.743188463151455
          ],
          [
            -1.2558090034872293,
            51.743319388478994
          ],
          [
            -1.2558817584067583,
            51.74348224885762
          ],
          [
            -1.2559380009770393,
            51.743635134771466
          ],
          [
            -1.2559820897877216,
            51.743788942694664
          ],
          [
            -1.2560162879526615,
            51.743935626000166
          ],
          [
            -1.2560465466231108,
            51.74407007172704
          ],
          [
            -1.256075045093894,
            51.744219521060586
          ],
          [
            -1.256102118641138,
            51.7443588282913
          ],
          [
            -1.2561370711773634,
            51.74452914856374
          ],
          [
            -1.2561633065342903,
            51.74467801116407
          ],
          [
            -1.2561903800815344,
            51.7448387760669
          ],
          [
            -1.2562171183526516,
            51.74500398337841
          ],
          [
            -1.2562271766364574,
            51.7451514210552
          ],
          [
            -1.2562433537095785,
            51.745326770469546
          ],
          [
            -1.2562565971165895,
            51.74547588452697
          ],
          [
            -1.2562695052474737,
            51.74562566913664
          ],
          [
            -1.2562842573970556,
            51.74579489976168
          ],
          [
            -1.2563048768788576,
            51.745968237519264
          ],
          [
            -1.2563226465135813,
            51.74612816423178
          ],
          [
            -1.2563422601670027,
            51.746289767324924
          ],
          [
            -1.2563550006598234,
            51.746456483379006
          ],
          [
            -1.2563746143132448,
            51.74662345089018
          ],
          [
            -1.256414595991373,
            51.74678413197398
          ],
          [
            -1.2564852554351091,
            51.746948920190334
          ],
          [
            -1.2565311882644892,
            51.74710247665644
          ],
          [
            -1.2565161008387804,
            51.74725896678865
          ],
          [
            -1.2565122451633215,
            51.747414618730545
          ],
          [
            -1.2565364688634872,
            51.747594410553575
          ],
          [
            -1.2565535679459572,
            51.747778141871095
          ],
          [
            -1.2565794680267572,
            51.74796061590314
          ],
          [
            -1.2566027697175741,
            51.748140743002295
          ],
          [
            -1.2566150072962046,
            51.748302429914474
          ],
          [
            -1.256623389199376,
            51.748469984158874
          ],
          [
            -1.2566483672708273,
            51.74864877015352
          ],
          [
            -1.2566779553890228,
            51.748836021870375
          ],
          [
            -1.256693797186017,
            51.749012377113104
          ],
          [
            -1.256695557385683,
            51.74919501878321
          ],
          [
            -1.2567305099219084,
            51.74935896880925
          ],
          [
            -1.2567952182143927,
            51.749514704570174
          ],
          [
            -1.256814831867814,
            51.749660884961486
          ],
          [
            -1.2568350322544575,
            51.74979792907834
          ],
          [
            -1.2568320985883474,
            51.74998015165329
          ],
          [
            -1.2568367086350918,
            51.75012230873108
          ],
          [
            -1.2568750139325857,
            51.75026178359985
          ],
          [
            -1.2569066137075424,
            51.75041299313307
          ],
          [
            -1.2569165043532848,
            51.75055808387697
          ],
          [
            -1.2569651193916798,
            51.750698229297996
          ],
          [
            -1.2570484355092049,
            51.75082664005458
          ],
          [
            -1.2571389600634575,
            51.75099696032703
          ],
          [
            -1.2571957893669605,
            51.75112838856876
          ],
          [
            -1.2572719808667898,
            51.75126870162785
          ],
          [
            -1.2573494296520948,
            51.751400381326675
          ],
          [
            -1.2574376910924911,
            51.7515563685447
          ],
          [
            -1.2575391121208668,
            51.751707242801785
          ],
          [
            -1.2576148007065058,
            51.75185711123049
          ],
          [
            -1.2575576361268759,
            51.75200203433633
          ],
          [
            -1.257334677502513,
            51.75207478925586
          ],
          [
            -1.2570610083639622,
            51.75211695022881
          ],
          [
            -1.2568372953683138,
            51.752152824774384
          ],
          [
            -1.2566125765442848,
            51.752184173092246
          ],
          [
            -1.2563988380134106,
            51.7522160243243
          ],
          [
            -1.2561791483312845,
            51.75226807594299
          ],
          [
            -1.255874466150999,
            51.752389278262854
          ],
          [
            -1.2558949179947376,
            51.75253084860742
          ],
          [
            -1.2559219915419817,
            51.752668898552656
          ],
          [
            -1.255980497226119,
            51.75283041782677
          ],
          [
            -1.2560716923326254,
            51.752980621531606
          ],
          [
            -1.256143106147647,
            51.75313375890255
          ],
          [
            -1.2561947386711836,
            51.75327482633293
          ],
          [
            -1.2562545854598284,
            51.75341312773526
          ],
          [
            -1.2563394103199244,
            51.75357565283775
          ],
          [
            -1.2564303539693356,
            51.75374563783407
          ],
          [
            -1.256525656208396,
            51.753901625052094
          ],
          [
            -1.256590699777007,
            51.7540549300611
          ],
          [
            -1.2566323578357697,
            51.75420354120433
          ],
          [
            -1.256574522703886,
            51.75434217788279
          ],
          [
            -1.256308313459158,
            51.754370257258415
          ],
          [
            -1.2560856062918901,
            51.75438551232219
          ],
          [
            -1.2558017950505018,
            51.75441971048713
          ],
          [
            -1.2555867154151201,
            51.75448156893253
          ],
          [
            -1.255370294675231,
            51.7545504681766
          ],
          [
            -1.2551498506218195,
            51.75461886450648
          ],
          [
            -1.2549204379320145,
            51.754686841741204
          ],
          [
            -1.254741484299302,
            51.75478474237025
          ],
          [
            -1.254582479596138,
            51.75488566048443
          ],
          [
            -1.254557752981782,
            51.7550600040704
          ],
          [
            -1.2546711601316929,
            51.75521775148809
          ],
          [
            -1.2547964695841074,
            51.75538287498057
          ],
          [
            -1.254913816228509,
            51.75554808229208
          ],
          [
            -1.2550263851881027,
            51.755723264068365
          ],
          [
            -1.255140881985426,
            51.75590028986335
          ],
          [
            -1.255256300792098,
            51.75607630982995
          ],
          [
            -1.2553723901510239,
            51.75624621100724
          ],
          [
            -1.2554784212261438,
            51.756412675604224
          ],
          [
            -1.255580261349678,
            51.756571093574166
          ],
          [
            -1.255678664892912,
            51.75671400502324
          ],
          [
            -1.255788216367364,
            51.756879882887006
          ],
          [
            -1.255888044834137,
            51.75702614709735
          ],
          [
            -1.2559662479907274,
            51.75715698860586
          ],
          [
            -1.2560754641890526,
            51.75732680596411
          ],
          [
            -1.2561739515513182,
            51.757462760433555
          ],
          [
            -1.2562718521803617,
            51.75761681981385
          ],
          [
            -1.25635483302176,
            51.7577541153878
          ],
          [
            -1.2564356345683336,
            51.757882526144385
          ],
          [
            -1.2565270811319351,
            51.7580355796963
          ],
          [
            -1.25661282800138,
            51.75819299183786
          ],
          [
            -1.256690276786685,
            51.75833120942116
          ],
          [
            -1.256762444972992,
            51.758467834442854
          ],
          [
            -1.2568190228193998,
            51.75860890187323
          ],
          [
            -1.2568844016641378,
            51.758754746988416
          ],
          [
            -1.256963275372982,
            51.758913500234485
          ],
          [
            -1.2570228707045317,
            51.759056244045496
          ],
          [
            -1.2570903450250626,
            51.759209632873535
          ],
          [
            -1.257173242047429,
            51.759357154369354
          ],
          [
            -1.2572505231946707,
            51.75949604250491
          ],
          [
            -1.2573585659265518,
            51.75962118431926
          ],
          [
            -1.2575609888881445,
            51.75968538969755
          ],
          [
            -1.2577822711318731,
            51.759667452424765
          ],
          [
            -1.2580185569822788,
            51.759611796587706
          ],
          [
            -1.2582588661462069,
            51.759556978940964
          ],
          [
            -1.2584921345114708,
            51.75950098782778
          ],
          [
            -1.2587261572480202,
            51.75945027731359
          ],
          [
            -1.258946768939495,
            51.7593929450959
          ],
          [
            -1.2591557297855616,
            51.759343994781375
          ],
          [
            -1.2593708094209433,
            51.75929772667587
          ],
          [
            -1.2596280500292778,
            51.759253134950995
          ],
          [
            -1.2598557025194168,
            51.759188678115606
          ],
          [
            -1.2598572950810194,
            51.759045012295246
          ],
          [
            -1.2598516792058945,
            51.75889472477138
          ],
          [
            -1.2598539423197508,
            51.758731696754694
          ],
          [
            -1.2598561216145754,
            51.75857353024185
          ],
          [
            -1.2598374299705029,
            51.75840153358877
          ],
          [
            -1.2598283775150776,
            51.75823540426791
          ],
          [
            -1.2598149664700031,
            51.7580752260983
          ],
          [
            -1.2598013877868652,
            51.75791001878679
          ],
          [
            -1.259758723899722,
            51.75775587558746
          ],
          [
            -1.2596319057047367,
            51.757630398496985
          ],
          [
            -1.2595344241708517,
            51.75748304463923
          ],
          [
            -1.2594620045274496,
            51.75732630304992
          ],
          [
            -1.2593992240726948,
            51.75716746598482
          ],
          [
            -1.259366786107421,
            51.75700703635812
          ],
          [
            -1.259348513558507,
            51.75685775466263
          ],
          [
            -1.2593132257461548,
            51.75668424926698
          ],
          [
            -1.259268131107092,
            51.75654041580856
          ],
          [
            -1.2592211086302996,
            51.75644813105464
          ]
        ]
      },
      "properties": {
        "name": "2023-08-25 (Fri) 10:22",
        "source_file": "2023-08-25-092151-ELEMNT_ROAM_A974-21-0.fit",
        "date": "2023-08-25T09:22:22",
        "sport": "cycling",
        "dropbox_id": "id:JY-PzzIM9pcAAAAAAAAA3Q"
      }
    },
    {
      "type": "Feature",
      "geometry": {
        "type": "LineString",
        "coordinates": [
          [
            -1.2589982338249683,
            51.75548169761896
          ],
          [
            -1.2589237187057734,
            51.75531405955553
          ],
          [
            -1.2588459346443415,
            51.75518665462732
          ],
          [
            -1.25874862074852,
            51.755028488114476
          ],
          [
            -1.25864552333951,
            51.75487275235355
          ],
          [
            -1.2585351336747408,
            51.75473310984671
          ],
          [
            -1.2584268394857645,
            51.75460075959563
          ],
          [
            -1.2583587784320116,
            51.75446983426809
          ],
          [
            -1.2583275977522135,
            51.75433346070349
          ],
          [
            -1.2580819241702557,
            51.75433396361768
          ],
          [
            -1.257835328578949,
            51.75437327474356
          ],
          [
            -1.2575987912714481,
            51.7543622944504
          ],
          [
            -1.2573593202978373,
            51.75439934246242
          ],
          [
            -1.2571406364440918,
            51.75442222505808
          ],
          [
            -1.2568866647779942,
            51.75443647429347
          ],
          [
            -1.2566782906651497,
            51.754364892840385
          ],
          [
            -1.256585419178009,
            51.754203122109175
          ],
          [
            -1.2565063778311014,
            51.75406959839165
          ],
          [
            -1.2564337905496359,
            51.7539082467556
          ],
          [
            -1.256349217146635,
            51.75377765670419
          ],
          [
            -1.2562710139900446,
            51.753629967570305
          ],
          [
            -1.2561752926558256,
            51.753490744158626
          ],
          [
            -1.2559611350297928,
            51.753457048907876
          ],
          [
            -1.2557181436568499,
            51.75350373610854
          ],
          [
            -1.2554702907800674,
            51.753541957587004
          ],
          [
            -1.2552506849169731,
            51.753559140488505
          ],
          [
            -1.2550053466111422,
            51.75356769002974
          ],
          [
            -1.254787165671587,
            51.75360188819468
          ],
          [
            -1.2545586749911308,
            51.75364103168249
          ],
          [
            -1.254374524578452,
            51.75372292287648
          ],
          [
            -1.254254411906004,
            51.75383624620736
          ],
          [
            -1.2540178745985031,
            51.75386725924909
          ],
          [
            -1.2538490630686283,
            51.75377430394292
          ],
          [
            -1.253691567108035,
            51.75364279188216
          ],
          [
            -1.2536086700856686,
            51.75349434837699
          ],
          [
            -1.2535613123327494,
            51.75333794206381
          ],
          [
            -1.253509260714054,
            51.75319620408118
          ],
          [
            -1.2534318957477808,
            51.75305102951825
          ],
          [
            -1.2533396948128939,
            51.75291842781007
          ],
          [
            -1.2533604819327593,
            51.75269220024347
          ],
          [
            -1.2535406928509474,
            51.752578876912594
          ],
          [
            -1.2537768110632896,
            51.7525302618742
          ],
          [
            -1.2540439423173666,
            51.75248038955033
          ],
          [
            -1.2543019372969866,
            51.75243118777871
          ],
          [
            -1.254564793780446,
            51.752386344596744
          ],
          [
            -1.254782471805811,
            51.75236212089658
          ],
          [
            -1.2550051789730787,
            51.752327838912606
          ],
          [
            -1.2552304845303297,
            51.752298418432474
          ],
          [
            -1.255462495610118,
            51.752279391512275
          ],
          [
            -1.2556838616728783,
            51.75225667655468
          ],
          [
            -1.2559034675359726,
            51.75223940983415
          ],
          [
            -1.2561167869716883,
            51.7522091511637
          ],
          [
            -1.2563494686037302,
            51.75217646174133
          ],
          [
            -1.2565799709409475,
            51.75215743482113
          ],
          [
            -1.2567938771098852,
            51.75212759524584
          ],
          [
            -1.257026894018054,
            51.75208660773933
          ],
          [
            -1.257244823500514,
            51.75205425359309
          ],
          [
            -1.2574739009141922,
            51.75201519392431
          ],
          [
            -1.2575356755405664,
            51.75186775624752
          ],
          [
            -1.2574233580380678,
            51.751701375469565
          ],
          [
            -1.257341718301177,
            51.75155662000179
          ],
          [
            -1.2572434823960066,
            51.75140054896474
          ],
          [
            -1.2571711465716362,
            51.75123852677643
          ],
          [
            -1.2570892553776503,
            51.75107013434172
          ],
          [
            -1.2569993175566196,
            51.75089880824089
          ],
          [
            -1.2569283228367567,
            51.75072270445526
          ],
          [
            -1.2568512931466103,
            51.75053704530001
          ],
          [
            -1.2568012531846762,
            51.75035188905895
          ],
          [
            -1.2567650433629751,
            51.75015172921121
          ],
          [
            -1.2567610200494528,
            51.74995173700154
          ],
          [
            -1.2567470222711563,
            51.749810921028256
          ],
          [
            -1.2567226309329271,
            51.7496722843498
          ],
          [
            -1.2566877622157335,
            51.7495375033468
          ],
          [
            -1.2566561624407768,
            51.749399872496724
          ],
          [
            -1.2566345371305943,
            51.74921991303563
          ],
          [
            -1.256607547402382,
            51.749055963009596
          ],
          [
            -1.2565831560641527,
            51.748889833688736
          ],
          [
            -1.2565469462424517,
            51.74871942959726
          ],
          [
            -1.2564927991479635,
            51.74853486008942
          ],
          [
            -1.256449967622757,
            51.748354732990265
          ],
          [
            -1.2564288452267647,
            51.74817024730146
          ],
          [
            -1.2564232293516397,
            51.747995149344206
          ],
          [
            -1.2564331199973822,
            51.74782617017627
          ],
          [
            -1.2563997600227594,
            51.74765786156058
          ],
          [
            -1.2563812360167503,
            51.74748670309782
          ],
          [
            -1.2563732732087374,
            51.74733876250684
          ],
          [
            -1.256371596828103,
            51.74719350412488
          ],
          [
            -1.2563559226691723,
            51.747057884931564
          ],
          [
            -1.2563375663012266,
            51.74690608866513
          ],
          [
            -1.256331279873848,
            51.74675269983709
          ],
          [
            -1.256323317065835,
            51.74659780226648
          ],
          [
            -1.2563092354685068,
            51.74646092578769
          ],
          [
            -1.2562907952815294,
            51.74632471986115
          ],
          [
            -1.2562700919806957,
            51.74618298187852
          ],
          [
            -1.256252322345972,
            51.74603680148721
          ],
          [
            -1.2562338821589947,
            51.74589850008488
          ],
          [
            -1.2562144361436367,
            51.74575190059841
          ],
          [
            -1.2562020309269428,
            51.745597422122955
          ],
          [
            -1.2561924755573273,
            51.74545702524483
          ],
          [
            -1.2561726104468107,
            51.74529273994267
          ],
          [
            -1.2561543378978968,
            51.74514035694301
          ],
          [
            -1.2561358977109194,
            51.744999792426825
          ],
          [
            -1.2561068125069141,
            51.74486333504319
          ],
          [
            -1.2560913059860468,
            51.74471748992801
          ],
          [
            -1.2560604605823755,
            51.74456820823252
          ],
          [
            -1.25603087246418,
            51.74442152492702
          ],
          [
            -1.256000529974699,
            51.74427542835474
          ],
          [
            -1.2559726182371378,
            51.74413662403822
          ],
          [
            -1.2559296190738678,
            51.743984911590815
          ],
          [
            -1.2558895535767078,
            51.74383127130568
          ],
          [
            -1.2558419443666935,
            51.743668327108026
          ],
          [
            -1.255788803100586,
            51.74352675676346
          ],
          [
            -1.2557206582278013,
            51.743389796465635
          ],
          [
            -1.2556563690304756,
            51.74323498271406
          ],
          [
            -1.2555904872715473,
            51.743104895576835
          ],
          [
            -1.2555077578872442,
            51.7429462261498
          ],
          [
            -1.255435673519969,
            51.74281504936516
          ],
          [
            -1.255357638001442,
            51.74266157671809
          ],
          [
            -1.255284296348691,
            51.742530819028616
          ],
          [
            -1.2552143074572086,
            51.74239972606301
          ],
          [
            -1.2551247049123049,
            51.7422382067889
          ],
          [
            -1.2550408020615578,
            51.74208012409508
          ],
          [
            -1.2549479305744171,
            51.7419083788991
          ],
          [
            -1.2548657041043043,
            51.741768987849355
          ],
          [
            -1.2547833938151598,
            51.74162758514285
          ],
          [
            -1.2546944618225098,
            51.741489032283425
          ],
          [
            -1.2545993272215128,
            51.741342935711145
          ],
          [
            -1.2545075453817844,
            51.74120136536658
          ],
          [
            -1.2544114887714386,
            51.74106088466942
          ],
          [
            -1.2543088104575872,
            51.740915877744555
          ],
          [
            -1.254211077466607,
            51.74076961353421
          ],
          [
            -1.2540993466973305,
            51.740621253848076
          ],
          [
            -1.2539918068796396,
            51.7404749058187
          ],
          [
            -1.253895666450262,
            51.74034423194826
          ],
          [
            -1.2537840195000172,
            51.74019813537598
          ],
          [
            -1.2536775693297386,
            51.740052876994014
          ],
          [
            -1.2535784114152193,
            51.739930333569646
          ],
          [
            -1.253483109176159,
            51.73980435356498
          ],
          [
            -1.253389399498701,
            51.73967485316098
          ],
          [
            -1.2532936781644821,
            51.73954443074763
          ],
          [
            -1.2531952746212482,
            51.73940344713628
          ],
          [
            -1.2530959490686655,
            51.739271180704236
          ],
          [
            -1.2529878225177526,
            51.73912089318037
          ],
          [
            -1.2528741639107466,
            51.73897337168455
          ],
          [
            -1.2527905125170946,
            51.738844122737646
          ],
          [
            -1.2526815477758646,
            51.73869341611862
          ],
          [
            -1.2525890953838825,
            51.73856098204851
          ],
          [
            -1.2524927034974098,
            51.73840893432498
          ],
          [
            -1.2523987423628569,
            51.738272896036506
          ],
          [
            -1.252318024635315,
            51.7381402105093
          ],
          [
            -1.2522260751575232,
            51.73800920136273
          ],
          [
            -1.2521329522132874,
            51.73787911422551
          ],
          [
            -1.2520713452249765,
            51.73774885945022
          ],
          [
            -1.2519827485084534,
            51.73761458136141
          ],
          [
            -1.2518905475735664,
            51.737449541687965
          ],
          [
            -1.2518165353685617,
            51.73730998300016
          ],
          [
            -1.2517472170293331,
            51.73717025667429
          ],
          [
            -1.2516715284436941,
            51.73703446984291
          ],
          [
            -1.25159852206707,
            51.7369054723531
          ],
          [
            -1.2515036389231682,
            51.736738504841924
          ],
          [
            -1.2514201551675797,
            51.736596347764134
          ],
          [
            -1.2513431254774332,
            51.73646290786564
          ],
          [
            -1.2512632459402084,
            51.73633173108101
          ],
          [
            -1.2511842045933008,
            51.73620038665831
          ],
          [
            -1.2510953564196825,
            51.736053032800555
          ],
          [
            -1.251015979796648,
            51.73591238446534
          ],
          [
            -1.250931490212679,
            51.735761845484376
          ],
          [
            -1.2508376128971577,
            51.73558951355517
          ],
          [
            -1.2507622595876455,
            51.735447105020285
          ],
          [
            -1.2506765127182007,
            51.7352891061455
          ],
          [
            -1.2505903467535973,
            51.7351337056607
          ],
          [
            -1.2505054380744696,
            51.73497051000595
          ],
          [
            -1.25040577724576,
            51.73481301404536
          ],
          [
            -1.2503060325980186,
            51.73464839346707
          ],
          [
            -1.250200169160962,
            51.73447363078594
          ],
          [
            -1.2500973232090473,
            51.734293503686786
          ],
          [
            -1.249983161687851,
            51.73411404713988
          ],
          [
            -1.2498677428811789,
            51.73393752425909
          ],
          [
            -1.2497648131102324,
            51.73378740437329
          ],
          [
            -1.249654171988368,
            51.73363166861236
          ],
          [
            -1.2495505716651678,
            51.73346855677664
          ],
          [
            -1.2494319677352905,
            51.73329974524677
          ],
          [
            -1.2493156269192696,
            51.733123138546944
          ],
          [
            -1.2492049857974052,
            51.73295206390321
          ],
          [
            -1.2491221725940704,
            51.732786102220416
          ],
          [
            -1.2490543629974127,
            51.732636988162994
          ],
          [
            -1.2489914149045944,
            51.73250438645482
          ],
          [
            -1.248912625014782,
            51.732344375923276
          ],
          [
            -1.2487970385700464,
            51.73218235373497
          ],
          [
            -1.2487328331917524,
            51.732046231627464
          ],
          [
            -1.2486650235950947,
            51.73190055415034
          ],
          [
            -1.2485519517213106,
            51.731767700985074
          ],
          [
            -1.2484080344438553,
            51.7316401284188
          ],
          [
            -1.2483213655650616,
            51.731496546417475
          ],
          [
            -1.2482714094221592,
            51.731339218094945
          ],
          [
            -1.2482227105647326,
            51.731184823438525
          ],
          [
            -1.248173089697957,
            51.7310290876776
          ],
          [
            -1.2481300067156553,
            51.73087720759213
          ],
          [
            -1.2480945512652397,
            51.73071845434606
          ],
          [
            -1.2480571679770947,
            51.73055509105325
          ],
          [
            -1.2480298429727554,
            51.73039264976978
          ],
          [
            -1.2480015959590673,
            51.730236830189824
          ],
          [
            -1.2479748576879501,
            51.730083441361785
          ],
          [
            -1.2479512207210064,
            51.729923598468304
          ],
          [
            -1.2479233928024769,
            51.729764845222235
          ],
          [
            -1.2479031085968018,
            51.72960684634745
          ],
          [
            -1.2478767894208431,
            51.72944943420589
          ],
          [
            -1.2478534877300262,
            51.72929814085364
          ],
          [
            -1.2478229776024818,
            51.72914416529238
          ],
          [
            -1.2477851752191782,
            51.728991363197565
          ],
          [
            -1.247744271531701,
            51.72883093357086
          ],
          [
            -1.2476878613233566,
            51.72866581007838
          ],
          [
            -1.2475964985787868,
            51.72849356196821
          ],
          [
            -1.2474073190242052,
            51.72834059223533
          ],
          [
            -1.2472036387771368,
            51.72818938270211
          ],
          [
            -1.2470474001020193,
            51.72802593559027
          ],
          [
            -1.2468806002289057,
            51.72787212766707
          ],
          [
            -1.2467246130108833,
            51.727722343057394
          ],
          [
            -1.2465637642890215,
            51.72759083099663
          ],
          [
            -1.246376596391201,
            51.72748656012118
          ],
          [
            -1.246171910315752,
            51.727395448833704
          ],
          [
            -1.2459575850516558,
            51.7272939439863
          ],
          [
            -1.2457367219030857,
            51.72718816436827
          ],
          [
            -1.245511332526803,
            51.727089593186975
          ],
          [
            -1.2452837638556957,
            51.72698708251119
          ],
          [
            -1.2450633198022842,
            51.72688675113022
          ],
          [
            -1.2448407802730799,
            51.72677954658866
          ],
          [
            -1.2446114514023066,
            51.72667996957898
          ],
          [
            -1.2443737406283617,
            51.7265700828284
          ],
          [
            -1.2441375385969877,
            51.72646245919168
          ],
          [
            -1.2439017556607723,
            51.726352237164974
          ],
          [
            -1.243666224181652,
            51.72624452970922
          ],
          [
            -1.243426837027073,
            51.726133804768324
          ],
          [
            -1.2431980110704899,
            51.726025426760316
          ],
          [
            -1.2429644912481308,
            51.72591771930456
          ],
          [
            -1.2427339889109135,
            51.72581453807652
          ],
          [
            -1.2425034027546644,
            51.72571202740073
          ],
          [
            -1.2422788515686989,
            51.72560524195433
          ],
          [
            -1.2420503608882427,
            51.725501641631126
          ],
          [
            -1.2418304197490215,
            51.72540055587888
          ],
          [
            -1.2416153401136398,
            51.725303241983056
          ],
          [
            -1.2414025235921144,
            51.725204503163695
          ],
          [
            -1.2411860190331936,
            51.725105261430144
          ],
          [
            -1.2409749627113342,
            51.72500635497272
          ],
          [
            -1.240767426788807,
            51.72490652650595
          ],
          [
            -1.2405696138739586,
            51.72481382265687
          ],
          [
            -1.2403687834739685,
            51.72472145408392
          ],
          [
            -1.2401687074452639,
            51.72463210299611
          ],
          [
            -1.239958992227912,
            51.72453420236707
          ],
          [
            -1.2397311720997095,
            51.72443236224353
          ],
          [
            -1.2395158410072327,
            51.724331276491284
          ],
          [
            -1.239298079162836,
            51.724233543500304
          ],
          [
            -1.239084592089057,
            51.724132960662246
          ],
          [
            -1.238884599879384,
            51.72404134646058
          ],
          [
            -1.2386755552142859,
            51.72394604422152
          ],
          [
            -1.2384753115475178,
            51.723851915448904
          ],
          [
            -1.2382701225578785,
            51.7237588763237
          ],
          [
            -1.2380640115588903,
            51.72366273589432
          ],
          [
            -1.2378729041665792,
            51.72356944531202
          ],
          [
            -1.2376890052109957,
            51.72348478808999
          ],
          [
            -1.2374997418373823,
            51.72339426353574
          ],
          [
            -1.23730075545609,
            51.72330147586763
          ],
          [
            -1.2370903696864843,
            51.72321715392172
          ],
          [
            -1.2368897069245577,
            51.72312319278717
          ],
          [
            -1.2366861943155527,
            51.72302696853876
          ],
          [
            -1.236484693363309,
            51.72293208539486
          ],
          [
            -1.2362892273813486,
            51.722836531698704
          ],
          [
            -1.236095940694213,
            51.722744246944785
          ],
          [
            -1.2359063420444727,
            51.722649447619915
          ],
          [
            -1.2356984708458185,
            51.72256713733077
          ],
          [
            -1.235491270199418,
            51.72248172573745
          ],
          [
            -1.2352803815156221,
            51.72239597886801
          ],
          [
            -1.235034791752696,
            51.72236387617886
          ],
          [
            -1.234780317172408,
            51.722337640821934
          ],
          [
            -1.234526177868247,
            51.72229983843863
          ],
          [
            -1.2342768162488937,
            51.72227779403329
          ],
          [
            -1.2340292986482382,
            51.72225792892277
          ],
          [
            -1.2337786797434092,
            51.722265807911754
          ],
          [
            -1.23352512717247,
            51.722320122644305
          ],
          [
            -1.233283057808876,
            51.722369911149144
          ],
          [
            -1.2330471072345972,
            51.7224186938256
          ],
          [
            -1.2328027747571468,
            51.72246496193111
          ],
          [
            -1.232556514441967,
            51.72251483425498
          ],
          [
            -1.2323168758302927,
            51.72255967743695
          ],
          [
            -1.2320488225668669,
            51.72259890474379
          ],
          [
            -1.2317930068820715,
            51.722638634964824
          ],
          [
            -1.2315304018557072,
            51.72267031855881
          ],
          [
            -1.2312578223645687,
            51.72270091250539
          ],
          [
            -1.2309896014630795,
            51.72272848896682
          ],
          [
            -1.2307262420654297,
            51.72277039848268
          ],
          [
            -1.2304885312914848,
            51.7228280659765
          ],
          [
            -1.230249311774969,
            51.72289403155446
          ],
          [
            -1.2300129421055317,
            51.72296795994043
          ],
          [
            -1.2298062443733215,
            51.7230421397835
          ],
          [
            -1.2296013906598091,
            51.72310366295278
          ],
          [
            -1.22939083725214,
            51.723169796168804
          ],
          [
            -1.2291864026337862,
            51.72324531711638
          ],
          [
            -1.2289734184741974,
            51.7233048286289
          ],
          [
            -1.2287462688982487,
            51.72336467541754
          ],
          [
            -1.2285176943987608,
            51.72344430349767
          ],
          [
            -1.2282816600054502,
            51.7235189024359
          ],
          [
            -1.2280433624982834,
            51.72358796931803
          ],
          [
            -1.227804310619831,
            51.723660388961434
          ],
          [
            -1.2275493331253529,
            51.72372115775943
          ],
          [
            -1.2272705510258675,
            51.72377455048263
          ],
          [
            -1.2270025815814734,
            51.72383892349899
          ],
          [
            -1.226729666814208,
            51.723899859935045
          ],
          [
            -1.2264542374759912,
            51.72396716661751
          ],
          [
            -1.2261818256229162,
            51.72403732314706
          ],
          [
            -1.2259063124656677,
            51.72410194762051
          ],
          [
            -1.2256455514580011,
            51.72415944747627
          ],
          [
            -1.2253589741885662,
            51.72423077747226
          ],
          [
            -1.225111372768879,
            51.72432390041649
          ],
          [
            -1.2249149847775698,
            51.72441903501749
          ],
          [
            -1.2246909365057945,
            51.72440151683986
          ],
          [
            -1.2245169281959534,
            51.724310321733356
          ],
          [
            -1.2243429198861122,
            51.72421912662685
          ],
          [
            -1.224168911576271,
            51.72412793152034
          ],
          [
            -1.223964812234044,
            51.72405056655407
          ],
          [
            -1.2238907162100077,
            51.72391620464623
          ],
          [
            -1.2239183764904737,
            51.723749823868275
          ],
          [
            -1.223941259086132,
            51.723610516637564
          ],
          [
            -1.2239707633852959,
            51.723465425893664
          ],
          [
            -1.223984258249402,
            51.72331379726529
          ],
          [
            -1.2239949870854616,
            51.72314808703959
          ],
          [
            -1.2239855155348778,
            51.72297952696681
          ],
          [
            -1.2239696737378836,
            51.72281138598919
          ],
          [
            -1.2239629682153463,
            51.72264693304896
          ],
          [
            -1.2239620462059975,
            51.7224810551852
          ],
          [
            -1.2239667400717735,
            51.72231450676918
          ],
          [
            -1.223963387310505,
            51.72214393503964
          ],
          [
            -1.2239555083215237,
            51.72198610380292
          ],
          [
            -1.2239246629178524,
            51.72182584181428
          ],
          [
            -1.2239253334701061,
            51.72167387790978
          ],
          [
            -1.2239283509552479,
            51.7215190641582
          ],
          [
            -1.2239310331642628,
            51.72137154266238
          ],
          [
            -1.2240059673786163,
            51.72122770920396
          ],
          [
            -1.2241594400256872,
            51.72109016217291
          ],
          [
            -1.224348284304142,
            51.72096049413085
          ],
          [
            -1.22453972697258,
            51.720828395336866
          ],
          [
            -1.2247268948704004,
            51.72070736065507
          ],
          [
            -1.2248908448964357,
            51.720602586865425
          ],
          [
            -1.2250757496804,
            51.720479456707835
          ],
          [
            -1.2252655159682035,
            51.72033838927746
          ],
          [
            -1.2254505883902311,
            51.72021249309182
          ],
          [
            -1.2256047315895557,
            51.72006237320602
          ],
          [
            -1.2257638201117516,
            51.71991543844342
          ],
          [
            -1.2259187176823616,
            51.71977277845144
          ],
          [
            -1.226078225299716,
            51.71963917091489
          ],
          [
            -1.2262373138219118,
            51.71950531192124
          ],
          [
            -1.2263979949057102,
            51.719399029389024
          ],
          [
            -1.2265704106539488,
            51.719295009970665
          ],
          [
            -1.2267487775534391,
            51.719178752973676
          ],
          [
            -1.2269048485904932,
            51.71903466805816
          ],
          [
            -1.2270630151033401,
            51.71887247823179
          ],
          [
            -1.227231491357088,
            51.71870534308255
          ],
          [
            -1.2273995485156775,
            51.718538627028465
          ],
          [
            -1.2275681924074888,
            51.71837308444083
          ],
          [
            -1.2277121935039759,
            51.71821718104184
          ],
          [
            -1.2278508301824331,
            51.71806496568024
          ],
          [
            -1.2279537599533796,
            51.717906380072236
          ],
          [
            -1.2280436139553785,
            51.71773404814303
          ],
          [
            -1.228162469342351,
            51.71756833791733
          ],
          [
            -1.228267913684249,
            51.71738619916141
          ],
          [
            -1.2283433508127928,
            51.71725410036743
          ],
          [
            -1.2284176982939243,
            51.71710900962353
          ],
          [
            -1.2284939736127853,
            51.71695914119482
          ],
          [
            -1.2285779602825642,
            51.71681337989867
          ],
          [
            -1.2286725081503391,
            51.71665923669934
          ],
          [
            -1.2287733424454927,
            51.71650618314743
          ],
          [
            -1.2288556527346373,
            51.71634575352073
          ],
          [
            -1.2289506196975708,
            51.71617350541055
          ],
          [
            -1.2290336843580008,
            51.716002682223916
          ],
          [
            -1.2291054334491491,
            51.71582842245698
          ],
          [
            -1.2291673757135868,
            51.71564712189138
          ],
          [
            -1.2292151525616646,
            51.71546196565032
          ],
          [
            -1.229239460080862,
            51.715274043381214
          ],
          [
            -1.2292446568608284,
            51.71508871950209
          ],
          [
            -1.2292319163680077,
            51.714904233813286
          ],
          [
            -1.2292099557816982,
            51.71471538953483
          ],
          [
            -1.2291656155139208,
            51.71452470123768
          ],
          [
            -1.2291093729436398,
            51.71434105373919
          ],
          [
            -1.2290246319025755,
            51.71416134573519
          ],
          [
            -1.2289118953049183,
            51.71398884616792
          ],
          [
            -1.228787424042821,
            51.71382891945541
          ],
          [
            -1.2286523077636957,
            51.71368634328246
          ],
          [
            -1.2285169400274754,
            51.71355080790818
          ],
          [
            -1.2283988390117884,
            51.71341837383807
          ],
          [
            -1.2282894551753998,
            51.7132889572531
          ],
          [
            -1.22816925868392,
            51.71315694227815
          ],
          [
            -1.2280472181737423,
            51.71303850598633
          ],
          [
            -1.2279310449957848,
            51.71292300336063
          ],
          [
            -1.227811686694622,
            51.712801633402705
          ],
          [
            -1.2276192381978035,
            51.712641790509224
          ],
          [
            -1.2274192459881306,
            51.71249208971858
          ],
          [
            -1.2272115424275398,
            51.712372144684196
          ],
          [
            -1.2270151544362307,
            51.71229167841375
          ],
          [
            -1.2267569918185472,
            51.712380358949304
          ],
          [
            -1.2265869230031967,
            51.71249837614596
          ],
          [
            -1.2263850029557943,
            51.71260063536465
          ],
          [
            -1.2261222302913666,
            51.71261362731457
          ],
          [
            -1.225875299423933,
            51.7125756572932
          ],
          [
            -1.2256481498479843,
            51.71250684186816
          ],
          [
            -1.2254911568015814,
            51.71240257099271
          ],
          [
            -1.2253503408282995,
            51.71227114275098
          ],
          [
            -1.225188234820962,
            51.71217701397836
          ],
          [
            -1.2252402026206255,
            51.71208950690925
          ]
        ]
      },
      "properties": {
        "name": "2023-08-25 (Fri) 14:06",
        "source_file": "2023-08-25-130640-ELEMNT_ROAM_A974-22-0.fit",
        "date": "2023-08-25T13:06:40",
        "sport": "cycling",
        "dropbox_id": "id:JY-PzzIM9pcAAAAAAAAA3g"
      }
    },
    {
      "type": "Feature",
      "geometry": {
        "type": "LineString",
        "coordinates": [
          [
            -1.2250699661672115,
            51.71204759739339
          ],
          [
            -1.2251943536102772,
            51.7121905926615
          ],
          [
            -1.2253407016396523,
            51.712306598201394
          ],
          [
            -1.2255212478339672,
            51.712441965937614
          ],
          [
            -1.2257298734039068,
            51.71251564286649
          ],
          [
            -1.2259682547301054,
            51.71255621127784
          ],
          [
            -1.226199259981513,
            51.71257180161774
          ],
          [
            -1.2264337856322527,
            51.712507009506226
          ],
          [
            -1.2266152538359165,
            51.71239544637501
          ],
          [
            -1.2267952132970095,
            51.712276339530945
          ],
          [
            -1.2270210217684507,
            51.71224138699472
          ],
          [
            -1.2272024899721146,
            51.71234238892794
          ],
          [
            -1.2273707147687674,
            51.712439535185695
          ],
          [
            -1.2275272887200117,
            51.71253399923444
          ],
          [
            -1.2276710383594036,
            51.71263919211924
          ],
          [
            -1.227816380560398,
            51.71274673193693
          ],
          [
            -1.2279431149363518,
            51.712859217077494
          ],
          [
            -1.2280638981610537,
            51.7129728756845
          ],
          [
            -1.2282190471887589,
            51.713124839589
          ],
          [
            -1.2283361423760653,
            51.71324210241437
          ],
          [
            -1.2284489627927542,
            51.71336037106812
          ],
          [
            -1.228567399084568,
            51.71347805298865
          ],
          [
            -1.228711735457182,
            51.7136325314641
          ],
          [
            -1.2288481090217829,
            51.71377619728446
          ],
          [
            -1.228965288028121,
            51.713926903903484
          ],
          [
            -1.229066289961338,
            51.71408884227276
          ],
          [
            -1.2291521206498146,
            51.71424516476691
          ],
          [
            -1.229218589141965,
            51.71441783197224
          ],
          [
            -1.2292697187513113,
            51.71459418721497
          ],
          [
            -1.229305760934949,
            51.71474036760628
          ],
          [
            -1.2293238658457994,
            51.714884201064706
          ],
          [
            -1.2293360196053982,
            51.71506273560226
          ],
          [
            -1.2293362710624933,
            51.71519902534783
          ],
          [
            -1.2293194234371185,
            51.71536825597286
          ],
          [
            -1.2292953673750162,
            51.715509574860334
          ],
          [
            -1.2292558886110783,
            51.71564578078687
          ],
          [
            -1.2292111292481422,
            51.715778885409236
          ],
          [
            -1.229159077629447,
            51.71591249294579
          ],
          [
            -1.2291025836020708,
            51.716048531234264
          ],
          [
            -1.2290182616561651,
            51.71621826477349
          ],
          [
            -1.228946764022112,
            51.71634994447231
          ],
          [
            -1.2288752663880587,
            51.71648430638015
          ],
          [
            -1.2287968955934048,
            51.71661908738315
          ],
          [
            -1.2287012580782175,
            51.71678337268531
          ],
          [
            -1.2286143377423286,
            51.716936845332384
          ],
          [
            -1.2285243161022663,
            51.71709752641618
          ],
          [
            -1.228437814861536,
            51.71725317835808
          ],
          [
            -1.2283528223633766,
            51.71741687692702
          ],
          [
            -1.228259028866887,
            51.717574121430516
          ],
          [
            -1.2281863577663898,
            51.71773832291365
          ],
          [
            -1.2280791532248259,
            51.71788509003818
          ],
          [
            -1.227970439940691,
            51.71803319826722
          ],
          [
            -1.2278525903820992,
            51.71818130649626
          ],
          [
            -1.227701548486948,
            51.71833368949592
          ],
          [
            -1.2275842018425465,
            51.718448186293244
          ],
          [
            -1.2274623289704323,
            51.71856720931828
          ],
          [
            -1.2273423839360476,
            51.71868405304849
          ],
          [
            -1.2271866481751204,
            51.71882755123079
          ],
          [
            -1.2270659487694502,
            51.71896291896701
          ],
          [
            -1.2269363645464182,
            51.71909040771425
          ],
          [
            -1.226784149184823,
            51.719215800985694
          ],
          [
            -1.2265994120389223,
            51.71933239325881
          ],
          [
            -1.226422805339098,
            51.719441106542945
          ],
          [
            -1.2262494675815105,
            51.71956364996731
          ],
          [
            -1.2261104118078947,
            51.71968267299235
          ],
          [
            -1.2259747926145792,
            51.719812927767634
          ],
          [
            -1.2258200626820326,
            51.719948295503855
          ],
          [
            -1.2256615608930588,
            51.720087099820375
          ],
          [
            -1.2255025561898947,
            51.720218947157264
          ],
          [
            -1.2253336608409882,
            51.720345597714186
          ],
          [
            -1.2251634243875742,
            51.72046763822436
          ],
          [
            -1.2249894998967648,
            51.720584565773606
          ],
          [
            -1.2248194310814142,
            51.72070300206542
          ],
          [
            -1.2246532179415226,
            51.7208231985569
          ],
          [
            -1.224486082792282,
            51.72093912027776
          ],
          [
            -1.2243256531655788,
            51.72104733064771
          ],
          [
            -1.224171258509159,
            51.7211530264467
          ],
          [
            -1.2240876071155071,
            51.72129292041063
          ],
          [
            -1.2240417581051588,
            51.721444549039006
          ],
          [
            -1.2240076437592506,
            51.72159525565803
          ],
          [
            -1.2239841744303703,
            51.721744453534484
          ],
          [
            -1.2239987589418888,
            51.7218956630677
          ],
          [
            -1.224015187472105,
            51.7220526561141
          ],
          [
            -1.2240176182240248,
            51.72221384011209
          ],
          [
            -1.2240085657685995,
            51.722366558387876
          ],
          [
            -1.2240275088697672,
            51.72250745818019
          ],
          [
            -1.224042009562254,
            51.72265070490539
          ],
          [
            -1.2240476254373789,
            51.72279789112508
          ],
          [
            -1.2240503914654255,
            51.72294172458351
          ],
          [
            -1.2240527383983135,
            51.72308505512774
          ],
          [
            -1.2240524031221867,
            51.7232236918062
          ],
          [
            -1.224039075896144,
            51.723362328484654
          ],
          [
            -1.2240106612443924,
            51.72351454384625
          ],
          [
            -1.2239844258874655,
            51.723689725622535
          ],
          [
            -1.2239535804837942,
            51.72386683523655
          ],
          [
            -1.2239744514226913,
            51.72401653602719
          ],
          [
            -1.2241746950894594,
            51.72408736310899
          ],
          [
            -1.2244011741131544,
            51.72409893013537
          ],
          [
            -1.2246169243007898,
            51.724168164655566
          ],
          [
            -1.2248549703508615,
            51.724255504086614
          ],
          [
            -1.2250447366386652,
            51.72432431951165
          ],
          [
            -1.2252922542393208,
            51.72425131313503
          ],
          [
            -1.2255223374813795,
            51.72419817186892
          ],
          [
            -1.2257508281618357,
            51.72413497231901
          ],
          [
            -1.225975463166833,
            51.72408593818545
          ],
          [
            -1.2262391578406096,
            51.72402600757778
          ],
          [
            -1.2265090551227331,
            51.72395953908563
          ],
          [
            -1.2267291639000177,
            51.72389902174473
          ],
          [
            -1.2269521225243807,
            51.72384470701218
          ],
          [
            -1.2271859776228666,
            51.72379299066961
          ],
          [
            -1.2274261191487312,
            51.72373607754707
          ],
          [
            -1.2276572920382023,
            51.72367664985359
          ],
          [
            -1.2279074918478727,
            51.723611606284976
          ],
          [
            -1.228154506534338,
            51.723551005125046
          ],
          [
            -1.2283962406218052,
            51.72348923049867
          ],
          [
            -1.2286555767059326,
            51.72341722995043
          ],
          [
            -1.2289068661630154,
            51.7233373504132
          ],
          [
            -1.2291641905903816,
            51.72325017862022
          ],
          [
            -1.229419419541955,
            51.72316753305495
          ],
          [
            -1.2296792585402727,
            51.723088659346104
          ],
          [
            -1.2299384269863367,
            51.72301028855145
          ],
          [
            -1.2301983498036861,
            51.722929906100035
          ],
          [
            -1.230461122468114,
            51.7228521220386
          ],
          [
            -1.23072967864573,
            51.72278732992709
          ],
          [
            -1.2310048565268517,
            51.72273234464228
          ],
          [
            -1.2312760949134827,
            51.72268884256482
          ],
          [
            -1.2315447349101305,
            51.72265154309571
          ],
          [
            -1.2318216729909182,
            51.722618686035275
          ],
          [
            -1.2320990301668644,
            51.72257820144296
          ],
          [
            -1.2323891278356314,
            51.722532603889704
          ],
          [
            -1.2326779682189226,
            51.72248658724129
          ],
          [
            -1.2329702451825142,
            51.72243436798453
          ],
          [
            -1.2332488596439362,
            51.72237980179489
          ],
          [
            -1.2334958743304014,
            51.722332276403904
          ],
          [
            -1.2337465770542622,
            51.72228315845132
          ],
          [
            -1.2340170610696077,
            51.72227343544364
          ],
          [
            -1.2342868745326996,
            51.72228466719389
          ],
          [
            -1.234553586691618,
            51.72231207601726
          ],
          [
            -1.2348217237740755,
            51.722346441820264
          ],
          [
            -1.2350914534181356,
            51.72237351536751
          ],
          [
            -1.2353462632745504,
            51.72242045402527
          ],
          [
            -1.235568132251501,
            51.722511649131775
          ],
          [
            -1.2357853911817074,
            51.72260862775147
          ],
          [
            -1.2360100261867046,
            51.72270594164729
          ],
          [
            -1.236218400299549,
            51.72279772348702
          ],
          [
            -1.2364255171269178,
            51.72289059497416
          ],
          [
            -1.2366382498294115,
            51.72299084253609
          ],
          [
            -1.2368553411215544,
            51.72309285029769
          ],
          [
            -1.2370850890874863,
            51.723196702077985
          ],
          [
            -1.237319279462099,
            51.72329468652606
          ],
          [
            -1.2375569064170122,
            51.72339878976345
          ],
          [
            -1.2377981375902891,
            51.723513789474964
          ],
          [
            -1.2380478344857693,
            51.72363331541419
          ],
          [
            -1.2382993753999472,
            51.72374772839248
          ],
          [
            -1.2385520059615374,
            51.723863650113344
          ],
          [
            -1.2388087436556816,
            51.72398275695741
          ],
          [
            -1.2390558421611786,
            51.724099265411496
          ],
          [
            -1.239308724179864,
            51.72421040944755
          ],
          [
            -1.239560516551137,
            51.724326414987445
          ],
          [
            -1.2398201879113913,
            51.72444384545088
          ],
          [
            -1.2400748301297426,
            51.724560940638185
          ],
          [
            -1.2403049133718014,
            51.72467174939811
          ],
          [
            -1.240512365475297,
            51.72477635554969
          ],
          [
            -1.240749405696988,
            51.7248865775764
          ],
          [
            -1.2409704364836216,
            51.724967462942004
          ],
          [
            -1.2411910481750965,
            51.72506460919976
          ],
          [
            -1.2414184492081404,
            51.725171310827136
          ],
          [
            -1.2416480295360088,
            51.725274827331305
          ],
          [
            -1.2418661266565323,
            51.725379852578044
          ],
          [
            -1.2420831341296434,
            51.72547993250191
          ],
          [
            -1.2422994710505009,
            51.72557942569256
          ],
          [
            -1.2425207532942295,
            51.72568168491125
          ],
          [
            -1.2427437119185925,
            51.72578142955899
          ],
          [
            -1.242967676371336,
            51.725884694606066
          ],
          [
            -1.2431943230330944,
            51.72598846256733
          ],
          [
            -1.2434184551239014,
            51.72608921304345
          ],
          [
            -1.2436427548527718,
            51.726193735376
          ],
          [
            -1.2438613548874855,
            51.726292725652456
          ],
          [
            -1.2440869119018316,
            51.7263924703002
          ],
          [
            -1.2443134747445583,
            51.72650001011789
          ],
          [
            -1.2445309851318598,
            51.72660235315561
          ],
          [
            -1.2447553686797619,
            51.72670494765043
          ],
          [
            -1.2449794169515371,
            51.72680787742138
          ],
          [
            -1.245198268443346,
            51.72691214829683
          ],
          [
            -1.2454128451645374,
            51.72701071947813
          ],
          [
            -1.2456322833895683,
            51.727112559601665
          ],
          [
            -1.2458487041294575,
            51.72720945440233
          ],
          [
            -1.2460552342236042,
            51.727299727499485
          ],
          [
            -1.246242905035615,
            51.72737617045641
          ],
          [
            -1.2464636843651533,
            51.72749343328178
          ],
          [
            -1.2466309871524572,
            51.72759116627276
          ],
          [
            -1.2467685341835022,
            51.72771664336324
          ],
          [
            -1.2469049077481031,
            51.727848993614316
          ],
          [
            -1.2470434606075287,
            51.727988636121154
          ],
          [
            -1.247194418683648,
            51.72813498415053
          ],
          [
            -1.2473642360419035,
            51.72827688977122
          ],
          [
            -1.247549308463931,
            51.728399097919464
          ],
          [
            -1.2476832512766123,
            51.72852558083832
          ],
          [
            -1.2477390747517347,
            51.72866681590676
          ],
          [
            -1.247784923762083,
            51.72881073318422
          ],
          [
            -1.2478181160986423,
            51.728961607441306
          ],
          [
            -1.2478556670248508,
            51.72910845838487
          ],
          [
            -1.2478857580572367,
            51.72926360741258
          ],
          [
            -1.2479204591363668,
            51.72942663542926
          ],
          [
            -1.247948119416833,
            51.72959796153009
          ],
          [
            -1.2479688227176666,
            51.72976786270738
          ],
          [
            -1.247994052246213,
            51.72994354739785
          ],
          [
            -1.2480213772505522,
            51.730112275108695
          ],
          [
            -1.2480440083891153,
            51.73030002973974
          ],
          [
            -1.2480810564011335,
            51.73047889955342
          ],
          [
            -1.2481158412992954,
            51.730649722740054
          ],
          [
            -1.248155739158392,
            51.73082096502185
          ],
          [
            -1.248207874596119,
            51.730987429618835
          ],
          [
            -1.2482515443116426,
            51.73115246929228
          ],
          [
            -1.2483008299022913,
            51.73131792806089
          ],
          [
            -1.2483623530715704,
            51.73148229718208
          ],
          [
            -1.2484544701874256,
            51.731627555564046
          ],
          [
            -1.2485944479703903,
            51.73176049254835
          ],
          [
            -1.248701149597764,
            51.731884963810444
          ],
          [
            -1.2487611640244722,
            51.73202075064182
          ],
          [
            -1.2488087732344866,
            51.73215511254966
          ],
          [
            -1.2488803546875715,
            51.73229031264782
          ],
          [
            -1.248952941969037,
            51.73242165707052
          ],
          [
            -1.2490140460431576,
            51.7325624730438
          ],
          [
            -1.2490564584732056,
            51.73272189684212
          ],
          [
            -1.2491274531930685,
            51.732874950394034
          ],
          [
            -1.249214205890894,
            51.73300956375897
          ],
          [
            -1.2494245078414679,
            51.733091454952955
          ],
          [
            -1.249569933861494,
            51.733238557353616
          ],
          [
            -1.2496636435389519,
            51.733373338356614
          ],
          [
            -1.2497612927109003,
            51.73351591452956
          ],
          [
            -1.2498687487095594,
            51.73366351984441
          ],
          [
            -1.2499815691262484,
            51.73381766304374
          ],
          [
            -1.2500889413058758,
            51.73397557809949
          ],
          [
            -1.250197822228074,
            51.7341339122504
          ],
          [
            -1.2502932082861662,
            51.734299287199974
          ],
          [
            -1.2503780331462622,
            51.73446684144437
          ],
          [
            -1.2504582479596138,
            51.73462995328009
          ],
          [
            -1.250542989000678,
            51.73478879034519
          ],
          [
            -1.2506220303475857,
            51.734948717057705
          ],
          [
            -1.250703502446413,
            51.735097495839
          ],
          [
            -1.2507802806794643,
            51.735250214114785
          ],
          [
            -1.2508677877485752,
            51.73540226183832
          ],
          [
            -1.250959737226367,
            51.73556176945567
          ],
          [
            -1.2510493397712708,
            51.735728569328785
          ],
          [
            -1.2511423788964748,
            51.73589411191642
          ],
          [
            -1.2512399442493916,
            51.73606409691274
          ],
          [
            -1.2513338215649128,
            51.73623500391841
          ],
          [
            -1.251424178481102,
            51.7364012170583
          ],
          [
            -1.25150959007442,
            51.73655561171472
          ],
          [
            -1.251587038859725,
            51.73669617623091
          ],
          [
            -1.251682760193944,
            51.7368449550122
          ],
          [
            -1.2517659086734056,
            51.73699926584959
          ],
          [
            -1.2518424354493618,
            51.73714150674641
          ],
          [
            -1.2519261706620455,
            51.737293219193816
          ],
          [
            -1.2520197965204716,
            51.737460773438215
          ],
          [
            -1.2521190382540226,
            51.73763000406325
          ],
          [
            -1.2522297631949186,
            51.737796887755394
          ],
          [
            -1.252339817583561,
            51.73796863295138
          ],
          [
            -1.2524450104683638,
            51.73814113251865
          ],
          [
            -1.252557160332799,
            51.738315895199776
          ],
          [
            -1.252669645473361,
            51.738490741699934
          ],
          [
            -1.2527745869010687,
            51.7386687733233
          ],
          [
            -1.2528951186686754,
            51.73884244635701
          ],
          [
            -1.253035431727767,
            51.739005306735635
          ],
          [
            -1.2531607411801815,
            51.7391659040004
          ],
          [
            -1.2532712146639824,
            51.73932122066617
          ],
          [
            -1.253364086151123,
            51.73945910297334
          ],
          [
            -1.253458047285676,
            51.73960084095597
          ],
          [
            -1.253594420850277,
            51.73974735662341
          ],
          [
            -1.2537108454853296,
            51.73989890143275
          ],
          [
            -1.2538260966539383,
            51.74004617147148
          ],
          [
            -1.2539368215948343,
            51.74019679427147
          ],
          [
            -1.2540512345731258,
            51.740355463698506
          ],
          [
            -1.2541628815233707,
            51.740519581362605
          ],
          [
            -1.2542781326919794,
            51.7406908236444
          ],
          [
            -1.254400759935379,
            51.74085485748947
          ],
          [
            -1.2545234709978104,
            51.74102358520031
          ],
          [
            -1.254640482366085,
            51.7411950789392
          ],
          [
            -1.2547396402806044,
            51.74136011861265
          ],
          [
            -1.254836954176426,
            51.741525242105126
          ],
          [
            -1.2549362797290087,
            51.741690868511796
          ],
          [
            -1.255040466785431,
            51.74185532145202
          ],
          [
            -1.2551395408809185,
            51.742028994485736
          ],
          [
            -1.2552369385957718,
            51.74220032058656
          ],
          [
            -1.2553324084728956,
            51.74237164668739
          ],
          [
            -1.2554275430738926,
            51.74254138022661
          ],
          [
            -1.2555179838091135,
            51.742708683013916
          ],
          [
            -1.2556034792214632,
            51.74287992529571
          ],
          [
            -1.2556687742471695,
            51.7430564481765
          ],
          [
            -1.2557421997189522,
            51.74322626553476
          ],
          [
            -1.2558027170598507,
            51.7433587834239
          ],
          [
            -1.255897767841816,
            51.74350932240486
          ],
          [
            -1.2559618894010782,
            51.74368274398148
          ],
          [
            -1.2560080736875534,
            51.743846191093326
          ],
          [
            -1.256054425612092,
            51.74401449970901
          ],
          [
            -1.2560965027660131,
            51.74418029375374
          ],
          [
            -1.2561304494738579,
            51.74435891211033
          ],
          [
            -1.2561682518571615,
            51.74454121850431
          ],
          [
            -1.2562017794698477,
            51.74472335726023
          ],
          [
            -1.2562248297035694,
            51.74489250406623
          ],
          [
            -1.256238492205739,
            51.74505863338709
          ],
          [
            -1.2562560942023993,
            51.74523540772498
          ],
          [
            -1.2562712654471397,
            51.745397597551346
          ],
          [
            -1.2562927231192589,
            51.74555769190192
          ],
          [
            -1.2562996800988913,
            51.7457021959126
          ],
          [
            -1.2563134264200926,
            51.74587176181376
          ],
          [
            -1.2563259154558182,
            51.746054319664836
          ],
          [
            -1.2563395779579878,
            51.746202763170004
          ],
          [
            -1.2563552521169186,
            51.74634802155197
          ],
          [
            -1.2563684117048979,
            51.746492525562644
          ],
          [
            -1.2563786376267672,
            51.746632335707545
          ],
          [
            -1.25642079859972,
            51.746806260198355
          ],
          [
            -1.2565049529075623,
            51.74697054550052
          ],
          [
            -1.256554238498211,
            51.74712301231921
          ],
          [
            -1.2565275840461254,
            51.7472960986197
          ],
          [
            -1.2565176095813513,
            51.74746725708246
          ],
          [
            -1.2565339542925358,
            51.747631542384624
          ],
          [
            -1.256553651764989,
            51.747800186276436
          ],
          [
            -1.2565744388848543,
            51.74797226674855
          ],
          [
            -1.256605451926589,
            51.74813060089946
          ],
          [
            -1.256621042266488,
            51.748297149315476
          ],
          [
            -1.256633447483182,
            51.748457830399275
          ],
          [
            -1.2566439248621464,
            51.74860124476254
          ],
          [
            -1.2566866725683212,
            51.74874256365001
          ],
          [
            -1.2567014247179031,
            51.74889201298356
          ],
          [
            -1.2566948868334293,
            51.749050598591566
          ],
          [
            -1.2566866725683212,
            51.74920993857086
          ],
          [
            -1.2567129079252481,
            51.749358801171184
          ],
          [
            -1.2567823100835085,
            51.749539682641625
          ],
          [
            -1.256792452186346,
            51.749684270471334
          ],
          [
            -1.2568051926791668,
            51.749823996797204
          ],
          [
            -1.2568211182951927,
            51.749962884932756
          ],
          [
            -1.2568232975900173,
            51.75009992904961
          ],
          [
            -1.2568429950624704,
            51.75027762539685
          ],
          [
            -1.25687962397933,
            51.75041173584759
          ],
          [
            -1.2569141574203968,
            51.750555066391826
          ],
          [
            -1.2569515407085419,
            51.75071734003723
          ],
          [
            -1.2570220325142145,
            51.750871650874615
          ],
          [
            -1.2571357749402523,
            51.75102889537811
          ],
          [
            -1.25722361728549,
            51.75118085928261
          ],
          [
            -1.257282793521881,
            51.75135352648795
          ],
          [
            -1.2573610804975033,
            51.75151781179011
          ],
          [
            -1.2574301473796368,
            51.75165770575404
          ],
          [
            -1.2575089372694492,
            51.75180355086923
          ],
          [
            -1.257513128221035,
            51.75196833908558
          ],
          [
            -1.2573151476681232,
            51.75205131992698
          ],
          [
            -1.2570614274591208,
            51.752095157280564
          ],
          [
            -1.2568036001175642,
            51.75213094800711
          ],
          [
            -1.2565355468541384,
            51.75218492746353
          ],
          [
            -1.2562602013349533,
            51.75222834572196
          ],
          [
            -1.2559907231479883,
            51.75225122831762
          ],
          [
            -1.255807662382722,
            51.752329766750336
          ],
          [
            -1.2558489851653576,
            51.752471504732966
          ],
          [
            -1.2558616418391466,
            51.752630174160004
          ],
          [
            -1.2558922357857227,
            51.75278674811125
          ],
          [
            -1.2559509091079235,
            51.752941058948636
          ],
          [
            -1.2560598738491535,
            51.75308162346482
          ],
          [
            -1.256163725629449,
            51.75321288406849
          ],
          [
            -1.2562416773289442,
            51.75336677581072
          ],
          [
            -1.2562909629195929,
            51.753502478823066
          ],
          [
            -1.256339242681861,
            51.75365167669952
          ],
          [
            -1.2564166076481342,
            51.75381009466946
          ],
          [
            -1.2564948946237564,
            51.75394135527313
          ],
          [
            -1.2565553281456232,
            51.75407546572387
          ],
          [
            -1.2566155102103949,
            51.75423061475158
          ],
          [
            -1.2563891150057316,
            51.75432692281902
          ],
          [
            -1.2561208102852106,
            51.754376543685794
          ],
          [
            -1.255885697901249,
            51.754420129582286
          ],
          [
            -1.2556387670338154,
            51.75445441156626
          ],
          [
            -1.2554407864809036,
            51.75451224669814
          ],
          [
            -1.2552567198872566,
            51.75458701327443
          ],
          [
            -1.2550236191600561,
            51.75465884618461
          ],
          [
            -1.2548188492655754,
            51.75474610179663
          ],
          [
            -1.2546412367373705,
            51.75484358333051
          ],
          [
            -1.2545270752161741,
            51.754959588870406
          ],
          [
            -1.2545958906412125,
            51.75512647256255
          ],
          [
            -1.2546878401190042,
            51.75526971928775
          ],
          [
            -1.2547748442739248,
            51.75541531294584
          ],
          [
            -1.2548723258078098,
            51.7555573862046
          ],
          [
            -1.2549705617129803,
            51.75569945946336
          ],
          [
            -1.2550604157149792,
            51.7558422870934
          ],
          [
            -1.2551649380475283,
            51.75598536618054
          ],
          [
            -1.2552835419774055,
            51.756138084456325
          ],
          [
            -1.2553941830992699,
            51.756281247362494
          ],
          [
            -1.2555006332695484,
            51.75643161870539
          ],
          [
            -1.2556039821356535,
            51.756576960906386
          ],
          [
            -1.2557062413543463,
            51.75672850571573
          ],
          [
            -1.2558039743453264,
            51.7568782903254
          ],
          [
            -1.2559007853269577,
            51.757020112127066
          ],
          [
            -1.2560048047453165,
            51.75717660225928
          ],
          [
            -1.2561007775366306,
            51.757318591699004
          ],
          [
            -1.2561830040067434,
            51.75744532607496
          ],
          [
            -1.2562610395252705,
            51.757579520344734
          ],
          [
            -1.2563553359359503,
            51.75773374736309
          ],
          [
            -1.2564523983746767,
            51.75789065659046
          ],
          [
            -1.2565314397215843,
            51.75803281366825
          ],
          [
            -1.2566111516207457,
            51.758186956867576
          ],
          [
            -1.2567013408988714,
            51.75834462046623
          ],
          [
            -1.256780717521906,
            51.75848996266723
          ],
          [
            -1.2568461801856756,
            51.758623234927654
          ],
          [
            -1.256914408877492,
            51.7587763722986
          ],
          [
            -1.2569761835038662,
            51.75893135368824
          ],
          [
            -1.2570346053689718,
            51.759065967053175
          ],
          [
            -1.257103756070137,
            51.759210638701916
          ],
          [
            -1.257185060530901,
            51.75936922430992
          ],
          [
            -1.2572627607733011,
            51.75951708108187
          ],
          [
            -1.2573887407779694,
            51.759645491838455
          ],
          [
            -1.2576396949589252,
            51.75965001806617
          ],
          [
            -1.2578687723726034,
            51.75960810855031
          ],
          [
            -1.2580969277769327,
            51.75957064144313
          ],
          [
            -1.258331537246704,
            51.75953577272594
          ],
          [
            -1.2585666496306658,
            51.759495958685875
          ],
          [
            -1.2587906140834093,
            51.75944164395332
          ],
          [
            -1.259013656526804,
            51.759391939267516
          ],
          [
            -1.2592833023518324,
            51.75933343358338
          ],
          [
            -1.2595183309167624,
            51.759282220155
          ],
          [
            -1.2597459834069014,
            51.75923318602145
          ],
          [
            -1.2598370108753443,
            51.759102093055844
          ],
          [
            -1.2598201632499695,
            51.758935544639826
          ],
          [
            -1.2598430458456278,
            51.75875348970294
          ],
          [
            -1.2598531879484653,
            51.7586053814739
          ],
          [
            -1.2598407827317715,
            51.75844671204686
          ],
          [
            -1.259836507961154,
            51.75828821025789
          ],
          [
            -1.2598269525915384,
            51.758137503638864
          ],
          [
            -1.2598153855651617,
            51.757968440651894
          ],
          [
            -1.2597945146262646,
            51.75781488418579
          ],
          [
            -1.2597365956753492,
            51.757645066827536
          ],
          [
            -1.259567616507411,
            51.75750693306327
          ],
          [
            -1.2594973761588335,
            51.75737491808832
          ],
          [
            -1.2594382837414742,
            51.757241981104016
          ],
          [
            -1.259386818856001,
            51.75710200332105
          ],
          [
            -1.2593638524413109,
            51.75694073550403
          ],
          [
            -1.2593450769782066,
            51.75678877159953
          ],
          [
            -1.2592962104827166,
            51.75663270056248
          ],
          [
            -1.25923921354115,
            51.756479227915406
          ],
          [
            -1.2591787800192833,
            51.75634779967368
          ],
          [
            -1.259139720350504,
            51.756203630939126
          ],
          [
            -1.259109629318118,
            51.75606465898454
          ],
          [
            -1.2590676359832287,
            51.75592032261193
          ],
          [
            -1.2590392213314772,
            51.755856620147824
          ]
        ]
      },
      "properties": {
        "name": "2023-08-27 (Sun) 16:18",
        "source_file": "2023-08-27-151829-ELEMNT_ROAM_A974-23-0.fit",
        "date": "2023-08-27T15:18:29",
        "sport": "cycling",
        "dropbox_id": "id:JY-PzzIM9pcAAAAAAAAA3w"
      }
    },
    {
      "type": "Feature",
      "geometry": {
        "type": "LineString",
        "coordinates": [
          [
            -1.2589733395725489,
            51.755573311820626
          ],
          [
            -1.2589464336633682,
            51.75542637705803
          ],
          [
            -1.2588724214583635,
            51.755265360698104
          ],
          [
            -1.2587949726730585,
            51.75510727800429
          ],
          [
            -1.2586741894483566,
            51.75498238764703
          ],
          [
            -1.2585819885134697,
            51.75483260303736
          ],
          [
            -1.2584985047578812,
            51.75469589419663
          ],
          [
            -1.2584336288273335,
            51.754547115415335
          ],
          [
            -1.2583949882537127,
            51.754394229501486
          ],
          [
            -1.2582870293408632,
            51.75426632165909
          ],
          [
            -1.2580389250069857,
            51.75430152565241
          ],
          [
            -1.2578035611659288,
            51.754334634169936
          ],
          [
            -1.2575777526944876,
            51.75436522811651
          ],
          [
            -1.2573559675365686,
            51.75439313985407
          ],
          [
            -1.2571326736360788,
            51.754418620839715
          ],
          [
            -1.2569141574203968,
            51.75443647429347
          ],
          [
            -1.2566898576915264,
            51.75445172935724
          ],
          [
            -1.2565864250063896,
            51.75431141629815
          ],
          [
            -1.256560105830431,
            51.754162050783634
          ],
          [
            -1.2564796395599842,
            51.754013020545244
          ],
          [
            -1.2563985027372837,
            51.753854770213366
          ],
          [
            -1.2563228141516447,
            51.753712026402354
          ],
          [
            -1.256262380629778,
            51.75356668420136
          ],
          [
            -1.2561061419546604,
            51.75346568226814
          ],
          [
            -1.2558540981262922,
            51.75353583879769
          ],
          [
            -1.2556134536862373,
            51.753576155751944
          ],
          [
            -1.2553412094712257,
            51.753602055832744
          ],
          [
            -1.2550754193216562,
            51.75360641442239
          ],
          [
            -1.2548079527914524,
            51.75362242385745
          ],
          [
            -1.2545738462358713,
            51.75363994203508
          ],
          [
            -1.25439397059381,
            51.75372929312289
          ],
          [
            -1.2542235665023327,
            51.75383297726512
          ],
          [
            -1.253992896527052,
            51.75385200418532
          ],
          [
            -1.2538106739521027,
            51.75377153791487
          ],
          [
            -1.2536859512329102,
            51.753634409978986
          ],
          [
            -1.2536060716956854,
            51.7534798476845
          ],
          [
            -1.2535396870225668,
            51.75332964397967
          ],
          [
            -1.253494843840599,
            51.75317323766649
          ],
          [
            -1.2534120306372643,
            51.753044072538614
          ],
          [
            -1.2533185724169016,
            51.75289185717702
          ],
          [
            -1.2533550336956978,
            51.75264358520508
          ],
          [
            -1.2535539362579584,
            51.752570075914264
          ],
          [
            -1.2537698540836573,
            51.752547109499574
          ],
          [
            -1.253991387784481,
            51.75252053886652
          ],
          [
            -1.2542106583714485,
            51.7524938005954
          ],
          [
            -1.2544342037290335,
            51.752468487247825
          ],
          [
            -1.2547119800001383,
            51.75242532044649
          ],
          [
            -1.2549366150051355,
            51.75239481031895
          ],
          [
            -1.2551671173423529,
            51.75237695686519
          ],
          [
            -1.255404157564044,
            51.75234057940543
          ],
          [
            -1.2556417845189571,
            51.75229439511895
          ],
          [
            -1.2558742985129356,
            51.75225868821144
          ],
          [
            -1.2561082374304533,
            51.75222457386553
          ],
          [
            -1.2563473731279373,
            51.752197835594416
          ],
          [
            -1.2565853353589773,
            51.75216321833432
          ],
          [
            -1.2568217888474464,
            51.75212918780744
          ],
          [
            -1.2570637743920088,
            51.75209851004183
          ],
          [
            -1.2572768423706293,
            51.75206431187689
          ],
          [
            -1.2574966996908188,
            51.7520120088011
          ],
          [
            -1.257484881207347,
            51.751839593052864
          ],
          [
            -1.2573935184627771,
            51.75170565024018
          ],
          [
            -1.2572959531098604,
            51.75154186785221
          ],
          [
            -1.2572108767926693,
            51.75135612487793
          ],
          [
            -1.2571332603693008,
            51.75117189064622
          ],
          [
            -1.2570243794471025,
            51.75098346546292
          ],
          [
            -1.2569491937756538,
            51.750853126868606
          ],
          [
            -1.256892615929246,
            51.75071599893272
          ],
          [
            -1.2568509578704834,
            51.75057761371136
          ],
          [
            -1.2568228784948587,
            51.750441659241915
          ],
          [
            -1.2567869201302528,
            51.7502402421087
          ],
          [
            -1.256775688380003,
            51.75010361708701
          ],
          [
            -1.2567641213536263,
            51.74996347166598
          ],
          [
            -1.2567278277128935,
            51.749757612124085
          ],
          [
            -1.2566979881376028,
            51.749613946303725
          ],
          [
            -1.2566633708775043,
            51.74947430379689
          ],
          [
            -1.2566303461790085,
            51.74927213229239
          ],
          [
            -1.2566044460982084,
            51.749105332419276
          ],
          [
            -1.2565778754651546,
            51.74895320087671
          ],
          [
            -1.2565479520708323,
            51.74878925085068
          ],
          [
            -1.2565178610384464,
            51.7486360296607
          ],
          [
            -1.2564668990671635,
            51.74849286675453
          ],
          [
            -1.2564344611018896,
            51.74834341742098
          ],
          [
            -1.2564217206090689,
            51.748180808499455
          ],
          [
            -1.2564086448401213,
            51.74800805747509
          ],
          [
            -1.256402274593711,
            51.74783564172685
          ],
          [
            -1.256391378119588,
            51.747668255120516
          ],
          [
            -1.2563772965222597,
            51.747519643977284
          ],
          [
            -1.2563646398484707,
            51.74736600369215
          ],
          [
            -1.2563574314117432,
            51.747204400599
          ],
          [
            -1.256338069215417,
            51.74705679528415
          ],
          [
            -1.2563146837055683,
            51.746882451698184
          ],
          [
            -1.2563156057149172,
            51.74674482084811
          ],
          [
            -1.2563166953623295,
            51.74659579060972
          ],
          [
            -1.2562992610037327,
            51.746428990736604
          ],
          [
            -1.2562792282551527,
            51.74626604653895
          ],
          [
            -1.256259698420763,
            51.74609849229455
          ],
          [
            -1.2562286853790283,
            51.74592272378504
          ],
          [
            -1.256209658458829,
            51.74578433856368
          ],
          [
            -1.2561868596822023,
            51.745615946128964
          ],
          [
            -1.256166324019432,
            51.745443949475884
          ],
          [
            -1.2561453692615032,
            51.74527463503182
          ],
          [
            -1.2561162002384663,
            51.74511915072799
          ],
          [
            -1.2560996040701866,
            51.744947489351034
          ],
          [
            -1.2560755480080843,
            51.744768703356385
          ],
          [
            -1.2560487259179354,
            51.74463367089629
          ],
          [
            -1.256025843322277,
            51.744489166885614
          ],
          [
            -1.2559990212321281,
            51.744336783885956
          ],
          [
            -1.2559671700000763,
            51.74417878501117
          ],
          [
            -1.255933977663517,
            51.744016259908676
          ],
          [
            -1.2558953370898962,
            51.743855997920036
          ],
          [
            -1.25584471039474,
            51.743698166683316
          ],
          [
            -1.2557810917496681,
            51.74354737624526
          ],
          [
            -1.255716048181057,
            51.74339046701789
          ],
          [
            -1.2556427903473377,
            51.743235904723406
          ],
          [
            -1.2555673532187939,
            51.74308016896248
          ],
          [
            -1.2554910778999329,
            51.74293164163828
          ],
          [
            -1.2554198317229748,
            51.74278747290373
          ],
          [
            -1.255344646051526,
            51.74264598637819
          ],
          [
            -1.2552735675126314,
            51.742507265880704
          ],
          [
            -1.255199471488595,
            51.74236837774515
          ],
          [
            -1.2551230285316706,
            51.74223409965634
          ],
          [
            -1.255049854516983,
            51.742099318653345
          ],
          [
            -1.2549740821123123,
            51.741968309506774
          ],
          [
            -1.254899650812149,
            51.74183470197022
          ],
          [
            -1.2547857407480478,
            51.741641918197274
          ],
          [
            -1.2547099683433771,
            51.74151375889778
          ],
          [
            -1.2545925378799438,
            51.74132600426674
          ],
          [
            -1.2544734310358763,
            51.741139590740204
          ],
          [
            -1.254344517365098,
            51.74095996655524
          ],
          [
            -1.2542186211794615,
            51.74078025855124
          ],
          [
            -1.254092138260603,
            51.740605076774955
          ],
          [
            -1.2539579439908266,
            51.74042662605643
          ],
          [
            -1.253826767206192,
            51.74024976789951
          ],
          [
            -1.2536997813731432,
            51.740072909742594
          ],
          [
            -1.2535672634840012,
            51.73989621922374
          ],
          [
            -1.2534358352422714,
            51.73972086980939
          ],
          [
            -1.253303987905383,
            51.7395406588912
          ],
          [
            -1.2531699612736702,
            51.73936187289655
          ],
          [
            -1.253040125593543,
            51.73917948268354
          ],
          [
            -1.2529067695140839,
            51.73899667337537
          ],
          [
            -1.2527769338339567,
            51.73881855793297
          ],
          [
            -1.2526514567434788,
            51.73863658681512
          ],
          [
            -1.2525313440710306,
            51.73846106976271
          ],
          [
            -1.2524103093892336,
            51.738281613215804
          ],
          [
            -1.2522897776216269,
            51.738107688724995
          ],
          [
            -1.2521726824343204,
            51.73792814835906
          ],
          [
            -1.2520503904670477,
            51.73774776980281
          ],
          [
            -1.2519436050206423,
            51.737564876675606
          ],
          [
            -1.2518419325351715,
            51.73738231882453
          ],
          [
            -1.2517468817532063,
            51.737195402383804
          ],
          [
            -1.2516464665532112,
            51.73701209016144
          ],
          [
            -1.251539597287774,
            51.736821569502354
          ],
          [
            -1.251447144895792,
            51.73665535636246
          ],
          [
            -1.2513752281665802,
            51.73652677796781
          ],
          [
            -1.251295180991292,
            51.73639057204127
          ],
          [
            -1.2511877249926329,
            51.73620566725731
          ],
          [
            -1.2510856334120035,
            51.73602445051074
          ],
          [
            -1.2509846314787865,
            51.73584071919322
          ],
          [
            -1.2508859764784575,
            51.73566050827503
          ],
          [
            -1.2507875729352236,
            51.73548105172813
          ],
          [
            -1.2506900075823069,
            51.7352978233248
          ],
          [
            -1.2505968008190393,
            51.73511912114918
          ],
          [
            -1.2504974752664566,
            51.734941424801946
          ],
          [
            -1.2503861635923386,
            51.73477152362466
          ],
          [
            -1.2502798810601234,
            51.734595000743866
          ],
          [
            -1.250178376212716,
            51.73441973514855
          ],
          [
            -1.2500733509659767,
            51.734243128448725
          ],
          [
            -1.2499643862247467,
            51.73406702466309
          ],
          [
            -1.2498441059142351,
            51.73388564027846
          ],
          [
            -1.2497185450047255,
            51.73370065167546
          ],
          [
            -1.2495994381606579,
            51.733525386080146
          ],
          [
            -1.2494799960404634,
            51.7333497852087
          ],
          [
            -1.2493625655770302,
            51.733172005042434
          ],
          [
            -1.249254858121276,
            51.73299154266715
          ],
          [
            -1.249158214777708,
            51.73281007446349
          ],
          [
            -1.2490785028785467,
            51.73262894153595
          ],
          [
            -1.249009184539318,
            51.73244579695165
          ],
          [
            -1.2488901615142822,
            51.73227748833597
          ],
          [
            -1.2487837951630354,
            51.73211253248155
          ],
          [
            -1.2487010657787323,
            51.731936847791076
          ],
          [
            -1.2485801987349987,
            51.73176887445152
          ],
          [
            -1.2484154105186462,
            51.731613893061876
          ],
          [
            -1.2483198568224907,
            51.731437956914306
          ],
          [
            -1.2482618540525436,
            51.73125053755939
          ],
          [
            -1.2482220400124788,
            51.731065548956394
          ],
          [
            -1.2481718324124813,
            51.73088667914271
          ],
          [
            -1.248124809935689,
            51.73069481737912
          ],
          [
            -1.248080302029848,
            51.73050572164357
          ],
          [
            -1.2480400688946247,
            51.7303157877177
          ],
          [
            -1.2479974050074816,
            51.73013499006629
          ],
          [
            -1.2479709181934595,
            51.72994849272072
          ],
          [
            -1.2479403242468834,
            51.72976249828935
          ],
          [
            -1.247911574319005,
            51.72958429902792
          ],
          [
            -1.2478872667998075,
            51.729405764490366
          ],
          [
            -1.2478539068251848,
            51.72923251055181
          ],
          [
            -1.2478194572031498,
            51.7290601786226
          ],
          [
            -1.2477777991443872,
            51.7288878466934
          ],
          [
            -1.2477220594882965,
            51.7287168558687
          ],
          [
            -1.2476552557200193,
            51.728535974398255
          ],
          [
            -1.2474970053881407,
            51.72837219201028
          ],
          [
            -1.247291648760438,
            51.72823389060795
          ],
          [
            -1.247124932706356,
            51.72808259725571
          ],
          [
            -1.2469858769327402,
            51.727942787110806
          ],
          [
            -1.2468497548252344,
            51.72780917957425
          ],
          [
            -1.2467106152325869,
            51.727678924798965
          ],
          [
            -1.2465590704232454,
            51.72756032086909
          ],
          [
            -1.2463796138763428,
            51.7274681199342
          ],
          [
            -1.2461869977414608,
            51.72737365588546
          ],
          [
            -1.2459792103618383,
            51.72727659344673
          ],
          [
            -1.245761951431632,
            51.727178525179625
          ],
          [
            -1.2455380707979202,
            51.72707324847579
          ],
          [
            -1.245304299518466,
            51.726962523534894
          ],
          [
            -1.245069270953536,
            51.726855989545584
          ],
          [
            -1.2448319792747498,
            51.72674895264208
          ],
          [
            -1.244596028700471,
            51.726638646796346
          ],
          [
            -1.2443631794303656,
            51.72653328627348
          ],
          [
            -1.2441266421228647,
            51.72642532736063
          ],
          [
            -1.2438892666250467,
            51.72632382251322
          ],
          [
            -1.2436559982597828,
            51.72621821053326
          ],
          [
            -1.2434176169335842,
            51.726110419258475
          ],
          [
            -1.2431807443499565,
            51.72600011341274
          ],
          [
            -1.2429369986057281,
            51.72588779591024
          ],
          [
            -1.2426898162811995,
            51.72577531076968
          ],
          [
            -1.2424492556601763,
            51.72566391527653
          ],
          [
            -1.242222273722291,
            51.72554690390825
          ],
          [
            -1.2419873289763927,
            51.7254355084151
          ],
          [
            -1.2417512945830822,
            51.72534163109958
          ],
          [
            -1.2415217980742455,
            51.725237024948
          ],
          [
            -1.2412974145263433,
            51.72512956894934
          ],
          [
            -1.2410817481577396,
            51.72503384761512
          ],
          [
            -1.2408692669123411,
            51.72493603080511
          ],
          [
            -1.2406624853610992,
            51.72483729198575
          ],
          [
            -1.2404397781938314,
            51.724739307537675
          ],
          [
            -1.2402164842933416,
            51.72463654540479
          ],
          [
            -1.239987825974822,
            51.72453152015805
          ],
          [
            -1.2397661246359348,
            51.724425153806806
          ],
          [
            -1.2395576667040586,
            51.72432373277843
          ],
          [
            -1.2393622007220984,
            51.72423530369997
          ],
          [
            -1.2391778826713562,
            51.72415123321116
          ],
          [
            -1.23899239115417,
            51.72406531870365
          ],
          [
            -1.2387916445732117,
            51.723975129425526
          ],
          [
            -1.2385838571935892,
            51.72387907281518
          ],
          [
            -1.2383775785565376,
            51.72378175891936
          ],
          [
            -1.2381755746901035,
            51.72368695959449
          ],
          [
            -1.2379760015755892,
            51.723595429211855
          ],
          [
            -1.2377979699522257,
            51.723510939627886
          ],
          [
            -1.2376162502914667,
            51.723427874967456
          ],
          [
            -1.2374340277165174,
            51.72334254719317
          ],
          [
            -1.2372479494661093,
            51.72326241619885
          ],
          [
            -1.2370636314153671,
            51.72318555414677
          ],
          [
            -1.236881660297513,
            51.72309863381088
          ],
          [
            -1.2367050535976887,
            51.723017916083336
          ],
          [
            -1.236519981175661,
            51.722931833937764
          ],
          [
            -1.2363320589065552,
            51.722842399030924
          ],
          [
            -1.2361544463783503,
            51.72275623306632
          ],
          [
            -1.2359743192791939,
            51.722666546702385
          ],
          [
            -1.2357800267636776,
            51.72259094193578
          ],
          [
            -1.2355904281139374,
            51.7225119844079
          ],
          [
            -1.2354066129773855,
            51.72243386507034
          ],
          [
            -1.2352058663964272,
            51.72236815094948
          ],
          [
            -1.2349789682775736,
            51.72233730554581
          ],
          [
            -1.2347348872572184,
            51.72231744043529
          ],
          [
            -1.2344940751791,
            51.72228701412678
          ],
          [
            -1.2342513352632523,
            51.72226647846401
          ],
          [
            -1.2340122833848,
            51.7222495470196
          ],
          [
            -1.2337850499898195,
            51.72226086258888
          ],
          [
            -1.2335585709661245,
            51.72231056727469
          ],
          [
            -1.2333331815898418,
            51.72235608100891
          ],
          [
            -1.2331083789467812,
            51.72239220701158
          ],
          [
            -1.23289137147367,
            51.7224342841655
          ],
          [
            -1.232650140300393,
            51.72247728332877
          ],
          [
            -1.2324329651892185,
            51.72251500189304
          ],
          [
            -1.2321976851671934,
            51.72255246900022
          ],
          [
            -1.2319586332887411,
            51.722586918622255
          ],
          [
            -1.231720419600606,
            51.72261885367334
          ],
          [
            -1.2314751651138067,
            51.72265397384763
          ],
          [
            -1.2312397174537182,
            51.72269370406866
          ],
          [
            -1.2310062814503908,
            51.72273016534746
          ],
          [
            -1.2307651340961456,
            51.72276612371206
          ],
          [
            -1.2305331230163574,
            51.72281599603593
          ],
          [
            -1.230315612629056,
            51.72287894412875
          ],
          [
            -1.230095336213708,
            51.72294809482992
          ],
          [
            -1.2298733834177256,
            51.72302101738751
          ],
          [
            -1.2296533584594727,
            51.72309150919318
          ],
          [
            -1.2294305674731731,
            51.723156133666635
          ],
          [
            -1.2292134761810303,
            51.72322670929134
          ],
          [
            -1.2289948761463165,
            51.72329510562122
          ],
          [
            -1.2287769466638565,
            51.72336316667497
          ],
          [
            -1.2285591010004282,
            51.72342569567263
          ],
          [
            -1.2283446080982685,
            51.72348394989967
          ],
          [
            -1.2281307857483625,
            51.72354673035443
          ],
          [
            -1.2279167957603931,
            51.72360481694341
          ],
          [
            -1.2277033925056458,
            51.72366122715175
          ],
          [
            -1.2274713814258575,
            51.72371084801853
          ],
          [
            -1.2272407114505768,
            51.72376373782754
          ],
          [
            -1.2270064372569323,
            51.72382350079715
          ],
          [
            -1.226773587986827,
            51.72388351522386
          ],
          [
            -1.2265369668602943,
            51.72394026070833
          ],
          [
            -1.2262946460396051,
            51.72400513663888
          ],
          [
            -1.2260555103421211,
            51.72406322322786
          ],
          [
            -1.2258188892155886,
            51.724121225997806
          ],
          [
            -1.2255900632590055,
            51.72418098896742
          ],
          [
            -1.225337851792574,
            51.72425332479179
          ],
          [
            -1.225090753287077,
            51.724343514069915
          ],
          [
            -1.224905177950859,
            51.724431524053216
          ],
          [
            -1.22468875721097,
            51.72436388209462
          ],
          [
            -1.2245545629411936,
            51.72424997203052
          ],
          [
            -1.224322048947215,
            51.72415819019079
          ],
          [
            -1.2240963242948055,
            51.72410387545824
          ],
          [
            -1.2239476293325424,
            51.72400429844856
          ],
          [
            -1.2238970026373863,
            51.72386675141752
          ],
          [
            -1.223908318206668,
            51.72371202148497
          ],
          [
            -1.2239526584744453,
            51.72357656992972
          ],
          [
            -1.2239695060998201,
            51.72343005426228
          ],
          [
            -1.2239828333258629,
            51.723293429240584
          ],
          [
            -1.2239882815629244,
            51.723145907744765
          ],
          [
            -1.2239793967455626,
            51.72298732213676
          ],
          [
            -1.223965734243393,
            51.72282471321523
          ],
          [
            -1.2239631358534098,
            51.72265246510506
          ],
          [
            -1.2239557597786188,
            51.72247149981558
          ],
          [
            -1.2239524070173502,
            51.72230042517185
          ],
          [
            -1.2239490542560816,
            51.7221406660974
          ],
          [
            -1.2239461205899715,
            51.72197042964399
          ],
          [
            -1.2239290215075016,
            51.72180723398924
          ],
          [
            -1.2239273451268673,
            51.721641859039664
          ],
          [
            -1.2239190470427275,
            51.72148671001196
          ],
          [
            -1.2239307817071676,
            51.72133533284068
          ],
          [
            -1.2240480445325375,
            51.72118152491748
          ],
          [
            -1.2242574244737625,
            51.721041798591614
          ],
          [
            -1.2244586739689112,
            51.72088882885873
          ],
          [
            -1.2246759328991175,
            51.72074256464839
          ],
          [
            -1.2248262204229832,
            51.72064240090549
          ],
          [
            -1.2250523641705513,
            51.72050250694156
          ],
          [
            -1.225266270339489,
            51.720346603542566
          ],
          [
            -1.225401721894741,
            51.720234202221036
          ],
          [
            -1.225538682192564,
            51.72011920250952
          ],
          [
            -1.2256695237010717,
            51.71999934129417
          ],
          [
            -1.2257985211908817,
            51.719878893345594
          ],
          [
            -1.2259799893945456,
            51.71971561387181
          ],
          [
            -1.2261657323688269,
            51.71956214122474
          ],
          [
            -1.22634032741189,
            51.71942585147917
          ],
          [
            -1.226535625755787,
            51.71931479126215
          ],
          [
            -1.2267360370606184,
            51.71918420121074
          ],
          [
            -1.2269203551113605,
            51.719016982242465
          ],
          [
            -1.2270401325076818,
            51.71889058314264
          ],
          [
            -1.2271684594452381,
            51.718765357509255
          ],
          [
            -1.2273016478866339,
            51.71863258816302
          ],
          [
            -1.2274290528148413,
            51.718504428863525
          ],
          [
            -1.2275564577430487,
            51.71837752684951
          ],
          [
            -1.2276722118258476,
            51.71825875528157
          ],
          [
            -1.2278282828629017,
            51.7180844116956
          ],
          [
            -1.227947473526001,
            51.71791484579444
          ],
          [
            -1.2280317954719067,
            51.71775449998677
          ],
          [
            -1.2281246669590473,
            51.71761569567025
          ],
          [
            -1.228203373029828,
            51.71748041175306
          ],
          [
            -1.2282835878431797,
            51.71734965406358
          ],
          [
            -1.2283805664628744,
            51.717185117304325
          ],
          [
            -1.228460529819131,
            51.71700842678547
          ],
          [
            -1.2285716738551855,
            51.71681790612638
          ],
          [
            -1.228657504543662,
            51.71668111346662
          ],
          [
            -1.2287497892975807,
            51.71653350815177
          ],
          [
            -1.228838637471199,
            51.716371569782495
          ],
          [
            -1.2289263121783733,
            51.71620577573776
          ],
          [
            -1.2290187645703554,
            51.71603210270405
          ],
          [
            -1.2290952075272799,
            51.7158551607281
          ],
          [
            -1.2291571497917175,
            51.71567251905799
          ],
          [
            -1.2292068544775248,
            51.7154870275408
          ],
          [
            -1.2292364425957203,
            51.71529675833881
          ],
          [
            -1.2292465846985579,
            51.71510439366102
          ],
          [
            -1.229234766215086,
            51.71490339562297
          ],
          [
            -1.2292036693543196,
            51.71470399014652
          ],
          [
            -1.2291457504034042,
            51.714502070099115
          ],
          [
            -1.2290628533810377,
            51.71430735848844
          ],
          [
            -1.2289603427052498,
            51.7141143232584
          ],
          [
            -1.2288376316428185,
            51.71393386088312
          ],
          [
            -1.2286924570798874,
            51.71376094222069
          ],
          [
            -1.2285537365823984,
            51.7135997582227
          ],
          [
            -1.2284156028181314,
            51.71343958005309
          ],
          [
            -1.228279983624816,
            51.71328350901604
          ],
          [
            -1.2281481362879276,
            51.71314093284309
          ],
          [
            -1.2280176300555468,
            51.71300665475428
          ],
          [
            -1.227891482412815,
            51.71287648379803
          ],
          [
            -1.227768687531352,
            51.7127535212785
          ],
          [
            -1.2276307214051485,
            51.712637934833765
          ],
          [
            -1.2274944316595793,
            51.71252930536866
          ],
          [
            -1.2272816989570856,
            51.712393183261156
          ],
          [
            -1.2270953692495823,
            51.71229679137468
          ],
          [
            -1.2268777750432491,
            51.712310537695885
          ],
          [
            -1.226680213585496,
            51.7124186642468
          ],
          [
            -1.226492039859295,
            51.712556881830096
          ],
          [
            -1.226279055699706,
            51.71260834671557
          ],
          [
            -1.2260358966886997,
            51.712593929842114
          ],
          [
            -1.2257883790880442,
            51.712544057518244
          ],
          [
            -1.2255789153277874,
            51.71245235949755
          ],
          [
            -1.2254179827868938,
            51.71231573447585
          ],
          [
            -1.225274819880724,
            51.71221003867686
          ],
          [
            -1.2251877319067717,
            51.712119430303574
          ]
        ]
      },
      "properties": {
        "name": "2023-08-27 (Sun) 19:28",
        "source_file": "2023-08-27-182859-ELEMNT_ROAM_A974-24-0.fit",
        "date": "2023-08-27T18:28:59",
        "sport": "cycling",
        "dropbox_id": "id:JY-PzzIM9pcAAAAAAAAA4A"
      }
    },
    {
      "type": "Feature",
      "geometry": {
        "type": "LineString",
        "coordinates": [
          [
            -1.2252333294600248,
            51.71205136924982
          ],
          [
            -1.2253078445792198,
            51.71220182441175
          ],
          [
            -1.2254189047962427,
            51.71231858432293
          ],
          [
            -1.225617891177535,
            51.71242302283645
          ],
          [
            -1.2258233316242695,
            51.712495191022754
          ],
          [
            -1.2260772194713354,
            51.71253508888185
          ],
          [
            -1.2263260781764984,
            51.71254028566182
          ],
          [
            -1.2265599332749844,
            51.71244758181274
          ],
          [
            -1.2267252244055271,
            51.712343813851476
          ],
          [
            -1.2268864922225475,
            51.7122408002615
          ],
          [
            -1.2271230295300484,
            51.712268544360995
          ],
          [
            -1.2273195013403893,
            51.71237474307418
          ],
          [
            -1.2275137100368738,
            51.7125082667917
          ],
          [
            -1.2276596389710903,
            51.71261731535196
          ],
          [
            -1.227801376953721,
            51.712732231244445
          ],
          [
            -1.2279337272047997,
            51.71284630894661
          ],
          [
            -1.2280628085136414,
            51.7129641585052
          ],
          [
            -1.2281822506338358,
            51.71308854594827
          ],
          [
            -1.2282992620021105,
            51.71321536414325
          ],
          [
            -1.2284217216074467,
            51.71334033831954
          ],
          [
            -1.228537056595087,
            51.71346967108548
          ],
          [
            -1.2286573369055986,
            51.71358911320567
          ],
          [
            -1.2287717498838902,
            51.7137052025646
          ],
          [
            -1.2289087940007448,
            51.71386169269681
          ],
          [
            -1.229023039340973,
            51.714018853381276
          ],
          [
            -1.2291011586785316,
            51.71414558775723
          ],
          [
            -1.2291875761002302,
            51.714310459792614
          ],
          [
            -1.2292517814785242,
            51.71447482891381
          ],
          [
            -1.2293050903826952,
            51.714641377329826
          ],
          [
            -1.229337528347969,
            51.71480926685035
          ],
          [
            -1.2293476704508066,
            51.71497279778123
          ],
          [
            -1.2293516099452972,
            51.71513666398823
          ],
          [
            -1.229334594681859,
            51.71530455350876
          ],
          [
            -1.2292961217463017,
            51.71546875499189
          ],
          [
            -1.2292447406798601,
            51.715644020587206
          ],
          [
            -1.2291925214231014,
            51.71577863395214
          ],
          [
            -1.2291303277015686,
            51.71590888872743
          ],
          [
            -1.2290603388100863,
            51.716067558154464
          ],
          [
            -1.228987667709589,
            51.71622756868601
          ],
          [
            -1.2288994062691927,
            51.71639579348266
          ],
          [
            -1.2288110610097647,
            51.71655555255711
          ],
          [
            -1.2287180218845606,
            51.71671958640218
          ],
          [
            -1.2286255694925785,
            51.71688529662788
          ],
          [
            -1.2285304348915815,
            51.71704673208296
          ],
          [
            -1.2284454423934221,
            51.71720104292035
          ],
          [
            -1.2283632159233093,
            51.717361053451896
          ],
          [
            -1.2282747030258179,
            51.71750849112868
          ],
          [
            -1.2281968351453543,
            51.71765576116741
          ],
          [
            -1.2281249184161425,
            51.71779557131231
          ],
          [
            -1.228021066635847,
            51.71792523935437
          ],
          [
            -1.2279219087213278,
            51.71805842779577
          ],
          [
            -1.2278080824762583,
            51.718189688399434
          ],
          [
            -1.2276703678071499,
            51.718328995630145
          ],
          [
            -1.2275313958525658,
            51.71847257763147
          ],
          [
            -1.2273910827934742,
            51.71861599199474
          ],
          [
            -1.2272568885236979,
            51.71875379048288
          ],
          [
            -1.2271232809871435,
            51.71888614073396
          ],
          [
            -1.2270025815814734,
            51.719017401337624
          ],
          [
            -1.2268750928342342,
            51.7191360052675
          ],
          [
            -1.2267362885177135,
            51.71924287453294
          ],
          [
            -1.2265474442392588,
            51.71935980208218
          ],
          [
            -1.226369496434927,
            51.71946231275797
          ],
          [
            -1.2262168619781733,
            51.719583850353956
          ],
          [
            -1.2260888703167439,
            51.71969591639936
          ],
          [
            -1.2259545922279358,
            51.71982633881271
          ],
          [
            -1.225804053246975,
            51.71995768323541
          ],
          [
            -1.2256455514580011,
            51.720088105648756
          ],
          [
            -1.2254846189171076,
            51.720214169472456
          ],
          [
            -1.2253271229565144,
            51.720334868878126
          ],
          [
            -1.2251721415668726,
            51.72044534236193
          ],
          [
            -1.22501565143466,
            51.72055481001735
          ],
          [
            -1.224855137988925,
            51.7206662055105
          ],
          [
            -1.2247009109705687,
            51.72077466733754
          ],
          [
            -1.2245430797338486,
            51.7208818718791
          ],
          [
            -1.2243946362286806,
            51.72099142335355
          ],
          [
            -1.2242392357438803,
            51.721093598753214
          ],
          [
            -1.224119458347559,
            51.72121689654887
          ],
          [
            -1.2240648921579123,
            51.72135687433183
          ],
          [
            -1.2240154389292002,
            51.72150079160929
          ],
          [
            -1.2239942327141762,
            51.721649235114455
          ],
          [
            -1.2239716853946447,
            51.72179935500026
          ],
          [
            -1.2239937297999859,
            51.72193958424032
          ],
          [
            -1.2240037880837917,
            51.72207662835717
          ],
          [
            -1.2240153551101685,
            51.72225541435182
          ],
          [
            -1.2240156065672636,
            51.72239522449672
          ],
          [
            -1.2240177020430565,
            51.72253536991775
          ],
          [
            -1.2240254133939743,
            51.722679203376174
          ],
          [
            -1.2240220606327057,
            51.722819013521075
          ],
          [
            -1.2240106612443924,
            51.72296091914177
          ],
          [
            -1.2240348011255264,
            51.72310324385762
          ],
          [
            -1.2240324541926384,
            51.72324447892606
          ],
          [
            -1.224010493606329,
            51.72338646836579
          ],
          [
            -1.2239835038781166,
            51.72352988272905
          ],
          [
            -1.223969254642725,
            51.723670698702335
          ],
          [
            -1.2239374872297049,
            51.72385208308697
          ],
          [
            -1.2239611241966486,
            51.724004969000816
          ],
          [
            -1.2241726834326982,
            51.7240905482322
          ],
          [
            -1.2243938818573952,
            51.724091386422515
          ],
          [
            -1.224580043926835,
            51.72416506335139
          ],
          [
            -1.2247742526233196,
            51.7242612875998
          ],
          [
            -1.224978854879737,
            51.72431501559913
          ],
          [
            -1.2251791823655367,
            51.72421577386558
          ],
          [
            -1.2253920827060938,
            51.72415961511433
          ],
          [
            -1.2256475631147623,
            51.72412013635039
          ],
          [
            -1.2258835975080729,
            51.724060541018844
          ],
          [
            -1.2261208053678274,
            51.72401209361851
          ],
          [
            -1.2263728491961956,
            51.723975129425526
          ],
          [
            -1.2266212888062,
            51.723932549357414
          ],
          [
            -1.2268644478172064,
            51.723867589607835
          ],
          [
            -1.2271043378859758,
            51.72380623407662
          ],
          [
            -1.2273329123854637,
            51.72374336980283
          ],
          [
            -1.2275697849690914,
            51.723674638196826
          ],
          [
            -1.2278132792562246,
            51.723601715639234
          ],
          [
            -1.2280784826725721,
            51.72353566624224
          ],
          [
            -1.2283372320234776,
            51.72348227351904
          ],
          [
            -1.2285951431840658,
            51.72341697849333
          ],
          [
            -1.2288564909249544,
            51.72335394658148
          ],
          [
            -1.2291015777736902,
            51.72327448613942
          ],
          [
            -1.2293582316488028,
            51.72318974509835
          ],
          [
            -1.229614382609725,
            51.72311388887465
          ],
          [
            -1.2298598047345877,
            51.72303384169936
          ],
          [
            -1.2300491519272327,
            51.72296670265496
          ],
          [
            -1.2302500661462545,
            51.722903503105044
          ],
          [
            -1.2304581888020039,
            51.7228383757174
          ],
          [
            -1.2306741904467344,
            51.72278590500355
          ],
          [
            -1.2308935448527336,
            51.72274114564061
          ],
          [
            -1.2311154138296843,
            51.722696386277676
          ],
          [
            -1.231339881196618,
            51.72266059555113
          ],
          [
            -1.2315668631345034,
            51.722630420699716
          ],
          [
            -1.2317909114062786,
            51.72259974293411
          ],
          [
            -1.2320106849074364,
            51.722567891702056
          ],
          [
            -1.2322321347892284,
            51.72254232689738
          ],
          [
            -1.2324585299938917,
            51.72249387949705
          ],
          [
            -1.2326863501220942,
            51.72244685702026
          ],
          [
            -1.2329399026930332,
            51.722403187304735
          ],
          [
            -1.233192952349782,
            51.72235365025699
          ],
          [
            -1.2334491033107042,
            51.7223013471812
          ],
          [
            -1.233699219301343,
            51.72224812209606
          ],
          [
            -1.2339476589113474,
            51.72222515568137
          ],
          [
            -1.2341799214482307,
            51.722251223400235
          ],
          [
            -1.2344212364405394,
            51.72227184288204
          ],
          [
            -1.2346690893173218,
            51.72229874879122
          ],
          [
            -1.2349032796919346,
            51.72232129611075
          ],
          [
            -1.2351400684565306,
            51.72235054895282
          ],
          [
            -1.2353689782321453,
            51.72239840961993
          ],
          [
            -1.2355650309473276,
            51.72248021699488
          ],
          [
            -1.2357565574347973,
            51.72257451340556
          ],
          [
            -1.2359489221125841,
            51.7226607631892
          ],
          [
            -1.236134497448802,
            51.72275095246732
          ],
          [
            -1.2363160494714975,
            51.72284273430705
          ],
          [
            -1.2365062348544598,
            51.72293074429035
          ],
          [
            -1.2367053888738155,
            51.72301942482591
          ],
          [
            -1.2369123380631208,
            51.72311011701822
          ],
          [
            -1.2371261604130268,
            51.72320516780019
          ],
          [
            -1.2373277451843023,
            51.72329560853541
          ],
          [
            -1.2375626061111689,
            51.723410189151764
          ],
          [
            -1.2377783562988043,
            51.723521584644914
          ],
          [
            -1.2379862274974585,
            51.723628705367446
          ],
          [
            -1.2382120359688997,
            51.723729874938726
          ],
          [
            -1.2384336534887552,
            51.723829535767436
          ],
          [
            -1.2386566959321499,
            51.72393238171935
          ],
          [
            -1.2388771399855614,
            51.724035143852234
          ],
          [
            -1.2390930578112602,
            51.724134385585785
          ],
          [
            -1.2393227219581604,
            51.72423756681383
          ],
          [
            -1.2395514640957117,
            51.72434393316507
          ],
          [
            -1.2397869117558002,
            51.72445113770664
          ],
          [
            -1.2400244548916817,
            51.72455783933401
          ],
          [
            -1.240261998027563,
            51.72466278076172
          ],
          [
            -1.2404969427734613,
            51.724774930626154
          ],
          [
            -1.24073532409966,
            51.724886326119304
          ],
          [
            -1.2409633118659258,
            51.72498623840511
          ],
          [
            -1.2411902099847794,
            51.72508782707155
          ],
          [
            -1.2414099834859371,
            51.72519218176603
          ],
          [
            -1.2416303437203169,
            51.72529326751828
          ],
          [
            -1.2418469320982695,
            51.72539368271828
          ],
          [
            -1.2420574016869068,
            51.725493762642145
          ],
          [
            -1.2422659434378147,
            51.72558847814798
          ],
          [
            -1.2424753233790398,
            51.72568361274898
          ],
          [
            -1.24269375577569,
            51.72578386031091
          ],
          [
            -1.2429121881723404,
            51.72588243149221
          ],
          [
            -1.2431320454925299,
            51.725981337949634
          ],
          [
            -1.2433524895459414,
            51.72608116641641
          ],
          [
            -1.243569664657116,
            51.72618283890188
          ],
          [
            -1.2437898572534323,
            51.72628266736865
          ],
          [
            -1.2440027575939894,
            51.72637897543609
          ],
          [
            -1.2442128919064999,
            51.726475954055786
          ],
          [
            -1.2444271333515644,
            51.72656941227615
          ],
          [
            -1.2446387764066458,
            51.7266652174294
          ],
          [
            -1.2448399420827627,
            51.72675716690719
          ],
          [
            -1.2450452987104654,
            51.72685104422271
          ],
          [
            -1.2452464643865824,
            51.726946514099836
          ],
          [
            -1.2454504799097776,
            51.72704097814858
          ],
          [
            -1.2456531543284655,
            51.727134604007006
          ],
          [
            -1.2458495423197746,
            51.727221608161926
          ],
          [
            -1.2460457626730204,
            51.72730718739331
          ],
          [
            -1.24622848816216,
            51.72738731838763
          ],
          [
            -1.2464416399598122,
            51.72749393619597
          ],
          [
            -1.246639033779502,
            51.72761807218194
          ],
          [
            -1.2467662710696459,
            51.72773550264537
          ],
          [
            -1.2468958552926779,
            51.727861650288105
          ],
          [
            -1.2470205780118704,
            51.72799819149077
          ],
          [
            -1.2471572030335665,
            51.72813096083701
          ],
          [
            -1.2473112624138594,
            51.72825870104134
          ],
          [
            -1.2474771402776241,
            51.728372275829315
          ],
          [
            -1.2476221472024918,
            51.72847352921963
          ],
          [
            -1.24771099537611,
            51.72863630577922
          ],
          [
            -1.2477618735283613,
            51.72879380173981
          ],
          [
            -1.247796742245555,
            51.72895951196551
          ],
          [
            -1.2478435132652521,
            51.72913494519889
          ],
          [
            -1.2478784658014774,
            51.72931213863194
          ],
          [
            -1.247905120253563,
            51.72945538535714
          ],
          [
            -1.247925739735365,
            51.7296059243381
          ],
          [
            -1.2479517236351967,
            51.729755038395524
          ],
          [
            -1.2479751091450453,
            51.72990792430937
          ],
          [
            -1.248000506311655,
            51.730056116357446
          ],
          [
            -1.248022299259901,
            51.73021067865193
          ],
          [
            -1.2480448465794325,
            51.73036406747997
          ],
          [
            -1.248077703639865,
            51.73051762394607
          ],
          [
            -1.248111817985773,
            51.73066573217511
          ],
          [
            -1.2481496203690767,
            51.73081509768963
          ],
          [
            -1.2481888476759195,
            51.73096320591867
          ],
          [
            -1.248234948143363,
            51.731116343289614
          ],
          [
            -1.2482838984578848,
            51.731264954432845
          ],
          [
            -1.2483351957052946,
            51.73141373321414
          ],
          [
            -1.248400490731001,
            51.7315608356148
          ],
          [
            -1.24851917847991,
            51.73168840818107
          ],
          [
            -1.2486414704471827,
            51.731807850301266
          ],
          [
            -1.2487197574228048,
            51.73193450085819
          ],
          [
            -1.248777424916625,
            51.73207104206085
          ],
          [
            -1.248846910893917,
            51.73222795128822
          ],
          [
            -1.2488992977887392,
            51.732369186356664
          ],
          [
            -1.248985044658184,
            51.732498686760664
          ],
          [
            -1.249034833163023,
            51.73264252021909
          ],
          [
            -1.249061906710267,
            51.73278098925948
          ],
          [
            -1.2491337396204472,
            51.73292398452759
          ],
          [
            -1.2492552772164345,
            51.733051305636764
          ],
          [
            -1.249486031010747,
            51.733144680038095
          ],
          [
            -1.249570855870843,
            51.73327141441405
          ],
          [
            -1.2496653199195862,
            51.73341482877731
          ],
          [
            -1.2497653998434544,
            51.73356176353991
          ],
          [
            -1.249881824478507,
            51.73371020704508
          ],
          [
            -1.249990537762642,
            51.7338646017015
          ],
          [
            -1.2500953115522861,
            51.734023271128535
          ],
          [
            -1.2501992471516132,
            51.73417850397527
          ],
          [
            -1.2502873409539461,
            51.734331641346216
          ],
          [
            -1.2503650411963463,
            51.73448720946908
          ],
          [
            -1.2504394724965096,
            51.73463481478393
          ],
          [
            -1.2505078688263893,
            51.7347695119679
          ],
          [
            -1.2505805399268866,
            51.734905717894435
          ],
          [
            -1.2506532948464155,
            51.73504703678191
          ],
          [
            -1.2507308274507523,
            51.735190115869045
          ],
          [
            -1.2508082762360573,
            51.735342498868704
          ],
          [
            -1.2508925143629313,
            51.73548893071711
          ],
          [
            -1.2509687896817923,
            51.73563561402261
          ],
          [
            -1.2510531954467297,
            51.73578104004264
          ],
          [
            -1.2511378526687622,
            51.735930824652314
          ],
          [
            -1.2512199953198433,
            51.73608488403261
          ],
          [
            -1.2513023056089878,
            51.736231315881014
          ],
          [
            -1.2513836100697517,
            51.7363769095391
          ],
          [
            -1.2514674291014671,
            51.7365254368633
          ],
          [
            -1.2515498232096434,
            51.7366774007678
          ],
          [
            -1.2516364082694054,
            51.736825592815876
          ],
          [
            -1.2517188861966133,
            51.73698007129133
          ],
          [
            -1.2517971731722355,
            51.73712759278715
          ],
          [
            -1.2518828362226486,
            51.73727201297879
          ],
          [
            -1.2519697565585375,
            51.73742724582553
          ],
          [
            -1.2520614545792341,
            51.73757879063487
          ],
          [
            -1.2521591037511826,
            51.73773134127259
          ],
          [
            -1.2522563338279724,
            51.73787768930197
          ],
          [
            -1.2523523904383183,
            51.73802395351231
          ],
          [
            -1.2524495366960764,
            51.73817306756973
          ],
          [
            -1.2525479402393103,
            51.738322768360376
          ],
          [
            -1.2526476848870516,
            51.73846643418074
          ],
          [
            -1.2527517043054104,
            51.73861479386687
          ],
          [
            -1.2528641056269407,
            51.738755609840155
          ],
          [
            -1.252972986549139,
            51.73891268670559
          ],
          [
            -1.25308346003294,
            51.7390607111156
          ],
          [
            -1.253189155831933,
            51.739210998639464
          ],
          [
            -1.2532989587634802,
            51.739354161545634
          ],
          [
            -1.2534090969711542,
            51.73950478434563
          ],
          [
            -1.253517810255289,
            51.7396548204124
          ],
          [
            -1.2536243442445993,
            51.73979898914695
          ],
          [
            -1.253735153004527,
            51.739942068234086
          ],
          [
            -1.253849733620882,
            51.74007919616997
          ],
          [
            -1.253948975354433,
            51.740227388218045
          ],
          [
            -1.2540575210005045,
            51.74037164077163
          ],
          [
            -1.2541649769991636,
            51.74051832407713
          ],
          [
            -1.2542766239494085,
            51.74066534265876
          ],
          [
            -1.2543793022632599,
            51.74081336706877
          ],
          [
            -1.2544795498251915,
            51.740959296002984
          ],
          [
            -1.2545811384916306,
            51.741107907146215
          ],
          [
            -1.254671411588788,
            51.74126313999295
          ],
          [
            -1.2547611817717552,
            51.74141200259328
          ],
          [
            -1.2548491079360247,
            51.74156564287841
          ],
          [
            -1.2549365311861038,
            51.74171023070812
          ],
          [
            -1.2550294026732445,
            51.7418565787375
          ],
          [
            -1.255117328837514,
            51.74200560897589
          ],
          [
            -1.2552055902779102,
            51.74215287901461
          ],
          [
            -1.2552920076996088,
            51.742301154881716
          ],
          [
            -1.2553787603974342,
            51.742450101301074
          ],
          [
            -1.2554610706865788,
            51.74259502440691
          ],
          [
            -1.2555356696248055,
            51.742739863693714
          ],
          [
            -1.2556067481637,
            51.74288193695247
          ],
          [
            -1.255675395950675,
            51.74302308820188
          ],
          [
            -1.2557495757937431,
            51.743172369897366
          ],
          [
            -1.255816463381052,
            51.74331771209836
          ],
          [
            -1.2558957561850548,
            51.74348618835211
          ],
          [
            -1.255956357344985,
            51.74364477396011
          ],
          [
            -1.2559941597282887,
            51.743802689015865
          ],
          [
            -1.2560372427105904,
            51.74397259019315
          ],
          [
            -1.2560768891125917,
            51.74414299428463
          ],
          [
            -1.2561063095927238,
            51.74429252743721
          ],
          [
            -1.2561362329870462,
            51.74444993957877
          ],
          [
            -1.2561654020100832,
            51.74461707472801
          ],
          [
            -1.2561843451112509,
            51.744754454120994
          ],
          [
            -1.2562073953449726,
            51.74491555429995
          ],
          [
            -1.2562286853790283,
            51.74508025869727
          ],
          [
            -1.2562385760247707,
            51.74523834139109
          ],
          [
            -1.2562586925923824,
            51.74539742991328
          ],
          [
            -1.2562724389135838,
            51.745534306392074
          ],
          [
            -1.256284173578024,
            51.74567746929824
          ],
          [
            -1.2562937289476395,
            51.745821721851826
          ],
          [
            -1.2563069723546505,
            51.74595734104514
          ],
          [
            -1.2563202995806932,
            51.746106119826436
          ],
          [
            -1.256331279873848,
            51.74626277759671
          ],
          [
            -1.2563508097082376,
            51.746430583298206
          ],
          [
            -1.2563622929155827,
            51.74658942036331
          ],
          [
            -1.256403112784028,
            51.74676007591188
          ],
          [
            -1.256480310112238,
            51.74693752080202
          ],
          [
            -1.2565243151038885,
            51.74713348969817
          ],
          [
            -1.2564961519092321,
            51.74732929095626
          ],
          [
            -1.256500007584691,
            51.74753121100366
          ],
          [
            -1.2565226387232542,
            51.74773086793721
          ],
          [
            -1.2565456051379442,
            51.74791577272117
          ],
          [
            -1.2565689906477928,
            51.74809858202934
          ],
          [
            -1.25659572891891,
            51.74827242270112
          ],
          [
            -1.2566114868968725,
            51.748438300564885
          ],
          [
            -1.2566347885876894,
            51.74860677681863
          ],
          [
            -1.2566644605249166,
            51.74877617508173
          ],
          [
            -1.2566820625215769,
            51.748941550031304
          ],
          [
            -1.2566959764808416,
            51.74909753724933
          ],
          [
            -1.2567259836941957,
            51.74924656748772
          ],
          [
            -1.2567703239619732,
            51.749391574412584
          ],
          [
            -1.2568031810224056,
            51.74953096546233
          ],
          [
            -1.2568274047225714,
            51.749671110883355
          ],
          [
            -1.2568412348628044,
            51.74983154051006
          ],
          [
            -1.256854310631752,
            51.74997579306364
          ],
          [
            -1.2568633630871773,
            51.75011929124594
          ],
          [
            -1.2568600103259087,
            51.750274524092674
          ],
          [
            -1.2568974774330854,
            51.75043378025293
          ],
          [
            -1.2569481879472733,
            51.750592701137066
          ],
          [
            -1.2570031732320786,
            51.75074592232704
          ],
          [
            -1.2571048457175493,
            51.75089243799448
          ],
          [
            -1.2571969628334045,
            51.75104130059481
          ],
          [
            -1.2572767585515976,
            51.75118756480515
          ],
          [
            -1.2573451548814774,
            51.751326620578766
          ],
          [
            -1.2574274651706219,
            51.75146056339145
          ],
          [
            -1.2575156427919865,
            51.75159752368927
          ],
          [
            -1.25760180875659,
            51.75174605101347
          ],
          [
            -1.2576542794704437,
            51.75189566798508
          ],
          [
            -1.2574684526771307,
            51.75201192498207
          ],
          [
            -1.2571863178163767,
            51.75205685198307
          ],
          [
            -1.2569696456193924,
            51.75209356471896
          ],
          [
            -1.2567490339279175,
            51.75212424248457
          ],
          [
            -1.2564691621810198,
            51.752165984362364
          ],
          [
            -1.2562099937349558,
            51.75220160745084
          ],
          [
            -1.2559786532074213,
            51.752237817272544
          ],
          [
            -1.2558576185256243,
            51.7523611150682
          ],
          [
            -1.2558520026504993,
            51.752505954355
          ],
          [
            -1.2558558583259583,
            51.752644842490554
          ],
          [
            -1.255925763398409,
            51.75279261544347
          ],
          [
            -1.25601377338171,
            51.7529343534261
          ],
          [
            -1.2561282701790333,
            51.75308430567384
          ],
          [
            -1.2562126759439707,
            51.753240041434765
          ],
          [
            -1.2562848441302776,
            51.753384126350284
          ],
          [
            -1.2563741113990545,
            51.75354816019535
          ],
          [
            -1.2564430106431246,
            51.75371076911688
          ],
          [
            -1.2565226387232542,
            51.75385887734592
          ],
          [
            -1.2565928790718317,
            51.75402492284775
          ],
          [
            -1.256661107763648,
            51.75416288897395
          ],
          [
            -1.2566460203379393,
            51.75430797971785
          ],
          [
            -1.2564257439225912,
            51.75435634329915
          ],
          [
            -1.2561765499413013,
            51.75435097888112
          ],
          [
            -1.2559312116354704,
            51.75438383594155
          ],
          [
            -1.2556847836822271,
            51.754431864246726
          ],
          [
            -1.255447156727314,
            51.75450151786208
          ],
          [
            -1.2552146427333355,
            51.75458734855056
          ],
          [
            -1.2549783568829298,
            51.7546767834574
          ],
          [
            -1.254769479855895,
            51.754776276648045
          ],
          [
            -1.2545890174806118,
            51.754879457876086
          ],
          [
            -1.2545911129564047,
            51.75505019724369
          ],
          [
            -1.254699993878603,
            51.75520274788141
          ],
          [
            -1.2548067793250084,
            51.75536099821329
          ],
          [
            -1.254910295829177,
            51.75552218221128
          ],
          [
            -1.255017165094614,
            51.75568588078022
          ],
          [
            -1.2551171611994505,
            51.75583499483764
          ],
          [
            -1.2552043329924345,
            51.75597187131643
          ],
          [
            -1.255288990214467,
            51.756101958453655
          ],
          [
            -1.255400888621807,
            51.75626741722226
          ],
          [
            -1.2555165588855743,
            51.75643555819988
          ],
          [
            -1.2555950973182917,
            51.75656673498452
          ],
          [
            -1.2556756474077702,
            51.75669481046498
          ],
          [
            -1.2557553593069315,
            51.756827998906374
          ],
          [
            -1.255842112004757,
            51.75695858895779
          ],
          [
            -1.2559468019753695,
            51.75710921175778
          ],
          [
            -1.2560391705483198,
            51.757235024124384
          ],
          [
            -1.2561387475579977,
            51.75737793557346
          ],
          [
            -1.256247628480196,
            51.75752998329699
          ],
          [
            -1.2563538271933794,
            51.75769577734172
          ],
          [
            -1.2564372271299362,
            51.75782569684088
          ],
          [
            -1.2565243989229202,
            51.757961148396134
          ],
          [
            -1.2566077150404453,
            51.758113196119666
          ],
          [
            -1.2566893547773361,
            51.758256778120995
          ],
          [
            -1.256760349497199,
            51.75840564072132
          ],
          [
            -1.2568243872374296,
            51.758543606847525
          ],
          [
            -1.256903512403369,
            51.75868224352598
          ],
          [
            -1.256967382505536,
            51.758825574070215
          ],
          [
            -1.2570207752287388,
            51.75895733758807
          ],
          [
            -1.2570904288440943,
            51.75910829566419
          ],
          [
            -1.2571722362190485,
            51.75926788710058
          ],
          [
            -1.2572567258030176,
            51.75940275192261
          ],
          [
            -1.2573815323412418,
            51.7595673725009
          ],
          [
            -1.257625026628375,
            51.759648928418756
          ],
          [
            -1.2578769028186798,
            51.75960752181709
          ],
          [
            -1.2581279408186674,
            51.75954666920006
          ],
          [
            -1.2583681661635637,
            51.759488163515925
          ],
          [
            -1.2586288433521986,
            51.75943451933563
          ],
          [
            -1.2588807195425034,
            51.75938121043146
          ],
          [
            -1.259124968200922,
            51.75932773388922
          ],
          [
            -1.259367959573865,
            51.759280459955335
          ],
          [
            -1.2596174888312817,
            51.759237963706255
          ],
          [
            -1.2598390225321054,
            51.75920099951327
          ],
          [
            -1.2598289642482996,
            51.759052220731974
          ],
          [
            -1.259832652285695,
            51.75888332538307
          ],
          [
            -1.2598460633307695,
            51.758745945990086
          ],
          [
            -1.2598496675491333,
            51.75856481306255
          ],
          [
            -1.2598443869501352,
            51.75842366181314
          ],
          [
            -1.2598387710750103,
            51.75828544422984
          ],
          [
            -1.259822091087699,
            51.75811034627259
          ],
          [
            -1.2598033156245947,
            51.75793373957276
          ],
          [
            -1.259772889316082,
            51.75778009928763
          ],
          [
            -1.2597305607050657,
            51.75761053338647
          ],
          [
            -1.2596864718943834,
            51.75744063220918
          ],
          [
            -1.2596367672085762,
            51.75726654008031
          ],
          [
            -1.2595776747912169,
            51.75710678100586
          ],
          [
            -1.2595198396593332,
            51.75693629309535
          ],
          [
            -1.2594089470803738,
            51.75679279491305
          ],
          [
            -1.25931054353714,
            51.75665172748268
          ],
          [
            -1.2592002376914024,
            51.75650579854846
          ],
          [
            -1.25912731513381,
            51.756362887099385
          ],
          [
            -1.2590863276273012,
            51.756217293441296
          ],
          [
            -1.2590512912720442,
            51.75604638643563
          ],
          [
            -1.259084651246667,
            51.755894757807255
          ],
          [
            -1.2590678036212921,
            51.75587405450642
          ]
        ]
      },
      "properties": {
        "name": "2023-08-29 (Tue) 08:16",
        "source_file": "2023-08-29-071649-ELEMNT_ROAM_A974-25-0.fit",
        "date": "2023-08-29T07:16:49",
        "sport": "cycling",
        "dropbox_id": "id:JY-PzzIM9pcAAAAAAAAA4Q"
      }
    },
    {
      "type": "Feature",
      "geometry": {
        "type": "LineString",
        "coordinates": [
          [
            -1.2589566595852375,
            51.75545118749142
          ],
          [
            -1.2588643748313189,
            51.755310790613294
          ],
          [
            -1.258729174733162,
            51.75516787916422
          ],
          [
            -1.258590454235673,
            51.755046509206295
          ],
          [
            -1.258458187803626,
            51.75490401685238
          ],
          [
            -1.258399011567235,
            51.75475272350013
          ],
          [
            -1.2583550065755844,
            51.75460176542401
          ],
          [
            -1.25834159553051,
            51.75445122644305
          ],
          [
            -1.258208742365241,
            51.75433530472219
          ],
          [
            -1.2579789943993092,
            51.75431820563972
          ],
          [
            -1.2577580474317074,
            51.754322396591306
          ],
          [
            -1.2575250305235386,
            51.754367826506495
          ],
          [
            -1.2572993896901608,
            51.75439439713955
          ],
          [
            -1.257043071091175,
            51.754424907267094
          ],
          [
            -1.2567840702831745,
            51.754421554505825
          ],
          [
            -1.2565985787659883,
            51.75433010794222
          ],
          [
            -1.2565249018371105,
            51.75418250262737
          ],
          [
            -1.2564589362591505,
            51.75403716042638
          ],
          [
            -1.256359862163663,
            51.7538773175329
          ],
          [
            -1.2562866881489754,
            51.753740357235074
          ],
          [
            -1.256229355931282,
            51.75360926426947
          ],
          [
            -1.256170766428113,
            51.753469202667475
          ],
          [
            -1.256095077842474,
            51.75320802256465
          ],
          [
            -1.2560255080461502,
            51.75306594930589
          ],
          [
            -1.255949316546321,
            51.75290719605982
          ],
          [
            -1.2559034675359726,
            51.75275078974664
          ],
          [
            -1.2558816745877266,
            51.75261517055333
          ],
          [
            -1.2558816745877266,
            51.75247368402779
          ],
          [
            -1.2562365643680096,
            51.75226220861077
          ],
          [
            -1.2564477883279324,
            51.7521935608238
          ],
          [
            -1.256690276786685,
            51.75215031020343
          ],
          [
            -1.2569319270551205,
            51.75211544148624
          ],
          [
            -1.2571613397449255,
            51.75208484753966
          ],
          [
            -1.257400307804346,
            51.75201863050461
          ],
          [
            -1.257537603378296,
            51.751897763460875
          ],
          [
            -1.257462501525879,
            51.75174512900412
          ],
          [
            -1.2573819514364004,
            51.75158092752099
          ],
          [
            -1.2572744116187096,
            51.75141194835305
          ],
          [
            -1.2572141457349062,
            51.75127842463553
          ],
          [
            -1.2571475096046925,
            51.751143895089626
          ],
          [
            -1.257069306448102,
            51.7510071862489
          ],
          [
            -1.2570081185549498,
            51.75085438415408
          ],
          [
            -1.2569571565836668,
            51.750699151307344
          ],
          [
            -1.2568958010524511,
            51.750547271221876
          ],
          [
            -1.25683369114995,
            51.7503940500319
          ],
          [
            -1.2567984871566296,
            51.75023755989969
          ],
          [
            -1.2567874230444431,
            51.750071849673986
          ],
          [
            -1.2567650433629751,
            51.74990278668702
          ],
          [
            -1.2567407358437777,
            51.749730706214905
          ],
          [
            -1.2566989939659834,
            51.74955879338086
          ],
          [
            -1.2566607724875212,
            51.74938352778554
          ],
          [
            -1.2566281668841839,
            51.749207675457
          ],
          [
            -1.2566051166504622,
            51.74905814230442
          ],
          [
            -1.256581898778677,
            51.74892143346369
          ],
          [
            -1.256555998697877,
            51.74877273850143
          ],
          [
            -1.2565148435533047,
            51.748616667464375
          ],
          [
            -1.2564675696194172,
            51.74846109934151
          ],
          [
            -1.2564368080347776,
            51.748306872323155
          ],
          [
            -1.2564242351800203,
            51.74814493395388
          ],
          [
            -1.2564042024314404,
            51.74797830171883
          ],
          [
            -1.2563983350992203,
            51.74782189540565
          ],
          [
            -1.2563950661569834,
            51.74766833893955
          ],
          [
            -1.2563791405409575,
            51.747530456632376
          ],
          [
            -1.256370758637786,
            51.74737287685275
          ],
          [
            -1.2563600298017263,
            51.747234323993325
          ],
          [
            -1.2563484627753496,
            51.74707473255694
          ],
          [
            -1.2563292682170868,
            51.74690181389451
          ],
          [
            -1.2563207186758518,
            51.74672587774694
          ],
          [
            -1.2563150189816952,
            51.7465864866972
          ],
          [
            -1.256304206326604,
            51.74643963575363
          ],
          [
            -1.2562884483486414,
            51.746289348229766
          ],
          [
            -1.2562741991132498,
            51.746142162010074
          ],
          [
            -1.256252070888877,
            51.74599749036133
          ],
          [
            -1.256233463063836,
            51.74583504907787
          ],
          [
            -1.256212592124939,
            51.745669171214104
          ],
          [
            -1.2561894580721855,
            51.745494743809104
          ],
          [
            -1.256174286827445,
            51.74535468220711
          ],
          [
            -1.256153415888548,
            51.74521545879543
          ],
          [
            -1.2561260908842087,
            51.745044300332665
          ],
          [
            -1.2560985144227743,
            51.744881607592106
          ],
          [
            -1.2560685072094202,
            51.7447021510452
          ],
          [
            -1.256039422005415,
            51.744513977319
          ],
          [
            -1.2560064811259508,
            51.74432664178312
          ],
          [
            -1.2559668347239494,
            51.744135366752744
          ],
          [
            -1.2559209857136011,
            51.7439388949424
          ],
          [
            -1.2558675091713667,
            51.74374468624592
          ],
          [
            -1.2558258511126041,
            51.74361074343324
          ],
          [
            -1.2557411938905716,
            51.743416618555784
          ],
          [
            -1.2556544411927462,
            51.74322735518217
          ],
          [
            -1.2555659282952547,
            51.74304421059787
          ],
          [
            -1.2554925866425037,
            51.742887971922755
          ],
          [
            -1.255439529195428,
            51.742744809016585
          ],
          [
            -1.2553528603166342,
            51.74260759726167
          ],
          [
            -1.255267532542348,
            51.74246367998421
          ],
          [
            -1.2551879044622183,
            51.74232152290642
          ],
          [
            -1.2551102042198181,
            51.74217827618122
          ],
          [
            -1.255024541169405,
            51.74201977439225
          ],
          [
            -1.2549491040408611,
            51.74188901670277
          ],
          [
            -1.2548715714365244,
            51.741753816604614
          ],
          [
            -1.254782136529684,
            51.74160461872816
          ],
          [
            -1.2546785362064838,
            51.741433795541525
          ],
          [
            -1.2545916996896267,
            51.741297421976924
          ],
          [
            -1.2545008398592472,
            51.74115878529847
          ],
          [
            -1.2544004246592522,
            51.74101620912552
          ],
          [
            -1.2543004285544157,
            51.74087262712419
          ],
          [
            -1.2541936431080103,
            51.740722423419356
          ],
          [
            -1.254082415252924,
            51.74057221971452
          ],
          [
            -1.2539697624742985,
            51.7404143884778
          ],
          [
            -1.2538496498018503,
            51.740256221964955
          ],
          [
            -1.2537280283868313,
            51.74009126611054
          ],
          [
            -1.2536033894866705,
            51.739930333569646
          ],
          [
            -1.2534815166145563,
            51.73976982012391
          ],
          [
            -1.2533616553992033,
            51.739615593105555
          ],
          [
            -1.2532512657344341,
            51.7394645512104
          ],
          [
            -1.2531303148716688,
            51.73930982127786
          ],
          [
            -1.253007184714079,
            51.739139668643475
          ],
          [
            -1.2528948672115803,
            51.73897622153163
          ],
          [
            -1.2527672946453094,
            51.73880187794566
          ],
          [
            -1.2526529654860497,
            51.7386323120445
          ],
          [
            -1.2525419890880585,
            51.7384666018188
          ],
          [
            -1.252436377108097,
            51.73829460516572
          ],
          [
            -1.2523224670439959,
            51.73812797293067
          ],
          [
            -1.2522097304463387,
            51.737961592152715
          ],
          [
            -1.252105375751853,
            51.737795043736696
          ],
          [
            -1.2520111631602049,
            51.73763109371066
          ],
          [
            -1.2519231531769037,
            51.737470077350736
          ],
          [
            -1.251851236447692,
            51.73730369657278
          ],
          [
            -1.2517680879682302,
            51.737137818709016
          ],
          [
            -1.2516734562814236,
            51.73697638325393
          ],
          [
            -1.2515739630907774,
            51.736807907000184
          ],
          [
            -1.2514761462807655,
            51.73663951456547
          ],
          [
            -1.2513686064630747,
            51.73646911047399
          ],
          [
            -1.251264838501811,
            51.73629661090672
          ],
          [
            -1.2511588912457228,
            51.736122434958816
          ],
          [
            -1.2510582245886326,
            51.735946079716086
          ],
          [
            -1.2509640958160162,
            51.7357745859772
          ],
          [
            -1.250871391966939,
            51.73560409806669
          ],
          [
            -1.2507804483175278,
            51.7354376334697
          ],
          [
            -1.2506911810487509,
            51.73526798374951
          ],
          [
            -1.2506044283509254,
            51.735100261867046
          ],
          [
            -1.2505111377686262,
            51.73493564128876
          ],
          [
            -1.250411393120885,
            51.73477412201464
          ],
          [
            -1.2503287475556135,
            51.734613943845034
          ],
          [
            -1.2502362113445997,
            51.734458627179265
          ],
          [
            -1.250143675133586,
            51.734330048784614
          ],
          [
            -1.2500446010380983,
            51.73415939323604
          ],
          [
            -1.2499586027115583,
            51.73402938991785
          ],
          [
            -1.249862713739276,
            51.73389201052487
          ],
          [
            -1.2497662380337715,
            51.733751110732555
          ],
          [
            -1.2496715225279331,
            51.73361029475927
          ],
          [
            -1.2495724484324455,
            51.73346880823374
          ],
          [
            -1.2494764756411314,
            51.733324052765965
          ],
          [
            -1.2493689358234406,
            51.73318315297365
          ],
          [
            -1.2492790818214417,
            51.73304577358067
          ],
          [
            -1.2491931673139334,
            51.732901353389025
          ],
          [
            -1.249125273898244,
            51.73276414163411
          ],
          [
            -1.2490671873092651,
            51.732617039233446
          ],
          [
            -1.2490093521773815,
            51.73246834427118
          ],
          [
            -1.248936178162694,
            51.732330629602075
          ],
          [
            -1.2488267105072737,
            51.73217782750726
          ],
          [
            -1.2487521953880787,
            51.73201312310994
          ],
          [
            -1.2486662808805704,
            51.73184464685619
          ],
          [
            -1.2485484313219786,
            51.73172595910728
          ],
          [
            -1.248417841270566,
            51.73161372542381
          ],
          [
            -1.2483408953994513,
            51.73148598521948
          ],
          [
            -1.2482925318181515,
            51.731348438188434
          ],
          [
            -1.2482492811977863,
            51.731210220605135
          ],
          [
            -1.2482099700719118,
            51.731069069355726
          ],
          [
            -1.2481671385467052,
            51.730932695791125
          ],
          [
            -1.2481280788779259,
            51.73078794032335
          ],
          [
            -1.2480940483510494,
            51.73064360395074
          ],
          [
            -1.2480632029473782,
            51.73050178214908
          ],
          [
            -1.2480398174375296,
            51.73035979270935
          ],
          [
            -1.248016431927681,
            51.730221658945084
          ],
          [
            -1.2479827366769314,
            51.73004656098783
          ],
          [
            -1.2479571718722582,
            51.729873307049274
          ],
          [
            -1.247926326468587,
            51.729698376730084
          ],
          [
            -1.2478994205594063,
            51.729525877162814
          ],
          [
            -1.2478728499263525,
            51.72935505397618
          ],
          [
            -1.2478413339704275,
            51.72918741591275
          ],
          [
            -1.2478053756058216,
            51.72901508398354
          ],
          [
            -1.2477586884051561,
            51.72883965075016
          ],
          [
            -1.2477180361747742,
            51.72870336100459
          ],
          [
            -1.2476661521941423,
            51.72855818644166
          ],
          [
            -1.2475499790161848,
            51.72842415980995
          ],
          [
            -1.2473874539136887,
            51.72830421477556
          ],
          [
            -1.2472240068018436,
            51.72818862833083
          ],
          [
            -1.2470982782542706,
            51.728062983602285
          ],
          [
            -1.2469763215631247,
            51.727941781282425
          ],
          [
            -1.246823100373149,
            51.727792331948876
          ],
          [
            -1.2466741539537907,
            51.72764992341399
          ],
          [
            -1.2465001456439495,
            51.72753098420799
          ],
          [
            -1.246296465396881,
            51.7274335026741
          ],
          [
            -1.2460752669721842,
            51.72733669169247
          ],
          [
            -1.2458970677107573,
            51.72725647687912
          ],
          [
            -1.245713084936142,
            51.72717056237161
          ],
          [
            -1.2455227319151163,
            51.727080373093486
          ],
          [
            -1.2453275173902512,
            51.726991357281804
          ],
          [
            -1.2451260164380074,
            51.72690401785076
          ],
          [
            -1.244927030056715,
            51.72680838033557
          ],
          [
            -1.2447268702089787,
            51.72671668231487
          ],
          [
            -1.2445236090570688,
            51.72662473283708
          ],
          [
            -1.2443242873996496,
            51.72653177753091
          ],
          [
            -1.2441226188093424,
            51.72644200734794
          ],
          [
            -1.2439261469990015,
            51.7263525724411
          ],
          [
            -1.2437294237315655,
            51.726258946582675
          ],
          [
            -1.2435285933315754,
            51.726169595494866
          ],
          [
            -1.2433263380080462,
            51.72607940621674
          ],
          [
            -1.243130536749959,
            51.72598963603377
          ],
          [
            -1.242942614480853,
            51.72590003348887
          ],
          [
            -1.2427489086985588,
            51.7258121073246
          ],
          [
            -1.2425602320581675,
            51.725726360455155
          ],
          [
            -1.2423760816454887,
            51.725642792880535
          ],
          [
            -1.2421977147459984,
            51.72555855475366
          ],
          [
            -1.242009624838829,
            51.72547431662679
          ],
          [
            -1.2418269831687212,
            51.725394604727626
          ],
          [
            -1.2416043598204851,
            51.72529402188957
          ],
          [
            -1.241381149739027,
            51.72519285231829
          ],
          [
            -1.2411721050739288,
            51.72509134747088
          ],
          [
            -1.2409687601029873,
            51.72500015236437
          ],
          [
            -1.2407658342272043,
            51.724901078268886
          ],
          [
            -1.2405564542859793,
            51.724803596735
          ],
          [
            -1.240347158163786,
            51.724706031382084
          ],
          [
            -1.2401464954018593,
            51.72460729256272
          ],
          [
            -1.239937786012888,
            51.724513582885265
          ],
          [
            -1.2397338543087244,
            51.724418783560395
          ],
          [
            -1.2395290844142437,
            51.72432473860681
          ],
          [
            -1.2393291760236025,
            51.72422943636775
          ],
          [
            -1.2391214724630117,
            51.72413748688996
          ],
          [
            -1.2389276828616858,
            51.72405400313437
          ],
          [
            -1.238722912967205,
            51.72395492903888
          ],
          [
            -1.238512946292758,
            51.72385501675308
          ],
          [
            -1.2383137084543705,
            51.72375879250467
          ],
          [
            -1.2381085194647312,
            51.72366491518915
          ],
          [
            -1.2379098683595657,
            51.723565589636564
          ],
          [
            -1.237698644399643,
            51.72347933985293
          ],
          [
            -1.2374989036470652,
            51.72338470816612
          ],
          [
            -1.2373010069131851,
            51.723283706232905
          ],
          [
            -1.237081317231059,
            51.72318605706096
          ],
          [
            -1.2368632201105356,
            51.72309435904026
          ],
          [
            -1.2366436142474413,
            51.723003247752786
          ],
          [
            -1.2364255171269178,
            51.722899563610554
          ],
          [
            -1.2362062465399504,
            51.722796969115734
          ],
          [
            -1.2359925080090761,
            51.72269890084863
          ],
          [
            -1.235774327069521,
            51.72259848564863
          ],
          [
            -1.235555475577712,
            51.722502848133445
          ],
          [
            -1.2353450898081064,
            51.72240586951375
          ],
          [
            -1.2350882682949305,
            51.722355242818594
          ],
          [
            -1.234822142869234,
            51.72232473269105
          ],
          [
            -1.2345585320144892,
            51.72229053452611
          ],
          [
            -1.2342950887978077,
            51.7222617007792
          ],
          [
            -1.234034327790141,
            51.72223663888872
          ],
          [
            -1.2337680347263813,
            51.72224711626768
          ],
          [
            -1.2335620913654566,
            51.72229313291609
          ],
          [
            -1.2333208601921797,
            51.72235809266567
          ],
          [
            -1.233082478865981,
            51.72240209765732
          ],
          [
            -1.2328328657895327,
            51.722443671897054
          ],
          [
            -1.2325913831591606,
            51.722491616383195
          ],
          [
            -1.232356522232294,
            51.72253570519388
          ],
          [
            -1.2320912349969149,
            51.7225775308907
          ],
          [
            -1.231816140934825,
            51.72261005267501
          ],
          [
            -1.2315983790904284,
            51.72263846732676
          ],
          [
            -1.231372570618987,
            51.72267115674913
          ],
          [
            -1.2311486899852753,
            51.722697811201215
          ],
          [
            -1.2309353705495596,
            51.72273385338485
          ],
          [
            -1.2307242304086685,
            51.72277928330004
          ],
          [
            -1.2305174488574266,
            51.72283234074712
          ],
          [
            -1.2303065601736307,
            51.72289168462157
          ],
          [
            -1.23010179027915,
            51.722955806180835
          ],
          [
            -1.2299011275172234,
            51.723017413169146
          ],
          [
            -1.2296963576227427,
            51.723088240250945
          ],
          [
            -1.229478009045124,
            51.72315705567598
          ],
          [
            -1.2292597442865372,
            51.723222099244595
          ],
          [
            -1.2290475983172655,
            51.72328094020486
          ],
          [
            -1.2288440018892288,
            51.723347241058946
          ],
          [
            -1.228634538128972,
            51.723411697894335
          ],
          [
            -1.2284221407026052,
            51.72347389161587
          ],
          [
            -1.228213096037507,
            51.72353063710034
          ],
          [
            -1.2279979325830936,
            51.723587885499
          ],
          [
            -1.2277886364609003,
            51.72364898957312
          ],
          [
            -1.2275757361203432,
            51.72370405867696
          ],
          [
            -1.2273454014211893,
            51.723758121952415
          ],
          [
            -1.22712017968297,
            51.72381310723722
          ],
          [
            -1.2268952932208776,
            51.72386448830366
          ],
          [
            -1.2266549840569496,
            51.72392366454005
          ],
          [
            -1.226418362930417,
            51.72397764399648
          ],
          [
            -1.2261985056102276,
            51.72403204254806
          ],
          [
            -1.2259764689952135,
            51.724083507433534
          ],
          [
            -1.2257723696529865,
            51.72414100728929
          ],
          [
            -1.2255520932376385,
            51.724202781915665
          ],
          [
            -1.2252988759428263,
            51.72427109442651
          ],
          [
            -1.2250706367194653,
            51.72435566782951
          ],
          [
            -1.224884558469057,
            51.72443060204387
          ],
          [
            -1.2246906850486994,
            51.72434560954571
          ],
          [
            -1.2245186045765877,
            51.72422759234905
          ],
          [
            -1.2243378907442093,
            51.724110497161746
          ],
          [
            -1.224098252132535,
            51.72408878803253
          ],
          [
            -1.2239528261125088,
            51.72398250550032
          ],
          [
            -1.2239173706620932,
            51.723818304017186
          ],
          [
            -1.223937151953578,
            51.723663406446576
          ],
          [
            -1.2239743676036596,
            51.72349585220218
          ],
          [
            -1.2239859346300364,
            51.723353611305356
          ],
          [
            -1.2239880301058292,
            51.72321246005595
          ],
          [
            -1.2239942327141762,
            51.723068626597524
          ],
          [
            -1.2239738646894693,
            51.72292563132942
          ],
          [
            -1.2239632196724415,
            51.722788168117404
          ],
          [
            -1.2239650636911392,
            51.72263880260289
          ],
          [
            -1.2239690031856298,
            51.72248885035515
          ],
          [
            -1.2239792291074991,
            51.72233546152711
          ],
          [
            -1.223974535241723,
            51.72217964194715
          ],
          [
            -1.2239602021872997,
            51.722025917842984
          ],
          [
            -1.223950395360589,
            51.7218695115298
          ],
          [
            -1.2239358946681023,
            51.721718637272716
          ],
          [
            -1.2239374034106731,
            51.72157572582364
          ],
          [
            -1.2239340506494045,
            51.72142711468041
          ],
          [
            -1.2239658180624247,
            51.72126551158726
          ],
          [
            -1.2240924686193466,
            51.72112679108977
          ],
          [
            -1.224292628467083,
            51.72098932787776
          ],
          [
            -1.2244585063308477,
            51.7208834644407
          ],
          [
            -1.224623043090105,
            51.72077240422368
          ],
          [
            -1.2247890885919333,
            51.72065572813153
          ],
          [
            -1.2249640189111233,
            51.72053972259164
          ],
          [
            -1.225131992250681,
            51.72040737234056
          ],
          [
            -1.2253059167414904,
            51.720275189727545
          ],
          [
            -1.2254813499748707,
            51.720141330733895
          ],
          [
            -1.2256542686372995,
            51.72000076621771
          ],
          [
            -1.225822577252984,
            51.71985911205411
          ],
          [
            -1.2259732000529766,
            51.71972617506981
          ],
          [
            -1.2261189613491297,
            51.71960103325546
          ],
          [
            -1.2262618727982044,
            51.71948041766882
          ],
          [
            -1.2264122441411018,
            51.71937815845013
          ],
          [
            -1.2265854142606258,
            51.71927388757467
          ],
          [
            -1.226774174720049,
            51.71915369108319
          ],
          [
            -1.2269318383187056,
            51.71899477019906
          ],
          [
            -1.2271038349717855,
            51.718820091336966
          ],
          [
            -1.2272257078438997,
            51.71870358288288
          ],
          [
            -1.2273973692208529,
            51.71854122541845
          ],
          [
            -1.2275401130318642,
            51.71838724985719
          ],
          [
            -1.227684784680605,
            51.71823704615235
          ],
          [
            -1.2278198171406984,
            51.71809061430395
          ],
          [
            -1.2279214896261692,
            51.71795239672065
          ],
          [
            -1.2279944960027933,
            51.71782121993601
          ],
          [
            -1.2281022872775793,
            51.71765752136707
          ],
          [
            -1.2282006070017815,
            51.71751184388995
          ],
          [
            -1.2282732781022787,
            51.717382008209825
          ],
          [
            -1.2283598631620407,
            51.71724353916943
          ],
          [
            -1.228432785719633,
            51.71708822250366
          ],
          [
            -1.2285205442458391,
            51.716916393488646
          ],
          [
            -1.2286034412682056,
            51.71678379178047
          ],
          [
            -1.228721709921956,
            51.71663325279951
          ],
          [
            -1.2288202811032534,
            51.71644004993141
          ],
          [
            -1.228885743767023,
            51.71629512682557
          ],
          [
            -1.2289622705429792,
            51.7161501199007
          ],
          [
            -1.229037707671523,
            51.716005112975836
          ],
          [
            -1.2291049305349588,
            51.715858513489366
          ],
          [
            -1.2291633524000645,
            51.715712333098054
          ],
          [
            -1.2292027473449707,
            51.715572606772184
          ],
          [
            -1.2292267195880413,
            51.715432377532125
          ],
          [
            -1.2292453274130821,
            51.715292232111096
          ],
          [
            -1.2292547151446342,
            51.71515116468072
          ],
          [
            -1.2292528711259365,
            51.714998949319124
          ],
          [
            -1.2292371969670057,
            51.71484053134918
          ],
          [
            -1.2292112968862057,
            51.71469518914819
          ],
          [
            -1.2291673757135868,
            51.71452478505671
          ],
          [
            -1.2291148211807013,
            51.71436854638159
          ],
          [
            -1.2290554773062468,
            51.714207446202636
          ],
          [
            -1.2289698980748653,
            51.71405849978328
          ],
          [
            -1.228868393227458,
            51.713915755972266
          ],
          [
            -1.228754734620452,
            51.71378189697862
          ],
          [
            -1.228633113205433,
            51.71365122310817
          ],
          [
            -1.2285036128014326,
            51.713527254760265
          ],
          [
            -1.2283921334892511,
            51.71340186148882
          ],
          [
            -1.2282835878431797,
            51.71327244490385
          ],
          [
            -1.2281753774732351,
            51.71315208077431
          ],
          [
            -1.2280597072094679,
            51.71303297393024
          ],
          [
            -1.2278992775827646,
            51.71286349184811
          ],
          [
            -1.227735746651888,
            51.7127189040184
          ],
          [
            -1.227575484663248,
            51.71259669587016
          ],
          [
            -1.2274205032736063,
            51.71248194761574
          ],
          [
            -1.22724917717278,
            51.71237465925515
          ],
          [
            -1.227069552987814,
            51.71228681690991
          ],
          [
            -1.2268229573965073,
            51.71233467757702
          ],
          [
            -1.2266740947961807,
            51.712438026443124
          ],
          [
            -1.2265083007514477,
            51.71254782937467
          ],
          [
            -1.2262950651347637,
            51.71260449104011
          ],
          [
            -1.2260545883327723,
            51.71259334310889
          ],
          [
            -1.2258197274059057,
            51.71255059540272
          ],
          [
            -1.225610850378871,
            51.71246727928519
          ],
          [
            -1.2254502531141043,
            51.7123512737453
          ],
          [
            -1.2253239378333092,
            51.71223493292928
          ],
          [
            -1.2251674477010965,
            51.712124878540635
          ],
          [
            -1.2252254504710436,
            51.71208020299673
          ]
        ]
      },
      "properties": {
        "name": "2023-08-29 (Tue) 13:25",
        "source_file": "2023-08-29-122523-ELEMNT_ROAM_A974-26-0.fit",
        "date": "2023-08-29T12:25:26",
        "sport": "cycling",
        "dropbox_id": "id:JY-PzzIM9pcAAAAAAAAA4g"
      }
    },
    {
      "type": "Feature",
      "geometry": {
        "type": "LineString",
        "coordinates": [
          [
            -1.2250508554279804,
            51.71205170452595
          ],
          [
            -1.2251669447869062,
            51.71216854825616
          ],
          [
            -1.2253420427441597,
            51.712273405864835
          ],
          [
            -1.2255246844142675,
            51.71241346746683
          ],
          [
            -1.2257393449544907,
            51.71249988488853
          ],
          [
            -1.2259926460683346,
            51.712551936507225
          ],
          [
            -1.2262395769357681,
            51.71257356181741
          ],
          [
            -1.2264523096382618,
            51.712521091103554
          ],
          [
            -1.226657247170806,
            51.712399050593376
          ],
          [
            -1.2268244661390781,
            51.712292432785034
          ],
          [
            -1.2270196806639433,
            51.712224036455154
          ],
          [
            -1.2272283900529146,
            51.712306682020426
          ],
          [
            -1.227381443604827,
            51.712403409183025
          ],
          [
            -1.2275317311286926,
            51.712517235428095
          ],
          [
            -1.2276826053857803,
            51.712636426091194
          ],
          [
            -1.2278281152248383,
            51.712762489914894
          ],
          [
            -1.2279716972261667,
            51.71288788318634
          ],
          [
            -1.2281001918017864,
            51.713018137961626
          ],
          [
            -1.228226339444518,
            51.71314923092723
          ],
          [
            -1.228351816534996,
            51.71328350901604
          ],
          [
            -1.2284812331199646,
            51.71342206187546
          ],
          [
            -1.2286040280014277,
            51.71355223283172
          ],
          [
            -1.2287235539406538,
            51.713668908923864
          ],
          [
            -1.2288673035800457,
            51.713826321065426
          ],
          [
            -1.2289638631045818,
            51.71395246870816
          ],
          [
            -1.2290496937930584,
            51.71408590860665
          ],
          [
            -1.22912404127419,
            51.71422270126641
          ],
          [
            -1.2291858159005642,
            51.7143577337265
          ],
          [
            -1.2292336765676737,
            51.71449888497591
          ],
          [
            -1.2292829621583223,
            51.71467532403767
          ],
          [
            -1.2293137237429619,
            51.714846985414624
          ],
          [
            -1.2293226923793554,
            51.71502568759024
          ],
          [
            -1.2293146457523108,
            51.71516231261194
          ],
          [
            -1.229292517527938,
            51.7153334710747
          ],
          [
            -1.2292569782584906,
            51.71550094150007
          ],
          [
            -1.2292117159813643,
            51.71567218378186
          ],
          [
            -1.2291475106030703,
            51.71584568917751
          ],
          [
            -1.2290776055306196,
            51.716020284220576
          ],
          [
            -1.2289993185549974,
            51.716191777959466
          ],
          [
            -1.2289138231426477,
            51.716363271698356
          ],
          [
            -1.228818604722619,
            51.716526886448264
          ],
          [
            -1.2287274096161127,
            51.716686645522714
          ],
          [
            -1.228638645261526,
            51.71684036962688
          ],
          [
            -1.2285536527633667,
            51.716985292732716
          ],
          [
            -1.2284694984555244,
            51.71713650226593
          ],
          [
            -1.2283810693770647,
            51.71729777008295
          ],
          [
            -1.2282907124608755,
            51.71745786443353
          ],
          [
            -1.2282038759440184,
            51.71761862933636
          ],
          [
            -1.2281301990151405,
            51.7177857644856
          ],
          [
            -1.2280154507607222,
            51.7179377283901
          ],
          [
            -1.2279018759727478,
            51.718092039227486
          ],
          [
            -1.2277662567794323,
            51.718251798301935
          ],
          [
            -1.2276455573737621,
            51.71836897730827
          ],
          [
            -1.2274932581931353,
            51.71851683408022
          ],
          [
            -1.2273438926786184,
            51.718666618689895
          ],
          [
            -1.2272314075380564,
            51.7187874019146
          ],
          [
            -1.227111630141735,
            51.71891028061509
          ],
          [
            -1.2269733287394047,
            51.71905981376767
          ],
          [
            -1.2268118094652891,
            51.719193840399384
          ],
          [
            -1.2266227137297392,
            51.719318982213736
          ],
          [
            -1.2264331988990307,
            51.71943683177233
          ],
          [
            -1.2262516468763351,
            51.7195641528815
          ],
          [
            -1.226108567789197,
            51.71968669630587
          ],
          [
            -1.2259653210639954,
            51.71982306987047
          ],
          [
            -1.2257981859147549,
            51.71996514312923
          ],
          [
            -1.2256250996142626,
            51.720103193074465
          ],
          [
            -1.2254380993545055,
            51.720228837803006
          ],
          [
            -1.2252635043114424,
            51.72036127187312
          ],
          [
            -1.2250932678580284,
            51.720495130866766
          ],
          [
            -1.2249208521097898,
            51.720629408955574
          ],
          [
            -1.2247419822961092,
            51.72075103037059
          ],
          [
            -1.2245729193091393,
            51.72087483108044
          ],
          [
            -1.2244079634547234,
            51.720989076420665
          ],
          [
            -1.224244013428688,
            51.72110524959862
          ],
          [
            -1.2241037841886282,
            51.72124916687608
          ],
          [
            -1.2240494694560766,
            51.721395179629326
          ],
          [
            -1.2240039557218552,
            51.72154915519059
          ],
          [
            -1.2239786423742771,
            51.721703466027975
          ],
          [
            -1.2239718530327082,
            51.72185459174216
          ],
          [
            -1.2239934783428907,
            51.72200035303831
          ],
          [
            -1.2239985074847937,
            51.72214787453413
          ],
          [
            -1.22400663793087,
            51.7222963180393
          ],
          [
            -1.224010493606329,
            51.722442749887705
          ],
          [
            -1.2240150198340416,
            51.722623044624925
          ],
          [
            -1.2240164447575808,
            51.72280451282859
          ],
          [
            -1.2240064702928066,
            51.72298254445195
          ],
          [
            -1.224028766155243,
            51.72316510230303
          ],
          [
            -1.2240191269665956,
            51.723345229402184
          ],
          [
            -1.223996663466096,
            51.7235241830349
          ],
          [
            -1.2239674106240273,
            51.723699029535055
          ],
          [
            -1.2239375710487366,
            51.723866080865264
          ],
          [
            -1.2239592801779509,
            51.72403388656676
          ],
          [
            -1.2241658102720976,
            51.72410228289664
          ],
          [
            -1.2243997491896152,
            51.72411669977009
          ],
          [
            -1.2245917785912752,
            51.7241854313761
          ],
          [
            -1.2247792817652225,
            51.72431400977075
          ],
          [
            -1.2250241171568632,
            51.724343094974756
          ],
          [
            -1.2252355925738811,
            51.724262963980436
          ],
          [
            -1.225430890917778,
            51.724202865734696
          ],
          [
            -1.2256717029958963,
            51.72414536587894
          ],
          [
            -1.2258890457451344,
            51.724096750840545
          ],
          [
            -1.2261313665658236,
            51.72404319047928
          ],
          [
            -1.2263843324035406,
            51.72397831454873
          ],
          [
            -1.226589186117053,
            51.72392877750099
          ],
          [
            -1.226800326257944,
            51.723875384777784
          ],
          [
            -1.2270158249884844,
            51.72382157295942
          ],
          [
            -1.2272408790886402,
            51.723763570189476
          ],
          [
            -1.2274553719908,
            51.72370992600918
          ],
          [
            -1.2277123611420393,
            51.723634991794825
          ],
          [
            -1.2279211543500423,
            51.72358545474708
          ],
          [
            -1.2281535845249891,
            51.72352686524391
          ],
          [
            -1.228394228965044,
            51.723461570218205
          ],
          [
            -1.2286404892802238,
            51.723396526649594
          ],
          [
            -1.2288696505129337,
            51.723324777558446
          ],
          [
            -1.229111384600401,
            51.72325126826763
          ],
          [
            -1.229346077889204,
            51.72317449003458
          ],
          [
            -1.22958873398602,
            51.72310257330537
          ],
          [
            -1.229837341234088,
            51.723023196682334
          ],
          [
            -1.2300692684948444,
            51.72295588999987
          ],
          [
            -1.2303183786571026,
            51.722878189757466
          ],
          [
            -1.230581821873784,
            51.72280979342759
          ],
          [
            -1.230849539861083,
            51.72275321558118
          ],
          [
            -1.2311180122196674,
            51.72270392999053
          ],
          [
            -1.2313969619572163,
            51.722657745704055
          ],
          [
            -1.231667697429657,
            51.72261692583561
          ],
          [
            -1.2319358345121145,
            51.7225864995271
          ],
          [
            -1.2321955058723688,
            51.722551882267
          ],
          [
            -1.2324530817568302,
            51.72250980511308
          ],
          [
            -1.232703197747469,
            51.72247133217752
          ],
          [
            -1.232966473326087,
            51.72242799773812
          ],
          [
            -1.2332325149327517,
            51.722370916977525
          ],
          [
            -1.2335044238716364,
            51.72230964526534
          ],
          [
            -1.23377725481987,
            51.722258515655994
          ],
          [
            -1.23404405079782,
            51.7222601082176
          ],
          [
            -1.2342971842736006,
            51.722275698557496
          ],
          [
            -1.2345517426729202,
            51.72230243682861
          ],
          [
            -1.2347831670194864,
            51.72232917509973
          ],
          [
            -1.2349975761026144,
            51.72236815094948
          ],
          [
            -1.2352137453854084,
            51.722383657470345
          ],
          [
            -1.2354268971830606,
            51.72244610264897
          ],
          [
            -1.235623536631465,
            51.72253109514713
          ],
          [
            -1.2358231097459793,
            51.7226261459291
          ],
          [
            -1.236030226573348,
            51.72271809540689
          ],
          [
            -1.236236421391368,
            51.72280887141824
          ],
          [
            -1.23645200394094,
            51.72290459275246
          ],
          [
            -1.236669011414051,
            51.7230077739805
          ],
          [
            -1.236891970038414,
            51.723114810884
          ],
          [
            -1.2371308542788029,
            51.72321849502623
          ],
          [
            -1.237372336909175,
            51.723328884691
          ],
          [
            -1.2376210279762745,
            51.723443968221545
          ],
          [
            -1.2378664501011372,
            51.72356206923723
          ],
          [
            -1.2381122913211584,
            51.72367329709232
          ],
          [
            -1.238368023186922,
            51.723790392279625
          ],
          [
            -1.2386238388717175,
            51.72390882857144
          ],
          [
            -1.2388858571648598,
            51.72402751632035
          ],
          [
            -1.2391300220042467,
            51.72414595261216
          ],
          [
            -1.239392040297389,
            51.7242615390569
          ],
          [
            -1.2395677249878645,
            51.724342592060566
          ],
          [
            -1.2398278154432774,
            51.72446111217141
          ],
          [
            -1.2400781828910112,
            51.72457535751164
          ],
          [
            -1.240317402407527,
            51.724685579538345
          ],
          [
            -1.240564500913024,
            51.72480057924986
          ],
          [
            -1.2408136948943138,
            51.72491155564785
          ],
          [
            -1.2410578597337008,
            51.72501758672297
          ],
          [
            -1.2412921339273453,
            51.72513275407255
          ],
          [
            -1.2415300123393536,
            51.7252388689667
          ],
          [
            -1.2417611852288246,
            51.72533911652863
          ],
          [
            -1.2419793661683798,
            51.72544456087053
          ],
          [
            -1.2422038335353136,
            51.725547993555665
          ],
          [
            -1.2424212601035833,
            51.72564606182277
          ],
          [
            -1.2426438834518194,
            51.725749829784036
          ],
          [
            -1.2428632378578186,
            51.725849406793714
          ],
          [
            -1.243073958903551,
            51.725947726517916
          ],
          [
            -1.2432820815593004,
            51.726042944937944
          ],
          [
            -1.2434932217001915,
            51.7261400911957
          ],
          [
            -1.2436996679753065,
            51.726236483082175
          ],
          [
            -1.2439113110303879,
            51.72633295878768
          ],
          [
            -1.2441211100667715,
            51.72643228434026
          ],
          [
            -1.2443361897021532,
            51.7265285924077
          ],
          [
            -1.244543306529522,
            51.726623475551605
          ],
          [
            -1.2447500880807638,
            51.72671802341938
          ],
          [
            -1.2449569534510374,
            51.72681231983006
          ],
          [
            -1.245171194896102,
            51.72690996900201
          ],
          [
            -1.2453791499137878,
            51.727008959278464
          ],
          [
            -1.245588194578886,
            51.72710451297462
          ],
          [
            -1.2457932997494936,
            51.727194115519524
          ],
          [
            -1.246004607528448,
            51.72729101032019
          ],
          [
            -1.2461973913013935,
            51.72737751156092
          ],
          [
            -1.2463782727718353,
            51.72745873220265
          ],
          [
            -1.2465471681207418,
            51.72755403444171
          ],
          [
            -1.2466962821781635,
            51.72767481766641
          ],
          [
            -1.2468355894088745,
            51.72781303524971
          ],
          [
            -1.2469780817627907,
            51.72794982790947
          ],
          [
            -1.2471262738108635,
            51.72809701412916
          ],
          [
            -1.2472858652472496,
            51.72824554145336
          ],
          [
            -1.2474659085273743,
            51.728367330506444
          ],
          [
            -1.2476277630776167,
            51.72847595997155
          ],
          [
            -1.2476984225213528,
            51.72860864549875
          ],
          [
            -1.247739577665925,
            51.7287443485111
          ],
          [
            -1.2477826606482267,
            51.728886840865016
          ],
          [
            -1.247817948460579,
            51.72903595492244
          ],
          [
            -1.247852649539709,
            51.729187751188874
          ],
          [
            -1.247884165495634,
            51.72933669760823
          ],
          [
            -1.2479129992425442,
            51.72950324602425
          ],
          [
            -1.2479361332952976,
            51.72967113554478
          ],
          [
            -1.2479585129767656,
            51.72983307391405
          ],
          [
            -1.2479842454195023,
            51.73000599257648
          ],
          [
            -1.2480107322335243,
            51.73017740249634
          ],
          [
            -1.2480378057807684,
            51.73035342246294
          ],
          [
            -1.2480730097740889,
            51.73052533529699
          ],
          [
            -1.2481062021106482,
            51.730687441304326
          ],
          [
            -1.248146016150713,
            51.730850636959076
          ],
          [
            -1.2481885962188244,
            51.73101341351867
          ],
          [
            -1.248238803818822,
            51.73116981983185
          ],
          [
            -1.2482837308198214,
            51.731330417096615
          ],
          [
            -1.24833595007658,
            51.73148942179978
          ],
          [
            -1.248425217345357,
            51.731633925810456
          ],
          [
            -1.2485591601580381,
            51.731758480891585
          ],
          [
            -1.2486703880131245,
            51.73188228160143
          ],
          [
            -1.2487424723803997,
            51.732015050947666
          ],
          [
            -1.248818663880229,
            51.73218671232462
          ],
          [
            -1.2488707154989243,
            51.73232166096568
          ],
          [
            -1.2489548698067665,
            51.73247538506985
          ],
          [
            -1.249016895890236,
            51.73262508586049
          ],
          [
            -1.2490489147603512,
            51.73278442583978
          ],
          [
            -1.2491269502788782,
            51.73292943276465
          ],
          [
            -1.2492248509079218,
            51.73305172473192
          ],
          [
            -1.249456275254488,
            51.73312556929886
          ],
          [
            -1.2495695147663355,
            51.7332860827446
          ],
          [
            -1.2496587820351124,
            51.73341524787247
          ],
          [
            -1.2497540842741728,
            51.73354902304709
          ],
          [
            -1.249854415655136,
            51.7336830496788
          ],
          [
            -1.2499548308551311,
            51.7338247038424
          ],
          [
            -1.2500518094748259,
            51.7339645139873
          ],
          [
            -1.2501449324190617,
            51.734105832874775
          ],
          [
            -1.2502323556691408,
            51.7342459782958
          ],
          [
            -1.2503116484731436,
            51.734393667429686
          ],
          [
            -1.2503817211836576,
            51.73454177565873
          ],
          [
            -1.250454979017377,
            51.73468669876456
          ],
          [
            -1.2505289912223816,
            51.73482961021364
          ],
          [
            -1.2505982257425785,
            51.73497227020562
          ],
          [
            -1.25067550688982,
            51.73511367291212
          ],
          [
            -1.2507558055222034,
            51.735253566876054
          ],
          [
            -1.2508331704884768,
            51.73539941199124
          ],
          [
            -1.2509156484156847,
            51.73554299399257
          ],
          [
            -1.2509870622307062,
            51.73568255268037
          ],
          [
            -1.2510646786540747,
            51.735822446644306
          ],
          [
            -1.2511478271335363,
            51.73596686683595
          ],
          [
            -1.2512297183275223,
            51.73611296340823
          ],
          [
            -1.2513082567602396,
            51.7362545337528
          ],
          [
            -1.251385034993291,
            51.736395014449954
          ],
          [
            -1.2514614779502153,
            51.73653616569936
          ],
          [
            -1.2515431176871061,
            51.73667773604393
          ],
          [
            -1.2516202311962843,
            51.73681838437915
          ],
          [
            -1.2516970932483673,
            51.73696012236178
          ],
          [
            -1.2517765536904335,
            51.737100770697
          ],
          [
            -1.251852996647358,
            51.737241838127375
          ],
          [
            -1.2519296072423458,
            51.737378714606166
          ],
          [
            -1.252007307484746,
            51.73751768656075
          ],
          [
            -1.2520960718393326,
            51.737665459513664
          ],
          [
            -1.252191374078393,
            51.73780560493469
          ],
          [
            -1.2522821500897408,
            51.7379467561841
          ],
          [
            -1.252372171729803,
            51.738089164718986
          ],
          [
            -1.2524638697504997,
            51.738237692043185
          ],
          [
            -1.2525588367134333,
            51.73838948830962
          ],
          [
            -1.252656988799572,
            51.73853114247322
          ],
          [
            -1.2527554761618376,
            51.738671539351344
          ],
          [
            -1.2528584897518158,
            51.73880472779274
          ],
          [
            -1.2529608327895403,
            51.73893959261477
          ],
          [
            -1.2530574761331081,
            51.73908015713096
          ],
          [
            -1.2531505152583122,
            51.7392211407423
          ],
          [
            -1.253259815275669,
            51.73935726284981
          ],
          [
            -1.2533579673618078,
            51.739500341936946
          ],
          [
            -1.2534719612449408,
            51.73963629640639
          ],
          [
            -1.2535801716148853,
            51.73977359198034
          ],
          [
            -1.2536837719380856,
            51.73991532996297
          ],
          [
            -1.253789383918047,
            51.74005321227014
          ],
          [
            -1.2538929004222155,
            51.740191262215376
          ],
          [
            -1.2539904657751322,
            51.74033517949283
          ],
          [
            -1.2540887854993343,
            51.74047591164708
          ],
          [
            -1.2541892006993294,
            51.74061379395425
          ],
          [
            -1.2542890291661024,
            51.74075519666076
          ],
          [
            -1.2543852534145117,
            51.74089609645307
          ],
          [
            -1.2544868420809507,
            51.74103666096926
          ],
          [
            -1.2545844912528992,
            51.74117353744805
          ],
          [
            -1.2546753510832787,
            51.7413158621639
          ],
          [
            -1.2547640316188335,
            51.74146153964102
          ],
          [
            -1.2548500299453735,
            51.74160545691848
          ],
          [
            -1.2549278978258371,
            51.74174937419593
          ],
          [
            -1.2550202663987875,
            51.74189203418791
          ],
          [
            -1.2551091983914375,
            51.74203838221729
          ],
          [
            -1.2551957834511995,
            51.74218028783798
          ],
          [
            -1.2552817817777395,
            51.74232085235417
          ],
          [
            -1.2553583085536957,
            51.74246753565967
          ],
          [
            -1.2554414570331573,
            51.74260525032878
          ],
          [
            -1.2555202469229698,
            51.742751095443964
          ],
          [
            -1.2555940076708794,
            51.74290238879621
          ],
          [
            -1.2556526809930801,
            51.7430601362139
          ],
          [
            -1.2557156290858984,
            51.74322039820254
          ],
          [
            -1.2558127753436565,
            51.74337588250637
          ],
          [
            -1.25588184222579,
            51.74353178590536
          ],
          [
            -1.255936911329627,
            51.74369296990335
          ],
          [
            -1.2559803295880556,
            51.74385356716812
          ],
          [
            -1.2560215685516596,
            51.744006955996156
          ],
          [
            -1.256056185811758,
            51.74416244029999
          ],
          [
            -1.2560882046818733,
            51.74431901425123
          ],
          [
            -1.256123073399067,
            51.74447927623987
          ],
          [
            -1.256154589354992,
            51.74464322626591
          ],
          [
            -1.2561824172735214,
            51.74480449408293
          ],
          [
            -1.2561955768615007,
            51.744959810748696
          ],
          [
            -1.2562123406678438,
            51.74512426368892
          ],
          [
            -1.2562306970357895,
            51.74528888426721
          ],
          [
            -1.2562491372227669,
            51.74545358866453
          ],
          [
            -1.2562654819339514,
            51.74561225809157
          ],
          [
            -1.2562786415219307,
            51.7457695864141
          ],
          [
            -1.256293896585703,
            51.74593269824982
          ],
          [
            -1.25630890019238,
            51.7460922896862
          ],
          [
            -1.25632063485682,
            51.74625724554062
          ],
          [
            -1.256337147206068,
            51.74642689526081
          ],
          [
            -1.2563573475927114,
            51.74659989774227
          ],
          [
            -1.256385175511241,
            51.74676485359669
          ],
          [
            -1.25644669868052,
            51.74692436121404
          ],
          [
            -1.2564949784427881,
            51.747058890759945
          ],
          [
            -1.256513837724924,
            51.74719970673323
          ],
          [
            -1.2564753647893667,
            51.747351586818695
          ],
          [
            -1.2565036118030548,
            51.74754244275391
          ],
          [
            -1.256533619016409,
            51.74773095175624
          ],
          [
            -1.2565541546791792,
            51.747902780771255
          ],
          [
            -1.2565819825977087,
            51.74809078685939
          ],
          [
            -1.2565993331372738,
            51.748264878988266
          ],
          [
            -1.2566186115145683,
            51.74843310378492
          ],
          [
            -1.256629591807723,
            51.748595125973225
          ],
          [
            -1.2566526420414448,
            51.748742228373885
          ],
          [
            -1.2566746026277542,
            51.74890819005668
          ],
          [
            -1.2567032687366009,
            51.74908194690943
          ],
          [
            -1.2567348685115576,
            51.74924807623029
          ],
          [
            -1.2567576672881842,
            51.749399369582534
          ],
          [
            -1.2567966431379318,
            51.74955217167735
          ],
          [
            -1.2568176817148924,
            51.749699022620916
          ],
          [
            -1.2568318471312523,
            51.74983900040388
          ],
          [
            -1.2568249739706516,
            51.75000881776214
          ],
          [
            -1.256848443299532,
            51.750168493017554
          ],
          [
            -1.2568941246718168,
            51.750347362831235
          ],
          [
            -1.2569127324968576,
            51.75048289820552
          ],
          [
            -1.2569532170891762,
            51.7506184335798
          ],
          [
            -1.2570367846637964,
            51.750788083299994
          ],
          [
            -1.2571293208748102,
            51.75095488317311
          ],
          [
            -1.2572149001061916,
            51.75111539661884
          ],
          [
            -1.2572959531098604,
            51.751276245340705
          ],
          [
            -1.2573688756674528,
            51.75144840963185
          ],
          [
            -1.2574719730764627,
            51.751616299152374
          ],
          [
            -1.2575395312160254,
            51.75174554809928
          ],
          [
            -1.2576166447252035,
            51.751903211697936
          ],
          [
            -1.257508099079132,
            51.75203665159643
          ],
          [
            -1.257266951724887,
            51.75210328772664
          ],
          [
            -1.2569849845021963,
            51.75215349532664
          ],
          [
            -1.2567644566297531,
            51.75218744203448
          ],
          [
            -1.256549209356308,
            51.75222507677972
          ],
          [
            -1.2562728580087423,
            51.75226690247655
          ],
          [
            -1.2560159526765347,
            51.752301352098584
          ],
          [
            -1.2558791600167751,
            51.75242607481778
          ],
          [
            -1.2558797467499971,
            51.75257476978004
          ],
          [
            -1.2558966781944036,
            51.752717681229115
          ],
          [
            -1.255948729813099,
            51.75286587327719
          ],
          [
            -1.256027352064848,
            51.75300769507885
          ],
          [
            -1.256103878840804,
            51.753139458596706
          ],
          [
            -1.256170179694891,
            51.75327599979937
          ],
          [
            -1.2562580220401287,
            51.753419330343604
          ],
          [
            -1.2563272565603256,
            51.75356048159301
          ],
          [
            -1.2564042024314404,
            51.753717390820384
          ],
          [
            -1.2564543262124062,
            51.75387312658131
          ],
          [
            -1.2565403245389462,
            51.75403322093189
          ],
          [
            -1.2566080503165722,
            51.754182083532214
          ],
          [
            -1.2566009256988764,
            51.754325749352574
          ],
          [
            -1.2563850078731775,
            51.75437545403838
          ],
          [
            -1.256143692880869,
            51.75438358448446
          ],
          [
            -1.2559286132454872,
            51.75440772436559
          ],
          [
            -1.255721664056182,
            51.75445348955691
          ],
          [
            -1.2555235996842384,
            51.754510905593634
          ],
          [
            -1.255332324653864,
            51.75458022393286
          ],
          [
            -1.2551304046064615,
            51.7546490393579
          ],
          [
            -1.2549386266618967,
            51.75471349619329
          ],
          [
            -1.2547517102211714,
            51.75479304045439
          ],
          [
            -1.254578372463584,
            51.75488892942667
          ],
          [
            -1.2545646261423826,
            51.755056232213974
          ],
          [
            -1.2546767760068178,
            51.7552156560123
          ],
          [
            -1.2547890935093164,
            51.75538145005703
          ],
          [
            -1.2548954598605633,
            51.755549339577556
          ],
          [
            -1.2549698073416948,
            51.75567716360092
          ],
          [
            -1.2550550512969494,
            51.75580373033881
          ],
          [
            -1.255137613043189,
            51.755930464714766
          ],
          [
            -1.2552241142839193,
            51.75605577416718
          ],
          [
            -1.2553402874618769,
            51.75622441805899
          ],
          [
            -1.2554267887026072,
            51.75635660067201
          ],
          [
            -1.2555163074284792,
            51.7564916331321
          ],
          [
            -1.2556072510778904,
            51.75662096589804
          ],
          [
            -1.2556916568428278,
            51.75675306469202
          ],
          [
            -1.2557807564735413,
            51.75689170137048
          ],
          [
            -1.2558706942945719,
            51.75702463835478
          ],
          [
            -1.2559535074979067,
            51.75715078599751
          ],
          [
            -1.2560542579740286,
            51.757320100441575
          ],
          [
            -1.2561358977109194,
            51.75745219923556
          ],
          [
            -1.256227008998394,
            51.75758647732437
          ],
          [
            -1.2563081458210945,
            51.75772829912603
          ],
          [
            -1.256386935710907,
            51.75786475650966
          ],
          [
            -1.2564759515225887,
            51.75799601711333
          ],
          [
            -1.2565586809068918,
            51.75813976675272
          ],
          [
            -1.2566378898918629,
            51.75828720442951
          ],
          [
            -1.2567198649048805,
            51.75843263044953
          ],
          [
            -1.2567934580147266,
            51.75857512280345
          ],
          [
            -1.256867554038763,
            51.75872012972832
          ],
          [
            -1.256942069157958,
            51.758869495242834
          ],
          [
            -1.2570145726203918,
            51.759009808301926
          ],
          [
            -1.2570789456367493,
            51.75915121100843
          ],
          [
            -1.2571587413549423,
            51.759299067780375
          ],
          [
            -1.257238369435072,
            51.7594360280782
          ],
          [
            -1.2573170755058527,
            51.759564355015755
          ],
          [
            -1.2574878986924887,
            51.759695364162326
          ],
          [
            -1.257747234776616,
            51.759675834327936
          ],
          [
            -1.2580147851258516,
            51.7596223577857
          ],
          [
            -1.2582270987331867,
            51.759577095508575
          ],
          [
            -1.2584401667118073,
            51.75953485071659
          ],
          [
            -1.2586485408246517,
            51.75949185155332
          ],
          [
            -1.2588583398610353,
            51.75944298505783
          ],
          [
            -1.2591231241822243,
            51.759374253451824
          ],
          [
            -1.2593820411711931,
            51.75932521931827
          ],
          [
            -1.2596025690436363,
            51.759283896535635
          ],
          [
            -1.259823264554143,
            51.759237041696906
          ],
          [
            -1.2598142120987177,
            51.75909270532429
          ],
          [
            -1.2597886472940445,
            51.75892506726086
          ],
          [
            -1.259798789396882,
            51.75878911279142
          ],
          [
            -1.2598064169287682,
            51.758652571588755
          ],
          [
            -1.2598037347197533,
            51.75849599763751
          ],
          [
            -1.2598101887851954,
            51.75833271816373
          ],
          [
            -1.259804405272007,
            51.75816767849028
          ],
          [
            -1.2597980350255966,
            51.758024180307984
          ],
          [
            -1.2597772479057312,
            51.75785679370165
          ],
          [
            -1.2596949376165867,
            51.757711954414845
          ],
          [
            -1.2595931813120842,
            51.75758756697178
          ],
          [
            -1.2595095299184322,
            51.75745077431202
          ],
          [
            -1.2594441510736942,
            51.757309874519706
          ],
          [
            -1.2593972124159336,
            51.75716738216579
          ],
          [
            -1.259366786107421,
            51.75701608881354
          ],
          [
            -1.2593410536646843,
            51.75687912851572
          ],
          [
            -1.2593053467571735,
            51.75670897588134
          ],
          [
            -1.2592511996626854,
            51.75654930062592
          ],
          [
            -1.2591813784092665,
            51.75641678273678
          ],
          [
            -1.259124968200922,
            51.75628334283829
          ],
          [
            -1.2590770237147808,
            51.75613741390407
          ],
          [
            -1.2590300012379885,
            51.755989221856
          ],
          [
            -1.2590225413441658,
            51.75591177307069
          ]
        ]
      },
      "properties": {
        "name": "2023-08-30 (Wed) 16:15",
        "source_file": "2023-08-30-151557-ELEMNT_ROAM_A974-27-0.fit",
        "date": "2023-08-30T15:15:57",
        "sport": "cycling",
        "dropbox_id": "id:JY-PzzIM9pcAAAAAAAAA4w"
      }
    },
    {
      "type": "Feature",
      "geometry": {
        "type": "LineString",
        "coordinates": [
          [
            -1.2588249798864126,
            51.75561144948006
          ],
          [
            -1.258764797821641,
            51.75547247752547
          ],
          [
            -1.2586975749582052,
            51.755340211093426
          ],
          [
            -1.258607804775238,
            51.75520199351013
          ],
          [
            -1.25848232768476,
            51.75506972707808
          ],
          [
            -1.2583742011338472,
            51.75494316034019
          ],
          [
            -1.2583644781261683,
            51.75479622557759
          ],
          [
            -1.2583811581134796,
            51.75463940016925
          ],
          [
            -1.258452320471406,
            51.75449808128178
          ],
          [
            -1.2583794817328453,
            51.75434980541468
          ],
          [
            -1.2581509910523891,
            51.75435273908079
          ],
          [
            -1.257888302206993,
            51.75439213402569
          ],
          [
            -1.2576091848313808,
            51.75441945903003
          ],
          [
            -1.2573320791125298,
            51.75445885397494
          ],
          [
            -1.2570735812187195,
            51.75448081456125
          ],
          [
            -1.2568430788815022,
            51.75447762943804
          ],
          [
            -1.2566951382905245,
            51.75433882512152
          ],
          [
            -1.2566318549215794,
            51.75420538522303
          ],
          [
            -1.2565703317523003,
            51.754054594784975
          ],
          [
            -1.2565062940120697,
            51.75392450764775
          ],
          [
            -1.2564194574952126,
            51.75376759842038
          ],
          [
            -1.256359862163663,
            51.753609515726566
          ],
          [
            -1.2562954891473055,
            51.75345227122307
          ],
          [
            -1.256060628220439,
            51.75345042720437
          ],
          [
            -1.255843285471201,
            51.753503484651446
          ],
          [
            -1.2556052394211292,
            51.75354774110019
          ],
          [
            -1.255340538918972,
            51.75357053987682
          ],
          [
            -1.2551050912588835,
            51.753583531826735
          ],
          [
            -1.2548364512622356,
            51.75359987653792
          ],
          [
            -1.254582479596138,
            51.75361404195428
          ],
          [
            -1.2544136680662632,
            51.7537113558501
          ],
          [
            -1.2542336247861385,
            51.75380850210786
          ],
          [
            -1.2539773900061846,
            51.75382995977998
          ],
          [
            -1.2538035493344069,
            51.75374245271087
          ],
          [
            -1.2537048105150461,
            51.75358914770186
          ],
          [
            -1.253651836887002,
            51.753422347828746
          ],
          [
            -1.2535753101110458,
            51.75328899174929
          ],
          [
            -1.253540189936757,
            51.75315127708018
          ],
          [
            -1.253440110012889,
            51.75301507115364
          ],
          [
            -1.2533671874552965,
            51.75288548693061
          ],
          [
            -1.253299294039607,
            51.75273109227419
          ],
          [
            -1.2534075882285833,
            51.75259388051927
          ],
          [
            -1.2536569498479366,
            51.752544175833464
          ],
          [
            -1.2539338041096926,
            51.75250486470759
          ],
          [
            -1.2542094010859728,
            51.75246488302946
          ],
          [
            -1.2544905301183462,
            51.75242490135133
          ],
          [
            -1.2547035980969667,
            51.752381483092904
          ],
          [
            -1.2549728248268366,
            51.75233454443514
          ],
          [
            -1.2551888264715672,
            51.752301352098584
          ],
          [
            -1.2554067559540272,
            51.75227218307555
          ],
          [
            -1.255627702921629,
            51.75224309787154
          ],
          [
            -1.2559108436107635,
            51.75221124663949
          ],
          [
            -1.2561932299286127,
            51.75217319279909
          ],
          [
            -1.2564152665436268,
            51.7521415092051
          ],
          [
            -1.2566433381289244,
            51.75211602821946
          ],
          [
            -1.2568671349436045,
            51.75208669155836
          ],
          [
            -1.2570853158831596,
            51.752056097611785
          ],
          [
            -1.2573356833308935,
            51.75202810205519
          ],
          [
            -1.2575529422610998,
            51.7519602086395
          ],
          [
            -1.2575365137308836,
            51.75181805156171
          ],
          [
            -1.2574556283652782,
            51.75168997608125
          ],
          [
            -1.2573764193803072,
            51.751546896994114
          ],
          [
            -1.2573024909943342,
            51.751391496509314
          ],
          [
            -1.257226886227727,
            51.75122763030231
          ],
          [
            -1.2571350205689669,
            51.7510605789721
          ],
          [
            -1.2570518720895052,
            51.75087911076844
          ],
          [
            -1.256964197382331,
            51.750699654221535
          ],
          [
            -1.256877612322569,
            51.75050544552505
          ],
          [
            -1.256848443299532,
            51.75031031481922
          ],
          [
            -1.2568264827132225,
            51.75010764040053
          ],
          [
            -1.2568072881549597,
            51.74996699206531
          ],
          [
            -1.2567902728915215,
            51.74982718192041
          ],
          [
            -1.2567660491913557,
            51.74969047307968
          ],
          [
            -1.256734449416399,
            51.749551417306066
          ],
          [
            -1.2567172665148973,
            51.74941009841859
          ],
          [
            -1.256698491051793,
            51.74927104264498
          ],
          [
            -1.256657587364316,
            51.74907951615751
          ],
          [
            -1.2566280830651522,
            51.74889788031578
          ],
          [
            -1.2565927114337683,
            51.748732002452016
          ],
          [
            -1.256539486348629,
            51.74855179153383
          ],
          [
            -1.256490284577012,
            51.74837786704302
          ],
          [
            -1.256495900452137,
            51.74820268526673
          ],
          [
            -1.256492966786027,
            51.74801199696958
          ],
          [
            -1.2564568407833576,
            51.747822146862745
          ],
          [
            -1.2564269173890352,
            51.74764403142035
          ],
          [
            -1.2564139254391193,
            51.747487373650074
          ],
          [
            -1.2563944794237614,
            51.747326189652085
          ],
          [
            -1.2563799787312746,
            51.74715721048415
          ],
          [
            -1.2563557550311089,
            51.746996780857444
          ],
          [
            -1.2563344649970531,
            51.74682159908116
          ],
          [
            -1.2563334591686726,
            51.74665899015963
          ],
          [
            -1.256321556866169,
            51.74650610424578
          ],
          [
            -1.2563090678304434,
            51.74634584225714
          ],
          [
            -1.2562917172908783,
            51.746189100667834
          ],
          [
            -1.2562679126858711,
            51.74602565355599
          ],
          [
            -1.25624293461442,
            51.745858350768685
          ],
          [
            -1.2562195491045713,
            51.74567529000342
          ],
          [
            -1.2561928946524858,
            51.74547982402146
          ],
          [
            -1.2561788968741894,
            51.74534403719008
          ],
          [
            -1.2561524100601673,
            51.745148906484246
          ],
          [
            -1.256122151389718,
            51.74495520070195
          ],
          [
            -1.2560851033776999,
            51.74476023763418
          ],
          [
            -1.2560611311346292,
            51.74462478607893
          ],
          [
            -1.2560260947793722,
            51.74442261457443
          ],
          [
            -1.256001116707921,
            51.744284899905324
          ],
          [
            -1.2559630628675222,
            51.74408549442887
          ],
          [
            -1.255936324596405,
            51.74394744448364
          ],
          [
            -1.2558805849403143,
            51.74375105649233
          ],
          [
            -1.2557982746511698,
            51.7435591109097
          ],
          [
            -1.2557365838438272,
            51.743428437039256
          ],
          [
            -1.2556569557636976,
            51.743227103725076
          ],
          [
            -1.2556011322885752,
            51.7430929094553
          ],
          [
            -1.255501052364707,
            51.742908926680684
          ],
          [
            -1.2554042413830757,
            51.74272905103862
          ],
          [
            -1.2553030718117952,
            51.7425471637398
          ],
          [
            -1.2552055064588785,
            51.74236980266869
          ],
          [
            -1.2551035825163126,
            51.74218255095184
          ],
          [
            -1.2550036702305079,
            51.741997646167874
          ],
          [
            -1.2549012433737516,
            51.741809975355864
          ],
          [
            -1.254810132086277,
            51.74162071198225
          ],
          [
            -1.2546939589083195,
            51.74144268035889
          ],
          [
            -1.2545766960829496,
            51.74126263707876
          ],
          [
            -1.254467312246561,
            51.7410930711776
          ],
          [
            -1.2543585151433945,
            51.7409289535135
          ],
          [
            -1.254248796030879,
            51.74076525494456
          ],
          [
            -1.254118625074625,
            51.7406028136611
          ],
          [
            -1.253999350592494,
            51.740438025444746
          ],
          [
            -1.2538811657577753,
            51.740268878638744
          ],
          [
            -1.2537604663521051,
            51.740096965804696
          ],
          [
            -1.253636833280325,
            51.73992949537933
          ],
          [
            -1.253513703122735,
            51.73977451398969
          ],
          [
            -1.253397110849619,
            51.739612743258476
          ],
          [
            -1.2532781716436148,
            51.73945541493595
          ],
          [
            -1.2531568855047226,
            51.739291129633784
          ],
          [
            -1.2530312407761812,
            51.7391296941787
          ],
          [
            -1.2529051769524813,
            51.738966749981046
          ],
          [
            -1.2527760118246078,
            51.73879927955568
          ],
          [
            -1.2526532169431448,
            51.73862971365452
          ],
          [
            -1.2525385525077581,
            51.73846039921045
          ],
          [
            -1.2524239718914032,
            51.73828303813934
          ],
          [
            -1.25230360776186,
            51.73811707645655
          ],
          [
            -1.2521860096603632,
            51.737945415079594
          ],
          [
            -1.2520741112530231,
            51.7377741727978
          ],
          [
            -1.2519754562526941,
            51.73760385252535
          ],
          [
            -1.2518796510994434,
            51.73743311315775
          ],
          [
            -1.2517833430320024,
            51.73726270906627
          ],
          [
            -1.2516962550580502,
            51.73709901049733
          ],
          [
            -1.2516054790467024,
            51.73693145625293
          ],
          [
            -1.2515092547982931,
            51.73676926642656
          ],
          [
            -1.251417137682438,
            51.73659215681255
          ],
          [
            -1.251324350014329,
            51.73642158508301
          ],
          [
            -1.251230388879776,
            51.736257299780846
          ],
          [
            -1.2511277943849564,
            51.736096451058984
          ],
          [
            -1.2510287202894688,
            51.73592780716717
          ],
          [
            -1.2509355135262012,
            51.73575312830508
          ],
          [
            -1.2508446536958218,
            51.73558322712779
          ],
          [
            -1.2507547996938229,
            51.735415337607265
          ],
          [
            -1.2506589107215405,
            51.735245855525136
          ],
          [
            -1.250569811090827,
            51.73508098348975
          ],
          [
            -1.2504747603088617,
            51.73491368070245
          ],
          [
            -1.2503745127469301,
            51.73475149087608
          ],
          [
            -1.250284407287836,
            51.7345985211432
          ],
          [
            -1.250207293778658,
            51.7344687692821
          ],
          [
            -1.2501260731369257,
            51.73432267270982
          ],
          [
            -1.250037308782339,
            51.73416752368212
          ],
          [
            -1.2499239016324282,
            51.73400290310383
          ],
          [
            -1.2498324550688267,
            51.73386912792921
          ],
          [
            -1.2497380748391151,
            51.733729150146246
          ],
          [
            -1.2496346421539783,
            51.73358565196395
          ],
          [
            -1.2495385855436325,
            51.733444165438414
          ],
          [
            -1.2494374997913837,
            51.73329731449485
          ],
          [
            -1.249339347705245,
            51.733142249286175
          ],
          [
            -1.2492494098842144,
            51.73299875110388
          ],
          [
            -1.2491749785840511,
            51.73286547884345
          ],
          [
            -1.249108761548996,
            51.7327178735286
          ],
          [
            -1.2490449752658606,
            51.732570603489876
          ],
          [
            -1.2489743996411562,
            51.73241486772895
          ],
          [
            -1.2488656863570213,
            51.73226307146251
          ],
          [
            -1.2487779278308153,
            51.732115717604756
          ],
          [
            -1.2487107049673796,
            51.73196434043348
          ],
          [
            -1.248609870672226,
            51.73181388527155
          ],
          [
            -1.2484651152044535,
            51.73167089000344
          ],
          [
            -1.2483466789126396,
            51.73153250478208
          ],
          [
            -1.2482921965420246,
            51.731377271935344
          ],
          [
            -1.2482385523617268,
            51.731213573366404
          ],
          [
            -1.2481846567243338,
            51.731051886454225
          ],
          [
            -1.2481397297233343,
            51.73089204356074
          ],
          [
            -1.248102681711316,
            51.73073027282953
          ],
          [
            -1.2480646278709173,
            51.73056783154607
          ],
          [
            -1.2480334471911192,
            51.73040455207229
          ],
          [
            -1.2480119056999683,
            51.730243284255266
          ],
          [
            -1.2479862570762634,
            51.73008704558015
          ],
          [
            -1.247960776090622,
            51.72992133535445
          ],
          [
            -1.2479346245527267,
            51.72975537367165
          ],
          [
            -1.2479108199477196,
            51.729589495807886
          ],
          [
            -1.2478852551430464,
            51.72941976226866
          ],
          [
            -1.2478580977767706,
            51.729256650432944
          ],
          [
            -1.247824402526021,
            51.72909630462527
          ],
          [
            -1.2477859295904636,
            51.72893201932311
          ],
          [
            -1.2477362249046564,
            51.72876639291644
          ],
          [
            -1.2476830836385489,
            51.7286026943475
          ],
          [
            -1.2475982587784529,
            51.7284647282213
          ],
          [
            -1.2474285252392292,
            51.72832701355219
          ],
          [
            -1.24723213724792,
            51.72819726169109
          ],
          [
            -1.247064247727394,
            51.72803205437958
          ],
          [
            -1.2469018902629614,
            51.72786475159228
          ],
          [
            -1.246745651587844,
            51.72771429643035
          ],
          [
            -1.2465862277895212,
            51.727580688893795
          ],
          [
            -1.2464038375765085,
            51.72748521901667
          ],
          [
            -1.2462132330983877,
            51.72739435918629
          ],
          [
            -1.2460057809948921,
            51.72729997895658
          ],
          [
            -1.245788773521781,
            51.72720207832754
          ],
          [
            -1.2455689162015915,
            51.727104345336556
          ],
          [
            -1.2453522440046072,
            51.727000661194324
          ],
          [
            -1.2451312132179737,
            51.726898988708854
          ],
          [
            -1.2449111882597208,
            51.72679245471954
          ],
          [
            -1.2446887325495481,
            51.72669262625277
          ],
          [
            -1.244466444477439,
            51.726596150547266
          ],
          [
            -1.2442472577095032,
            51.72649514861405
          ],
          [
            -1.2440256401896477,
            51.726394314318895
          ],
          [
            -1.2438060343265533,
            51.726292641833425
          ],
          [
            -1.243592631071806,
            51.72618753276765
          ],
          [
            -1.2433787249028683,
            51.72608879394829
          ],
          [
            -1.243167920038104,
            51.7259934078902
          ],
          [
            -1.2429643236100674,
            51.725902715697885
          ],
          [
            -1.2427589669823647,
            51.72581101767719
          ],
          [
            -1.2425582204014063,
            51.72571973875165
          ],
          [
            -1.2423582281917334,
            51.725627118721604
          ],
          [
            -1.2421589903533459,
            51.725535839796066
          ],
          [
            -1.2419612612575293,
            51.72544464468956
          ],
          [
            -1.2417679745703936,
            51.72535512596369
          ],
          [
            -1.2415787111967802,
            51.725270971655846
          ],
          [
            -1.2413856759667397,
            51.725190756842494
          ],
          [
            -1.241194736212492,
            51.72510115429759
          ],
          [
            -1.241004467010498,
            51.72501322813332
          ],
          [
            -1.2408228311687708,
            51.72492530196905
          ],
          [
            -1.240643709897995,
            51.724833687767386
          ],
          [
            -1.2404564581811428,
            51.724748611450195
          ],
          [
            -1.2402614951133728,
            51.72466127201915
          ],
          [
            -1.2400583177804947,
            51.72457041218877
          ],
          [
            -1.2398543860763311,
            51.724474523216486
          ],
          [
            -1.2396536394953728,
            51.72437989152968
          ],
          [
            -1.239455658942461,
            51.72428567893803
          ],
          [
            -1.2392679881304502,
            51.72419951297343
          ],
          [
            -1.2390390783548355,
            51.724095745012164
          ],
          [
            -1.2388022895902395,
            51.72398912720382
          ],
          [
            -1.2386265210807323,
            51.723906146362424
          ],
          [
            -1.238452009856701,
            51.723823584616184
          ],
          [
            -1.238267607986927,
            51.723741106688976
          ],
          [
            -1.238086810335517,
            51.72366156242788
          ],
          [
            -1.2379112094640732,
            51.72357648611069
          ],
          [
            -1.2377423979341984,
            51.72349023632705
          ],
          [
            -1.2375075370073318,
            51.72338462434709
          ],
          [
            -1.2372765317559242,
            51.72327616252005
          ],
          [
            -1.2370395753532648,
            51.72317742370069
          ],
          [
            -1.2368063069880009,
            51.72306954860687
          ],
          [
            -1.2366306222975254,
            51.72298539429903
          ],
          [
            -1.2364473100751638,
            51.72289587557316
          ],
          [
            -1.236265255138278,
            51.722814571112394
          ],
          [
            -1.2360972817987204,
            51.72271859832108
          ],
          [
            -1.235904162749648,
            51.722631342709064
          ],
          [
            -1.2356985546648502,
            51.72255749814212
          ],
          [
            -1.2355134822428226,
            51.72247334383428
          ],
          [
            -1.2353177648037672,
            51.72239354811609
          ],
          [
            -1.2350915372371674,
            51.72235373407602
          ],
          [
            -1.2348608672618866,
            51.7223309352994
          ],
          [
            -1.2346358969807625,
            51.72229824587703
          ],
          [
            -1.234398940578103,
            51.72226605936885
          ],
          [
            -1.2341618165373802,
            51.72224946320057
          ],
          [
            -1.2339264526963234,
            51.7222342081368
          ],
          [
            -1.2336849700659513,
            51.722257593646646
          ],
          [
            -1.2334510311484337,
            51.72230998054147
          ],
          [
            -1.2332277372479439,
            51.72235733829439
          ],
          [
            -1.2330068740993738,
            51.722398828715086
          ],
          [
            -1.2327801436185837,
            51.72244199551642
          ],
          [
            -1.2325484678149223,
            51.72248298302293
          ],
          [
            -1.2323168758302927,
            51.722520869225264
          ],
          [
            -1.232069106772542,
            51.72255682758987
          ],
          [
            -1.2318339105695486,
            51.722584990784526
          ],
          [
            -1.231600809842348,
            51.722617680206895
          ],
          [
            -1.2313594948500395,
            51.72265229746699
          ],
          [
            -1.2311188504099846,
            51.722689094021916
          ],
          [
            -1.2308815587311983,
            51.72273460775614
          ],
          [
            -1.2306439317762852,
            51.7227831389755
          ],
          [
            -1.2304161116480827,
            51.722846338525414
          ],
          [
            -1.2301871180534363,
            51.72291884198785
          ],
          [
            -1.2299520056694746,
            51.72299360856414
          ],
          [
            -1.2297334056347609,
            51.72307038679719
          ],
          [
            -1.2295060884207487,
            51.723143896088004
          ],
          [
            -1.22927307151258,
            51.72321883030236
          ],
          [
            -1.2290413957089186,
            51.72329845838249
          ],
          [
            -1.228806534782052,
            51.72337448224425
          ],
          [
            -1.2285647168755531,
            51.72344581224024
          ],
          [
            -1.2283222284168005,
            51.72350767068565
          ],
          [
            -1.2280883733183146,
            51.72356500290334
          ],
          [
            -1.227855021134019,
            51.72362837009132
          ],
          [
            -1.2276080902665854,
            51.72368980944157
          ],
          [
            -1.2273555435240269,
            51.72375602647662
          ],
          [
            -1.2270994763821363,
            51.723818220198154
          ],
          [
            -1.226851623505354,
            51.72387370839715
          ],
          [
            -1.2265997473150492,
            51.723934980109334
          ],
          [
            -1.226358599960804,
            51.72399876639247
          ],
          [
            -1.2261178717017174,
            51.72405341640115
          ],
          [
            -1.2258858606219292,
            51.72411024570465
          ],
          [
            -1.2256500776857138,
            51.72416724264622
          ],
          [
            -1.2253736425191164,
            51.724245278164744
          ],
          [
            -1.2251214310526848,
            51.72433161176741
          ],
          [
            -1.224940214306116,
            51.72441274859011
          ],
          [
            -1.224698731675744,
            51.724388943985105
          ],
          [
            -1.2244809698313475,
            51.72429724596441
          ],
          [
            -1.2242757808417082,
            51.724166152998805
          ],
          [
            -1.2240508943796158,
            51.72409599646926
          ],
          [
            -1.2239558435976505,
            51.72396641224623
          ],
          [
            -1.2239313684403896,
            51.72380330041051
          ],
          [
            -1.2239528261125088,
            51.72365955077112
          ],
          [
            -1.2239850964397192,
            51.7235067486763
          ],
          [
            -1.224001357331872,
            51.72334212809801
          ],
          [
            -1.2240056321024895,
            51.72316426411271
          ],
          [
            -1.2239948194473982,
            51.72297718003392
          ],
          [
            -1.2239786423742771,
            51.72279428690672
          ],
          [
            -1.2239832524210215,
            51.72260963357985
          ],
          [
            -1.223979564383626,
            51.722432021051645
          ],
          [
            -1.2239767145365477,
            51.722259521484375
          ],
          [
            -1.2239706795662642,
            51.72208827920258
          ],
          [
            -1.22395190410316,
            51.72191368415952
          ],
          [
            -1.223938912153244,
            51.72174822539091
          ],
          [
            -1.2239349726587534,
            51.7215864546597
          ],
          [
            -1.2239407561719418,
            51.72144144773483
          ],
          [
            -1.2239695899188519,
            51.721291579306126
          ],
          [
            -1.2241130881011486,
            51.72114288434386
          ],
          [
            -1.2243102304637432,
            51.72100382857025
          ],
          [
            -1.2245151679962873,
            51.720855217427015
          ],
          [
            -1.2246684730052948,
            51.72075186856091
          ],
          [
            -1.2248237058520317,
            51.72065111808479
          ],
          [
            -1.2250351812690496,
            51.72050158493221
          ],
          [
            -1.2252372689545155,
            51.72035666182637
          ],
          [
            -1.2254409492015839,
            51.72020008787513
          ],
          [
            -1.2255797535181046,
            51.72008961439133
          ],
          [
            -1.2257119361311197,
            51.719979560002685
          ],
          [
            -1.2258896324783564,
            51.719818376004696
          ],
          [
            -1.226049643009901,
            51.71966808848083
          ],
          [
            -1.226223148405552,
            51.71952676959336
          ],
          [
            -1.2263925466686487,
            51.719406908378005
          ],
          [
            -1.2265696562826633,
            51.71930121257901
          ],
          [
            -1.2267534714192152,
            51.719179255887866
          ],
          [
            -1.2269253842532635,
            51.71902603469789
          ],
          [
            -1.2270373664796352,
            51.71890927478671
          ],
          [
            -1.2271604966372252,
            51.71878547407687
          ],
          [
            -1.2272896617650986,
            51.71865530312061
          ],
          [
            -1.2274151388555765,
            51.71853049658239
          ],
          [
            -1.2275401130318642,
            51.718410635367036
          ],
          [
            -1.2277037277817726,
            51.71824215911329
          ],
          [
            -1.2278560269623995,
            51.718066977337
          ],
          [
            -1.227977480739355,
            51.717886850237846
          ],
          [
            -1.2280802428722382,
            51.71770362183452
          ],
          [
            -1.2281988468021154,
            51.717514945194125
          ],
          [
            -1.2282718531787395,
            51.71738469041884
          ],
          [
            -1.228348296135664,
            51.717245718464255
          ],
          [
            -1.228420715779066,
            51.7171052377671
          ],
          [
            -1.2284962367266417,
            51.71696098521352
          ],
          [
            -1.2285817321389914,
            51.71681262552738
          ],
          [
            -1.2286783754825592,
            51.71667558141053
          ],
          [
            -1.2287713307887316,
            51.71652361750603
          ],
          [
            -1.2288576643913984,
            51.7163660377264
          ],
          [
            -1.2289403099566698,
            51.71620669774711
          ],
          [
            -1.229025386273861,
            51.71603797003627
          ],
          [
            -1.2291010748595,
            51.7158689070493
          ],
          [
            -1.2291645258665085,
            51.7156926356256
          ],
          [
            -1.2292099557816982,
            51.71551284380257
          ],
          [
            -1.2292438186705112,
            51.71532852575183
          ],
          [
            -1.229257732629776,
            51.71514663845301
          ],
          [
            -1.2292501889169216,
            51.71496449969709
          ],
          [
            -1.2292316649109125,
            51.71477247029543
          ],
          [
            -1.2291910964995623,
            51.714588068425655
          ],
          [
            -1.2291224487125874,
            51.71439679339528
          ],
          [
            -1.2290335167199373,
            51.71420811675489
          ],
          [
            -1.2289227079600096,
            51.71403142623603
          ],
          [
            -1.2287945486605167,
            51.713864877820015
          ],
          [
            -1.228661946952343,
            51.713710902258754
          ],
          [
            -1.2285310216248035,
            51.713557094335556
          ],
          [
            -1.2284053768962622,
            51.713408986106515
          ],
          [
            -1.2282850127667189,
            51.71326029114425
          ],
          [
            -1.2281623855233192,
            51.71311955899
          ],
          [
            -1.2280349805951118,
            51.712983353063464
          ],
          [
            -1.2279004510492086,
            51.71285703778267
          ],
          [
            -1.2277578748762608,
            51.71273306943476
          ],
          [
            -1.2276168074458838,
            51.71262192539871
          ],
          [
            -1.2274723872542381,
            51.71251304447651
          ],
          [
            -1.2272454053163528,
            51.71236854046583
          ],
          [
            -1.2270049285143614,
            51.71228924766183
          ],
          [
            -1.2267719116061926,
            51.71237155795097
          ],
          [
            -1.2265851628035307,
            51.71251019462943
          ],
          [
            -1.2263643834739923,
            51.712609101086855
          ],
          [
            -1.2260930612683296,
            51.712604742497206
          ],
          [
            -1.2258261814713478,
            51.71255378052592
          ],
          [
            -1.225597020238638,
            51.7124583106488
          ],
          [
            -1.2254290468990803,
            51.71231975778937
          ],
          [
            -1.2252725567668676,
            51.712206937372684
          ],
          [
            -1.2253081798553467,
            51.71209579333663
          ]
        ]
      },
      "properties": {
        "name": "2023-08-30 (Wed) 19:20",
        "source_file": "2023-08-30-182040-ELEMNT_ROAM_A974-28-0.fit",
        "date": "2023-08-30T18:20:40",
        "sport": "cycling",
        "dropbox_id": "id:JY-PzzIM9pcAAAAAAAAA5A"
      }
    },
    {
      "type": "Feature",
      "geometry": {
        "type": "LineString",
        "coordinates": [
          [
            -1.2251783441752195,
            51.712120017036796
          ],
          [
            -1.22533667832613,
            51.71222487464547
          ],
          [
            -1.2254987005144358,
            51.71236652880907
          ],
          [
            -1.2257091701030731,
            51.7124961130321
          ],
          [
            -1.225932464003563,
            51.712573394179344
          ],
          [
            -1.2261843401938677,
            51.71260599978268
          ],
          [
            -1.2264275830239058,
            51.71258915215731
          ],
          [
            -1.2266070395708084,
            51.71250818297267
          ],
          [
            -1.2267892621457577,
            51.7123856395483
          ],
          [
            -1.2269523739814758,
            51.712260162457824
          ],
          [
            -1.2271899171173573,
            51.71228195540607
          ],
          [
            -1.2273988779634237,
            51.71240475028753
          ],
          [
            -1.2275565415620804,
            51.71251312829554
          ],
          [
            -1.2277123611420393,
            51.71263575553894
          ],
          [
            -1.2278628163039684,
            51.71276584267616
          ],
          [
            -1.2280090805143118,
            51.712895426899195
          ],
          [
            -1.228149812668562,
            51.71303112991154
          ],
          [
            -1.2282824981957674,
            51.71317387372255
          ],
          [
            -1.2284185364842415,
            51.71331427060068
          ],
          [
            -1.2285524792969227,
            51.71345910988748
          ],
          [
            -1.2286814767867327,
            51.713594729080796
          ],
          [
            -1.2288073729723692,
            51.71372867189348
          ],
          [
            -1.2289201933890581,
            51.71385817229748
          ],
          [
            -1.2290152441710234,
            51.71400032937527
          ],
          [
            -1.2291080318391323,
            51.71414961107075
          ],
          [
            -1.2291848100721836,
            51.7142940312624
          ],
          [
            -1.2292432319372892,
            51.714437613263726
          ],
          [
            -1.2292920984327793,
            51.71458547003567
          ],
          [
            -1.2293247878551483,
            51.71472511254251
          ],
          [
            -1.2293453235179186,
            51.714866096153855
          ],
          [
            -1.2293504364788532,
            51.71504312194884
          ],
          [
            -1.2293314095586538,
            51.715180333703756
          ],
          [
            -1.2293066829442978,
            51.715360125526786
          ],
          [
            -1.2292908411473036,
            51.7154957447201
          ],
          [
            -1.2292589899152517,
            51.71563362702727
          ],
          [
            -1.2291990593075752,
            51.71580989845097
          ],
          [
            -1.2291394639760256,
            51.7159431707114
          ],
          [
            -1.22906394302845,
            51.71611541882157
          ],
          [
            -1.2290017493069172,
            51.71624584123492
          ],
          [
            -1.2289127334952354,
            51.71641616150737
          ],
          [
            -1.2288235500454903,
            51.71657491475344
          ],
          [
            -1.228730846196413,
            51.71673693694174
          ],
          [
            -1.2286458536982536,
            51.716893929988146
          ],
          [
            -1.2285575084388256,
            51.71704899519682
          ],
          [
            -1.2284700851887465,
            51.717199701815844
          ],
          [
            -1.2283824943006039,
            51.71735887415707
          ],
          [
            -1.2282978370785713,
            51.717518381774426
          ],
          [
            -1.2282109167426825,
            51.71767587773502
          ],
          [
            -1.228116201236844,
            51.71783622354269
          ],
          [
            -1.228011092171073,
            51.717986930161715
          ],
          [
            -1.2278977688401937,
            51.71812942251563
          ],
          [
            -1.2277573719620705,
            51.71827593818307
          ],
          [
            -1.2276421207934618,
            51.71839286573231
          ],
          [
            -1.2275141291320324,
            51.71851993538439
          ],
          [
            -1.2273889873176813,
            51.71865027397871
          ],
          [
            -1.2272690422832966,
            51.71877399086952
          ],
          [
            -1.227153455838561,
            51.71889368444681
          ],
          [
            -1.2270182557404041,
            51.71903642825782
          ],
          [
            -1.2268753442913294,
            51.71916416846216
          ],
          [
            -1.2267121486365795,
            51.719280341640115
          ],
          [
            -1.2265343684703112,
            51.71938561834395
          ],
          [
            -1.2263727653771639,
            51.71948628500104
          ],
          [
            -1.2262093182653189,
            51.71962425112724
          ],
          [
            -1.2260740343481302,
            51.71974620781839
          ],
          [
            -1.225934810936451,
            51.719874031841755
          ],
          [
            -1.2257790751755238,
            51.72000663354993
          ],
          [
            -1.2256241776049137,
            51.720130098983645
          ],
          [
            -1.2254673521965742,
            51.72025884501636
          ],
          [
            -1.2252976186573505,
            51.720383651554585
          ],
          [
            -1.2251267954707146,
            51.72050468623638
          ],
          [
            -1.2249551340937614,
            51.720621613785625
          ],
          [
            -1.2247921898961067,
            51.72074415720999
          ],
          [
            -1.2246204447001219,
            51.720859156921506
          ],
          [
            -1.2244480289518833,
            51.72097457572818
          ],
          [
            -1.2242819834500551,
            51.72108412720263
          ],
          [
            -1.2241449393332005,
            51.72120423987508
          ],
          [
            -1.2240897025913,
            51.72134941443801
          ],
          [
            -1.2240412551909685,
            51.72149106860161
          ],
          [
            -1.2240037880837917,
            51.72164127230644
          ],
          [
            -1.2239872757345438,
            51.721787452697754
          ],
          [
            -1.224011080339551,
            51.721927681937814
          ],
          [
            -1.2240183725953102,
            51.72206858173013
          ],
          [
            -1.2240223120898008,
            51.72221107408404
          ],
          [
            -1.2240283470600843,
            51.72236421145499
          ],
          [
            -1.224031699821353,
            51.72250796109438
          ],
          [
            -1.224038153886795,
            51.722650956362486
          ],
          [
            -1.2240433506667614,
            51.72279914841056
          ],
          [
            -1.2240356393158436,
            51.72293795272708
          ],
          [
            -1.224028766155243,
            51.72308488748968
          ],
          [
            -1.2240550853312016,
            51.7232340015471
          ],
          [
            -1.2240421772003174,
            51.723381355404854
          ],
          [
            -1.2240154389292002,
            51.72352870926261
          ],
          [
            -1.2239954061806202,
            51.723679415881634
          ],
          [
            -1.2239778880029917,
            51.72382500953972
          ],
          [
            -1.2239690031856298,
            51.723987367004156
          ],
          [
            -1.2241311930119991,
            51.72409507445991
          ],
          [
            -1.224359180778265,
            51.724107479676604
          ],
          [
            -1.224576523527503,
            51.7241595312953
          ],
          [
            -1.2247814610600471,
            51.7242303583771
          ],
          [
            -1.224978268146515,
            51.72430713661015
          ],
          [
            -1.2252255342900753,
            51.724256090819836
          ],
          [
            -1.2254651729017496,
            51.72418777830899
          ],
          [
            -1.2257152050733566,
            51.72413229010999
          ],
          [
            -1.2259490601718426,
            51.72406665980816
          ],
          [
            -1.2262049596756697,
            51.72400949522853
          ],
          [
            -1.2264561653137207,
            51.72394981607795
          ],
          [
            -1.2267201114445925,
            51.72388158738613
          ],
          [
            -1.226930245757103,
            51.72383062541485
          ],
          [
            -1.2271321658045053,
            51.72377513721585
          ],
          [
            -1.2273367680609226,
            51.72372627072036
          ],
          [
            -1.2275642529129982,
            51.723670698702335
          ],
          [
            -1.2277888879179955,
            51.72360942699015
          ],
          [
            -1.2280131038278341,
            51.723553938791156
          ],
          [
            -1.228237822651863,
            51.72349417582154
          ],
          [
            -1.2284810654819012,
            51.72342862933874
          ],
          [
            -1.2287316005676985,
            51.723358388990164
          ],
          [
            -1.2289840634912252,
            51.72327800653875
          ],
          [
            -1.2292469199746847,
            51.72319695353508
          ],
          [
            -1.2295088544487953,
            51.72311472706497
          ],
          [
            -1.2297671008855104,
            51.72303065657616
          ],
          [
            -1.2300406862050295,
            51.722950022667646
          ],
          [
            -1.230306476354599,
            51.722869807854295
          ],
          [
            -1.2305705901235342,
            51.72279613092542
          ],
          [
            -1.2308471091091633,
            51.72273427248001
          ],
          [
            -1.2311273999512196,
            51.7226848192513
          ],
          [
            -1.231415318325162,
            51.7226398922503
          ],
          [
            -1.2316952738910913,
            51.72260225750506
          ],
          [
            -1.2319852877408266,
            51.722563952207565
          ],
          [
            -1.232277899980545,
            51.7225241381675
          ],
          [
            -1.2325560115277767,
            51.72248063609004
          ],
          [
            -1.2328320275992155,
            51.72243235632777
          ],
          [
            -1.233114581555128,
            51.72237988561392
          ],
          [
            -1.233401158824563,
            51.72232045792043
          ],
          [
            -1.2336778454482555,
            51.72225742600858
          ],
          [
            -1.2339748162776232,
            51.72223814763129
          ],
          [
            -1.2342729605734348,
            51.722261030226946
          ],
          [
            -1.2345794029533863,
            51.72229070216417
          ],
          [
            -1.2348700035363436,
            51.72232733108103
          ],
          [
            -1.2351578380912542,
            51.72235306352377
          ],
          [
            -1.235427986830473,
            51.722421795129776
          ],
          [
            -1.2356641050428152,
            51.722527826204896
          ],
          [
            -1.235900642350316,
            51.72263553366065
          ],
          [
            -1.2361429631710052,
            51.72274399548769
          ],
          [
            -1.2363734655082226,
            51.722853211686015
          ],
          [
            -1.2366140261292458,
            51.722967121750116
          ],
          [
            -1.236851317808032,
            51.72307441011071
          ],
          [
            -1.2370999250561,
            51.72319016419351
          ],
          [
            -1.2373545672744513,
            51.723307091742754
          ],
          [
            -1.2376118078827858,
            51.723428377881646
          ],
          [
            -1.237863264977932,
            51.723546562716365
          ],
          [
            -1.2381227687001228,
            51.723667765036225
          ],
          [
            -1.2383793387562037,
            51.723781172186136
          ],
          [
            -1.238558292388916,
            51.72386239282787
          ],
          [
            -1.2387340608984232,
            51.72394352965057
          ],
          [
            -1.2389115896075964,
            51.724023995921016
          ],
          [
            -1.2391716800630093,
            51.724141258746386
          ],
          [
            -1.239355243742466,
            51.72422516159713
          ],
          [
            -1.239535789936781,
            51.7243080586195
          ],
          [
            -1.239716922864318,
            51.72439028508961
          ],
          [
            -1.2399098742753267,
            51.72447971999645
          ],
          [
            -1.2400962878018618,
            51.724565383046865
          ],
          [
            -1.240283790975809,
            51.72464668750763
          ],
          [
            -1.2404681090265512,
            51.72473285347223
          ],
          [
            -1.2406505830585957,
            51.7248191870749
          ],
          [
            -1.240835404023528,
            51.72490275464952
          ],
          [
            -1.241016872227192,
            51.724985064938664
          ],
          [
            -1.2411983404308558,
            51.72506544739008
          ],
          [
            -1.2414587661623955,
            51.72518648207188
          ],
          [
            -1.2417133245617151,
            51.72530357725918
          ],
          [
            -1.2419656198471785,
            51.72542260028422
          ],
          [
            -1.2422210164368153,
            51.725544556975365
          ],
          [
            -1.242480268701911,
            51.72566207125783
          ],
          [
            -1.2427313905209303,
            51.72578369267285
          ],
          [
            -1.2429820094257593,
            51.72590606845915
          ],
          [
            -1.243243608623743,
            51.72602601349354
          ],
          [
            -1.243426837027073,
            51.72610321082175
          ],
          [
            -1.2436904478818178,
            51.72621997073293
          ],
          [
            -1.2439474370330572,
            51.72634083777666
          ],
          [
            -1.2442019116133451,
            51.72645474784076
          ],
          [
            -1.2444588169455528,
            51.72657150775194
          ],
          [
            -1.244715303182602,
            51.726691368967295
          ],
          [
            -1.2449675146490335,
            51.72680729068816
          ],
          [
            -1.2452042195945978,
            51.72691625542939
          ],
          [
            -1.2454387452453375,
            51.72702522017062
          ],
          [
            -1.2456769589334726,
            51.72712991014123
          ],
          [
            -1.2459082994610071,
            51.72723359428346
          ],
          [
            -1.2461191043257713,
            51.72733208164573
          ],
          [
            -1.2463229522109032,
            51.727420929819345
          ],
          [
            -1.24650944955647,
            51.727520087733865
          ],
          [
            -1.2466742377728224,
            51.7276303935796
          ],
          [
            -1.2468075938522816,
            51.72776207327843
          ],
          [
            -1.2469486612826586,
            51.72789769247174
          ],
          [
            -1.2470986135303974,
            51.72804328612983
          ],
          [
            -1.2472614739090204,
            51.7282020393759
          ],
          [
            -1.2474600411951542,
            51.728342520073056
          ],
          [
            -1.2476384919136763,
            51.72847528941929
          ],
          [
            -1.247729854658246,
            51.72864032909274
          ],
          [
            -1.2477785535156727,
            51.728797322139144
          ],
          [
            -1.247819373384118,
            51.72895892523229
          ],
          [
            -1.2478630430996418,
            51.72911323606968
          ],
          [
            -1.247895397245884,
            51.72926293686032
          ],
          [
            -1.247922470793128,
            51.72942546196282
          ],
          [
            -1.24794895760715,
            51.72958907671273
          ],
          [
            -1.2479786295443773,
            51.72977733425796
          ],
          [
            -1.2480015959590673,
            51.72995863482356
          ],
          [
            -1.2480297591537237,
            51.7301413603127
          ],
          [
            -1.2480585929006338,
            51.730323415249586
          ],
          [
            -1.2480979040265083,
            51.73051158897579
          ],
          [
            -1.2481352034956217,
            51.73070236109197
          ],
          [
            -1.2481809686869383,
            51.73088567331433
          ],
          [
            -1.2482307571917772,
            51.731063118204474
          ],
          [
            -1.2482796236872673,
            51.73124710097909
          ],
          [
            -1.2483360338956118,
            51.73142152838409
          ],
          [
            -1.2484118901193142,
            51.73157902434468
          ],
          [
            -1.248548598960042,
            51.73172109760344
          ],
          [
            -1.2486819550395012,
            51.7318613268435
          ],
          [
            -1.248758314177394,
            51.732008596882224
          ],
          [
            -1.248822771012783,
            51.73215905204415
          ],
          [
            -1.2488895747810602,
            51.73232979141176
          ],
          [
            -1.24898387119174,
            51.73247798345983
          ],
          [
            -1.2490356713533401,
            51.732614524662495
          ],
          [
            -1.2490632478147745,
            51.73274964094162
          ],
          [
            -1.2491303868591785,
            51.73288894817233
          ],
          [
            -1.2492119427770376,
            51.73301635310054
          ],
          [
            -1.2494228314608335,
            51.73307326622307
          ],
          [
            -1.2495430279523134,
            51.73319983296096
          ],
          [
            -1.2496429402381182,
            51.73335204832256
          ],
          [
            -1.249750480055809,
            51.73351004719734
          ],
          [
            -1.2498673237860203,
            51.7336711473763
          ],
          [
            -1.2499901186674833,
            51.73383534885943
          ],
          [
            -1.2501041125506163,
            51.73400558531284
          ],
          [
            -1.2502137478441,
            51.73417146317661
          ],
          [
            -1.2503099720925093,
            51.734347734600306
          ],
          [
            -1.2504032626748085,
            51.73452962189913
          ],
          [
            -1.250490853562951,
            51.734709748998284
          ],
          [
            -1.250580120831728,
            51.73488694243133
          ],
          [
            -1.250670561566949,
            51.73506078310311
          ],
          [
            -1.2507625110447407,
            51.735235964879394
          ],
          [
            -1.250854879617691,
            51.73540594987571
          ],
          [
            -1.2509443145245314,
            51.73557962290943
          ],
          [
            -1.2510421313345432,
            51.73575681634247
          ],
          [
            -1.2511418759822845,
            51.735930321738124
          ],
          [
            -1.251243045553565,
            51.73611572943628
          ],
          [
            -1.251342622563243,
            51.7362888995558
          ],
          [
            -1.2514382600784302,
            51.73646307550371
          ],
          [
            -1.2515373341739178,
            51.73664052039385
          ],
          [
            -1.251634731888771,
            51.736809415742755
          ],
          [
            -1.2517317943274975,
            51.73698719590902
          ],
          [
            -1.2518319580703974,
            51.73716296441853
          ],
          [
            -1.2519326247274876,
            51.73733940348029
          ],
          [
            -1.252032620832324,
            51.737516513094306
          ],
          [
            -1.252143681049347,
            51.737693790346384
          ],
          [
            -1.2522565852850676,
            51.73787391744554
          ],
          [
            -1.252368064597249,
            51.73805027268827
          ],
          [
            -1.2524804659187794,
            51.73822654411197
          ],
          [
            -1.2525975611060858,
            51.73840315081179
          ],
          [
            -1.2527203559875488,
            51.738577745854855
          ],
          [
            -1.2528455816209316,
            51.73874513246119
          ],
          [
            -1.2529751658439636,
            51.738923750817776
          ],
          [
            -1.2531026545912027,
            51.73909901641309
          ],
          [
            -1.2532267067581415,
            51.73926556482911
          ],
          [
            -1.253354363143444,
            51.73943161033094
          ],
          [
            -1.2534805946052074,
            51.73960352316499
          ],
          [
            -1.253605904057622,
            51.739772418513894
          ],
          [
            -1.253724843263626,
            51.73993745818734
          ],
          [
            -1.2538457103073597,
            51.740103755146265
          ],
          [
            -1.2539568543434143,
            51.74026024527848
          ],
          [
            -1.2540747877210379,
            51.74041883088648
          ],
          [
            -1.2541918829083443,
            51.74057833850384
          ],
          [
            -1.2543013505637646,
            51.740731140598655
          ],
          [
            -1.2544126622378826,
            51.740888468921185
          ],
          [
            -1.2545253988355398,
            51.741046551615
          ],
          [
            -1.254636375233531,
            51.74121159128845
          ],
          [
            -1.254735616967082,
            51.74137344583869
          ],
          [
            -1.2548331823199987,
            51.74153605476022
          ],
          [
            -1.2549263890832663,
            51.74169782549143
          ],
          [
            -1.2550209369510412,
            51.741859344765544
          ],
          [
            -1.2551171611994505,
            51.742016253992915
          ],
          [
            -1.2552098650485277,
            51.742171654477715
          ],
          [
            -1.2553026527166367,
            51.74233032390475
          ],
          [
            -1.2553984578698874,
            51.74248790368438
          ],
          [
            -1.2554914969950914,
            51.7426491715014
          ],
          [
            -1.2555701192468405,
            51.74281211569905
          ],
          [
            -1.255646226927638,
            51.74297279678285
          ],
          [
            -1.2557255197316408,
            51.74313699826598
          ],
          [
            -1.255803219974041,
            51.74330648034811
          ],
          [
            -1.2558835186064243,
            51.743486523628235
          ],
          [
            -1.2559479754418135,
            51.743663884699345
          ],
          [
            -1.2559992726892233,
            51.74384434707463
          ],
          [
            -1.2560356501489878,
            51.74402380362153
          ],
          [
            -1.2560742069035769,
            51.74420066177845
          ],
          [
            -1.256110416725278,
            51.7443794477731
          ],
          [
            -1.256151907145977,
            51.74456116743386
          ],
          [
            -1.2561858538538218,
            51.744749676436186
          ],
          [
            -1.2562100775539875,
            51.74492712132633
          ],
          [
            -1.2562345527112484,
            51.74510364420712
          ],
          [
            -1.2562519870698452,
            51.745277401059866
          ],
          [
            -1.256271181628108,
            51.74545928835869
          ],
          [
            -1.2562926393002272,
            51.74564268440008
          ],
          [
            -1.2563128396868706,
            51.74582591280341
          ],
          [
            -1.2563278432935476,
            51.74600386060774
          ],
          [
            -1.256343349814415,
            51.74617309123278
          ],
          [
            -1.2563490495085716,
            51.74634089693427
          ],
          [
            -1.256357179954648,
            51.74649118445814
          ],
          [
            -1.2563800625503063,
            51.74664046615362
          ],
          [
            -1.256412835791707,
            51.74680072814226
          ],
          [
            -1.2564767897129059,
            51.74696107394993
          ],
          [
            -1.2565114069730043,
            51.74714606255293
          ],
          [
            -1.2565099820494652,
            51.7473428696394
          ],
          [
            -1.2565251532942057,
            51.747544622048736
          ],
          [
            -1.2565523944795132,
            51.74774746410549
          ],
          [
            -1.2565743550658226,
            51.74793228507042
          ],
          [
            -1.256599584594369,
            51.74811174161732
          ],
          [
            -1.2566229701042175,
            51.7482871748507
          ],
          [
            -1.2566388957202435,
            51.74846579320729
          ],
          [
            -1.2566562462598085,
            51.748636700212955
          ],
          [
            -1.256683235988021,
            51.748807188123465
          ],
          [
            -1.2567123211920261,
            51.74897893331945
          ],
          [
            -1.2567331083118916,
            51.74914984032512
          ],
          [
            -1.2567551527172327,
            51.749308509752154
          ],
          [
            -1.2567944638431072,
            51.74946273677051
          ],
          [
            -1.2568103894591331,
            51.74962190911174
          ],
          [
            -1.2568406481295824,
            51.74977303482592
          ],
          [
            -1.256865793839097,
            51.749927178025246
          ],
          [
            -1.256878785789013,
            51.750070257112384
          ],
          [
            -1.256882892921567,
            51.75020679831505
          ],
          [
            -1.2568930350244045,
            51.750387931242585
          ],
          [
            -1.256944751366973,
            51.75054106861353
          ],
          [
            -1.2570052687078714,
            51.75069395452738
          ],
          [
            -1.2571015767753124,
            51.75086083821952
          ],
          [
            -1.2571786902844906,
            51.75098966807127
          ],
          [
            -1.2572535406798124,
            51.75111724063754
          ],
          [
            -1.2573501840233803,
            51.75128102302551
          ],
          [
            -1.2574093602597713,
            51.75141689367592
          ],
          [
            -1.2575017288327217,
            51.75157933495939
          ],
          [
            -1.2575982045382261,
            51.75172652117908
          ],
          [
            -1.2576774135231972,
            51.75188343040645
          ],
          [
            -1.2576013896614313,
            51.75203430466354
          ],
          [
            -1.2573859747499228,
            51.75207302905619
          ],
          [
            -1.2571360263973475,
            51.752122063189745
          ],
          [
            -1.2568589206784964,
            51.752167660743
          ],
          [
            -1.2566445115953684,
            51.752198338508606
          ],
          [
            -1.256393976509571,
            51.75224435515702
          ],
          [
            -1.2561664078384638,
            51.752280816435814
          ],
          [
            -1.2559119332581758,
            51.75230512395501
          ],
          [
            -1.255896845832467,
            51.75244367681444
          ],
          [
            -1.25592190772295,
            51.75260913558304
          ],
          [
            -1.2559583690017462,
            51.752748023718596
          ],
          [
            -1.2560109235346317,
            51.752884313464165
          ],
          [
            -1.2560757994651794,
            51.75301951356232
          ],
          [
            -1.2561503984034061,
            51.75317985936999
          ],
          [
            -1.256191972643137,
            51.753321597352624
          ],
          [
            -1.2562727741897106,
            51.753457048907876
          ],
          [
            -1.256356006488204,
            51.75361110828817
          ],
          [
            -1.2564228102564812,
            51.7537544388324
          ],
          [
            -1.256495313718915,
            51.75388838164508
          ],
          [
            -1.2565648835152388,
            51.75402458757162
          ],
          [
            -1.2566252332180738,
            51.75417562946677
          ],
          [
            -1.2566515523940325,
            51.754317954182625
          ],
          [
            -1.2564139254391193,
            51.754387356340885
          ],
          [
            -1.2561319582164288,
            51.75438023172319
          ],
          [
            -1.2559074070304632,
            51.754414765164256
          ],
          [
            -1.2556831911206245,
            51.754466062411666
          ],
          [
            -1.255462747067213,
            51.75453621894121
          ],
          [
            -1.2552485056221485,
            51.75461056642234
          ],
          [
            -1.255039880052209,
            51.75468415953219
          ],
          [
            -1.254849275574088,
            51.75477216951549
          ],
          [
            -1.2546346988528967,
            51.75488096661866
          ],
          [
            -1.254579545930028,
            51.75503175705671
          ],
          [
            -1.2546754349023104,
            51.75517290830612
          ],
          [
            -1.2547890935093164,
            51.75531992688775
          ],
          [
            -1.254891688004136,
            51.7554847151041
          ],
          [
            -1.25499595887959,
            51.75565654411912
          ],
          [
            -1.2551029119640589,
            51.7558216676116
          ],
          [
            -1.2552123796194792,
            51.75599073059857
          ],
          [
            -1.2553242780268192,
            51.756160045042634
          ],
          [
            -1.2554241064935923,
            51.75631913356483
          ],
          [
            -1.255527539178729,
            51.756473779678345
          ],
          [
            -1.2556326482445002,
            51.75663923844695
          ],
          [
            -1.255744295194745,
            51.756805032491684
          ],
          [
            -1.2558577861636877,
            51.7569718323648
          ],
          [
            -1.2559607159346342,
            51.7571272328496
          ],
          [
            -1.2560474686324596,
            51.75725731998682
          ],
          [
            -1.2562026176601648,
            51.75749092362821
          ],
          [
            -1.2563030328601599,
            51.75763199105859
          ],
          [
            -1.2563876900821924,
            51.75776828080416
          ],
          [
            -1.2564728502184153,
            51.757905995473266
          ],
          [
            -1.2565689906477928,
            51.75805469043553
          ],
          [
            -1.2566549889743328,
            51.758215287700295
          ],
          [
            -1.2567468546330929,
            51.7583844345063
          ],
          [
            -1.2568370439112186,
            51.75854494795203
          ],
          [
            -1.2569210305809975,
            51.75870034843683
          ],
          [
            -1.2569973897188902,
            51.75886002369225
          ],
          [
            -1.257064864039421,
            51.75901441834867
          ],
          [
            -1.2571407202631235,
            51.75919186323881
          ],
          [
            -1.257228646427393,
            51.759346006438136
          ],
          [
            -1.2573050893843174,
            51.75948296673596
          ],
          [
            -1.2574490066617727,
            51.75963702611625
          ],
          [
            -1.2577183172106743,
            51.75967399030924
          ],
          [
            -1.2579347379505634,
            51.759623531252146
          ],
          [
            -1.2581631448119879,
            51.759570222347975
          ],
          [
            -1.258401945233345,
            51.75951858982444
          ],
          [
            -1.2586439307779074,
            51.759474417194724
          ],
          [
            -1.2588747683912516,
            51.75943057984114
          ],
          [
            -1.259094038978219,
            51.75937559455633
          ],
          [
            -1.259299898520112,
            51.75932387821376
          ],
          [
            -1.2595510203391314,
            51.759285405278206
          ],
          [
            -1.2597941793501377,
            51.75924022682011
          ],
          [
            -1.259823516011238,
            51.7590612731874
          ],
          [
            -1.2598173134028912,
            51.75891182385385
          ],
          [
            -1.259837094694376,
            51.75873261876404
          ],
          [
            -1.2598411180078983,
            51.75855249166489
          ],
          [
            -1.259842375293374,
            51.75837563350797
          ],
          [
            -1.259832652285695,
            51.75820539705455
          ],
          [
            -1.259822091087699,
            51.758041363209486
          ],
          [
            -1.259797951206565,
            51.75788227468729
          ],
          [
            -1.259743133559823,
            51.757737854495645
          ],
          [
            -1.2596160639077425,
            51.75760114565492
          ],
          [
            -1.2595249526202679,
            51.757445661351085
          ],
          [
            -1.2594538740813732,
            51.757287913933396
          ],
          [
            -1.2594057619571686,
            51.757121281698346
          ],
          [
            -1.2593786884099245,
            51.756957080215216
          ],
          [
            -1.2593620084226131,
            51.75680981017649
          ],
          [
            -1.259335521608591,
            51.75665155984461
          ],
          [
            -1.2592978030443192,
            51.7565122526139
          ],
          [
            -1.2591745052486658,
            51.75638166256249
          ],
          [
            -1.2591119762510061,
            51.75625132396817
          ],
          [
            -1.2590574100613594,
            51.75609307363629
          ],
          [
            -1.2590081244707108,
            51.75596541725099
          ]
        ]
      },
      "properties": {
        "name": "2023-08-31 (Thu) 06:48",
        "source_file": "2023-08-31-054823-ELEMNT_ROAM_A974-29-0.fit",
        "date": "2023-08-31T05:48:24",
        "sport": "cycling",
        "dropbox_id": "id:JY-PzzIM9pcAAAAAAAAA5Q"
      }
    },
    {
      "type": "Feature",
      "geometry": {
        "type": "LineString",
        "coordinates": [
          [
            -1.259001586586237,
            51.75548169761896
          ],
          [
            -1.2589887622743845,
            51.755340127274394
          ],
          [
            -1.2589291669428349,
            51.75519092939794
          ],
          [
            -1.2588390614837408,
            51.75503846257925
          ],
          [
            -1.2587100639939308,
            51.754884822294116
          ],
          [
            -1.258608140051365,
            51.75471785478294
          ],
          [
            -1.2585601955652237,
            51.754582319408655
          ],
          [
            -1.2585151009261608,
            51.75442926585674
          ],
          [
            -1.2584734428673983,
            51.75428836606443
          ],
          [
            -1.2582654040306807,
            51.75423799082637
          ],
          [
            -1.2580736260861158,
            51.754302866756916
          ],
          [
            -1.257829125970602,
            51.75435961224139
          ],
          [
            -1.2575862184166908,
            51.754409400746226
          ],
          [
            -1.2573166564106941,
            51.754409819841385
          ],
          [
            -1.2570487707853317,
            51.75444393418729
          ],
          [
            -1.2567880935966969,
            51.75445172935724
          ],
          [
            -1.2566016800701618,
            51.75437377765775
          ],
          [
            -1.2565372232347727,
            51.754231536760926
          ],
          [
            -1.2564535718411207,
            51.754074627533555
          ],
          [
            -1.2563835829496384,
            51.75391076132655
          ],
          [
            -1.2563182041049004,
            51.75376852042973
          ],
          [
            -1.2562816590070724,
            51.75361664034426
          ],
          [
            -1.2562471255660057,
            51.75344984047115
          ],
          [
            -1.2560312077403069,
            51.75339477136731
          ],
          [
            -1.2557763140648603,
            51.75347867421806
          ],
          [
            -1.2555492483079433,
            51.753528378903866
          ],
          [
            -1.2553236074745655,
            51.753562577068806
          ],
          [
            -1.2550382874906063,
            51.75358571112156
          ],
          [
            -1.2548049353063107,
            51.75362393260002
          ],
          [
            -1.2545759417116642,
            51.753654442727566
          ],
          [
            -1.254380140453577,
            51.75376114435494
          ],
          [
            -1.2541985046118498,
            51.75384471192956
          ],
          [
            -1.2539680860936642,
            51.75386046990752
          ],
          [
            -1.253769351169467,
            51.753758462145925
          ],
          [
            -1.2536717019975185,
            51.75360490567982
          ],
          [
            -1.2536171358078718,
            51.753464844077826
          ],
          [
            -1.2535510025918484,
            51.75332880578935
          ],
          [
            -1.2535120267421007,
            51.75319385714829
          ],
          [
            -1.2534267827868462,
            51.75302521325648
          ],
          [
            -1.253342041745782,
            51.7528807092458
          ],
          [
            -1.2532638385891914,
            51.75273980945349
          ],
          [
            -1.2533697858452797,
            51.75261860713363
          ],
          [
            -1.2536298763006926,
            51.75254199653864
          ],
          [
            -1.2538462970405817,
            51.75250679254532
          ],
          [
            -1.254080068320036,
            51.752484664320946
          ],
          [
            -1.2543266639113426,
            51.75244820304215
          ],
          [
            -1.2545725889503956,
            51.752407969906926
          ],
          [
            -1.2548297457396984,
            51.752366311848164
          ],
          [
            -1.255092853680253,
            51.75232591107488
          ],
          [
            -1.2553309835493565,
            51.75229682587087
          ],
          [
            -1.2555717956274748,
            51.75226639956236
          ],
          [
            -1.255806740373373,
            51.75222826190293
          ],
          [
            -1.2560467142611742,
            51.752197751775384
          ],
          [
            -1.2563001830130816,
            51.75218978896737
          ],
          [
            -1.2565477844327688,
            51.75215399824083
          ],
          [
            -1.256792787462473,
            51.75212332047522
          ],
          [
            -1.2570296600461006,
            51.752105969935656
          ],
          [
            -1.2572530377656221,
            51.75209490582347
          ],
          [
            -1.2574663572013378,
            51.752041010186076
          ],
          [
            -1.257508685812354,
            51.751900780946016
          ],
          [
            -1.2574390321969986,
            51.75174890086055
          ],
          [
            -1.257362337782979,
            51.751584615558386
          ],
          [
            -1.2572789378464222,
            51.751423347741365
          ],
          [
            -1.2572194263339043,
            51.75124095752835
          ],
          [
            -1.257149102166295,
            51.7510658595711
          ],
          [
            -1.257072575390339,
            51.750913644209504
          ],
          [
            -1.256997138261795,
            51.75077157095075
          ],
          [
            -1.256908206269145,
            51.75062421709299
          ],
          [
            -1.2568373791873455,
            51.750452890992165
          ],
          [
            -1.2567984033375978,
            51.75026345998049
          ],
          [
            -1.2567800469696522,
            51.75006916746497
          ],
          [
            -1.2567734252661467,
            51.74993279390037
          ],
          [
            -1.2567502073943615,
            51.7497914750129
          ],
          [
            -1.256727073341608,
            51.749648144468665
          ],
          [
            -1.256687343120575,
            51.749506490305066
          ],
          [
            -1.2566483672708273,
            51.749359387904406
          ],
          [
            -1.2566186115145683,
            51.74921513535082
          ],
          [
            -1.256593381986022,
            51.74906543456018
          ],
          [
            -1.2565736845135689,
            51.748919170349836
          ],
          [
            -1.2565485388040543,
            51.74877651035786
          ],
          [
            -1.256515346467495,
            51.74863552674651
          ],
          [
            -1.2564766220748425,
            51.748493034392595
          ],
          [
            -1.2564416695386171,
            51.748351799324155
          ],
          [
            -1.2564150989055634,
            51.74814686179161
          ],
          [
            -1.2564083933830261,
            51.74800663255155
          ],
          [
            -1.2564000114798546,
            51.747822649776936
          ],
          [
            -1.2563866004347801,
            51.747642355039716
          ],
          [
            -1.256371596828103,
            51.747486451640725
          ],
          [
            -1.2563567608594894,
            51.747318897396326
          ],
          [
            -1.2563435174524784,
            51.74717657268047
          ],
          [
            -1.2563220597803593,
            51.74700742587447
          ],
          [
            -1.2563135102391243,
            51.74685931764543
          ],
          [
            -1.2563116662204266,
            51.746714478358626
          ],
          [
            -1.256308313459158,
            51.74656938761473
          ],
          [
            -1.256295070052147,
            51.746403593569994
          ],
          [
            -1.2562799826264381,
            51.74626235850155
          ],
          [
            -1.2562636379152536,
            51.74610746093094
          ],
          [
            -1.2562428507953882,
            51.745939906686544
          ],
          [
            -1.2562200520187616,
            51.74573949538171
          ],
          [
            -1.256198426708579,
            51.74555316567421
          ],
          [
            -1.2561835069209337,
            51.74538997001946
          ],
          [
            -1.2561571039259434,
            51.74522342160344
          ],
          [
            -1.256121899932623,
            51.74504203721881
          ],
          [
            -1.256093569099903,
            51.74485143274069
          ],
          [
            -1.2560586165636778,
            51.74465311691165
          ],
          [
            -1.2560271844267845,
            51.74444985575974
          ],
          [
            -1.2560027092695236,
            51.74431314691901
          ],
          [
            -1.2559737917035818,
            51.74417342059314
          ],
          [
            -1.2559437844902277,
            51.744036208838224
          ],
          [
            -1.2559022102504969,
            51.743849124759436
          ],
          [
            -1.2558522541075945,
            51.74367796629667
          ],
          [
            -1.2557827681303024,
            51.743502700701356
          ],
          [
            -1.2557023018598557,
            51.743332631886005
          ],
          [
            -1.2556137051433325,
            51.74314965493977
          ],
          [
            -1.2555220071226358,
            51.74296533688903
          ],
          [
            -1.2554231006652117,
            51.74277774989605
          ],
          [
            -1.255357889458537,
            51.74264766275883
          ],
          [
            -1.2552531994879246,
            51.742457477375865
          ],
          [
            -1.2551804445683956,
            51.74232881516218
          ],
          [
            -1.2550759222358465,
            51.74213561229408
          ],
          [
            -1.2550066877156496,
            51.74200376495719
          ],
          [
            -1.2549302447587252,
            51.74187049269676
          ],
          [
            -1.2548563163727522,
            51.741742668673396
          ],
          [
            -1.2547807954251766,
            51.74160839058459
          ],
          [
            -1.2546983174979687,
            51.741476794704795
          ],
          [
            -1.2546201143413782,
            51.741339918226004
          ],
          [
            -1.2545349542051554,
            51.74121335148811
          ],
          [
            -1.2544487044215202,
            51.74108795821667
          ],
          [
            -1.2543208803981543,
            51.74089819192886
          ],
          [
            -1.254195487126708,
            51.74070691689849
          ],
          [
            -1.2541067227721214,
            51.7405819427222
          ],
          [
            -1.2540016137063503,
            51.74045378342271
          ],
          [
            -1.2539026234298944,
            51.740329060703516
          ],
          [
            -1.2538072373718023,
            51.74020517617464
          ],
          [
            -1.2537141144275665,
            51.74007374793291
          ],
          [
            -1.2536222487688065,
            51.73994584009051
          ],
          [
            -1.2535273656249046,
            51.73982170410454
          ],
          [
            -1.2534326501190662,
            51.73969388008118
          ],
          [
            -1.2533379346132278,
            51.73956857062876
          ],
          [
            -1.2532439734786749,
            51.73944594338536
          ],
          [
            -1.2531489226967096,
            51.7393144313246
          ],
          [
            -1.2530547939240932,
            51.73918585292995
          ],
          [
            -1.2529607489705086,
            51.73905534669757
          ],
          [
            -1.2528668716549873,
            51.73892852850258
          ],
          [
            -1.2527711503207684,
            51.7388017103076
          ],
          [
            -1.2526435777544975,
            51.73861219547689
          ],
          [
            -1.2525573279708624,
            51.738486886024475
          ],
          [
            -1.2524389754980803,
            51.738302735611796
          ],
          [
            -1.2523139175027609,
            51.73811690881848
          ],
          [
            -1.2522264942526817,
            51.73798975534737
          ],
          [
            -1.2520990055054426,
            51.73780049197376
          ],
          [
            -1.2520160246640444,
            51.73766755498946
          ],
          [
            -1.2519387435168028,
            51.73753671348095
          ],
          [
            -1.251864479854703,
            51.737405536696315
          ],
          [
            -1.2517956644296646,
            51.737271593883634
          ],
          [
            -1.251692734658718,
            51.73708534799516
          ],
          [
            -1.2516251765191555,
            51.73695324920118
          ],
          [
            -1.251552002504468,
            51.73682374879718
          ],
          [
            -1.2514756433665752,
            51.73669424839318
          ],
          [
            -1.2514056544750929,
            51.73655804246664
          ],
          [
            -1.251326110213995,
            51.73641764558852
          ],
          [
            -1.2512490805238485,
            51.736283618956804
          ],
          [
            -1.2511709611862898,
            51.736154118552804
          ],
          [
            -1.2510593142360449,
            51.7359627597034
          ],
          [
            -1.2509922590106726,
            51.73583292402327
          ],
          [
            -1.2508957833051682,
            51.73564969561994
          ],
          [
            -1.2508018221706152,
            51.735484320670366
          ],
          [
            -1.2507205177098513,
            51.73533998429775
          ],
          [
            -1.2506494391709566,
            51.73521148972213
          ],
          [
            -1.2505828868597746,
            51.73507947474718
          ],
          [
            -1.2505045998841524,
            51.73493052832782
          ],
          [
            -1.2504077889025211,
            51.734769931063056
          ],
          [
            -1.2503145821392536,
            51.7346175480634
          ],
          [
            -1.250228164717555,
            51.73447681590915
          ],
          [
            -1.2501223012804985,
            51.73428445123136
          ],
          [
            -1.2500295136123896,
            51.73412905074656
          ],
          [
            -1.2499337084591389,
            51.73398865386844
          ],
          [
            -1.249820552766323,
            51.73382503911853
          ],
          [
            -1.2497069779783487,
            51.733663184568286
          ],
          [
            -1.2495866976678371,
            51.733494540676475
          ],
          [
            -1.2494673393666744,
            51.73332145437598
          ],
          [
            -1.2493489868938923,
            51.7331428360194
          ],
          [
            -1.2492531817406416,
            51.73299380578101
          ],
          [
            -1.2491746433079243,
            51.732850978150964
          ],
          [
            -1.24909283593297,
            51.732668755576015
          ],
          [
            -1.2490216735750437,
            51.73250203952193
          ],
          [
            -1.2489541992545128,
            51.73234228044748
          ],
          [
            -1.2488462403416634,
            51.73220280557871
          ],
          [
            -1.2487685400992632,
            51.732059391215444
          ],
          [
            -1.248687906190753,
            51.73190181143582
          ],
          [
            -1.2485701404511929,
            51.73174993135035
          ],
          [
            -1.2484133150428534,
            51.731612384319305
          ],
          [
            -1.2483295798301697,
            51.73145983368158
          ],
          [
            -1.2482771929353476,
            51.731294207274914
          ],
          [
            -1.2482226267457008,
            51.731131514534354
          ],
          [
            -1.2481693178415298,
            51.73097142018378
          ],
          [
            -1.2481278274208307,
            51.730802189558744
          ],
          [
            -1.2480858340859413,
            51.730628432706
          ],
          [
            -1.2480505462735891,
            51.73045266419649
          ],
          [
            -1.2480224668979645,
            51.73028217628598
          ],
          [
            -1.247994052246213,
            51.730119064450264
          ],
          [
            -1.2479670625180006,
            51.729956455528736
          ],
          [
            -1.2479420006275177,
            51.72979208640754
          ],
          [
            -1.2479175254702568,
            51.72963459044695
          ],
          [
            -1.247895648702979,
            51.72947432845831
          ],
          [
            -1.2478675693273544,
            51.729320688173175
          ],
          [
            -1.2478406634181738,
            51.72917425632477
          ],
          [
            -1.2478075549006462,
            51.729030422866344
          ],
          [
            -1.2477725185453892,
            51.728893211111426
          ],
          [
            -1.2477265857160091,
            51.728760274127126
          ],
          [
            -1.2476822454482317,
            51.72862423583865
          ],
          [
            -1.2476131785660982,
            51.72848735935986
          ],
          [
            -1.2474779784679413,
            51.72837286256254
          ],
          [
            -1.2473273556679487,
            51.72826406545937
          ],
          [
            -1.2471778225153685,
            51.728144539520144
          ],
          [
            -1.2470516748726368,
            51.728017469868064
          ],
          [
            -1.2469209171831608,
            51.72789350152016
          ],
          [
            -1.2467981223016977,
            51.72776383347809
          ],
          [
            -1.2466687895357609,
            51.727641709148884
          ],
          [
            -1.2465156521648169,
            51.72754037193954
          ],
          [
            -1.2462859880179167,
            51.72743417322636
          ],
          [
            -1.2461042683571577,
            51.72735085710883
          ],
          [
            -1.245916597545147,
            51.72726569697261
          ],
          [
            -1.2457176111638546,
            51.72717039473355
          ],
          [
            -1.2455236539244652,
            51.727083725854754
          ],
          [
            -1.2453268468379974,
            51.72699362039566
          ],
          [
            -1.2451282795518637,
            51.72690041363239
          ],
          [
            -1.2449271138757467,
            51.72680905088782
          ],
          [
            -1.2447231821715832,
            51.72671349719167
          ],
          [
            -1.2445233575999737,
            51.72662272118032
          ],
          [
            -1.2443205155432224,
            51.72653370536864
          ],
          [
            -1.2441220320761204,
            51.72644292935729
          ],
          [
            -1.2439184356480837,
            51.726347375661135
          ],
          [
            -1.2437110673636198,
            51.726252660155296
          ],
          [
            -1.2435055430978537,
            51.726156771183014
          ],
          [
            -1.2432971689850092,
            51.72606088221073
          ],
          [
            -1.243086364120245,
            51.72596490941942
          ],
          [
            -1.2428759783506393,
            51.72586935572326
          ],
          [
            -1.2426674365997314,
            51.72577111981809
          ],
          [
            -1.2424609065055847,
            51.72568009234965
          ],
          [
            -1.2422538734972477,
            51.72558839432895
          ],
          [
            -1.2420513667166233,
            51.72549644485116
          ],
          [
            -1.2418486084789038,
            51.72540592029691
          ],
          [
            -1.2416538130491972,
            51.72532168217003
          ],
          [
            -1.2414735183119774,
            51.72522914595902
          ],
          [
            -1.2412913795560598,
            51.725140968337655
          ],
          [
            -1.24111108481884,
            51.725057903677225
          ],
          [
            -1.2408850248903036,
            51.724951369687915
          ],
          [
            -1.2406572047621012,
            51.72485581599176
          ],
          [
            -1.240432234480977,
            51.72475531697273
          ],
          [
            -1.2402165681123734,
            51.724649872630835
          ],
          [
            -1.23999017290771,
            51.72454593703151
          ],
          [
            -1.2397523783147335,
            51.72443873248994
          ],
          [
            -1.239576106891036,
            51.724351393058896
          ],
          [
            -1.239395560696721,
            51.72427151352167
          ],
          [
            -1.2391583528369665,
            51.724161710590124
          ],
          [
            -1.2389793992042542,
            51.72408032231033
          ],
          [
            -1.2388038821518421,
            51.72399340197444
          ],
          [
            -1.238618977367878,
            51.72390639781952
          ],
          [
            -1.238433988764882,
            51.723825093358755
          ],
          [
            -1.2382515147328377,
            51.72373867593706
          ],
          [
            -1.2380693759769201,
            51.723656952381134
          ],
          [
            -1.2379007320851088,
            51.72356994822621
          ],
          [
            -1.2377282325178385,
            51.72348562628031
          ],
          [
            -1.237537208944559,
            51.723401974886656
          ],
          [
            -1.237352304160595,
            51.723310528323054
          ],
          [
            -1.2371693272143602,
            51.72323165461421
          ],
          [
            -1.2369686644524336,
            51.72314657829702
          ],
          [
            -1.2367719411849976,
            51.72306594438851
          ],
          [
            -1.2365916464477777,
            51.7229784373194
          ],
          [
            -1.2364049814641476,
            51.7228867392987
          ],
          [
            -1.2362297158688307,
            51.72280367463827
          ],
          [
            -1.2360089365392923,
            51.7226967215538
          ],
          [
            -1.2357822060585022,
            51.72259245067835
          ],
          [
            -1.2355444114655256,
            51.72249035909772
          ],
          [
            -1.2353159207850695,
            51.72239061444998
          ],
          [
            -1.2350326124578714,
            51.7223478667438
          ],
          [
            -1.2348117493093014,
            51.72231727279723
          ],
          [
            -1.2345922272652388,
            51.72229086980224
          ],
          [
            -1.2343624792993069,
            51.722263880074024
          ],
          [
            -1.2341381795704365,
            51.722248289734125
          ],
          [
            -1.2338618282228708,
            51.72223630361259
          ],
          [
            -1.2335878238081932,
            51.72228659503162
          ],
          [
            -1.2333839759230614,
            51.72233856283128
          ],
          [
            -1.2331082113087177,
            51.72238868661225
          ],
          [
            -1.2328373920172453,
            51.72244727611542
          ],
          [
            -1.2326256651431322,
            51.72248750925064
          ],
          [
            -1.2323508225381374,
            51.722533190622926
          ],
          [
            -1.2321186438202858,
            51.722564371302724
          ],
          [
            -1.2318960204720497,
            51.722590774297714
          ],
          [
            -1.2316527776420116,
            51.72262103296816
          ],
          [
            -1.2314034160226583,
            51.72265942208469
          ],
          [
            -1.2311636935919523,
            51.7226969730109
          ],
          [
            -1.230913745239377,
            51.72274357639253
          ],
          [
            -1.2306724302470684,
            51.722789173945785
          ],
          [
            -1.2304427661001682,
            51.72284943982959
          ],
          [
            -1.2302168738096952,
            51.72291833907366
          ],
          [
            -1.229989305138588,
            51.72298732213676
          ],
          [
            -1.2297701183706522,
            51.7230542935431
          ],
          [
            -1.2295381911098957,
            51.72313140705228
          ],
          [
            -1.2293102871626616,
            51.723200641572475
          ],
          [
            -1.2290821317583323,
            51.723276916891336
          ],
          [
            -1.2288503721356392,
            51.72335377894342
          ],
          [
            -1.2286157626658678,
            51.72342183999717
          ],
          [
            -1.22837889008224,
            51.72349006868899
          ],
          [
            -1.2281495612114668,
            51.72355410642922
          ],
          [
            -1.2279073242098093,
            51.72361663542688
          ],
          [
            -1.227662404999137,
            51.72367732040584
          ],
          [
            -1.2273988779634237,
            51.723745465278625
          ],
          [
            -1.2271381169557571,
            51.72381034120917
          ],
          [
            -1.226866040378809,
            51.723872032016516
          ],
          [
            -1.2266061175614595,
            51.723936740309
          ],
          [
            -1.22634619474411,
            51.723998012021184
          ],
          [
            -1.226094989106059,
            51.72405852936208
          ],
          [
            -1.2258513271808624,
            51.724120220169425
          ],
          [
            -1.225610850378871,
            51.724177384749055
          ],
          [
            -1.2253420427441597,
            51.724249217659235
          ],
          [
            -1.2251044996082783,
            51.72434317879379
          ],
          [
            -1.2249117158353329,
            51.724432446062565
          ],
          [
            -1.2246782798320055,
            51.72436413355172
          ],
          [
            -1.2245125696063042,
            51.72423974610865
          ],
          [
            -1.2242505513131618,
            51.72416003420949
          ],
          [
            -1.2240394111722708,
            51.72409884631634
          ],
          [
            -1.2239115871489048,
            51.72393347136676
          ],
          [
            -1.2239025346934795,
            51.72379734925926
          ],
          [
            -1.2239477969706059,
            51.72364211641252
          ],
          [
            -1.2239747866988182,
            51.72348235733807
          ],
          [
            -1.223984844982624,
            51.723316479474306
          ],
          [
            -1.223995154723525,
            51.72314615920186
          ],
          [
            -1.2239640578627586,
            51.722957314923406
          ],
          [
            -1.2239598669111729,
            51.72277425415814
          ],
          [
            -1.2239681649953127,
            51.722584906965494
          ],
          [
            -1.2239718530327082,
            51.722396314144135
          ],
          [
            -1.2239701766520739,
            51.72221124172211
          ],
          [
            -1.2239519879221916,
            51.7220320366323
          ],
          [
            -1.2239293567836285,
            51.72186196781695
          ],
          [
            -1.2239249981939793,
            51.721692653372884
          ],
          [
            -1.223931536078453,
            51.721531469374895
          ],
          [
            -1.223922148346901,
            51.72138310968876
          ],
          [
            -1.2239985913038254,
            51.72122284770012
          ],
          [
            -1.2241898663342,
            51.72108513303101
          ],
          [
            -1.224332358688116,
            51.72097960487008
          ],
          [
            -1.2244771141558886,
            51.72087047249079
          ],
          [
            -1.224629832431674,
            51.72077232040465
          ],
          [
            -1.2247884180396795,
            51.7206693906337
          ],
          [
            -1.2249351013451815,
            51.72056528739631
          ],
          [
            -1.225142888724804,
            51.7204106412828
          ],
          [
            -1.2252894882112741,
            51.72030285000801
          ],
          [
            -1.2254302203655243,
            51.72019296325743
          ],
          [
            -1.225575478747487,
            51.7200773768127
          ],
          [
            -1.2257075775414705,
            51.71996405348182
          ],
          [
            -1.2258383352309465,
            51.71984779648483
          ],
          [
            -1.2260187976062298,
            51.71969591639936
          ],
          [
            -1.2261884473264217,
            51.719551496207714
          ],
          [
            -1.2263569235801697,
            51.71941839158535
          ],
          [
            -1.226540571078658,
            51.71931319870055
          ],
          [
            -1.2267258111387491,
            51.71919518150389
          ],
          [
            -1.226906692609191,
            51.719040870666504
          ],
          [
            -1.2270722351968288,
            51.718868874013424
          ],
          [
            -1.227188827469945,
            51.718754125759006
          ],
          [
            -1.2273107841610909,
            51.71862839721143
          ],
          [
            -1.2274396140128374,
            51.71849814243615
          ],
          [
            -1.2275624927133322,
            51.71837819740176
          ],
          [
            -1.2276796717196703,
            51.71826001256704
          ],
          [
            -1.227791989222169,
            51.71814241446555
          ],
          [
            -1.227890057489276,
            51.71801710501313
          ],
          [
            -1.2279728706926107,
            51.71789045445621
          ],
          [
            -1.2280388362705708,
            51.71776045113802
          ],
          [
            -1.2281638104468584,
            51.717572109773755
          ],
          [
            -1.228237235918641,
            51.71743858605623
          ],
          [
            -1.228311499580741,
            51.71730665490031
          ],
          [
            -1.2283829972147942,
            51.71716340817511
          ],
          [
            -1.2284587696194649,
            51.71700834296644
          ],
          [
            -1.2285492103546858,
            51.71685419976711
          ],
          [
            -1.2286418303847313,
            51.71670659445226
          ],
          [
            -1.2287448439747095,
            51.71655454672873
          ],
          [
            -1.2288310937583447,
            51.7163921892643
          ],
          [
            -1.2289207801222801,
            51.71622178517282
          ],
          [
            -1.229013567790389,
            51.71605012379587
          ],
          [
            -1.229098392650485,
            51.71586228534579
          ],
          [
            -1.2291605863720179,
            51.715678637847304
          ],
          [
            -1.2292051780968904,
            51.71549566090107
          ],
          [
            -1.2292371969670057,
            51.71531008556485
          ],
          [
            -1.2292529549449682,
            51.71512367203832
          ],
          [
            -1.2292408011853695,
            51.714933570474386
          ],
          [
            -1.22921297326684,
            51.71473785303533
          ],
          [
            -1.2291615083813667,
            51.714543644338846
          ],
          [
            -1.229087496176362,
            51.714357482269406
          ],
          [
            -1.2289999891072512,
            51.7141745891422
          ],
          [
            -1.2288859952241182,
            51.713995300233364
          ],
          [
            -1.2287574168294668,
            51.71383394859731
          ],
          [
            -1.2286316882818937,
            51.71368240378797
          ],
          [
            -1.2284907884895802,
            51.713532116264105
          ],
          [
            -1.228364473208785,
            51.71338761225343
          ],
          [
            -1.2282470427453518,
            51.713244365528226
          ],
          [
            -1.2281234934926033,
            51.71310271136463
          ],
          [
            -1.2280053086578846,
            51.712969271466136
          ],
          [
            -1.2278804183006287,
            51.71285376884043
          ],
          [
            -1.227741613984108,
            51.71273097395897
          ],
          [
            -1.2276018876582384,
            51.71262251213193
          ],
          [
            -1.2273987103253603,
            51.71247457154095
          ],
          [
            -1.2272046692669392,
            51.71234892681241
          ],
          [
            -1.2269922718405724,
            51.71228790655732
          ],
          [
            -1.2267686426639557,
            51.7123599909246
          ],
          [
            -1.2265783734619617,
            51.71249410137534
          ],
          [
            -1.2263581808656454,
            51.71260532923043
          ],
          [
            -1.226074704900384,
            51.71260189265013
          ],
          [
            -1.2257855292409658,
            51.712549505755305
          ],
          [
            -1.2255659233778715,
            51.7124443128705
          ],
          [
            -1.2254272866994143,
            51.712330067530274
          ],
          [
            -1.2252975348383188,
            51.712218755856156
          ],
          [
            -1.2252381909638643,
            51.71209369786084
          ]
        ]
      },
      "properties": {
        "name": "2023-08-31 (Thu) 19:20",
        "source_file": "2023-08-31-182041-ELEMNT_ROAM_A974-30-0.fit",
        "date": "2023-08-31T18:20:41",
        "sport": "cycling",
        "dropbox_id": "id:JY-PzzIM9pcAAAAAAAAA5g"
      }
    }
  ]
}