{
  "type": "FeatureCollection",
  "features": [
    {
      "type": "Feature",
      "geometry": {
        "type": "LineString",
        "coordinates": [
          [
            -0.04915500059723854,
            51.514663668349385
          ],
          [
            -0.048902034759521484,
            51.514695351943374
          ],
          [
            -0.0486478116363287,
            51.514705661684275
          ],
          [
            -0.04845259711146355,
            51.514625027775764
          ],
          [
            -0.0484294630587101,
            51.51447398588061
          ],
          [
            -0.04842435009777546,
            51.51432763785124
          ],
          [
            -0.04840138368308544,
            51.51418321765959
          ],
          [
            -0.04835570231080055,
            51.51401557959616
          ],
          [
            -0.04836659878492355,
            51.513850120827556
          ],
          [
            -0.048404987901449203,
            51.513693714514375
          ],
          [
            -0.048380764201283455,
            51.51342239230871
          ],
          [
            -0.048546139150857925,
            51.513527082279325
          ],
          [
            -0.048734648153185844,
            51.513605788350105
          ],
          [
            -0.048855263739824295,
            51.51348383165896
          ],
          [
            -0.04869835451245308,
            51.51336556300521
          ],
          [
            -0.04880698397755623,
            51.51319758966565
          ],
          [
            -0.04877571947872639,
            51.51304202154279
          ],
          [
            -0.04874487407505512,
            51.512882597744465
          ],
          [
            -0.04871000535786152,
            51.51271378621459
          ],
          [
            -0.04866809584200382,
            51.51254137046635
          ],
          [
            -0.048634400591254234,
            51.512392088770866
          ],
          [
            -0.04860791377723217,
            51.51223576627672
          ],
          [
            -0.04860003478825092,
            51.512070475146174
          ],
          [
            -0.04855753853917122,
            51.51192747987807
          ],
          [
            -0.04851981997489929,
            51.51178398169577
          ],
          [
            -0.04846617579460144,
            51.51160905137658
          ],
          [
            -0.048444634303450584,
            51.511456333100796
          ],
          [
            -0.048665329813957214,
            51.511397240683436
          ],
          [
            -0.0488857738673687,
            51.5113799739629
          ],
          [
            -0.04913840442895889,
            51.51136337779462
          ],
          [
            -0.04936899058520794,
            51.51131224818528
          ],
          [
            -0.04960100166499615,
            51.51127687655389
          ],
          [
            -0.0498234573751688,
            51.51124259456992
          ],
          [
            -0.05003820173442364,
            51.51121208444238
          ],
          [
            -0.05031329579651356,
            51.5111867710948
          ],
          [
            -0.05054212175309658,
            51.5111590269953
          ],
          [
            -0.050769271329045296,
            51.5111331269145
          ],
          [
            -0.05100329406559467,
            51.51110630482435
          ],
          [
            -0.05122826434671879,
            51.511083422228694
          ],
          [
            -0.05146077834069729,
            51.51105115190148
          ],
          [
            -0.05169597454369068,
            51.51100597344339
          ],
          [
            -0.051938630640506744,
            51.510970601812005
          ],
          [
            -0.05217365920543671,
            51.51093212887645
          ],
          [
            -0.05241136997938156,
            51.5108915604651
          ],
          [
            -0.05266115069389343,
            51.510863145813346
          ],
          [
            -0.05290137603878975,
            51.510852836072445
          ],
          [
            -0.053144535049796104,
            51.510859625414014
          ],
          [
            -0.05338635295629501,
            51.510885525494814
          ],
          [
            -0.05363672040402889,
            51.510965656489134
          ],
          [
            -0.053908880800008774,
            51.51103539392352
          ],
          [
            -0.05413980223238468,
            51.511069256812334
          ],
          [
            -0.05438405089080334,
            51.51110764592886
          ],
          [
            -0.05463634617626667,
            51.51113614439964
          ],
          [
            -0.05489308387041092,
            51.511146537959576
          ],
          [
            -0.05514286458492279,
            51.511150393635035
          ],
          [
            -0.0553901307284832,
            51.51115911081433
          ],
          [
            -0.05564435385167599,
            51.51116564869881
          ],
          [
            -0.0558981578797102,
            51.511150393635035
          ],
          [
            -0.056149112060666084,
            51.51115911081433
          ],
          [
            -0.05638749338686466,
            51.51116179302335
          ],
          [
            -0.056665604934096336,
            51.51116179302335
          ],
          [
            -0.05688965320587158,
            51.51116288267076
          ],
          [
            -0.05717036314308643,
            51.51117227040231
          ],
          [
            -0.05740891210734844,
            51.511169420555234
          ],
          [
            -0.057646455243229866,
            51.51116673834622
          ],
          [
            -0.05788777023553848,
            51.51116564869881
          ],
          [
            -0.0581290852278471,
            51.51115693151951
          ],
          [
            -0.058365706354379654,
            51.51114930398762
          ],
          [
            -0.058654798194766045,
            51.51113782078028
          ],
          [
            -0.058886390179395676,
            51.51113664731383
          ],
          [
            -0.05912225693464279,
            51.51112633757293
          ],
          [
            -0.059351418167352676,
            51.51111879386008
          ],
          [
            -0.05958803929388523,
            51.51110655628145
          ],
          [
            -0.059808399528265,
            51.51111485436559
          ],
          [
            -0.060071004554629326,
            51.51108375750482
          ],
          [
            -0.060321539640426636,
            51.511109406128526
          ],
          [
            -0.06054902449250221,
            51.511110663414
          ],
          [
            -0.060794027522206306,
            51.51111108250916
          ],
          [
            -0.061046574264764786,
            51.51109096594155
          ],
          [
            -0.061287302523851395,
            51.5110778901726
          ],
          [
            -0.06153155118227005,
            51.51107135228813
          ],
          [
            -0.06177714094519615,
            51.511075627058744
          ],
          [
            -0.06201820448040962,
            51.51106531731784
          ],
          [
            -0.06225189194083214,
            51.5110659878701
          ],
          [
            -0.0625462643802166,
            51.51107738725841
          ],
          [
            -0.06279193796217442,
            51.5111056342721
          ],
          [
            -0.06303811445832253,
            51.51111602783203
          ],
          [
            -0.06327289156615734,
            51.51111602783203
          ],
          [
            -0.06349903531372547,
            51.51111602783203
          ],
          [
            -0.0637365784496069,
            51.51111602783203
          ],
          [
            -0.063960961997509,
            51.51111217215657
          ],
          [
            -0.0641776341944933,
            51.51110370643437
          ],
          [
            -0.06439799442887306,
            51.51109314523637
          ],
          [
            -0.06463855504989624,
            51.51110077276826
          ],
          [
            -0.06488481536507607,
            51.51110077276826
          ],
          [
            -0.06513937376439571,
            51.511098677292466
          ],
          [
            -0.06538781337440014,
            51.511088367551565
          ],
          [
            -0.0656429585069418,
            51.511072274297476
          ],
          [
            -0.06589793600142002,
            51.51105877943337
          ],
          [
            -0.06614201702177525,
            51.511050313711166
          ],
          [
            -0.06637654267251492,
            51.5110416803509
          ],
          [
            -0.06659857928752899,
            51.51102642528713
          ],
          [
            -0.06682598032057285,
            51.51100371032953
          ],
          [
            -0.06706587038934231,
            51.510979821905494
          ],
          [
            -0.06730835884809494,
            51.5109499823302
          ],
          [
            -0.06753123365342617,
            51.510931961238384
          ],
          [
            -0.0677949283272028,
            51.51091762818396
          ],
          [
            -0.06803490221500397,
            51.5109137725085
          ],
          [
            -0.06827319972217083,
            51.51089767925441
          ],
          [
            -0.06854401901364326,
            51.51086591184139
          ],
          [
            -0.0688316859304905,
            51.51084730401635
          ],
          [
            -0.06905883550643921,
            51.51082282885909
          ],
          [
            -0.06928162649273872,
            51.51078728958964
          ],
          [
            -0.06950533948838711,
            51.510745380073786
          ],
          [
            -0.06972343660891056,
            51.51070028543472
          ],
          [
            -0.06994379684329033,
            51.51065527461469
          ],
          [
            -0.07016122341156006,
            51.510604145005345
          ],
          [
            -0.07037831470370293,
            51.51054563932121
          ],
          [
            -0.07060496136546135,
            51.5104924980551
          ],
          [
            -0.07082691416144371,
            51.5104269515723
          ],
          [
            -0.07102807983756065,
            51.510361824184656
          ],
          [
            -0.0712445005774498,
            51.51030030101538
          ],
          [
            -0.07148564793169498,
            51.51029007509351
          ],
          [
            -0.07173081859946251,
            51.51026576757431
          ],
          [
            -0.0719769112765789,
            51.51022612117231
          ],
          [
            -0.07219710387289524,
            51.51021740399301
          ],
          [
            -0.07243355736136436,
            51.51018412783742
          ],
          [
            -0.07268920540809631,
            51.51016996242106
          ],
          [
            -0.07295734249055386,
            51.51014112867415
          ],
          [
            -0.07317711599171162,
            51.51013182476163
          ],
          [
            -0.07340904325246811,
            51.51014104485512
          ],
          [
            -0.07366184145212173,
            51.510124867782
          ],
          [
            -0.07388186641037464,
            51.51007457636297
          ],
          [
            -0.07411320693790913,
            51.510041216388345
          ],
          [
            -0.07438712753355503,
            51.510021183639765
          ],
          [
            -0.07460388354957104,
            51.51003467850387
          ],
          [
            -0.07482667453587055,
            51.510034343227744
          ],
          [
            -0.07505793124437332,
            51.50998128578067
          ],
          [
            -0.075293630361557,
            51.509905932471156
          ],
          [
            -0.07554525509476662,
            51.50981951504946
          ],
          [
            -0.0758169125765562,
            51.509753884747624
          ],
          [
            -0.07608781568706036,
            51.509708035737276
          ],
          [
            -0.07633575238287449,
            51.50967115536332
          ],
          [
            -0.07657731883227825,
            51.50963427498937
          ],
          [
            -0.07680589333176613,
            51.509602423757315
          ],
          [
            -0.077034467831254,
            51.50957283563912
          ],
          [
            -0.07727963849902153,
            51.50955095887184
          ],
          [
            -0.07753604091703892,
            51.50953293778002
          ],
          [
            -0.07779370062053204,
            51.50952287949622
          ],
          [
            -0.07803895510733128,
            51.509539475664496
          ],
          [
            -0.07824632339179516,
            51.509578535333276
          ],
          [
            -0.07844866253435612,
            51.50963293388486
          ],
          [
            -0.07866122759878635,
            51.50966729968786
          ],
          [
            -0.07888435386121273,
            51.50967786088586
          ],
          [
            -0.07911762222647667,
            51.50968171656132
          ],
          [
            -0.07936765439808369,
            51.509685488417745
          ],
          [
            -0.07961860857903957,
            51.50968657806516
          ],
          [
            -0.07985514588654041,
            51.50969311594963
          ],
          [
            -0.0800766795873642,
            51.50967786088586
          ],
          [
            -0.08026820607483387,
            51.50958540849388
          ],
          [
            -0.08046233095228672,
            51.50948650203645
          ],
          [
            -0.08067648857831955,
            51.50937661528587
          ],
          [
            -0.0808651652187109,
            51.509232111275196
          ],
          [
            -0.08109960705041885,
            51.50910780765116
          ],
          [
            -0.08130010217428207,
            51.509033711627126
          ],
          [
            -0.08154837414622307,
            51.50902172550559
          ],
          [
            -0.08182103745639324,
            51.50903161615133
          ],
          [
            -0.08209940046072006,
            51.509087439626455
          ],
          [
            -0.08235923945903778,
            51.50913756340742
          ],
          [
            -0.08257415145635605,
            51.50920998305082
          ],
          [
            -0.08277883753180504,
            51.50926413014531
          ],
          [
            -0.08306591771543026,
            51.50932749733329
          ],
          [
            -0.08334377780556679,
            51.5093595162034
          ],
          [
            -0.08362792432308197,
            51.50938524864614
          ],
          [
            -0.08390318602323532,
            51.50940611958504
          ],
          [
            -0.08418146520853043,
            51.50943419896066
          ],
          [
            -0.08444524370133877,
            51.50947258807719
          ],
          [
            -0.08470575325191021,
            51.50951215066016
          ],
          [
            -0.08496483787894249,
            51.5095426607877
          ],
          [
            -0.08521487005054951,
            51.509573087096214
          ],
          [
            -0.08546339347958565,
            51.50960871018469
          ],
          [
            -0.0857430137693882,
            51.50966704823077
          ],
          [
            -0.08599170483648777,
            51.50971658527851
          ],
          [
            -0.08623100817203522,
            51.509759835898876
          ],
          [
            -0.0864606723189354,
            51.5098016615957
          ],
          [
            -0.08670324459671974,
            51.509836446493864
          ],
          [
            -0.08693123236298561,
            51.50988103821874
          ],
          [
            -0.08713005110621452,
            51.50993677787483
          ],
          [
            -0.08745761588215828,
            51.50999067351222
          ],
          [
            -0.08772466331720352,
            51.510025039315224
          ],
          [
            -0.08796857669949532,
            51.510031409561634
          ],
          [
            -0.08818927221000195,
            51.51009955443442
          ],
          [
            -0.08842220529913902,
            51.51012738235295
          ],
          [
            -0.08865530602633953,
            51.51016409508884
          ],
          [
            -0.08888086304068565,
            51.51021002791822
          ],
          [
            -0.08910088799893856,
            51.51027691550553
          ],
          [
            -0.08931957185268402,
            51.51035989634693
          ],
          [
            -0.0895100086927414,
            51.51042452082038
          ],
          [
            -0.08975333534181118,
            51.51048872619867
          ],
          [
            -0.0919816642999649,
            51.510848980396986
          ],
          [
            -0.09221778251230717,
            51.51085660792887
          ],
          [
            -0.09246312081813812,
            51.51088301092386
          ],
          [
            -0.09267736226320267,
            51.51092391461134
          ],
          [
            -0.09294692426919937,
            51.510959370061755
          ],
          [
            -0.0932079367339611,
            51.51099273003638
          ],
          [
            -0.09349149651825428,
            51.511020474135876
          ],
          [
            -0.09376147761940956,
            51.51105333119631
          ],
          [
            -0.09404143318533897,
            51.51108023710549
          ],
          [
            -0.09426766075193882,
            51.51111057959497
          ],
          [
            -0.09450512006878853,
            51.51113513857126
          ],
          [
            -0.09474534541368484,
            51.51115701533854
          ],
          [
            -0.09497014805674553,
            51.51118777692318
          ],
          [
            -0.09520023129880428,
            51.51124494150281
          ],
          [
            -0.0954110361635685,
            51.511303782463074
          ],
          [
            -0.09566668421030045,
            51.511325407773256
          ],
          [
            -0.09591101668775082,
            51.51131819933653
          ],
          [
            -0.0961347296833992,
            51.51132306084037
          ],
          [
            -0.09637461975216866,
            51.511329682543874
          ],
          [
            -0.09662113152444363,
            51.51132029481232
          ],
          [
            -0.09686898440122604,
            51.51131710968912
          ],
          [
            -0.10193668305873871,
            51.51118090376258
          ],
          [
            -0.10216986760497093,
            51.511134300380945
          ],
          [
            -0.10239550843834877,
            51.5111072268337
          ],
          [
            -0.10262726806104183,
            51.5110881999135
          ],
          [
            -0.1028519868850708,
            51.51108384132385
          ],
          [
            -0.10310813784599304,
            51.511106891557574
          ],
          [
            -0.10335339233279228,
            51.51112474501133
          ],
          [
            -0.10365447029471397,
            51.51113404892385
          ],
          [
            -0.10389016941189766,
            51.51112139225006
          ],
          [
            -0.10419786907732487,
            51.511108400300145
          ],
          [
            -0.10447623208165169,
            51.511108400300145
          ],
          [
            -0.10474378243088722,
            51.51109457015991
          ],
          [
            -0.1050344668328762,
            51.51109431870282
          ],
          [
            -0.10530855506658554,
            51.51110077276826
          ],
          [
            -0.10556219145655632,
            51.511099599301815
          ],
          [
            -0.10582680813968182,
            51.51109314523637
          ],
          [
            -0.10609536431729794,
            51.51109314523637
          ],
          [
            -0.10634095408022404,
            51.51109431870282
          ],
          [
            -0.10658335871994495,
            51.511103454977274
          ],
          [
            -0.10682241059839725,
            51.51110077276826
          ],
          [
            -0.10706473141908646,
            51.511108400300145
          ],
          [
            -0.1073056273162365,
            51.5111209731549
          ],
          [
            -0.10753847658634186,
            51.51113740168512
          ],
          [
            -0.10775783099234104,
            51.51115148328245
          ],
          [
            -0.10798590257763863,
            51.51113027706742
          ],
          [
            -0.10800677351653576,
            51.51097680442035
          ],
          [
            -0.10827876627445221,
            51.51096347719431
          ],
          [
            -0.10856098495423794,
            51.510971104726195
          ],
          [
            -0.10885762050747871,
            51.51097487658262
          ],
          [
            -0.10908091440796852,
            51.51097487658262
          ],
          [
            -0.10929800570011139,
            51.51098359376192
          ],
          [
            -0.10951777920126915,
            51.51097873225808
          ],
          [
            -0.10974048636853695,
            51.51097663678229
          ],
          [
            -0.10996579192578793,
            51.510972026735544
          ],
          [
            -0.11019553989171982,
            51.51097487658262
          ],
          [
            -0.11042822152376175,
            51.51097378693521
          ],
          [
            -0.11065822094678879,
            51.510971104726195
          ],
          [
            -0.11088855564594269,
            51.510971104726195
          ],
          [
            -0.11111905798316002,
            51.51097487658262
          ],
          [
            -0.11134159751236439,
            51.510967249050736
          ],
          [
            -0.1115632988512516,
            51.51096833869815
          ],
          [
            -0.11178617365658283,
            51.51097663678229
          ],
          [
            -0.11200862936675549,
            51.5109623875469
          ],
          [
            -0.11227944865822792,
            51.51094595901668
          ],
          [
            -0.11250659823417664,
            51.51093221269548
          ],
          [
            -0.11274900287389755,
            51.510907066985965
          ],
          [
            -0.11297070421278477,
            51.51088887825608
          ],
          [
            -0.11324336752295494,
            51.5108619723469
          ],
          [
            -0.11349331587553024,
            51.51082769036293
          ],
          [
            -0.11371694505214691,
            51.51080472394824
          ],
          [
            -0.11393059976398945,
            51.51077438145876
          ],
          [
            -0.11415146291255951,
            51.51075032539666
          ],
          [
            -0.11436939239501953,
            51.51072350330651
          ],
          [
            -0.11460131965577602,
            51.510685281828046
          ],
          [
            -0.11482033878564835,
            51.510651502758265
          ],
          [
            -0.11504958383738995,
            51.5106169693172
          ],
          [
            -0.11527581140398979,
            51.510583106428385
          ],
          [
            -0.1153706107288599,
            51.51071151718497
          ],
          [
            -0.11539734899997711,
            51.510881166905165
          ],
          [
            -0.11521831154823303,
            51.51098937727511
          ],
          [
            -0.11501035653054714,
            51.51106900535524
          ],
          [
            -0.11505360715091228,
            51.511207642033696
          ],
          [
            -0.1151560340076685,
            51.51133622042835
          ],
          [
            -0.11525577865540981,
            51.511508552357554
          ],
          [
            -0.11530430987477303,
            51.51165255345404
          ],
          [
            -0.11536365374922752,
            51.51178507134318
          ],
          [
            -0.11544772423803806,
            51.51193770579994
          ],
          [
            -0.11552827432751656,
            51.51207282207906
          ],
          [
            -0.11557269841432571,
            51.512222941964865
          ],
          [
            -0.11566322296857834,
            51.5123784262687
          ],
          [
            -0.11586983688175678,
            51.51246786117554
          ],
          [
            -0.11601777747273445,
            51.51257297024131
          ],
          [
            -0.11612380854785442,
            51.51269174180925
          ],
          [
            -0.1160692423582077,
            51.512783439829946
          ]
        ]
      },
      "properties": {
        "name": "2023-12-01 (Fri) 09:19",
        "source_file": "2023-12-01-091902-ELEMNT_ROAM_A974-105-0.fit",
        "date": "2023-12-01T09:19:02",
        "sport": "cycling",
        "dropbox_id": "id:JY-PzzIM9pcAAAAAAAABLw"
      }
    },
    {
      "type": "Feature",
      "geometry": {
        "type": "LineString",
        "coordinates": [
          [
            -0.11523163877427578,
            51.512588476762176
          ],
          [
            -0.11520012281835079,
            51.51245101355016
          ],
          [
            -0.11505469679832458,
            51.512291841208935
          ],
          [
            -0.11492670513689518,
            51.512150606140494
          ],
          [
            -0.1148222666233778,
            51.51200434193015
          ],
          [
            -0.11472889222204685,
            51.51185631752014
          ],
          [
            -0.11467834934592247,
            51.51169060729444
          ],
          [
            -0.11460945010185242,
            51.5115580894053
          ],
          [
            -0.1145478431135416,
            51.511427415534854
          ],
          [
            -0.11428934521973133,
            51.511429846286774
          ],
          [
            -0.11406621895730495,
            51.511482736095786
          ],
          [
            -0.11381777934730053,
            51.51156026870012
          ],
          [
            -0.11361845768988132,
            51.511642914265394
          ],
          [
            -0.11334621347486973,
            51.511700581759214
          ],
          [
            -0.11309148743748665,
            51.51174961589277
          ],
          [
            -0.11279971338808537,
            51.511766547337174
          ],
          [
            -0.11251464486122131,
            51.511764116585255
          ],
          [
            -0.11227039620280266,
            51.51178884319961
          ],
          [
            -0.11202572844922543,
            51.51172472164035
          ],
          [
            -0.11197392828762531,
            51.51157879270613
          ],
          [
            -0.11194023303687572,
            51.51140830479562
          ],
          [
            -0.11187460273504257,
            51.511255418881774
          ],
          [
            -0.11170771904289722,
            51.51115617714822
          ],
          [
            -0.11146816425025463,
            51.51111317798495
          ],
          [
            -0.11125853285193443,
            51.51103815995157
          ],
          [
            -0.11098645627498627,
            51.51099918410182
          ],
          [
            -0.1107344962656498,
            51.510990131646395
          ],
          [
            -0.1104889065027237,
            51.510990131646395
          ],
          [
            -0.11024449020624161,
            51.51098250411451
          ],
          [
            -0.10999596677720547,
            51.51097873225808
          ],
          [
            -0.1097461860626936,
            51.51097487658262
          ],
          [
            -0.10949070565402508,
            51.510971104726195
          ],
          [
            -0.10924025438725948,
            51.510967249050736
          ],
          [
            -0.10899449698626995,
            51.510967249050736
          ],
          [
            -0.10875594802200794,
            51.510971104726195
          ],
          [
            -0.10852695442736149,
            51.51096942834556
          ],
          [
            -0.10825999081134796,
            51.51097705587745
          ],
          [
            -0.10804063640534878,
            51.51097713969648
          ],
          [
            -0.10794642381370068,
            51.51111158542335
          ],
          [
            -0.10774902999401093,
            51.51117327623069
          ],
          [
            -0.10747804306447506,
            51.51115357875824
          ],
          [
            -0.10725315660238266,
            51.51113061234355
          ],
          [
            -0.10703405365347862,
            51.51110999286175
          ],
          [
            -0.10681310668587685,
            51.51110077276826
          ],
          [
            -0.10658210143446922,
            51.5110969170928
          ],
          [
            -0.10634573176503181,
            51.511103035882115
          ],
          [
            -0.10609888471662998,
            51.51110236532986
          ],
          [
            -0.10583787225186825,
            51.51110244914889
          ],
          [
            -0.10555640794336796,
            51.511104544624686
          ],
          [
            -0.10526773519814014,
            51.511104544624686
          ],
          [
            -0.10497361421585083,
            51.511094737797976
          ],
          [
            -0.10469273664057255,
            51.51111007668078
          ],
          [
            -0.1044392678886652,
            51.51115911081433
          ],
          [
            -0.10415956377983093,
            51.51120294816792
          ],
          [
            -0.10390249080955982,
            51.51121904142201
          ],
          [
            -0.10366913862526417,
            51.51113832369447
          ],
          [
            -0.1034476887434721,
            51.51109918020666
          ],
          [
            -0.10319623164832592,
            51.51109540835023
          ],
          [
            -0.10293756611645222,
            51.51111217215657
          ],
          [
            -0.10267848148941994,
            51.51112977415323
          ],
          [
            -0.10241939686238766,
            51.51115315966308
          ],
          [
            -0.10219434276223183,
            51.511146537959576
          ],
          [
            -0.10195554234087467,
            51.51115416549146
          ],
          [
            -0.10169637389481068,
            51.51117101311684
          ],
          [
            -0.10144089348614216,
            51.511195236817
          ],
          [
            -0.0945583451539278,
            51.511344937607646
          ],
          [
            -0.09429104626178741,
            51.51138139888644
          ],
          [
            -0.09404570795595646,
            51.51135155931115
          ],
          [
            -0.09380992501974106,
            51.51132037863135
          ],
          [
            -0.09360331110656261,
            51.51126849465072
          ],
          [
            -0.09345813654363155,
            51.51108752936125
          ],
          [
            -0.09319385513663292,
            51.511033633723855
          ],
          [
            -0.09297726675868034,
            51.51102374307811
          ],
          [
            -0.09275145828723907,
            51.510982755571604
          ],
          [
            -0.09250528179109097,
            51.51091913692653
          ],
          [
            -0.09222641587257385,
            51.51085644029081
          ],
          [
            -0.09194972924888134,
            51.51079542003572
          ],
          [
            -0.09168284945189953,
            51.51073498651385
          ],
          [
            -0.0914147961884737,
            51.51068804785609
          ],
          [
            -0.0911578070372343,
            51.51060841977596
          ],
          [
            -0.09095488116145134,
            51.510553015396
          ],
          [
            -0.09071214124560356,
            51.51047833263874
          ],
          [
            -0.0904471892863512,
            51.51040943339467
          ],
          [
            -0.09022741578519344,
            51.51038160547614
          ],
          [
            -0.0899353064596653,
            51.510331481695175
          ],
          [
            -0.08971796371042728,
            51.51025218889117
          ],
          [
            -0.08946223184466362,
            51.51014649309218
          ],
          [
            -0.08926860988140106,
            51.51006686501205
          ],
          [
            -0.08900860324501991,
            51.509970808401704
          ],
          [
            -0.088787991553545,
            51.50995270349085
          ],
          [
            -0.08859705179929733,
            51.50988162495196
          ],
          [
            -0.08834735490381718,
            51.509798895567656
          ],
          [
            -0.08809396997094154,
            51.50976335629821
          ],
          [
            -0.08782080374658108,
            51.509777856990695
          ],
          [
            -0.08750203996896744,
            51.509779365733266
          ],
          [
            -0.08728486485779285,
            51.509784730151296
          ],
          [
            -0.08697859011590481,
            51.50978850200772
          ],
          [
            -0.08668874390423298,
            51.50978774763644
          ],
          [
            -0.08645354770123959,
            51.50974256917834
          ],
          [
            -0.08618013001978397,
            51.509715327993035
          ],
          [
            -0.08590185083448887,
            51.50967392139137
          ],
          [
            -0.08564536459743977,
            51.50963896885514
          ],
          [
            -0.08538099937140942,
            51.509620025753975
          ],
          [
            -0.08510582149028778,
            51.509593203663826
          ],
          [
            -0.0848369300365448,
            51.50955582037568
          ],
          [
            -0.08456854149699211,
            51.509516425430775
          ],
          [
            -0.08430543355643749,
            51.509472923353314
          ],
          [
            -0.08407744579017162,
            51.509412825107574
          ],
          [
            -0.08380595594644547,
            51.509375777095556
          ],
          [
            -0.08355299010872841,
            51.50935457088053
          ],
          [
            -0.08330773562192917,
            51.50932204909623
          ],
          [
            -0.08305896073579788,
            51.509284330531955
          ],
          [
            -0.0828075036406517,
            51.50926454924047
          ],
          [
            -0.08255998603999615,
            51.50922012515366
          ],
          [
            -0.08230081759393215,
            51.50918886065483
          ],
          [
            -0.08203108794987202,
            51.50917377322912
          ],
          [
            -0.08175574243068695,
            51.509197913110256
          ],
          [
            -0.0815175287425518,
            51.50918131694198
          ],
          [
            -0.08126146160066128,
            51.50922356173396
          ],
          [
            -0.08103489875793457,
            51.50928852148354
          ],
          [
            -0.08084295317530632,
            51.50939698331058
          ],
          [
            -0.08062879554927349,
            51.50947309099138
          ],
          [
            -0.08036660961806774,
            51.50949312373996
          ],
          [
            -0.08014700375497341,
            51.50953268632293
          ],
          [
            -0.07986797019839287,
            51.50954886339605
          ],
          [
            -0.07962162606418133,
            51.50957333855331
          ],
          [
            -0.07936631329357624,
            51.50957493111491
          ],
          [
            -0.07911326363682747,
            51.5095825586468
          ],
          [
            -0.07885023951530457,
            51.50961047038436
          ],
          [
            -0.07858679629862309,
            51.509628323838115
          ],
          [
            -0.07835302501916885,
            51.509596556425095
          ],
          [
            -0.07811707444489002,
            51.509543247520924
          ],
          [
            -0.07785480469465256,
            51.50950402021408
          ],
          [
            -0.07756655104458332,
            51.50951231829822
          ],
          [
            -0.07729355245828629,
            51.50952757336199
          ],
          [
            -0.07703111506998539,
            51.50954098440707
          ],
          [
            -0.0767725333571434,
            51.50956998579204
          ],
          [
            -0.07651923224329948,
            51.509616589173675
          ],
          [
            -0.0762546993792057,
            51.50966604240239
          ],
          [
            -0.07599720731377602,
            51.50971348397434
          ],
          [
            -0.07575111463665962,
            51.50976528413594
          ],
          [
            -0.07553117349743843,
            51.50983611121774
          ],
          [
            -0.0752952229231596,
            51.509915655478835
          ],
          [
            -0.07505927234888077,
            51.50999226607382
          ],
          [
            -0.07485802285373211,
            51.51005085557699
          ],
          [
            -0.07460136897861958,
            51.51005504652858
          ],
          [
            -0.07432166486978531,
            51.51005823165178
          ],
          [
            -0.07411094382405281,
            51.510091507807374
          ],
          [
            -0.07387549616396427,
            51.51016023941338
          ],
          [
            -0.07364373654127121,
            51.510205920785666
          ],
          [
            -0.073379622772336,
            51.51019393466413
          ],
          [
            -0.07314023561775684,
            51.51018907316029
          ],
          [
            -0.07288752123713493,
            51.51020483113825
          ],
          [
            -0.07261821068823338,
            51.5102541167289
          ],
          [
            -0.07238452322781086,
            51.51028336957097
          ],
          [
            -0.07214882411062717,
            51.51031010784209
          ],
          [
            -0.07190348580479622,
            51.510330475866795
          ],
          [
            -0.07164197042584419,
            51.510343719273806
          ],
          [
            -0.07139638066291809,
            51.51037121191621
          ],
          [
            -0.07117015309631824,
            51.51042150333524
          ],
          [
            -0.0709232222288847,
            51.51049819774926
          ],
          [
            -0.07070227526128292,
            51.510559637099504
          ],
          [
            -0.07045450620353222,
            51.510611437261105
          ],
          [
            -0.0702229980379343,
            51.51066927239299
          ],
          [
            -0.0699811801314354,
            51.51070699095726
          ],
          [
            -0.06976090371608734,
            51.510734651237726
          ],
          [
            -0.0695254560559988,
            51.51077304035425
          ],
          [
            -0.069280955940485,
            51.510811345651746
          ],
          [
            -0.06903368979692459,
            51.51083657518029
          ],
          [
            -0.06879162043333054,
            51.5108725335449
          ],
          [
            -0.06855935789644718,
            51.510891309008
          ],
          [
            -0.06831779144704342,
            51.51091653853655
          ],
          [
            -0.0680769793689251,
            51.51092475280166
          ],
          [
            -0.06783868186175823,
            51.51091762818396
          ],
          [
            -0.0676054134964943,
            51.51092743501067
          ],
          [
            -0.06736879236996174,
            51.51095065288246
          ],
          [
            -0.0671273935586214,
            51.5109830070287
          ],
          [
            -0.06689085625112057,
            51.511024832725525
          ],
          [
            -0.06661048159003258,
            51.5110435243696
          ],
          [
            -0.06638861261308193,
            51.51105500757694
          ],
          [
            -0.06612843833863735,
            51.51106850244105
          ],
          [
            -0.06583222188055515,
            51.51109247468412
          ],
          [
            -0.06554011255502701,
            51.51111057959497
          ],
          [
            -0.06527968682348728,
            51.51113564148545
          ],
          [
            -0.06503518670797348,
            51.51114762760699
          ],
          [
            -0.06478942930698395,
            51.511156344786286
          ],
          [
            -0.06454040296375751,
            51.5111677441746
          ],
          [
            -0.06429707631468773,
            51.51117025874555
          ],
          [
            -0.06406405940651894,
            51.51117159985006
          ],
          [
            -0.0638384185731411,
            51.511175371706486
          ],
          [
            -0.06360498256981373,
            51.51116740889847
          ],
          [
            -0.06336609832942486,
            51.51116841472685
          ],
          [
            -0.063116904348135,
            51.511169420555234
          ],
          [
            -0.0628719013184309,
            51.51116472668946
          ],
          [
            -0.06261734291911125,
            51.51115802116692
          ],
          [
            -0.0623595155775547,
            51.511150393635035
          ],
          [
            -0.062115853652358055,
            51.51113857515156
          ],
          [
            -0.06186573766171932,
            51.511139245703816
          ],
          [
            -0.06162366829812527,
            51.511146537959576
          ],
          [
            -0.061399033293128014,
            51.511146537959576
          ],
          [
            -0.061137937009334564,
            51.51113891042769
          ],
          [
            -0.06089184433221817,
            51.51114050298929
          ],
          [
            -0.06066276691854,
            51.51113513857126
          ],
          [
            -0.06039530038833618,
            51.51116011664271
          ],
          [
            -0.06013479083776474,
            51.51117159985006
          ],
          [
            -0.059903115034103394,
            51.51119071058929
          ],
          [
            -0.05967370234429836,
            51.51119615882635
          ],
          [
            -0.059399865567684174,
            51.511195823550224
          ],
          [
            -0.05913181230425835,
            51.51120202615857
          ],
          [
            -0.05884791724383831,
            51.511217365041375
          ],
          [
            -0.05857877433300018,
            51.51121904142201
          ],
          [
            -0.05832798779010773,
            51.51121702976525
          ],
          [
            -0.05808809772133827,
            51.51121317408979
          ],
          [
            -0.057815853506326675,
            51.51121518574655
          ],
          [
            -0.057588620111346245,
            51.511217365041375
          ],
          [
            -0.05734906531870365,
            51.51121728122234
          ],
          [
            -0.05711931735277176,
            51.51121518574655
          ],
          [
            -0.05684036761522293,
            51.51121518574655
          ],
          [
            -0.056618163362145424,
            51.51122499257326
          ],
          [
            -0.05636737681925297,
            51.51121518574655
          ],
          [
            -0.056106364354491234,
            51.5112055465579
          ],
          [
            -0.05583319813013077,
            51.51119993068278
          ],
          [
            -0.055553242564201355,
            51.511207558214664
          ],
          [
            -0.055285943672060966,
            51.511197751387954
          ],
          [
            -0.0550421979278326,
            51.511188028380275
          ],
          [
            -0.05479141138494015,
            51.51117704808712
          ],
          [
            -0.054543474689126015,
            51.51117327623069
          ],
          [
            -0.05430090241134167,
            51.51114544831216
          ],
          [
            -0.054070400074124336,
            51.51109591126442
          ],
          [
            -0.05384895019233227,
            51.51105785742402
          ],
          [
            -0.053630098700523376,
            51.51098996400833
          ],
          [
            -0.05341384559869766,
            51.51091083884239
          ],
          [
            -0.05315241403877735,
            51.510875383391976
          ],
          [
            -0.052883606404066086,
            51.51085660792887
          ],
          [
            -0.0526522658765316,
            51.5108722820878
          ],
          [
            -0.05242159590125084,
            51.510900780558586
          ],
          [
            -0.052176592871546745,
            51.51093925349414
          ],
          [
            -0.051938798278570175,
            51.51097336784005
          ],
          [
            -0.05169731564819813,
            51.51100957766175
          ],
          [
            -0.05145717412233353,
            51.51105157099664
          ],
          [
            -0.05122583359479904,
            51.511085852980614
          ],
          [
            -0.05100522190332413,
            51.51110873557627
          ],
          [
            -0.05078486166894436,
            51.51112952269614
          ],
          [
            -0.05055326968431473,
            51.51115441694856
          ],
          [
            -0.05031505599617958,
            51.51119062677026
          ],
          [
            -0.05009125918149948,
            51.51120814494789
          ],
          [
            -0.049869390204548836,
            51.51122105307877
          ],
          [
            -0.049627404659986496,
            51.511242259293795
          ],
          [
            -0.0493802223354578,
            51.51126899756491
          ],
          [
            -0.04913664422929287,
            51.511299507692456
          ],
          [
            -0.04889717325568199,
            51.51132230646908
          ],
          [
            -0.04867781884968281,
            51.51134896092117
          ],
          [
            -0.048449914902448654,
            51.51138315908611
          ],
          [
            -0.04846366122364998,
            51.51153285987675
          ],
          [
            -0.04851185716688633,
            51.51170091703534
          ],
          [
            -0.04852107726037502,
            51.5118620172143
          ],
          [
            -0.04857388325035572,
            51.512029906734824
          ],
          [
            -0.048639848828315735,
            51.51218983344734
          ],
          [
            -0.04865468479692936,
            51.51233173906803
          ],
          [
            -0.04868234507739544,
            51.512467274442315
          ],
          [
            -0.048697181046009064,
            51.51264304295182
          ],
          [
            -0.04871671088039875,
            51.51281411759555
          ],
          [
            -0.04876188933849335,
            51.512961722910404
          ],
          [
            -0.048747891560196877,
            51.513118632137775
          ],
          [
            -0.048714280128479004,
            51.513269087299705
          ],
          [
            -0.04868402145802975,
            51.5134057123214
          ],
          [
            -0.04881846718490124,
            51.513527166098356
          ],
          [
            -0.048559634014964104,
            51.513551557436585
          ],
          [
            -0.04842066206037998,
            51.51369446888566
          ],
          [
            -0.04840909503400326,
            51.51384056545794
          ],
          [
            -0.04840775392949581,
            51.51402815245092
          ],
          [
            -0.048442622646689415,
            51.514218002557755
          ],
          [
            -0.04846634343266487,
            51.514386143535376
          ],
          [
            -0.04849836230278015,
            51.5145246963948
          ],
          [
            -0.04862761124968529,
            51.514650424942374
          ],
          [
            -0.04887806251645088,
            51.51465989649296
          ],
          [
            -0.04911954514682293,
            51.51464841328561
          ],
          [
            -0.04918836057186127,
            51.51465989649296
          ]
        ]
      },
      "properties": {
        "name": "2023-12-01 (Fri) 16:20",
        "source_file": "2023-12-01-162036-ELEMNT_ROAM_A974-106-0.fit",
        "date": "2023-12-01T16:20:36",
        "sport": "cycling",
        "dropbox_id": "id:JY-PzzIM9pcAAAAAAAABMA"
      }
    },
    {
      "type": "Feature",
      "geometry": {
        "type": "LineString",
        "coordinates": [
          [
            -0.0493366364389658,
            51.51487732306123
          ],
          [
            -0.04910680465400219,
            51.51486407965422
          ],
          [
            -0.048886025324463844,
            51.514858212322
          ],
          [
            -0.048730792477726936,
            51.514747152104974
          ],
          [
            -0.048738252371549606,
            51.514601642265916
          ],
          [
            -0.04874981939792633,
            51.51443392038345
          ],
          [
            -0.0487452931702137,
            51.5142796933651
          ],
          [
            -0.04871017299592495,
            51.51412311941385
          ],
          [
            -0.048722075298428535,
            51.513985488563776
          ],
          [
            -0.04879239946603775,
            51.51383503340185
          ],
          [
            -0.04894394427537918,
            51.51373294182122
          ],
          [
            -0.049190036952495575,
            51.513742581009865
          ],
          [
            -0.04899783991277218,
            51.513656582683325
          ],
          [
            -0.04894997924566269,
            51.5135058760643
          ],
          [
            -0.04894922487437725,
            51.51334737427533
          ],
          [
            -0.04889952018857002,
            51.51320580393076
          ],
          [
            -0.04886699840426445,
            51.51307093910873
          ],
          [
            -0.04885274916887283,
            51.512933392077684
          ],
          [
            -0.04882274195551872,
            51.512780925258994
          ],
          [
            -0.048797763884067535,
            51.51260918006301
          ],
          [
            -0.048754094168543816,
            51.51245126500726
          ],
          [
            -0.048768846318125725,
            51.51231002993882
          ],
          [
            -0.04873204976320267,
            51.51216108351946
          ],
          [
            -0.04869265481829643,
            51.51199101470411
          ],
          [
            -0.04866390489041805,
            51.51184843853116
          ],
          [
            -0.048687877133488655,
            51.511705527082086
          ],
          [
            -0.048811594024300575,
            51.5115612745285
          ],
          [
            -0.04907436668872833,
            51.51152447797358
          ],
          [
            -0.04934392869472504,
            51.51153185404837
          ],
          [
            -0.049565043300390244,
            51.51153361424804
          ],
          [
            -0.04979604855179787,
            51.511541325598955
          ],
          [
            -0.05001255311071873,
            51.511543253436685
          ],
          [
            -0.05028982646763325,
            51.51152640581131
          ],
          [
            -0.05056106485426426,
            51.51149380020797
          ],
          [
            -0.05078192800283432,
            51.51146940886974
          ],
          [
            -0.0510464608669281,
            51.51144275441766
          ],
          [
            -0.051277801394462585,
            51.51140067726374
          ],
          [
            -0.05153571255505085,
            51.511336136609316
          ],
          [
            -0.05181298591196537,
            51.51129581965506
          ],
          [
            -0.052030161023139954,
            51.51126204058528
          ],
          [
            -0.052256640046834946,
            51.51123655959964
          ],
          [
            -0.052478089928627014,
            51.51121317408979
          ],
          [
            -0.05271613597869873,
            51.51122281327844
          ],
          [
            -0.05294973962008953,
            51.51121904142201
          ],
          [
            -0.05317286588251591,
            51.51122105307877
          ],
          [
            -0.05339423194527626,
            51.51123404502869
          ],
          [
            -0.05366840399801731,
            51.5112697519362
          ],
          [
            -0.0538927037268877,
            51.51134988293052
          ],
          [
            -0.05414298735558987,
            51.511394223198295
          ],
          [
            -0.054397210478782654,
            51.51141316629946
          ],
          [
            -0.05467833951115608,
            51.51143445633352
          ],
          [
            -0.054895179346203804,
            51.511440239846706
          ],
          [
            -0.055163148790597916,
            51.51145893149078
          ],
          [
            -0.05543036386370659,
            51.51147418655455
          ],
          [
            -0.05565726198256016,
            51.511493381112814
          ],
          [
            -0.055878376588225365,
            51.511499248445034
          ],
          [
            -0.05610024556517601,
            51.51151064783335
          ],
          [
            -0.05637533962726593,
            51.51151115074754
          ],
          [
            -0.05661908537149429,
            51.51150737889111
          ],
          [
            -0.05686517804861069,
            51.51149162091315
          ],
          [
            -0.05714546889066696,
            51.51151274330914
          ],
          [
            -0.057367924600839615,
            51.511514503508806
          ],
          [
            -0.057586776092648506,
            51.51151274330914
          ],
          [
            -0.05781853571534157,
            51.51152213104069
          ],
          [
            -0.05806152708828449,
            51.511533446609974
          ],
          [
            -0.05829663947224617,
            51.5115356259048
          ],
          [
            -0.058519430458545685,
            51.51153185404837
          ],
          [
            -0.05874398164451122,
            51.5115131624043
          ],
          [
            -0.05900717340409756,
            51.51148650795221
          ],
          [
            -0.05930934101343155,
            51.51148281991482
          ],
          [
            -0.059585943818092346,
            51.511464798823
          ],
          [
            -0.05986548028886318,
            51.51146865449846
          ],
          [
            -0.06011836230754852,
            51.511481730267406
          ],
          [
            -0.060351043939590454,
            51.51147762313485
          ],
          [
            -0.06062345579266548,
            51.51147083379328
          ],
          [
            -0.060893017798662186,
            51.511466978117824
          ],
          [
            -0.061119161546230316,
            51.51147083379328
          ],
          [
            -0.0613515917211771,
            51.511453902348876
          ],
          [
            -0.06157999858260155,
            51.51144241914153
          ],
          [
            -0.06181611679494381,
            51.51144786737859
          ],
          [
            -0.06204519420862198,
            51.51143646799028
          ],
          [
            -0.06226681172847748,
            51.511414591223
          ],
          [
            -0.06254592910408974,
            51.51137293316424
          ],
          [
            -0.06283502094447613,
            51.511377124115825
          ],
          [
            -0.06305873394012451,
            51.511373268440366
          ],
          [
            -0.06328588351607323,
            51.511373268440366
          ],
          [
            -0.06351160816848278,
            51.51137159205973
          ],
          [
            -0.06373029202222824,
            51.51136614382267
          ],
          [
            -0.06400907412171364,
            51.5113318618387
          ],
          [
            -0.0642985850572586,
            51.511306799948215
          ],
          [
            -0.0645359605550766,
            51.511301351711154
          ],
          [
            -0.0647739227861166,
            51.511269668117166
          ],
          [
            -0.06501012481749058,
            51.511236894875765
          ],
          [
            -0.0652552954852581,
            51.51121518574655
          ],
          [
            -0.06551463156938553,
            51.51120982132852
          ],
          [
            -0.06577136926352978,
            51.51119079440832
          ],
          [
            -0.06602341309189796,
            51.51117168366909
          ],
          [
            -0.06626028567552567,
            51.511145029217005
          ],
          [
            -0.06649070419371128,
            51.511122062802315
          ],
          [
            -0.06671860814094543,
            51.511103957891464
          ],
          [
            -0.06696428172290325,
            51.511081997305155
          ],
          [
            -0.06720392033457756,
            51.511061042547226
          ],
          [
            -0.06745370104908943,
            51.51105500757694
          ],
          [
            -0.06767523474991322,
            51.511022904887795
          ],
          [
            -0.06789718754589558,
            51.51099071837962
          ],
          [
            -0.06811042316257954,
            51.51094118133187
          ],
          [
            -0.06832600571215153,
            51.51087881997228
          ],
          [
            -0.06853722967207432,
            51.510806484147906
          ],
          [
            -0.0687592662870884,
            51.510761976242065
          ],
          [
            -0.06899119354784489,
            51.5107480622828
          ],
          [
            -0.06921851076185703,
            51.51071629486978
          ],
          [
            -0.06942051462829113,
            51.510632978752255
          ],
          [
            -0.06964657455682755,
            51.510584531351924
          ],
          [
            -0.06987573578953743,
            51.510536754503846
          ],
          [
            -0.0701146200299263,
            51.51048964820802
          ],
          [
            -0.07034403271973133,
            51.51042468845844
          ],
          [
            -0.07057260721921921,
            51.51036727242172
          ],
          [
            -0.07079564966261387,
            51.51031010784209
          ],
          [
            -0.07102271541953087,
            51.51025629602373
          ],
          [
            -0.07123871706426144,
            51.51020525023341
          ],
          [
            -0.0714568980038166,
            51.51014422997832
          ],
          [
            -0.0716828741133213,
            51.51009142398834
          ],
          [
            -0.07190767675638199,
            51.510050017386675
          ],
          [
            -0.07216282188892365,
            51.51001950725913
          ],
          [
            -0.07239324040710926,
            51.50998128578067
          ],
          [
            -0.07264511659741402,
            51.50994113646448
          ],
          [
            -0.07290218956768513,
            51.509886821731925
          ],
          [
            -0.07317351177334785,
            51.509845247492194
          ],
          [
            -0.07336679846048355,
            51.50977659970522
          ],
          [
            -0.07357609458267689,
            51.509661097079515
          ],
          [
            -0.07377063855528831,
            51.50956998579204
          ],
          [
            -0.07400767877697945,
            51.50951667688787
          ],
          [
            -0.07428696379065514,
            51.50949480012059
          ],
          [
            -0.07455862127244473,
            51.50947309099138
          ],
          [
            -0.07475961931049824,
            51.50939790531993
          ],
          [
            -0.07497637532651424,
            51.50931878015399
          ],
          [
            -0.07521743886172771,
            51.50924107991159
          ],
          [
            -0.0754847377538681,
            51.50917938910425
          ],
          [
            -0.07573108188807964,
            51.50913504883647
          ],
          [
            -0.07596979849040508,
            51.50910269469023
          ],
          [
            -0.07620524615049362,
            51.509070256724954
          ],
          [
            -0.07643298245966434,
            51.50904125533998
          ],
          [
            -0.0766685139387846,
            51.509020049124956
          ],
          [
            -0.07690371014177799,
            51.509008733555675
          ],
          [
            -0.07714795880019665,
            51.50900269858539
          ],
          [
            -0.07736966013908386,
            51.50898953899741
          ],
          [
            -0.07759245112538338,
            51.508995071053505
          ],
          [
            -0.07784642279148102,
            51.5090489666909
          ],
          [
            -0.07809276692569256,
            51.5091161057353
          ],
          [
            -0.0783598143607378,
            51.50915868580341
          ],
          [
            -0.07858763448894024,
            51.50916840881109
          ],
          [
            -0.07884177379310131,
            51.509174359962344
          ],
          [
            -0.07911032997071743,
            51.509179808199406
          ],
          [
            -0.07937410846352577,
            51.50918425060809
          ],
          [
            -0.07962916977703571,
            51.50917268358171
          ],
          [
            -0.07986855693161488,
            51.509124990552664
          ],
          [
            -0.08008858188986778,
            51.509031280875206
          ],
          [
            -0.08033148944377899,
            51.508920807391405
          ],
          [
            -0.0805836170911789,
            51.50881712324917
          ],
          [
            -0.08085686713457108,
            51.508711678907275
          ],
          [
            -0.08103800006210804,
            51.50861503556371
          ],
          [
            -0.08122189901769161,
            51.50852132588625
          ],
          [
            -0.08142247796058655,
            51.50844253599644
          ],
          [
            -0.08166496641933918,
            51.50846525095403
          ],
          [
            -0.08192614652216434,
            51.508543537929654
          ],
          [
            -0.08217575959861279,
            51.50861361064017
          ],
          [
            -0.08241497911512852,
            51.5086654946208
          ],
          [
            -0.08263207040727139,
            51.50870958343148
          ],
          [
            -0.08294454775750637,
            51.50876180268824
          ],
          [
            -0.08326356299221516,
            51.50880019180477
          ],
          [
            -0.083478894084692,
            51.50882466696203
          ],
          [
            -0.08378994651138783,
            51.508866576477885
          ],
          [
            -0.0840822234749794,
            51.508895410224795
          ],
          [
            -0.08436729200184345,
            51.50892784819007
          ],
          [
            -0.08463702164590359,
            51.50897327810526
          ],
          [
            -0.08490591309964657,
            51.50900018401444
          ],
          [
            -0.0851750560104847,
            51.50903823785484
          ],
          [
            -0.08544336073100567,
            51.50906522758305
          ],
          [
            -0.08570278063416481,
            51.50910328142345
          ],
          [
            -0.08595935069024563,
            51.509145107120275
          ],
          [
            -0.08621659129858017,
            51.50918475352228
          ],
          [
            -0.08648565039038658,
            51.50922750122845
          ],
          [
            -0.08674641139805317,
            51.509268237277865
          ],
          [
            -0.08701697923243046,
            51.509318612515926
          ],
          [
            -0.08727673441171646,
            51.50934769771993
          ],
          [
            -0.08750044740736485,
            51.50937628000975
          ],
          [
            -0.08773438632488251,
            51.509410478174686
          ],
          [
            -0.0879538245499134,
            51.509476862847805
          ],
          [
            -0.08819891139864922,
            51.50955238379538
          ],
          [
            -0.08840125054121017,
            51.5096187684685
          ],
          [
            -0.08861498907208443,
            51.50969403795898
          ],
          [
            -0.08882579393684864,
            51.50976100936532
          ],
          [
            -0.08905596099793911,
            51.50979772210121
          ],
          [
            -0.08927766233682632,
            51.50983778759837
          ],
          [
            -0.08949148468673229,
            51.50986067019403
          ],
          [
            -0.0897420197725296,
            51.50988564826548
          ],
          [
            -0.0900218915194273,
            51.50994423776865
          ],
          [
            -0.09030159562826157,
            51.51000835932791
          ],
          [
            -0.09058129973709583,
            51.51007239706814
          ],
          [
            -0.0908610038459301,
            51.510136518627405
          ],
          [
            -0.09114070795476437,
            51.510200556367636
          ],
          [
            -0.09142049588263035,
            51.5102646779269
          ],
          [
            -0.09167036041617393,
            51.510321758687496
          ],
          [
            -0.09191771037876606,
            51.51037112809718
          ],
          [
            -0.0921286828815937,
            51.51042343117297
          ],
          [
            -0.0924118235707283,
            51.51052191853523
          ],
          [
            -0.09261894039809704,
            51.51057011447847
          ],
          [
            -0.09283628314733505,
            51.51060548610985
          ],
          [
            -0.0930788554251194,
            51.51063851080835
          ],
          [
            -0.09330298751592636,
            51.51070741005242
          ],
          [
            -0.09356115013360977,
            51.5107982698828
          ],
          [
            -0.09382727555930614,
            51.51086096651852
          ],
          [
            -0.09406674653291702,
            51.51090865954757
          ],
          [
            -0.0942757073789835,
            51.51094436645508
          ],
          [
            -0.09457443840801716,
            51.51099884882569
          ],
          [
            -0.09481072425842285,
            51.511022821068764
          ],
          [
            -0.0951066892594099,
            51.51101284660399
          ],
          [
            -0.0953811127692461,
            51.51108308695257
          ],
          [
            -0.09564824402332306,
            51.511153411120176
          ],
          [
            -0.09589014574885368,
            51.511199343949556
          ],
          [
            -0.09611997753381729,
            51.51124116964638
          ],
          [
            -0.09639507159590721,
            51.51127955876291
          ],
          [
            -0.09666278958320618,
            51.51131174527109
          ],
          [
            -0.09692614898085594,
            51.51132406666875
          ],
          [
            -0.10175663977861404,
            51.51112365536392
          ],
          [
            -0.10198253206908703,
            51.51112960651517
          ],
          [
            -0.10222099721431732,
            51.51113891042769
          ],
          [
            -0.10243800468742847,
            51.51112575083971
          ],
          [
            -0.10267873294651508,
            51.511114770546556
          ],
          [
            -0.10293345898389816,
            51.51107537560165
          ],
          [
            -0.10316899046301842,
            51.51102298870683
          ],
          [
            -0.10342178866267204,
            51.510967668145895
          ],
          [
            -0.10373585857450962,
            51.51102231815457
          ],
          [
            -0.10405177250504494,
            51.51103547774255
          ],
          [
            -0.10436718352138996,
            51.51106238365173
          ],
          [
            -0.10460933670401573,
            51.51107579469681
          ],
          [
            -0.10483816266059875,
            51.51107210665941
          ],
          [
            -0.10510202497243881,
            51.511047799140215
          ],
          [
            -0.10533277876675129,
            51.51105232536793
          ],
          [
            -0.10555942542850971,
            51.51105450466275
          ],
          [
            -0.10583477094769478,
            51.51107730343938
          ],
          [
            -0.10609963908791542,
            51.51109314523637
          ],
          [
            -0.10636157356202602,
            51.511098593473434
          ],
          [
            -0.10662803426384926,
            51.511104544624686
          ],
          [
            -0.10690304450690746,
            51.51111007668078
          ],
          [
            -0.10717201977968216,
            51.511121643707156
          ],
          [
            -0.10741794481873512,
            51.51114217936993
          ],
          [
            -0.10766127146780491,
            51.51116179302335
          ],
          [
            -0.10788615792989731,
            51.51117327623069
          ],
          [
            -0.1079950388520956,
            51.51103128679097
          ],
          [
            -0.10828387923538685,
            51.51098401285708
          ],
          [
            -0.1085144653916359,
            51.510990131646395
          ],
          [
            -0.10874186642467976,
            51.510990131646395
          ],
          [
            -0.10897614061832428,
            51.51098250411451
          ],
          [
            -0.10920488275587559,
            51.51098635978997
          ],
          [
            -0.10943035595119,
            51.51098635978997
          ],
          [
            -0.10965339839458466,
            51.51098250411451
          ],
          [
            -0.1098757702857256,
            51.51098635978997
          ],
          [
            -0.11011088266968727,
            51.51098635978997
          ],
          [
            -0.11035311967134476,
            51.51098795235157
          ],
          [
            -0.11059745214879513,
            51.5109880361706
          ],
          [
            -0.1108385156840086,
            51.51098635978997
          ],
          [
            -0.11108670383691788,
            51.5109880361706
          ],
          [
            -0.11132835410535336,
            51.510990131646395
          ],
          [
            -0.11156908236443996,
            51.51098845526576
          ],
          [
            -0.11180645786225796,
            51.51097537949681
          ],
          [
            -0.11203419417142868,
            51.51095962151885
          ],
          [
            -0.11228607036173344,
            51.5109465457499
          ],
          [
            -0.11252914555370808,
            51.51092575863004
          ],
          [
            -0.1127704605460167,
            51.51090497151017
          ],
          [
            -0.1130166370421648,
            51.51088175363839
          ],
          [
            -0.11326105333864689,
            51.51086096651852
          ],
          [
            -0.11350362561643124,
            51.510834312066436
          ],
          [
            -0.11374720372259617,
            51.51080958545208
          ],
          [
            -0.11398524977266788,
            51.510781003162265
          ],
          [
            -0.11421952396631241,
            51.510752672329545
          ],
          [
            -0.11445497162640095,
            51.51071269065142
          ],
          [
            -0.11469419114291668,
            51.51067237369716
          ],
          [
            -0.11491706594824791,
            51.510634487494826
          ],
          [
            -0.11518553830683231,
            51.51060540229082
          ],
          [
            -0.11536147445440292,
            51.51069919578731
          ],
          [
            -0.11540614999830723,
            51.51086373254657
          ],
          [
            -0.11530137620866299,
            51.510990131646395
          ],
          [
            -0.11506609618663788,
            51.51105500757694
          ],
          [
            -0.11506886221468449,
            51.51121803559363
          ],
          [
            -0.11510775424540043,
            51.51136765256524
          ],
          [
            -0.11516148224473,
            51.511513413861394
          ],
          [
            -0.11520473286509514,
            51.511669820174575
          ],
          [
            -0.11528930626809597,
            51.5118049364537
          ],
          [
            -0.11532417498528957,
            51.51196863502264
          ],
          [
            -0.11537991464138031,
            51.51210551150143
          ],
          [
            -0.11549290269613266,
            51.51227398775518
          ],
          [
            -0.11559373699128628,
            51.51239954866469
          ],
          [
            -0.11580152437090874,
            51.51244020089507
          ],
          [
            -0.11599439196288586,
            51.51250817812979
          ],
          [
            -0.11598500423133373,
            51.51254874654114
          ]
        ]
      },
      "properties": {
        "name": "2023-12-08 (Fri) 07:39",
        "source_file": "2023-12-08-073926-ELEMNT_ROAM_A974-107-0.fit",
        "date": "2023-12-08T07:39:27",
        "sport": "cycling",
        "dropbox_id": "id:JY-PzzIM9pcAAAAAAAABMQ"
      }
    },
    {
      "type": "Feature",
      "geometry": {
        "type": "LineString",
        "coordinates": [
          [
            -0.11592666618525982,
            51.512294774875045
          ],
          [
            -0.1158448588103056,
            51.51215630583465
          ],
          [
            -0.11574704200029373,
            51.51201942935586
          ],
          [
            -0.115680992603302,
            51.51187526062131
          ],
          [
            -0.11563070118427277,
            51.51173268444836
          ],
          [
            -0.1156068965792656,
            51.51158843189478
          ],
          [
            -0.11554235592484474,
            51.51142657734454
          ],
          [
            -0.11539776809513569,
            51.5113059617579
          ],
          [
            -0.11515393853187561,
            51.51131275109947
          ],
          [
            -0.11489585973322392,
            51.51134300976992
          ],
          [
            -0.11468782089650631,
            51.51138307526708
          ],
          [
            -0.11444156058132648,
            51.511459518224
          ],
          [
            -0.11417996138334274,
            51.51151509024203
          ],
          [
            -0.11394074186682701,
            51.51156160980463
          ],
          [
            -0.11366774328052998,
            51.511620534583926
          ],
          [
            -0.11344394646584988,
            51.51168976910412
          ],
          [
            -0.11322911828756332,
            51.51173327118158
          ],
          [
            -0.1129725482314825,
            51.51177132502198
          ],
          [
            -0.11273517273366451,
            51.51179504580796
          ],
          [
            -0.1125025749206543,
            51.51175104081631
          ],
          [
            -0.1123256329447031,
            51.511644506827
          ],
          [
            -0.11226654052734375,
            51.51151265949011
          ],
          [
            -0.11221532709896564,
            51.511353235691786
          ],
          [
            -0.11214743368327618,
            51.51121510192752
          ],
          [
            -0.11189337819814682,
            51.511212503537536
          ],
          [
            -0.11166145093739033,
            51.511224741116166
          ],
          [
            -0.11137101799249649,
            51.5111989248544
          ],
          [
            -0.11113397777080536,
            51.51117126457393
          ],
          [
            -0.11088855564594269,
            51.51114838197827
          ],
          [
            -0.11064397171139717,
            51.511129355058074
          ],
          [
            -0.11039787903428078,
            51.51111703366041
          ],
          [
            -0.11016528122127056,
            51.5111056342721
          ],
          [
            -0.1099166739732027,
            51.511090379208326
          ],
          [
            -0.1096628699451685,
            51.51108166202903
          ],
          [
            -0.10941845364868641,
            51.511075124144554
          ],
          [
            -0.10917051695287228,
            51.511070262640715
          ],
          [
            -0.10892677120864391,
            51.511066406965256
          ],
          [
            -0.10869123972952366,
            51.51106263510883
          ],
          [
            -0.10846467688679695,
            51.51105877943337
          ],
          [
            -0.10820240713655949,
            51.51104654185474
          ],
          [
            -0.10806393809616566,
            51.51117562316358
          ],
          [
            -0.107841482385993,
            51.51120672002435
          ],
          [
            -0.10756613686680794,
            51.5111902076751
          ],
          [
            -0.10734996758401394,
            51.51117411442101
          ],
          [
            -0.10713044553995132,
            51.51115508750081
          ],
          [
            -0.10690639726817608,
            51.511147459968925
          ],
          [
            -0.1066778227686882,
            51.511146537959576
          ],
          [
            -0.10645268484950066,
            51.511143604293466
          ],
          [
            -0.10620290413498878,
            51.51113983243704
          ],
          [
            -0.1059394609183073,
            51.51113513857126
          ],
          [
            -0.10565279982984066,
            51.51113220490515
          ],
          [
            -0.10536320507526398,
            51.51113254018128
          ],
          [
            -0.10505198501050472,
            51.51113798841834
          ],
          [
            -0.10477554984390736,
            51.51116883382201
          ],
          [
            -0.10454940609633923,
            51.511213425546885
          ],
          [
            -0.1043391041457653,
            51.511245695874095
          ],
          [
            -0.1041256170719862,
            51.511206552386284
          ],
          [
            -0.10387499816715717,
            51.51117595843971
          ],
          [
            -0.10360878892242908,
            51.51115508750081
          ],
          [
            -0.10338222607970238,
            51.511143604293466
          ],
          [
            -0.10316681116819382,
            51.51111485436559
          ],
          [
            -0.10286305099725723,
            51.5111209731549
          ],
          [
            -0.10258007794618607,
            51.5111418440938
          ],
          [
            -0.10232727974653244,
            51.51115617714822
          ],
          [
            -0.10210909880697727,
            51.51117419824004
          ],
          [
            -0.10187976993620396,
            51.511189537122846
          ],
          [
            -0.10165815241634846,
            51.511245192959905
          ],
          [
            -0.10163350962102413,
            51.51140947826207
          ],
          [
            -0.09615333750844002,
            51.51119993068278
          ],
          [
            -0.09593591094017029,
            51.511178808286786
          ],
          [
            -0.09566718712449074,
            51.511192973703146
          ],
          [
            -0.09541078470647335,
            51.51123337447643
          ],
          [
            -0.09514180943369865,
            51.51124753989279
          ],
          [
            -0.09489638730883598,
            51.51127536781132
          ],
          [
            -0.09467309340834618,
            51.511251060292125
          ],
          [
            -0.09438056498765945,
            51.51117755100131
          ],
          [
            -0.09412734769284725,
            51.511141592636704
          ],
          [
            -0.09390145540237427,
            51.51111116632819
          ],
          [
            -0.09369609877467155,
            51.51106724515557
          ],
          [
            -0.09348252788186073,
            51.5110329631716
          ],
          [
            -0.09324666112661362,
            51.51101301424205
          ],
          [
            -0.0929601676762104,
            51.5109534189105
          ],
          [
            -0.09274282492697239,
            51.51090589351952
          ],
          [
            -0.09252849966287613,
            51.510860212147236
          ],
          [
            -0.09229674004018307,
            51.510806903243065
          ],
          [
            -0.09206120856106281,
            51.510771699249744
          ],
          [
            -0.09182500652968884,
            51.51072886772454
          ],
          [
            -0.09159592911601067,
            51.51068855077028
          ],
          [
            -0.09138889610767365,
            51.51064739562571
          ],
          [
            -0.09115973487496376,
            51.51061068288982
          ],
          [
            -0.090929651632905,
            51.51054513640702
          ],
          [
            -0.09069956839084625,
            51.510479589924216
          ],
          [
            -0.09040284901857376,
            51.51040591299534
          ],
          [
            -0.09015415795147419,
            51.51036358438432
          ],
          [
            -0.08978116326034069,
            51.51025051251054
          ],
          [
            -0.08949165232479572,
            51.510098464787006
          ],
          [
            -0.08930297568440437,
            51.50999452918768
          ],
          [
            -0.08903332985937595,
            51.50990718975663
          ],
          [
            -0.0887934397906065,
            51.50982370600104
          ],
          [
            -0.08858665823936462,
            51.509747514501214
          ],
          [
            -0.08835204876959324,
            51.50969730690122
          ],
          [
            -0.0880882702767849,
            51.50968037545681
          ],
          [
            -0.08783647790551186,
            51.50966830551624
          ],
          [
            -0.08759449236094952,
            51.50966377928853
          ],
          [
            -0.08736499585211277,
            51.50968733243644
          ],
          [
            -0.08714103139936924,
            51.50971884839237
          ],
          [
            -0.08690675720572472,
            51.50970526970923
          ],
          [
            -0.08673115633428097,
            51.509625390172005
          ],
          [
            -0.0865004863590002,
            51.509602507576346
          ],
          [
            -0.08623193018138409,
            51.50959588587284
          ],
          [
            -0.08599983528256416,
            51.509551377967
          ],
          [
            -0.08572029881179333,
            51.50950821116567
          ],
          [
            -0.08543531410396099,
            51.50947376154363
          ],
          [
            -0.08519777096807957,
            51.50945087894797
          ],
          [
            -0.0849442183971405,
            51.50940679013729
          ],
          [
            -0.08469125255942345,
            51.50937845930457
          ],
          [
            -0.08445471525192261,
            51.50936018675566
          ],
          [
            -0.08422354236245155,
            51.509322887286544
          ],
          [
            -0.08399002254009247,
            51.50929438881576
          ],
          [
            -0.08376077748835087,
            51.50927536189556
          ],
          [
            -0.08353153243660927,
            51.50926589034498
          ],
          [
            -0.08330823853611946,
            51.50925826281309
          ],
          [
            -0.08307941257953644,
            51.5092611964792
          ],
          [
            -0.08285184390842915,
            51.509269746020436
          ],
          [
            -0.08263584226369858,
            51.509205708280206
          ],
          [
            -0.08238413371145725,
            51.50917813181877
          ],
          [
            -0.08214072324335575,
            51.5091647207737
          ],
          [
            -0.08191181346774101,
            51.50914485566318
          ],
          [
            -0.08165809325873852,
            51.50912566110492
          ],
          [
            -0.08140102028846741,
            51.509140161797404
          ],
          [
            -0.08119490928947926,
            51.509182238951325
          ],
          [
            -0.08100053295493126,
            51.50929254479706
          ],
          [
            -0.08084110915660858,
            51.50938818231225
          ],
          [
            -0.08061932399868965,
            51.50944425724447
          ],
          [
            -0.08038974367082119,
            51.509491950273514
          ],
          [
            -0.08015463128685951,
            51.509561939164996
          ],
          [
            -0.0799263920634985,
            51.50961591862142
          ],
          [
            -0.07970829494297504,
            51.509628323838115
          ],
          [
            -0.0794820673763752,
            51.50963209569454
          ],
          [
            -0.07924184203147888,
            51.509621534496546
          ],
          [
            -0.07900010794401169,
            51.50963117368519
          ],
          [
            -0.07875829003751278,
            51.50964357890189
          ],
          [
            -0.07852342911064625,
            51.509627401828766
          ],
          [
            -0.07829653099179268,
            51.50955741293728
          ],
          [
            -0.07805798202753067,
            51.50950980372727
          ],
          [
            -0.07779210805892944,
            51.50949387811124
          ],
          [
            -0.07751910947263241,
            51.5095186047256
          ],
          [
            -0.07725541479885578,
            51.509531093761325
          ],
          [
            -0.07703421637415886,
            51.5095598436892
          ],
          [
            -0.07681360468268394,
            51.50958649814129
          ],
          [
            -0.0765699427574873,
            51.50962161831558
          ],
          [
            -0.07630867883563042,
            51.50965992361307
          ],
          [
            -0.07605822756886482,
            51.509695211425424
          ],
          [
            -0.07580811157822609,
            51.509745670482516
          ],
          [
            -0.07559294812381268,
            51.50980945676565
          ],
          [
            -0.07539404556155205,
            51.509870728477836
          ],
          [
            -0.07520771585404873,
            51.50994725525379
          ],
          [
            -0.0750147644430399,
            51.51004926301539
          ],
          [
            -0.0747898779809475,
            51.510096453130245
          ],
          [
            -0.0745182204991579,
            51.5100936871022
          ],
          [
            -0.07430607452988625,
            51.51014012284577
          ],
          [
            -0.07404464296996593,
            51.510164430364966
          ],
          [
            -0.07376845926046371,
            51.51014079339802
          ],
          [
            -0.07350686006247997,
            51.51010609231889
          ],
          [
            -0.07328197360038757,
            51.51011179201305
          ],
          [
            -0.07300964556634426,
            51.510152611881495
          ],
          [
            -0.072752321138978,
            51.51019871234894
          ],
          [
            -0.07246549241244793,
            51.51021086610854
          ],
          [
            -0.07216634228825569,
            51.51022628881037
          ],
          [
            -0.07186710834503174,
            51.51024824939668
          ],
          [
            -0.07159905508160591,
            51.51030105538666
          ],
          [
            -0.07134080864489079,
            51.51035402901471
          ],
          [
            -0.07109655998647213,
            51.510417982935905
          ],
          [
            -0.07085382007062435,
            51.51049895212054
          ],
          [
            -0.07062071934342384,
            51.5106082521379
          ],
          [
            -0.07036641240119934,
            51.5106841083616
          ],
          [
            -0.07010925561189651,
            51.51073641143739
          ],
          [
            -0.0698369275778532,
            51.510767089203
          ],
          [
            -0.06955881603062153,
            51.51077840477228
          ],
          [
            -0.0693049281835556,
            51.51080137118697
          ],
          [
            -0.06907199509441853,
            51.51082802563906
          ],
          [
            -0.06884635426104069,
            51.510874796658754
          ],
          [
            -0.06859179586172104,
            51.51091008447111
          ],
          [
            -0.06837906315922737,
            51.51093858294189
          ],
          [
            -0.06814193911850452,
            51.510951993986964
          ],
          [
            -0.06789014674723148,
            51.51096347719431
          ],
          [
            -0.0676184892654419,
            51.51095484383404
          ],
          [
            -0.06735487841069698,
            51.51095484383404
          ],
          [
            -0.06709462031722069,
            51.510975966230035
          ],
          [
            -0.06683419458568096,
            51.51100832037628
          ],
          [
            -0.06658290512859821,
            51.511030197143555
          ],
          [
            -0.06633664481341839,
            51.51105785742402
          ],
          [
            -0.06608275696635246,
            51.511069340631366
          ],
          [
            -0.06584110669791698,
            51.51108367368579
          ],
          [
            -0.065583111718297,
            51.51109599508345
          ],
          [
            -0.06534338928759098,
            51.511107478290796
          ],
          [
            -0.06508748978376389,
            51.511107478290796
          ],
          [
            -0.06482723169028759,
            51.51111988350749
          ],
          [
            -0.06458323448896408,
            51.51113798841834
          ],
          [
            -0.06435231305658817,
            51.51114276610315
          ],
          [
            -0.06411569193005562,
            51.511149387806654
          ],
          [
            -0.06388175301253796,
            51.511160871014
          ],
          [
            -0.06365183740854263,
            51.5111627150327
          ],
          [
            -0.06340700201690197,
            51.51116179302335
          ],
          [
            -0.06316401064395905,
            51.51115802116692
          ],
          [
            -0.06291590631008148,
            51.51115508750081
          ],
          [
            -0.06266545504331589,
            51.51113689877093
          ],
          [
            -0.062428079545497894,
            51.511114267632365
          ],
          [
            -0.06218651309609413,
            51.51109406724572
          ],
          [
            -0.061943940818309784,
            51.51108166202903
          ],
          [
            -0.06171536631882191,
            51.51107403449714
          ],
          [
            -0.0614822655916214,
            51.51106355711818
          ],
          [
            -0.06125184707343578,
            51.51106548495591
          ],
          [
            -0.06103207357227802,
            51.511064479127526
          ],
          [
            -0.060774246230721474,
            51.51109213940799
          ],
          [
            -0.06051541306078434,
            51.5110969170928
          ],
          [
            -0.060230763629078865,
            51.51109314523637
          ],
          [
            -0.05996145308017731,
            51.51110077276826
          ],
          [
            -0.05967102013528347,
            51.511104544624686
          ],
          [
            -0.05944135598838329,
            51.51111217215657
          ],
          [
            -0.059214457869529724,
            51.511108400300145
          ],
          [
            -0.05898437462747097,
            51.51111217215657
          ],
          [
            -0.058742305263876915,
            51.511108400300145
          ],
          [
            -0.058499397709965706,
            51.51111024431884
          ],
          [
            -0.05826713517308235,
            51.51111887767911
          ],
          [
            -0.0580283347517252,
            51.511130360886455
          ],
          [
            -0.0577746145427227,
            51.51113513857126
          ],
          [
            -0.057536736130714417,
            51.51114276610315
          ],
          [
            -0.05730682052671909,
            51.51114276610315
          ],
          [
            -0.05708151496946812,
            51.51114176027477
          ],
          [
            -0.05679921247065067,
            51.5111418440938
          ],
          [
            -0.05652210675179958,
            51.51115517131984
          ],
          [
            -0.05630233325064182,
            51.511147459968925
          ],
          [
            -0.05601349286735058,
            51.5111312828958
          ],
          [
            -0.05577418953180313,
            51.511127511039376
          ],
          [
            -0.055528851225972176,
            51.51113413274288
          ],
          [
            -0.05524680018424988,
            51.51111988350749
          ],
          [
            -0.05497220903635025,
            51.511105466634035
          ],
          [
            -0.0546914990991354,
            51.511090295389295
          ],
          [
            -0.05441506393253803,
            51.51108652353287
          ],
          [
            -0.054155392572283745,
            51.511049224063754
          ],
          [
            -0.05389764904975891,
            51.511018965393305
          ],
          [
            -0.0536890234798193,
            51.510973535478115
          ],
          [
            -0.05344318225979805,
            51.51088041253388
          ],
          [
            -0.05322064273059368,
            51.510853758081794
          ],
          [
            -0.05298888310790062,
            51.51083095930517
          ],
          [
            -0.05277078598737717,
            51.51083271950483
          ],
          [
            -0.05248077213764191,
            51.51085568591952
          ],
          [
            -0.052264267578721046,
            51.510873790830374
          ],
          [
            -0.05198598839342594,
            51.510918382555246
          ],
          [
            -0.05176571197807789,
            51.51096196845174
          ],
          [
            -0.051546525210142136,
            51.5110054705292
          ],
          [
            -0.05133379250764847,
            51.511045368388295
          ],
          [
            -0.05106406286358833,
            51.511074705049396
          ],
          [
            -0.05079743452370167,
            51.51110555045307
          ],
          [
            -0.05051756277680397,
            51.51113698258996
          ],
          [
            -0.05030306987464428,
            51.511163553223014
          ],
          [
            -0.05004775710403919,
            51.511184675619006
          ],
          [
            -0.049761347472667694,
            51.51120286434889
          ],
          [
            -0.04953277297317982,
            51.51122096925974
          ],
          [
            -0.04931023344397545,
            51.511243684217334
          ],
          [
            -0.04909280687570572,
            51.51125994510949
          ],
          [
            -0.048817796632647514,
            51.511278972029686
          ],
          [
            -0.04855502396821976,
            51.5113057103008
          ],
          [
            -0.048486627638339996,
            51.51145549491048
          ],
          [
            -0.048487549647688866,
            51.51159178465605
          ],
          [
            -0.048507917672395706,
            51.511746598407626
          ],
          [
            -0.04853842779994011,
            51.51191297918558
          ],
          [
            -0.04856499843299389,
            51.51207558810711
          ],
          [
            -0.04858394153416157,
            51.51222185231745
          ],
          [
            -0.0486499909311533,
            51.51237557642162
          ],
          [
            -0.048681674525141716,
            51.51254748925567
          ],
          [
            -0.04870212636888027,
            51.51268411427736
          ],
          [
            -0.04875199869275093,
            51.51286189444363
          ],
          [
            -0.04877001978456974,
            51.513045374304056
          ],
          [
            -0.04875333979725838,
            51.5131882019341
          ],
          [
            -0.04869651049375534,
            51.513337567448616
          ],
          [
            -0.048828357830643654,
            51.5134678222239
          ],
          [
            -0.04860296845436096,
            51.513486010953784
          ],
          [
            -0.048436252400279045,
            51.513597490265965
          ],
          [
            -0.048404987901449203,
            51.513767475262284
          ],
          [
            -0.04840289242565632,
            51.51391885243356
          ],
          [
            -0.04842376336455345,
            51.51405455544591
          ],
          [
            -0.048449328169226646,
            51.51419134810567
          ],
          [
            -0.04847204312682152,
            51.51436208747327
          ],
          [
            -0.04848780110478401,
            51.51451824232936
          ],
          [
            -0.04862392321228981,
            51.514640701934695
          ],
          [
            -0.04886934533715248,
            51.51465411297977
          ],
          [
            -0.049102529883384705,
            51.51465226896107
          ],
          [
            -0.04921954125165939,
            51.51466257870197
          ]
        ]
      },
      "properties": {
        "name": "2023-12-08 (Fri) 12:02",
        "source_file": "2023-12-08-120212-ELEMNT_ROAM_A974-108-0.fit",
        "date": "2023-12-08T12:02:12",
        "sport": "cycling",
        "dropbox_id": "id:JY-PzzIM9pcAAAAAAAABMg"
      }
    }
  ]
}