{
  "type": "FeatureCollection",
  "features": [
    {
      "type": "Feature",
      "geometry": {
        "type": "LineString",
        "coordinates": [
          [
            -1.2252767477184534,
            51.71210476197302
          ],
          [
            -1.2253751512616873,
            51.71225178055465
          ],
          [
            -1.225502137094736,
            51.71237340196967
          ],
          [
            -1.225653849542141,
            51.71247465535998
          ],
          [
            -1.225865576416254,
            51.71255939640105
          ],
          [
            -1.2261221464723349,
            51.71260013245046
          ],
          [
            -1.2263830751180649,
            51.712602814659476
          ],
          [
            -1.226569153368473,
            51.712519247084856
          ],
          [
            -1.2267457600682974,
            51.712391674518585
          ],
          [
            -1.226918762549758,
            51.7122804466635
          ],
          [
            -1.2271731533110142,
            51.712295450270176
          ],
          [
            -1.2273599859327078,
            51.712396116927266
          ],
          [
            -1.2275577988475561,
            51.71252536587417
          ],
          [
            -1.2277012132108212,
            51.71264170669019
          ],
          [
            -1.2278462201356888,
            51.712765423581004
          ],
          [
            -1.2279830127954483,
            51.712891487404704
          ],
          [
            -1.22811209410429,
            51.71301629394293
          ],
          [
            -1.2282314524054527,
            51.71314235776663
          ],
          [
            -1.2283495534211397,
            51.7132717743516
          ],
          [
            -1.2284600269049406,
            51.71339272521436
          ],
          [
            -1.2285793852061033,
            51.71351560391486
          ],
          [
            -1.2287257332354784,
            51.71366865746677
          ],
          [
            -1.2288556527346373,
            51.71382397413254
          ],
          [
            -1.2289722450077534,
            51.71397618949413
          ],
          [
            -1.229081628844142,
            51.71414231881499
          ],
          [
            -1.2291731592267752,
            51.71430383808911
          ],
          [
            -1.2292418908327818,
            51.714470051229
          ],
          [
            -1.2292965408414602,
            51.71462947502732
          ],
          [
            -1.229330487549305,
            51.71478864736855
          ],
          [
            -1.2293462455272675,
            51.714934911578894
          ],
          [
            -1.2293491791933775,
            51.71509634703398
          ],
          [
            -1.2293358519673347,
            51.715259877964854
          ],
          [
            -1.2293053418397903,
            51.71542424708605
          ],
          [
            -1.2292655277997255,
            51.71559096314013
          ],
          [
            -1.2292150687426329,
            51.715758768841624
          ],
          [
            -1.2291496060788631,
            51.71592799946666
          ],
          [
            -1.229068050161004,
            51.71608968637884
          ],
          [
            -1.228994457051158,
            51.716250786557794
          ],
          [
            -1.2289020046591759,
            51.71641859225929
          ],
          [
            -1.2288117315620184,
            51.716575333848596
          ],
          [
            -1.2287287507206202,
            51.7167183291167
          ],
          [
            -1.2286508828401566,
            51.71686090528965
          ],
          [
            -1.2285695783793926,
            51.71701152808964
          ],
          [
            -1.2284895312041044,
            51.71715695410967
          ],
          [
            -1.2284068018198013,
            51.71730598434806
          ],
          [
            -1.2283222284168005,
            51.71745015308261
          ],
          [
            -1.2282377388328314,
            51.71759465709329
          ],
          [
            -1.2281700130552053,
            51.71774125657976
          ],
          [
            -1.2280756328254938,
            51.71787570230663
          ],
          [
            -1.227980749681592,
            51.71800612471998
          ],
          [
            -1.227866169065237,
            51.718148700892925
          ],
          [
            -1.227728370577097,
            51.71829739585519
          ],
          [
            -1.2275779992341995,
            51.71844935975969
          ],
          [
            -1.2274277117103338,
            51.71859704889357
          ],
          [
            -1.2272904999554157,
            51.718752197921276
          ],
          [
            -1.2271467503160238,
            51.71889125369489
          ],
          [
            -1.2270235363394022,
            51.71901463530958
          ],
          [
            -1.2269000709056854,
            51.719138184562325
          ],
          [
            -1.2267512921243906,
            51.71925410628319
          ],
          [
            -1.2265801336616278,
            51.71936449594796
          ],
          [
            -1.2264026887714863,
            51.71947178430855
          ],
          [
            -1.2262298539280891,
            51.7195987701416
          ],
          [
            -1.226092977449298,
            51.71971972100437
          ],
          [
            -1.2259604595601559,
            51.719847628846765
          ],
          [
            -1.2258130218833685,
            51.71997461467981
          ],
          [
            -1.2256616447120905,
            51.72010185196996
          ],
          [
            -1.22550037689507,
            51.72023034654558
          ],
          [
            -1.2253427971154451,
            51.72035020776093
          ],
          [
            -1.225184127688408,
            51.72046696767211
          ],
          [
            -1.2250233627855778,
            51.72057744115591
          ],
          [
            -1.2248691357672215,
            51.72068280167878
          ],
          [
            -1.2247108854353428,
            51.720791179686785
          ],
          [
            -1.224554143846035,
            51.72088866122067
          ],
          [
            -1.2243969831615686,
            51.72098798677325
          ],
          [
            -1.2242637109011412,
            51.72109544277191
          ],
          [
            -1.2241415865719318,
            51.72121102921665
          ],
          [
            -1.2240836676210165,
            51.721345810219646
          ],
          [
            -1.224032873287797,
            51.72149115242064
          ],
          [
            -1.223999597132206,
            51.72164227813482
          ],
          [
            -1.2239793967455626,
            51.7217936553061
          ],
          [
            -1.2239931430667639,
            51.72193304635584
          ],
          [
            -1.2240040395408869,
            51.72206883318722
          ],
          [
            -1.2240096554160118,
            51.72220587730408
          ],
          [
            -1.224008733406663,
            51.72234577126801
          ],
          [
            -1.223994567990303,
            51.72250561416149
          ],
          [
            -1.223994567990303,
            51.722665037959814
          ],
          [
            -1.2240168638527393,
            51.722838543355465
          ],
          [
            -1.224010745063424,
            51.72301665879786
          ],
          [
            -1.224037315696478,
            51.7231578938663
          ],
          [
            -1.22402960434556,
            51.72333374619484
          ],
          [
            -1.2240082304924726,
            51.72347246669233
          ],
          [
            -1.223986018449068,
            51.723615461960435
          ],
          [
            -1.2239638064056635,
            51.723762480542064
          ],
          [
            -1.2239363975822926,
            51.723902709782124
          ],
          [
            -1.2240026984363794,
            51.72405643388629
          ],
          [
            -1.2242196220904589,
            51.724103540182114
          ],
          [
            -1.2244651280343533,
            51.72412181273103
          ],
          [
            -1.2246631924062967,
            51.72420454211533
          ],
          [
            -1.224883971735835,
            51.72430864535272
          ],
          [
            -1.2251149769872427,
            51.72429741360247
          ],
          [
            -1.2253117002546787,
            51.724236477166414
          ],
          [
            -1.225532228127122,
            51.724175456911325
          ],
          [
            -1.2257532589137554,
            51.72411812469363
          ],
          [
            -1.2259619683027267,
            51.724073784425855
          ],
          [
            -1.226208982989192,
            51.724015194922686
          ],
          [
            -1.2264592666178942,
            51.72396557405591
          ],
          [
            -1.2267297506332397,
            51.723899357020855
          ],
          [
            -1.226946758106351,
            51.72384965233505
          ],
          [
            -1.2272156495600939,
            51.72379055991769
          ],
          [
            -1.2274848762899637,
            51.72372526489198
          ],
          [
            -1.2277618143707514,
            51.72366064041853
          ],
          [
            -1.228027604520321,
            51.723565673455596
          ],
          [
            -1.2282522395253181,
            51.723504569381475
          ],
          [
            -1.2284685764461756,
            51.723448829725385
          ],
          [
            -1.228687847033143,
            51.72338814474642
          ],
          [
            -1.2289013341069221,
            51.72332142479718
          ],
          [
            -1.2291144020855427,
            51.72326241619885
          ],
          [
            -1.229380862787366,
            51.72318421304226
          ],
          [
            -1.2296158913522959,
            51.723109697923064
          ],
          [
            -1.2298525962978601,
            51.723029566928744
          ],
          [
            -1.2301030475646257,
            51.722946502268314
          ],
          [
            -1.2303420156240463,
            51.72286603599787
          ],
          [
            -1.230578301474452,
            51.722800321877
          ],
          [
            -1.230822131037712,
            51.72274483367801
          ],
          [
            -1.2310761865228415,
            51.722700325772166
          ],
          [
            -1.2313439045101404,
            51.72264768742025
          ],
          [
            -1.2315900810062885,
            51.72261709347367
          ],
          [
            -1.2318365089595318,
            51.72258415259421
          ],
          [
            -1.232082350179553,
            51.72256135381758
          ],
          [
            -1.23231528326869,
            51.72252556309104
          ],
          [
            -1.2325380742549896,
            51.72248356975615
          ],
          [
            -1.2327801436185837,
            51.722439397126436
          ],
          [
            -1.2330313492566347,
            51.72239229083061
          ],
          [
            -1.2332924455404282,
            51.7223428376019
          ],
          [
            -1.2335594091564417,
            51.722289361059666
          ],
          [
            -1.2338206730782986,
            51.722240913659334
          ],
          [
            -1.2340883910655975,
            51.722241919487715
          ],
          [
            -1.2343476433306932,
            51.722262874245644
          ],
          [
            -1.2346179597079754,
            51.722295228391886
          ],
          [
            -1.2348722666502,
            51.72233168967068
          ],
          [
            -1.2351155932992697,
            51.72236010432243
          ],
          [
            -1.2353491969406605,
            51.72240897081792
          ],
          [
            -1.235559331253171,
            51.72249589115381
          ],
          [
            -1.2357672024518251,
            51.722587337717414
          ],
          [
            -1.2359793484210968,
            51.722681634128094
          ],
          [
            -1.2361830286681652,
            51.72278079204261
          ],
          [
            -1.2363855354487896,
            51.72288020141423
          ],
          [
            -1.236604219302535,
            51.72298137098551
          ],
          [
            -1.2368231546133757,
            51.72307617031038
          ],
          [
            -1.2370521482080221,
            51.72317951917648
          ],
          [
            -1.2372829858213663,
            51.72328596934676
          ],
          [
            -1.2375238817185163,
            51.72339241951704
          ],
          [
            -1.2377563118934631,
            51.723504569381475
          ],
          [
            -1.2379883229732513,
            51.7236156295985
          ],
          [
            -1.2382369302213192,
            51.72372677363455
          ],
          [
            -1.2384838610887527,
            51.72384059987962
          ],
          [
            -1.2387362401932478,
            51.72395660541952
          ],
          [
            -1.2389799859374762,
            51.724073281511664
          ],
          [
            -1.239212080836296,
            51.7241838388145
          ],
          [
            -1.2394674774259329,
            51.724302023649216
          ],
          [
            -1.2397289089858532,
            51.724413335323334
          ],
          [
            -1.239986987784505,
            51.72453101724386
          ],
          [
            -1.2402468267828226,
            51.72464962117374
          ],
          [
            -1.240421924740076,
            51.724731009453535
          ],
          [
            -1.2406835239380598,
            51.7248503677547
          ],
          [
            -1.240929365158081,
            51.7249624338001
          ],
          [
            -1.2411078996956348,
            51.72504063695669
          ],
          [
            -1.2413549143821,
            51.72514935024083
          ],
          [
            -1.2415995821356773,
            51.72526124864817
          ],
          [
            -1.2418310903012753,
            51.72537029720843
          ],
          [
            -1.242069723084569,
            51.72548269852996
          ],
          [
            -1.2423010636121035,
            51.72558889724314
          ],
          [
            -1.242540366947651,
            51.72569727525115
          ],
          [
            -1.2427699472755194,
            51.72580297105014
          ],
          [
            -1.2429929058998823,
            51.725909085944295
          ],
          [
            -1.2432043813169003,
            51.72600505873561
          ],
          [
            -1.2434010207653046,
            51.72609440982342
          ],
          [
            -1.243597324937582,
            51.72618208453059
          ],
          [
            -1.2438048608601093,
            51.726278308779
          ],
          [
            -1.244021700695157,
            51.72637595795095
          ],
          [
            -1.24424172565341,
            51.72647578641772
          ],
          [
            -1.2444614991545677,
            51.72657645307481
          ],
          [
            -1.2446794286370277,
            51.72667544335127
          ],
          [
            -1.2449031416326761,
            51.72678004950285
          ],
          [
            -1.2451228313148022,
            51.726877531036735
          ],
          [
            -1.245343443006277,
            51.726980125531554
          ],
          [
            -1.2455627135932446,
            51.72708238475025
          ],
          [
            -1.2457804754376411,
            51.72718271613121
          ],
          [
            -1.245989603921771,
            51.727275839075446
          ],
          [
            -1.2461887579411268,
            51.72736736945808
          ],
          [
            -1.2463869899511337,
            51.72746158204973
          ],
          [
            -1.246571559458971,
            51.72756350599229
          ],
          [
            -1.24672444537282,
            51.72768806107342
          ],
          [
            -1.2468636687844992,
            51.727830804884434
          ],
          [
            -1.2470137886703014,
            51.7279760632664
          ],
          [
            -1.2471668422222137,
            51.72812861390412
          ],
          [
            -1.2473421916365623,
            51.728273620828986
          ],
          [
            -1.2475219834595919,
            51.728393314406276
          ],
          [
            -1.2476602010428905,
            51.72851569019258
          ],
          [
            -1.2477202154695988,
            51.728656673803926
          ],
          [
            -1.2477774638682604,
            51.72883319668472
          ],
          [
            -1.2478083092719316,
            51.72897158190608
          ],
          [
            -1.2478437647223473,
            51.72911801375449
          ],
          [
            -1.2478754483163357,
            51.729272324591875
          ],
          [
            -1.247904198244214,
            51.72943074256182
          ],
          [
            -1.2479315232485533,
            51.7295940220356
          ],
          [
            -1.2479524780064821,
            51.72975403256714
          ],
          [
            -1.2479762826114893,
            51.72991571947932
          ],
          [
            -1.2480010092258453,
            51.73007790930569
          ],
          [
            -1.248016431927681,
            51.73024353571236
          ],
          [
            -1.248043840751052,
            51.730406899005175
          ],
          [
            -1.2480777874588966,
            51.730566658079624
          ],
          [
            -1.2481190264225006,
            51.73073077574372
          ],
          [
            -1.2481581699103117,
            51.73088852316141
          ],
          [
            -1.248202258720994,
            51.73104249872267
          ],
          [
            -1.2482455931603909,
            51.731200497597456
          ],
          [
            -1.2482943758368492,
            51.73135162331164
          ],
          [
            -1.2483426555991173,
            51.731497049331665
          ],
          [
            -1.248434605076909,
            51.73163451254368
          ],
          [
            -1.2485718168318272,
            51.73176392912865
          ],
          [
            -1.2486869841814041,
            51.731896782293916
          ],
          [
            -1.248750602826476,
            51.73203810118139
          ],
          [
            -1.2488231901079416,
            51.7322101816535
          ],
          [
            -1.2488838750869036,
            51.73235585913062
          ],
          [
            -1.248978590592742,
            51.73249768093228
          ],
          [
            -1.249026283621788,
            51.732637574896216
          ],
          [
            -1.2490524351596832,
            51.73278291709721
          ],
          [
            -1.2491329852491617,
            51.732923816889524
          ],
          [
            -1.2492598872631788,
            51.73304904252291
          ],
          [
            -1.2494606338441372,
            51.733110481873155
          ],
          [
            -1.2495816685259342,
            51.73327501863241
          ],
          [
            -1.2496814131736755,
            51.733411978930235
          ],
          [
            -1.2497768830507994,
            51.7335569858551
          ],
          [
            -1.249882997944951,
            51.73370433971286
          ],
          [
            -1.249992549419403,
            51.73385605216026
          ],
          [
            -1.250097407028079,
            51.734013464301825
          ],
          [
            -1.2501991633325815,
            51.73417096026242
          ],
          [
            -1.2502879276871681,
            51.73432753421366
          ],
          [
            -1.2503666337579489,
            51.734486036002636
          ],
          [
            -1.2504471838474274,
            51.73464537598193
          ],
          [
            -1.2505258899182081,
            51.734802201390266
          ],
          [
            -1.2506078649312258,
            51.73495911061764
          ],
          [
            -1.2506933603435755,
            51.73511937260628
          ],
          [
            -1.250773323699832,
            51.73527284525335
          ],
          [
            -1.2508551310747862,
            51.73542598262429
          ],
          [
            -1.2509392015635967,
            51.73558314330876
          ],
          [
            -1.2510257866233587,
            51.73574114218354
          ],
          [
            -1.2511132098734379,
            51.73589603975415
          ],
          [
            -1.251198286190629,
            51.73604724928737
          ],
          [
            -1.25128042884171,
            51.73619317822158
          ],
          [
            -1.251364415511489,
            51.736343717202544
          ],
          [
            -1.2514503300189972,
            51.73649786040187
          ],
          [
            -1.2515370827168226,
            51.736656026914716
          ],
          [
            -1.2516168784350157,
            51.736805560067296
          ],
          [
            -1.2517007812857628,
            51.73695417121053
          ],
          [
            -1.251791138201952,
            51.73711007460952
          ],
          [
            -1.251877136528492,
            51.73726656474173
          ],
          [
            -1.2519615422934294,
            51.73742565326393
          ],
          [
            -1.2520541623234749,
            51.73758029937744
          ],
          [
            -1.2521570920944214,
            51.737734945490956
          ],
          [
            -1.2522562500089407,
            51.73788959160447
          ],
          [
            -1.2523578386753798,
            51.73804893158376
          ],
          [
            -1.25245557166636,
            51.73820332624018
          ],
          [
            -1.2525551486760378,
            51.73835998401046
          ],
          [
            -1.252658162266016,
            51.73851831816137
          ],
          [
            -1.2527651153504848,
            51.738678412511945
          ],
          [
            -1.2528735771775246,
            51.738824509084225
          ],
          [
            -1.2529848888516426,
            51.73896892927587
          ],
          [
            -1.2530965358018875,
            51.73911393620074
          ],
          [
            -1.2532012257725,
            51.739258440211415
          ],
          [
            -1.2533108610659838,
            51.73940721899271
          ],
          [
            -1.2534038163721561,
            51.739562284201384
          ],
          [
            -1.2535341549664736,
            51.73971408046782
          ],
          [
            -1.2536591291427612,
            51.73986344598234
          ],
          [
            -1.253772871568799,
            51.74002286978066
          ],
          [
            -1.2538779806345701,
            51.74018036574125
          ],
          [
            -1.2539845146238804,
            51.74033065326512
          ],
          [
            -1.2540985085070133,
            51.740480018779635
          ],
          [
            -1.2542098201811314,
            51.74063206650317
          ],
          [
            -1.2543178629130125,
            51.74078134819865
          ],
          [
            -1.2544233072549105,
            51.74093205481768
          ],
          [
            -1.254530344158411,
            51.74108016304672
          ],
          [
            -1.2546339444816113,
            51.74123019911349
          ],
          [
            -1.254723547026515,
            51.741380570456386
          ],
          [
            -1.254811892285943,
            51.74152943305671
          ],
          [
            -1.2548982258886099,
            51.7416752781719
          ],
          [
            -1.2549848947674036,
            51.741825146600604
          ],
          [
            -1.2550776824355125,
            51.74197409301996
          ],
          [
            -1.2551677878946066,
            51.742120860144496
          ],
          [
            -1.2552540376782417,
            51.74227022565901
          ],
          [
            -1.2553408741950989,
            51.74241799861193
          ],
          [
            -1.2554246094077826,
            51.74256585538387
          ],
          [
            -1.2555048242211342,
            51.74271438270807
          ],
          [
            -1.2555780820548534,
            51.74286869354546
          ],
          [
            -1.2556526809930801,
            51.743024345487356
          ],
          [
            -1.2557286210358143,
            51.743176728487015
          ],
          [
            -1.255804980173707,
            51.743328692391515
          ],
          [
            -1.2558779865503311,
            51.74348367378116
          ],
          [
            -1.2559423595666885,
            51.743634045124054
          ],
          [
            -1.255984017625451,
            51.74378936178982
          ],
          [
            -1.2560255080461502,
            51.743941493332386
          ],
          [
            -1.2560535874217749,
            51.74409077502787
          ],
          [
            -1.2560751289129257,
            51.744243912398815
          ],
          [
            -1.256110081449151,
            51.74439252354205
          ],
          [
            -1.256146039813757,
            51.744542475789785
          ],
          [
            -1.2561737839132547,
            51.744688069447875
          ],
          [
            -1.2561986781656742,
            51.744843972846866
          ],
          [
            -1.2562203034758568,
            51.74498847685754
          ],
          [
            -1.2562353909015656,
            51.74513339996338
          ],
          [
            -1.256254417821765,
            51.745278323069215
          ],
          [
            -1.2562680803239346,
            51.74542324617505
          ],
          [
            -1.2562828324735165,
            51.74556967802346
          ],
          [
            -1.256298003718257,
            51.74572130665183
          ],
          [
            -1.2563113309442997,
            51.745869079604745
          ],
          [
            -1.256318623200059,
            51.746019618585706
          ],
          [
            -1.2563321180641651,
            51.7461771145463
          ],
          [
            -1.256349803879857,
            51.746337544173
          ],
          [
            -1.2563659809529781,
            51.746497889980674
          ],
          [
            -1.2563814036548138,
            51.74666821025312
          ],
          [
            -1.256425241008401,
            51.7468298971653
          ],
          [
            -1.2565058749169111,
            51.746983621269464
          ],
          [
            -1.2565346248447895,
            51.74714790657163
          ],
          [
            -1.2565290927886963,
            51.74730406142771
          ],
          [
            -1.2565287575125694,
            51.747445464134216
          ],
          [
            -1.256547113880515,
            51.747594494372606
          ],
          [
            -1.2565575912594795,
            51.74775148741901
          ],
          [
            -1.2565697450190783,
            51.74789456650615
          ],
          [
            -1.2565844971686602,
            51.74803731031716
          ],
          [
            -1.256600171327591,
            51.748179802671075
          ],
          [
            -1.2566179409623146,
            51.748333275318146
          ],
          [
            -1.2566404044628143,
            51.748488675802946
          ],
          [
            -1.256656413897872,
            51.74864759668708
          ],
          [
            -1.2566713336855173,
            51.74878489226103
          ],
          [
            -1.2567015085369349,
            51.74894850701094
          ],
          [
            -1.2567113991826773,
            51.7491146363318
          ],
          [
            -1.2567454297095537,
            51.74928470514715
          ],
          [
            -1.256790105253458,
            51.749420994892716
          ],
          [
            -1.256826063618064,
            51.749563654884696
          ],
          [
            -1.2568671349436045,
            51.74973523244262
          ],
          [
            -1.2568797077983618,
            51.749896919354796
          ],
          [
            -1.2568655423820019,
            51.75007729791105
          ],
          [
            -1.2569310888648033,
            51.750248959288
          ],
          [
            -1.2569437455385923,
            51.750426990911365
          ],
          [
            -1.2569648679345846,
            51.75056269392371
          ],
          [
            -1.2570102978497744,
            51.75069646909833
          ],
          [
            -1.2570980563759804,
            51.75086360424757
          ],
          [
            -1.2571584060788155,
            51.75100081600249
          ],
          [
            -1.2572462484240532,
            51.75113819539547
          ],
          [
            -1.2573472503572702,
            51.751300720497966
          ],
          [
            -1.2574252020567656,
            51.75145880319178
          ],
          [
            -1.2575194146484137,
            51.75159081816673
          ],
          [
            -1.2576070055365562,
            51.751721827313304
          ],
          [
            -1.257681017741561,
            51.75187856890261
          ],
          [
            -1.2575982045382261,
            51.75202215090394
          ],
          [
            -1.257369378581643,
            51.75208945758641
          ],
          [
            -1.257096379995346,
            51.75214100629091
          ],
          [
            -1.2568419054150581,
            51.75217763520777
          ],
          [
            -1.2565845809876919,
            51.75220261327922
          ],
          [
            -1.2563284300267696,
            51.75225164741278
          ],
          [
            -1.2560778111219406,
            51.75228274427354
          ],
          [
            -1.2558546010404825,
            51.75230411812663
          ],
          [
            -1.255873292684555,
            51.75246438011527
          ],
          [
            -1.255862396210432,
            51.75260519608855
          ],
          [
            -1.2559058144688606,
            51.75274567678571
          ],
          [
            -1.2559861969202757,
            51.75289940088987
          ],
          [
            -1.2560817506164312,
            51.753035774454474
          ],
          [
            -1.2561630550771952,
            51.7531621735543
          ],
          [
            -1.2562461197376251,
            51.753295278176665
          ],
          [
            -1.2563154380768538,
            51.75345545634627
          ],
          [
            -1.2563799787312746,
            51.753602558746934
          ],
          [
            -1.2564430106431246,
            51.75375821068883
          ],
          [
            -1.256535965949297,
            51.753913359716535
          ],
          [
            -1.2565900292247534,
            51.75407202914357
          ],
          [
            -1.2566512171179056,
            51.75420337356627
          ],
          [
            -1.2566170189529657,
            51.7543607018888
          ],
          [
            -1.2563856784254313,
            51.75435634329915
          ],
          [
            -1.2561219837516546,
            51.754382494837046
          ],
          [
            -1.2558683473616838,
            51.754420548677444
          ],
          [
            -1.2556520104408264,
            51.75445650704205
          ],
          [
            -1.2554298900067806,
            51.754531944170594
          ],
          [
            -1.2551936879754066,
            51.754610650241375
          ],
          [
            -1.2549624312669039,
            51.75468809902668
          ],
          [
            -1.2547608464956284,
            51.75478868186474
          ],
          [
            -1.254595136269927,
            51.75487820059061
          ],
          [
            -1.2545687332749367,
            51.7550393845886
          ],
          [
            -1.2546863313764334,
            51.755196042358875
          ],
          [
            -1.2547880876809359,
            51.7553586512804
          ],
          [
            -1.2548656202852726,
            51.75549125298858
          ],
          [
            -1.254976512864232,
            51.755655286833644
          ],
          [
            -1.2550805322825909,
            51.75581571646035
          ],
          [
            -1.2551834620535374,
            51.75597405061126
          ],
          [
            -1.2552894931286573,
            51.756133725866675
          ],
          [
            -1.255398290231824,
            51.75629432313144
          ],
          [
            -1.2555074226111174,
            51.756461123004556
          ],
          [
            -1.255619153380394,
            51.75661870278418
          ],
          [
            -1.2557292077690363,
            51.75678432919085
          ],
          [
            -1.2558100931346416,
            51.756917433813214
          ],
          [
            -1.2558986898511648,
            51.75704198889434
          ],
          [
            -1.2560065649449825,
            51.75720266997814
          ],
          [
            -1.2560954969376326,
            51.75733049400151
          ],
          [
            -1.25620580278337,
            51.75748405046761
          ],
          [
            -1.256304206326604,
            51.75763584673405
          ],
          [
            -1.2563793919980526,
            51.75776735879481
          ],
          [
            -1.2564855068922043,
            51.757928375154734
          ],
          [
            -1.2565613631159067,
            51.75806785002351
          ],
          [
            -1.256631352007389,
            51.758201541379094
          ],
          [
            -1.2567025981843472,
            51.758331628516316
          ],
          [
            -1.2567730899900198,
            51.75846330821514
          ],
          [
            -1.2568515446037054,
            51.75862122327089
          ],
          [
            -1.2569275684654713,
            51.758751310408115
          ],
          [
            -1.2570048496127129,
            51.758919367566705
          ],
          [
            -1.2570662889629602,
            51.759077198803425
          ],
          [
            -1.2571495212614536,
            51.759206196293235
          ],
          [
            -1.2572254613041878,
            51.75934223458171
          ],
          [
            -1.2573256250470877,
            51.75950174219906
          ],
          [
            -1.2574822828173637,
            51.75963987596333
          ],
          [
            -1.257731979712844,
            51.75967298448086
          ],
          [
            -1.257985532283783,
            51.759632751345634
          ],
          [
            -1.2582487240433693,
            51.75958572886884
          ],
          [
            -1.2584528233855963,
            51.759530156850815
          ],
          [
            -1.2587140034884214,
            51.75946209579706
          ],
          [
            -1.2589631136506796,
            51.759402081370354
          ],
          [
            -1.2592060212045908,
            51.75935053266585
          ],
          [
            -1.2594355177134275,
            51.759317591786385
          ],
          [
            -1.259673647582531,
            51.75927199423313
          ],
          [
            -1.2598413694649935,
            51.759182224050164
          ],
          [
            -1.259827371686697,
            51.75900855101645
          ],
          [
            -1.259831478819251,
            51.758862705901265
          ],
          [
            -1.2598455604165792,
            51.75870998762548
          ],
          [
            -1.2598493322730064,
            51.758563639596105
          ],
          [
            -1.259844722226262,
            51.75842332653701
          ],
          [
            -1.2598493322730064,
            51.758276894688606
          ],
          [
            -1.2598426267504692,
            51.758135659620166
          ],
          [
            -1.2598190736025572,
            51.757957208901644
          ],
          [
            -1.2597914971411228,
            51.75778714008629
          ],
          [
            -1.2596723902970552,
            51.75764732994139
          ],
          [
            -1.2595348432660103,
            51.757503328844905
          ],
          [
            -1.2594716437160969,
            51.757340636104345
          ],
          [
            -1.2594075221568346,
            51.75717224366963
          ],
          [
            -1.259372066706419,
            51.757012233138084
          ],
          [
            -1.2593642715364695,
            51.756844175979495
          ],
          [
            -1.2593309953808784,
            51.756698079407215
          ],
          [
            -1.2593233678489923,
            51.75665197893977
          ]
        ]
      },
      "properties": {
        "name": "2023-09-02 (Sat) 16:45",
        "source_file": "2023-09-02-154518-ELEMNT_ROAM_A974-31-0.fit",
        "date": "2023-09-02T15:45:19",
        "sport": "cycling",
        "dropbox_id": "id:JY-PzzIM9pcAAAAAAAAA5w"
      }
    },
    {
      "type": "Feature",
      "geometry": {
        "type": "LineString",
        "coordinates": [
          [
            -1.258985074236989,
            51.755554201081395
          ],
          [
            -1.2589340284466743,
            51.755393939092755
          ],
          [
            -1.2588730081915855,
            51.75524650141597
          ],
          [
            -1.2588090542703867,
            51.755105685442686
          ],
          [
            -1.2586812302470207,
            51.7549772746861
          ],
          [
            -1.2585912086069584,
            51.75483436323702
          ],
          [
            -1.2585254106670618,
            51.754686338827014
          ],
          [
            -1.2584857642650604,
            51.75451501272619
          ],
          [
            -1.2584401667118073,
            51.75435257144272
          ],
          [
            -1.2582268472760916,
            51.7542933113873
          ],
          [
            -1.2580036371946335,
            51.7543173674494
          ],
          [
            -1.257768776267767,
            51.75434226170182
          ],
          [
            -1.2575364299118519,
            51.75436304882169
          ],
          [
            -1.2572979647666216,
            51.754388781264424
          ],
          [
            -1.2570822983980179,
            51.75444770604372
          ],
          [
            -1.2568443361669779,
            51.75446975044906
          ],
          [
            -1.2566227186471224,
            51.754387775436044
          ],
          [
            -1.256547113880515,
            51.75421410240233
          ],
          [
            -1.2564865127205849,
            51.75407102331519
          ],
          [
            -1.2563874386250973,
            51.753905061632395
          ],
          [
            -1.256307391449809,
            51.7537787463516
          ],
          [
            -1.2562504783272743,
            51.75364631228149
          ],
          [
            -1.2562366481870413,
            51.75350222736597
          ],
          [
            -1.2559789884835482,
            51.75351211801171
          ],
          [
            -1.255722502246499,
            51.75354656763375
          ],
          [
            -1.2554976996034384,
            51.7535836994648
          ],
          [
            -1.2552464101463556,
            51.75361404195428
          ],
          [
            -1.254974165931344,
            51.75361404195428
          ],
          [
            -1.2547118123620749,
            51.75363818183541
          ],
          [
            -1.2544855009764433,
            51.75365335308015
          ],
          [
            -1.2543208803981543,
            51.753749661147594
          ],
          [
            -1.2541434355080128,
            51.75383800640702
          ],
          [
            -1.2538855243474245,
            51.753856698051095
          ],
          [
            -1.2537215743213892,
            51.753747314214706
          ],
          [
            -1.2536451313644648,
            51.75357012078166
          ],
          [
            -1.25360238365829,
            51.75343684852123
          ],
          [
            -1.2535217497497797,
            51.75327432341874
          ],
          [
            -1.2534426245838404,
            51.75312059931457
          ],
          [
            -1.253321086987853,
            51.75297492183745
          ],
          [
            -1.2532616592943668,
            51.75284156575799
          ],
          [
            -1.2533583864569664,
            51.75270393490791
          ],
          [
            -1.2535916548222303,
            51.75263235345483
          ],
          [
            -1.2538113445043564,
            51.75258214585483
          ],
          [
            -1.2540282681584358,
            51.75255130045116
          ],
          [
            -1.254238486289978,
            51.75250670872629
          ],
          [
            -1.254448788240552,
            51.752462117001414
          ],
          [
            -1.254660515114665,
            51.75241827964783
          ],
          [
            -1.2548842281103134,
            51.7523902002722
          ],
          [
            -1.255100816488266,
            51.75236354582012
          ],
          [
            -1.2553718034178019,
            51.752316607162356
          ],
          [
            -1.255634156987071,
            51.75227704457939
          ],
          [
            -1.2558455485850573,
            51.752243181690574
          ],
          [
            -1.256121313199401,
            51.752210995182395
          ],
          [
            -1.25640076585114,
            51.75217034295201
          ],
          [
            -1.2566207069903612,
            51.752135725691915
          ],
          [
            -1.2568399775773287,
            51.75210379064083
          ],
          [
            -1.2571057677268982,
            51.7520706821233
          ],
          [
            -1.2573544587939978,
            51.752014523372054
          ],
          [
            -1.257508685812354,
            51.75190279260278
          ],
          [
            -1.2574304826557636,
            51.75174739211798
          ],
          [
            -1.2573719769716263,
            51.75159509293735
          ],
          [
            -1.2572932709008455,
            51.751430723816156
          ],
          [
            -1.2572299875319004,
            51.75125780515373
          ],
          [
            -1.257131416350603,
            51.751096369698644
          ],
          [
            -1.25703158788383,
            51.75093786790967
          ],
          [
            -1.256949445232749,
            51.750776851549745
          ],
          [
            -1.2568672187626362,
            51.75060862675309
          ],
          [
            -1.2568075396120548,
            51.75043612718582
          ],
          [
            -1.2567817233502865,
            51.7502455227077
          ],
          [
            -1.256765965372324,
            51.750059612095356
          ],
          [
            -1.2567456811666489,
            51.74987370148301
          ],
          [
            -1.2567156739532948,
            51.749675050377846
          ],
          [
            -1.256667897105217,
            51.74947598017752
          ],
          [
            -1.2566350400447845,
            51.74933725968003
          ],
          [
            -1.256597237661481,
            51.74913760274649
          ],
          [
            -1.2565718404948711,
            51.7490023188293
          ],
          [
            -1.2565360497683287,
            51.74880811013281
          ],
          [
            -1.2564990855753422,
            51.74861624836922
          ],
          [
            -1.256458768621087,
            51.7484357021749
          ],
          [
            -1.2564309407025576,
            51.74826269969344
          ],
          [
            -1.2564114108681679,
            51.74808735027909
          ],
          [
            -1.2564000114798546,
            51.747926753014326
          ],
          [
            -1.25639489851892,
            51.74777654930949
          ],
          [
            -1.2563814036548138,
            51.747612012550235
          ],
          [
            -1.2563644722104073,
            51.74746030010283
          ],
          [
            -1.2563539110124111,
            51.74730724655092
          ],
          [
            -1.2563461158424616,
            51.74716827459633
          ],
          [
            -1.2563245743513107,
            51.747014466673136
          ],
          [
            -1.2563104927539825,
            51.746847834438086
          ],
          [
            -1.256308313459158,
            51.74671137705445
          ],
          [
            -1.2563088163733482,
            51.74656695686281
          ],
          [
            -1.256298841908574,
            51.74642044119537
          ],
          [
            -1.2562793120741844,
            51.746263448148966
          ],
          [
            -1.256256764754653,
            51.74609371460974
          ],
          [
            -1.25622876919806,
            51.745918951928616
          ],
          [
            -1.2562032043933868,
            51.745729269459844
          ],
          [
            -1.256176633760333,
            51.745530953630805
          ],
          [
            -1.2561508174985647,
            51.74533070996404
          ],
          [
            -1.2561237439513206,
            51.74513826146722
          ],
          [
            -1.256093317642808,
            51.744943633675575
          ],
          [
            -1.2560649868100882,
            51.74474682658911
          ],
          [
            -1.2560354825109243,
            51.74454708583653
          ],
          [
            -1.2559982668608427,
            51.74434977583587
          ],
          [
            -1.2559593748301268,
            51.74415422603488
          ],
          [
            -1.2559165433049202,
            51.74396714195609
          ],
          [
            -1.255860971286893,
            51.74377653747797
          ],
          [
            -1.2557939160615206,
            51.74358853138983
          ],
          [
            -1.2557174731045961,
            51.74340614117682
          ],
          [
            -1.2556313071399927,
            51.74322567880154
          ],
          [
            -1.2555406987667084,
            51.74304706044495
          ],
          [
            -1.2554492522031069,
            51.74287154339254
          ],
          [
            -1.2553521059453487,
            51.74270164221525
          ],
          [
            -1.2552544567734003,
            51.74253576435149
          ],
          [
            -1.2551584001630545,
            51.74236594699323
          ],
          [
            -1.2550734914839268,
            51.742186741903424
          ],
          [
            -1.2549810390919447,
            51.74201642163098
          ],
          [
            -1.2548860721290112,
            51.74183956347406
          ],
          [
            -1.2547812145203352,
            51.74165650270879
          ],
          [
            -1.2546718306839466,
            51.74147863872349
          ],
          [
            -1.2545567471534014,
            51.741297505795956
          ],
          [
            -1.2544388975948095,
            51.74112467095256
          ],
          [
            -1.2543148454278708,
            51.74095426686108
          ],
          [
            -1.2541911285370588,
            51.74078562296927
          ],
          [
            -1.2540612090379,
            51.740610022097826
          ],
          [
            -1.2539330497384071,
            51.740438025444746
          ],
          [
            -1.2538142781704664,
            51.7402658611536
          ],
          [
            -1.2536846101284027,
            51.740088164806366
          ],
          [
            -1.2535587139427662,
            51.73991591669619
          ],
          [
            -1.2534310575574636,
            51.73974827863276
          ],
          [
            -1.2533039040863514,
            51.73958248458803
          ],
          [
            -1.2531779240816832,
            51.73941794782877
          ],
          [
            -1.2530441489070654,
            51.739236898720264
          ],
          [
            -1.2529216054826975,
            51.73906909301877
          ],
          [
            -1.2527960445731878,
            51.73890036530793
          ],
          [
            -1.2526707351207733,
            51.73873381689191
          ],
          [
            -1.252554813399911,
            51.73855855129659
          ],
          [
            -1.252443753182888,
            51.7383870575577
          ],
          [
            -1.252328921109438,
            51.738221095874906
          ],
          [
            -1.252224063500762,
            51.73807030543685
          ],
          [
            -1.2521252408623695,
            51.737916162237525
          ],
          [
            -1.252025831490755,
            51.73776235431433
          ],
          [
            -1.251949891448021,
            51.73760033212602
          ],
          [
            -1.2518608756363392,
            51.73743613064289
          ],
          [
            -1.2517550121992826,
            51.737271174788475
          ],
          [
            -1.2516652420163155,
            51.737100686877966
          ],
          [
            -1.2515676766633987,
            51.73692751675844
          ],
          [
            -1.2514582928270102,
            51.73675359226763
          ],
          [
            -1.2513644993305206,
            51.736571453511715
          ],
          [
            -1.2512622401118279,
            51.73639417625964
          ],
          [
            -1.251160316169262,
            51.736217234283686
          ],
          [
            -1.251068701967597,
            51.73605361953378
          ],
          [
            -1.2509642634540796,
            51.73586519435048
          ],
          [
            -1.2508717272430658,
            51.7356913536787
          ],
          [
            -1.2507771793752909,
            51.73551935702562
          ],
          [
            -1.2506838887929916,
            51.73534534871578
          ],
          [
            -1.2505917716771364,
            51.735172513872385
          ],
          [
            -1.2505001574754715,
            51.73500278033316
          ],
          [
            -1.2503916118294,
            51.73484109342098
          ],
          [
            -1.2502948008477688,
            51.734677059575915
          ],
          [
            -1.2501957267522812,
            51.73450875096023
          ],
          [
            -1.2500981613993645,
            51.73433734104037
          ],
          [
            -1.250002859160304,
            51.73417163081467
          ],
          [
            -1.249896241351962,
            51.73400684259832
          ],
          [
            -1.2497882824391127,
            51.7338437307626
          ],
          [
            -1.2496731989085674,
            51.73368154093623
          ],
          [
            -1.24955995939672,
            51.733520524576306
          ],
          [
            -1.2494466360658407,
            51.73335556872189
          ],
          [
            -1.2493356596678495,
            51.73318876884878
          ],
          [
            -1.2492305506020784,
            51.73302238807082
          ],
          [
            -1.2491348292678595,
            51.732857851311564
          ],
          [
            -1.2490662652999163,
            51.73269406892359
          ],
          [
            -1.2489958573132753,
            51.73253707587719
          ],
          [
            -1.2489117868244648,
            51.732383854687214
          ],
          [
            -1.2488187476992607,
            51.7322516720742
          ],
          [
            -1.2487469986081123,
            51.732118567451835
          ],
          [
            -1.2486863136291504,
            51.73197875730693
          ],
          [
            -1.2485990580171347,
            51.731841461732984
          ],
          [
            -1.24846494756639,
            51.731716487556696
          ],
          [
            -1.248346008360386,
            51.731581538915634
          ],
          [
            -1.2482807971537113,
            51.73143435269594
          ],
          [
            -1.2482309248298407,
            51.731282975524664
          ],
          [
            -1.2481838185340166,
            51.73113076016307
          ],
          [
            -1.2481384724378586,
            51.730980053544044
          ],
          [
            -1.2480996642261744,
            51.73082389868796
          ],
          [
            -1.2480614427477121,
            51.73067235387862
          ],
          [
            -1.2480259872972965,
            51.730522736907005
          ],
          [
            -1.247998159378767,
            51.73036616295576
          ],
          [
            -1.2479770369827747,
            51.73021964728832
          ],
          [
            -1.2479540705680847,
            51.7300739698112
          ],
          [
            -1.2479311041533947,
            51.72993181273341
          ],
          [
            -1.2479081377387047,
            51.729784877970815
          ],
          [
            -1.2478803936392069,
            51.72964003868401
          ],
          [
            -1.24785415828228,
            51.729494696483016
          ],
          [
            -1.2478332873433828,
            51.72935069538653
          ],
          [
            -1.2478082254529,
            51.72920811921358
          ],
          [
            -1.2477756198495626,
            51.72906671650708
          ],
          [
            -1.2477399129420519,
            51.72892078757286
          ],
          [
            -1.2476974166929722,
            51.72877795994282
          ],
          [
            -1.2476422637701035,
            51.72863094136119
          ],
          [
            -1.2475577741861343,
            51.728476881980896
          ],
          [
            -1.247396171092987,
            51.72834612429142
          ],
          [
            -1.2472169660031796,
            51.72821997664869
          ],
          [
            -1.2470763176679611,
            51.72808955423534
          ],
          [
            -1.246953271329403,
            51.727968184277415
          ],
          [
            -1.246832236647606,
            51.727849412709475
          ],
          [
            -1.2467092741280794,
            51.72772988677025
          ],
          [
            -1.2465816177427769,
            51.727614887058735
          ],
          [
            -1.2463753391057253,
            51.727494187653065
          ],
          [
            -1.246199570596218,
            51.727410200983286
          ],
          [
            -1.246014079079032,
            51.72732395119965
          ],
          [
            -1.2458129972219467,
            51.727231750264764
          ],
          [
            -1.245613256469369,
            51.727142902091146
          ],
          [
            -1.2454072292894125,
            51.72704927623272
          ],
          [
            -1.2452069018036127,
            51.72695782966912
          ],
          [
            -1.2450002040714025,
            51.72686604782939
          ],
          [
            -1.2447976972907782,
            51.72677024267614
          ],
          [
            -1.244594268500805,
            51.72667887993157
          ],
          [
            -1.2443928513675928,
            51.726586259901524
          ],
          [
            -1.2441859859973192,
            51.726492550224066
          ],
          [
            -1.2439834792166948,
            51.726400600746274
          ],
          [
            -1.2437828164547682,
            51.72630596905947
          ],
          [
            -1.2435835786163807,
            51.72621469013393
          ],
          [
            -1.2433878611773252,
            51.72612148337066
          ],
          [
            -1.243192981928587,
            51.72603431157768
          ],
          [
            -1.2429992761462927,
            51.725946217775345
          ],
          [
            -1.242810431867838,
            51.72585493884981
          ],
          [
            -1.2426203303039074,
            51.72577070072293
          ],
          [
            -1.2424309831112623,
            51.725683780387044
          ],
          [
            -1.2422420550137758,
            51.725594932213426
          ],
          [
            -1.242056144401431,
            51.72550918534398
          ],
          [
            -1.2418634444475174,
            51.72542301937938
          ],
          [
            -1.2416792940348387,
            51.725348085165024
          ],
          [
            -1.2415030226111412,
            51.72526351176202
          ],
          [
            -1.2412705924361944,
            51.72515965998173
          ],
          [
            -1.2410401739180088,
            51.72505681402981
          ],
          [
            -1.2408134434372187,
            51.724947011098266
          ],
          [
            -1.2405894789844751,
            51.72483670525253
          ],
          [
            -1.2403570488095284,
            51.724728578701615
          ],
          [
            -1.2401355989277363,
            51.724625397473574
          ],
          [
            -1.2399092875421047,
            51.72452498227358
          ],
          [
            -1.239687418565154,
            51.72442230395973
          ],
          [
            -1.2394651304930449,
            51.72432029619813
          ],
          [
            -1.239248039200902,
            51.724219964817166
          ],
          [
            -1.2390321213752031,
            51.72412030398846
          ],
          [
            -1.2388128507882357,
            51.72401653602719
          ],
          [
            -1.2385898921638727,
            51.723912516608834
          ],
          [
            -1.2383641675114632,
            51.72380858100951
          ],
          [
            -1.2381372693926096,
            51.72370657324791
          ],
          [
            -1.2379164062440395,
            51.72360196709633
          ],
          [
            -1.2377026677131653,
            51.723494762554765
          ],
          [
            -1.2374796252697706,
            51.72339300625026
          ],
          [
            -1.2372573371976614,
            51.72329317778349
          ],
          [
            -1.2370304390788078,
            51.72319837845862
          ],
          [
            -1.2368058878928423,
            51.72309821471572
          ],
          [
            -1.2365782354027033,
            51.72299645841122
          ],
          [
            -1.2363499123603106,
            51.72288606874645
          ],
          [
            -1.2361262831836939,
            51.72277618199587
          ],
          [
            -1.235898295417428,
            51.72267224639654
          ],
          [
            -1.2356687989085913,
            51.72256805934012
          ],
          [
            -1.2354467622935772,
            51.722465297207236
          ],
          [
            -1.2352036032825708,
            51.72238499857485
          ],
          [
            -1.2349324487149715,
            51.72235717065632
          ],
          [
            -1.2346582766622305,
            51.72232314012945
          ],
          [
            -1.2344451248645782,
            51.72229355201125
          ],
          [
            -1.2341667618602514,
            51.72227603383362
          ],
          [
            -1.2338861357420683,
            51.722255665808916
          ],
          [
            -1.2336100358515978,
            51.72229648567736
          ],
          [
            -1.2333506159484386,
            51.72236178070307
          ],
          [
            -1.233091028407216,
            51.722404612228274
          ],
          [
            -1.2328328657895327,
            51.72245808877051
          ],
          [
            -1.2325767148286104,
            51.722492622211576
          ],
          [
            -1.2323400098830462,
            51.72254333272576
          ],
          [
            -1.2320997845381498,
            51.72257996164262
          ],
          [
            -1.2318557035177946,
            51.72260292805731
          ],
          [
            -1.231642384082079,
            51.722637712955475
          ],
          [
            -1.231429735198617,
            51.722674341872334
          ],
          [
            -1.2311569042503834,
            51.722720777615905
          ],
          [
            -1.2308818940073252,
            51.72276704572141
          ],
          [
            -1.2306044530123472,
            51.72282060608268
          ],
          [
            -1.230347128584981,
            51.72288472764194
          ],
          [
            -1.230100030079484,
            51.72296821139753
          ],
          [
            -1.2298503331840038,
            51.72305102460086
          ],
          [
            -1.2295997980982065,
            51.72313978895545
          ],
          [
            -1.2293932680040598,
            51.723203072324395
          ],
          [
            -1.2291860673576593,
            51.72326006926596
          ],
          [
            -1.228962354362011,
            51.7233167309314
          ],
          [
            -1.228765295818448,
            51.72337867319584
          ],
          [
            -1.228564465418458,
            51.7234393581748
          ],
          [
            -1.2283640541136265,
            51.723503060638905
          ],
          [
            -1.2281703483313322,
            51.72356676310301
          ],
          [
            -1.227968344464898,
            51.72362660989165
          ],
          [
            -1.227757204324007,
            51.7236862052232
          ],
          [
            -1.2275448068976402,
            51.72374311834574
          ],
          [
            -1.2273167353123426,
            51.723791901022196
          ],
          [
            -1.227090423926711,
            51.72384789213538
          ],
          [
            -1.226851036772132,
            51.723895920440555
          ],
          [
            -1.2266184389591217,
            51.72394696623087
          ],
          [
            -1.226391289383173,
            51.72401041723788
          ],
          [
            -1.2261743657290936,
            51.72406607307494
          ],
          [
            -1.2259475514292717,
            51.724118711426854
          ],
          [
            -1.2257374171167612,
            51.7241682484746
          ],
          [
            -1.2255119439214468,
            51.72422784380615
          ],
          [
            -1.2252547033131123,
            51.72429942525923
          ],
          [
            -1.2250200100243092,
            51.72438123263419
          ],
          [
            -1.224812138825655,
            51.72443269751966
          ],
          [
            -1.2246153317391872,
            51.72434996813536
          ],
          [
            -1.2244394794106483,
            51.72425776720047
          ],
          [
            -1.2241946440190077,
            51.7241698410362
          ],
          [
            -1.2240008544176817,
            51.72408660873771
          ],
          [
            -1.2239094078540802,
            51.72395057044923
          ],
          [
            -1.2238978408277035,
            51.723800115287304
          ],
          [
            -1.2239138502627611,
            51.72364932484925
          ],
          [
            -1.223962800577283,
            51.72349308617413
          ],
          [
            -1.2239793967455626,
            51.72331958077848
          ],
          [
            -1.2239816598594189,
            51.72317683696747
          ],
          [
            -1.223976630717516,
            51.7230318300426
          ],
          [
            -1.2239596154540777,
            51.72289168462157
          ],
          [
            -1.2239544186741114,
            51.722744246944785
          ],
          [
            -1.223953329026699,
            51.7225777823478
          ],
          [
            -1.223952742293477,
            51.722416430711746
          ],
          [
            -1.2239435221999884,
            51.7222685739398
          ],
          [
            -1.2239362299442291,
            51.72211032360792
          ],
          [
            -1.2239205557852983,
            51.721954168751836
          ],
          [
            -1.2239099945873022,
            51.72181125730276
          ],
          [
            -1.2239105813205242,
            51.72166935168207
          ],
          [
            -1.2239066418260336,
            51.72152685932815
          ],
          [
            -1.223918292671442,
            51.721372716128826
          ],
          [
            -1.2240229826420546,
            51.721210442483425
          ],
          [
            -1.2241982482373714,
            51.7210872285068
          ],
          [
            -1.2243810575455427,
            51.72095077112317
          ],
          [
            -1.2245813012123108,
            51.720819091424346
          ],
          [
            -1.2247854005545378,
            51.72068187966943
          ],
          [
            -1.2249689642339945,
            51.72054332681
          ],
          [
            -1.2251557130366564,
            51.72040133737028
          ],
          [
            -1.225337851792574,
            51.72026412561536
          ],
          [
            -1.2255189009010792,
            51.72011920250952
          ],
          [
            -1.2256981898099184,
            51.71997503377497
          ],
          [
            -1.2258519139140844,
            51.71983698382974
          ],
          [
            -1.2259927298873663,
            51.71971645206213
          ],
          [
            -1.2261349707841873,
            51.71959659084678
          ],
          [
            -1.2262771278619766,
            51.7194832675159
          ],
          [
            -1.22643219307065,
            51.71938578598201
          ],
          [
            -1.2265946343541145,
            51.719287717714906
          ],
          [
            -1.226762356236577,
            51.71917255036533
          ],
          [
            -1.2269117217510939,
            51.719034081324935
          ],
          [
            -1.2270630989223719,
            51.71887809410691
          ],
          [
            -1.2272200919687748,
            51.71871674247086
          ],
          [
            -1.2273810245096684,
            51.71855044551194
          ],
          [
            -1.2275270372629166,
            51.71840359456837
          ],
          [
            -1.2276674341410398,
            51.718262108042836
          ],
          [
            -1.2277974374592304,
            51.718107629567385
          ],
          [
            -1.2279055640101433,
            51.71795155853033
          ],
          [
            -1.227984605357051,
            51.71779431402683
          ],
          [
            -1.22809206135571,
            51.71763581223786
          ],
          [
            -1.2281865254044533,
            51.717471946030855
          ],
          [
            -1.2282981723546982,
            51.71730154193938
          ],
          [
            -1.2283969949930906,
            51.71711269766092
          ],
          [
            -1.2285081390291452,
            51.716921757906675
          ],
          [
            -1.2285851687192917,
            51.71678999438882
          ],
          [
            -1.2286706641316414,
            51.7166580632329
          ],
          [
            -1.2287466041743755,
            51.71651598997414
          ],
          [
            -1.2288255617022514,
            51.7163747549057
          ],
          [
            -1.2289114762097597,
            51.71622756868601
          ],
          [
            -1.2289857398718596,
            51.71607526950538
          ],
          [
            -1.2290556449443102,
            51.71592179685831
          ],
          [
            -1.2291155755519867,
            51.71576723456383
          ],
          [
            -1.2291671242564917,
            51.71561091206968
          ],
          [
            -1.2292004004120827,
            51.71545760706067
          ],
          [
            -1.2292237859219313,
            51.715302541852
          ],
          [
            -1.2292345147579908,
            51.71514546498656
          ],
          [
            -1.2292254623025656,
            51.714986292645335
          ],
          [
            -1.2292060162872076,
            51.71482536010444
          ],
          [
            -1.2291707284748554,
            51.71466266736388
          ],
          [
            -1.2291175872087479,
            51.71449972316623
          ],
          [
            -1.2290506158024073,
            51.71433904208243
          ],
          [
            -1.228971742093563,
            51.71418121084571
          ],
          [
            -1.2288787867873907,
            51.714027654379606
          ],
          [
            -1.2287815567106009,
            51.713889855891466
          ],
          [
            -1.2286777887493372,
            51.71376169659197
          ],
          [
            -1.228580055758357,
            51.713633285835385
          ],
          [
            -1.2284332048147917,
            51.71345768496394
          ],
          [
            -1.2282678298652172,
            51.71329180710018
          ],
          [
            -1.2281089928001165,
            51.71311897225678
          ],
          [
            -1.2279513292014599,
            51.712950663641095
          ],
          [
            -1.2277850322425365,
            51.71279015019536
          ],
          [
            -1.2276128679513931,
            51.712642293423414
          ],
          [
            -1.2274345010519028,
            51.71250340528786
          ],
          [
            -1.2272472493350506,
            51.712384885177016
          ],
          [
            -1.227038623765111,
            51.7122994735837
          ],
          [
            -1.2268201913684607,
            51.71234222128987
          ],
          [
            -1.2266324367374182,
            51.71245160512626
          ],
          [
            -1.2264534831047058,
            51.712573477998376
          ],
          [
            -1.2261946499347687,
            51.71262611635029
          ],
          [
            -1.225920980796218,
            51.712602311745286
          ],
          [
            -1.2256660033017397,
            51.71253031119704
          ],
          [
            -1.22548864223063,
            51.71242168173194
          ],
          [
            -1.225350759923458,
            51.7122891638428
          ],
          [
            -1.2251800205558538,
            51.71219511888921
          ],
          [
            -1.225223271176219,
            51.71210476197302
          ]
        ]
      },
      "properties": {
        "name": "2023-09-02 (Sat) 21:57",
        "source_file": "2023-09-02-205747-ELEMNT_ROAM_A974-32-0.fit",
        "date": "2023-09-02T20:57:47",
        "sport": "cycling",
        "dropbox_id": "id:JY-PzzIM9pcAAAAAAAAA6A"
      }
    },
    {
      "type": "Feature",
      "geometry": {
        "type": "LineString",
        "coordinates": [
          [
            -1.2254366744309664,
            51.71215823851526
          ],
          [
            -1.225447067990899,
            51.71229427680373
          ],
          [
            -1.2255708687007427,
            51.71241489239037
          ],
          [
            -1.2257497385144234,
            51.71253617852926
          ],
          [
            -1.225953083485365,
            51.712599880993366
          ],
          [
            -1.2261841725558043,
            51.71262335032225
          ],
          [
            -1.22640922665596,
            51.71260952018201
          ],
          [
            -1.2266249768435955,
            51.712492341175675
          ],
          [
            -1.2267978116869926,
            51.71236711554229
          ],
          [
            -1.2269537150859833,
            51.712258234620094
          ],
          [
            -1.2271842174232006,
            51.71228681690991
          ],
          [
            -1.2273791804909706,
            51.712392177432775
          ],
          [
            -1.2275360897183418,
            51.71249510720372
          ],
          [
            -1.2276858743280172,
            51.71260507777333
          ],
          [
            -1.2278320547193289,
            51.71272401697934
          ],
          [
            -1.2279808335006237,
            51.71284471638501
          ],
          [
            -1.2281140219420195,
            51.71297052875161
          ],
          [
            -1.2282395828515291,
            51.71309500001371
          ],
          [
            -1.2283607851713896,
            51.713223243132234
          ],
          [
            -1.2284894473850727,
            51.71335215680301
          ],
          [
            -1.2286088895052671,
            51.713478974998
          ],
          [
            -1.2287262361496687,
            51.71359799802303
          ],
          [
            -1.2288325186818838,
            51.713723139837384
          ],
          [
            -1.228967634961009,
            51.713883401826024
          ],
          [
            -1.229050112888217,
            51.71401315368712
          ],
          [
            -1.2291305791586637,
            51.71414013952017
          ],
          [
            -1.2292119674384594,
            51.714309537783265
          ],
          [
            -1.2292753346264362,
            51.714474158361554
          ],
          [
            -1.229325793683529,
            51.714646155014634
          ],
          [
            -1.2293562199920416,
            51.71481756493449
          ],
          [
            -1.2293650209903717,
            51.714981431141496
          ],
          [
            -1.2293599918484688,
            51.715161222964525
          ],
          [
            -1.2293423060327768,
            51.715298518538475
          ],
          [
            -1.229312215000391,
            51.71543656848371
          ],
          [
            -1.2292694672942162,
            51.71561116352677
          ],
          [
            -1.2292133923619986,
            51.715781735256314
          ],
          [
            -1.2291467562317848,
            51.71594954095781
          ],
          [
            -1.2290679663419724,
            51.716118939220905
          ],
          [
            -1.2290040124207735,
            51.716253720223904
          ],
          [
            -1.2289194390177727,
            51.716416999697685
          ],
          [
            -1.2288274895399809,
            51.71657055616379
          ],
          [
            -1.228741155937314,
            51.71672612428665
          ],
          [
            -1.2286546546965837,
            51.71687657944858
          ],
          [
            -1.2285693269222975,
            51.717023933306336
          ],
          [
            -1.2284845020622015,
            51.71716868877411
          ],
          [
            -1.2284061312675476,
            51.71731344424188
          ],
          [
            -1.228321474045515,
            51.71745467931032
          ],
          [
            -1.2282394990324974,
            51.71759985387325
          ],
          [
            -1.2281775567680597,
            51.717748045921326
          ],
          [
            -1.2280830927193165,
            51.717882324010134
          ],
          [
            -1.227989299222827,
            51.71801509335637
          ],
          [
            -1.2278773169964552,
            51.71815875917673
          ],
          [
            -1.227751923725009,
            51.718297731131315
          ],
          [
            -1.2276082579046488,
            51.71844307333231
          ],
          [
            -1.2274743150919676,
            51.718579614534974
          ],
          [
            -1.2273426353931427,
            51.71872101724148
          ],
          [
            -1.2272125482559204,
            51.71885445713997
          ],
          [
            -1.2271052598953247,
            51.71898043714464
          ],
          [
            -1.2269855663180351,
            51.719102477654815
          ],
          [
            -1.2268470134586096,
            51.719220243394375
          ],
          [
            -1.2266885954886675,
            51.71932669356465
          ],
          [
            -1.2265121564269066,
            51.719420151785016
          ],
          [
            -1.2263222225010395,
            51.71954554505646
          ],
          [
            -1.2261672411113977,
            51.719687869772315
          ],
          [
            -1.226032879203558,
            51.71980932354927
          ],
          [
            -1.2258824240416288,
            51.71993832103908
          ],
          [
            -1.2257293704897165,
            51.72006765380502
          ],
          [
            -1.2255790829658508,
            51.720190113410354
          ],
          [
            -1.2254349142313004,
            51.720308968797326
          ],
          [
            -1.2252858001738787,
            51.72042287886143
          ],
          [
            -1.225122855976224,
            51.720529329031706
          ],
          [
            -1.2249630969017744,
            51.72064240090549
          ],
          [
            -1.2248076125979424,
            51.72075480222702
          ],
          [
            -1.224646931514144,
            51.72086586244404
          ],
          [
            -1.2244909442961216,
            51.72097465954721
          ],
          [
            -1.224333280697465,
            51.72108203172684
          ],
          [
            -1.2241584341973066,
            51.72121815383434
          ],
          [
            -1.2240990903228521,
            51.72135687433183
          ],
          [
            -1.2240510620176792,
            51.721493331715465
          ],
          [
            -1.2240218091756105,
            51.72162844799459
          ],
          [
            -1.2239935621619225,
            51.72178921289742
          ],
          [
            -1.2240176182240248,
            51.72194008715451
          ],
          [
            -1.2240183725953102,
            51.722114933654666
          ],
          [
            -1.2240183725953102,
            51.72228852286935
          ],
          [
            -1.2240230664610863,
            51.72245917841792
          ],
          [
            -1.2240265030413866,
            51.72261801548302
          ],
          [
            -1.2240350525826216,
            51.72279227524996
          ],
          [
            -1.2240203004330397,
            51.722957314923406
          ],
          [
            -1.2240441050380468,
            51.72312604263425
          ],
          [
            -1.2240468710660934,
            51.72330264933407
          ],
          [
            -1.2240203004330397,
            51.723474729806185
          ],
          [
            -1.2239954061806202,
            51.72364756464958
          ],
          [
            -1.2239769659936428,
            51.723785949870944
          ],
          [
            -1.2239503115415573,
            51.723933052271605
          ],
          [
            -1.2240285146981478,
            51.72408442944288
          ],
          [
            -1.2242660578340292,
            51.72411368228495
          ],
          [
            -1.2245248910039663,
            51.72414293512702
          ],
          [
            -1.2247138191014528,
            51.724244356155396
          ],
          [
            -1.2249112967401743,
            51.72434510663152
          ],
          [
            -1.2251459062099457,
            51.72431216575205
          ],
          [
            -1.225371966138482,
            51.72423982992768
          ],
          [
            -1.2255942542105913,
            51.72417084686458
          ],
          [
            -1.2258363235741854,
            51.72410253435373
          ],
          [
            -1.2260554265230894,
            51.72405299730599
          ],
          [
            -1.2262928858399391,
            51.7239885404706
          ],
          [
            -1.226556831970811,
            51.72392341308296
          ],
          [
            -1.2267649546265602,
            51.72387404367328
          ],
          [
            -1.2270314991474152,
            51.7238053958863
          ],
          [
            -1.2272501830011606,
            51.72375150024891
          ],
          [
            -1.2274609878659248,
            51.72370229847729
          ],
          [
            -1.227672966197133,
            51.72364220023155
          ],
          [
            -1.2278934102505445,
            51.72357656992972
          ],
          [
            -1.2281296122819185,
            51.72351948916912
          ],
          [
            -1.228367993608117,
            51.72345821745694
          ],
          [
            -1.2285972386598587,
            51.72339778393507
          ],
          [
            -1.2288252264261246,
            51.72332804650068
          ],
          [
            -1.2290554773062468,
            51.72325554303825
          ],
          [
            -1.2292672879993916,
            51.72318362630904
          ],
          [
            -1.229500137269497,
            51.72311489470303
          ],
          [
            -1.2297422904521227,
            51.723042307421565
          ],
          [
            -1.2299759779125452,
            51.72296586446464
          ],
          [
            -1.230218131095171,
            51.722897719591856
          ],
          [
            -1.2304729409515858,
            51.72282504849136
          ],
          [
            -1.2307354621589184,
            51.72276059165597
          ],
          [
            -1.231004437431693,
            51.72270627692342
          ],
          [
            -1.2312719877809286,
            51.72265305183828
          ],
          [
            -1.2315459083765745,
            51.722610890865326
          ],
          [
            -1.2318224273622036,
            51.722577111795545
          ],
          [
            -1.2320965994149446,
            51.72254601493478
          ],
          [
            -1.232378650456667,
            51.72249622642994
          ],
          [
            -1.23265634290874,
            51.722458926960826
          ],
          [
            -1.2329516373574734,
            51.722402265295386
          ],
          [
            -1.2332581635564566,
            51.72235205769539
          ],
          [
            -1.233467124402523,
            51.72231316566467
          ],
          [
            -1.2337626703083515,
            51.72225248068571
          ],
          [
            -1.2340645864605904,
            51.722251726314425
          ],
          [
            -1.2343566957861185,
            51.7222669813782
          ],
          [
            -1.2346424348652363,
            51.72230092808604
          ],
          [
            -1.2349353823810816,
            51.722331773489714
          ],
          [
            -1.2352196127176285,
            51.72236521728337
          ],
          [
            -1.2354847323149443,
            51.72244895249605
          ],
          [
            -1.2357226945459843,
            51.72256353311241
          ],
          [
            -1.2359603215008974,
            51.72267476096749
          ],
          [
            -1.2361983675509691,
            51.72278515063226
          ],
          [
            -1.2364300433546305,
            51.72289336100221
          ],
          [
            -1.2366570252925158,
            51.72300945036113
          ],
          [
            -1.2368862703442574,
            51.72311992384493
          ],
          [
            -1.2371345423161983,
            51.72321849502623
          ],
          [
            -1.237384071573615,
            51.72332838177681
          ],
          [
            -1.2376306671649218,
            51.723443046212196
          ],
          [
            -1.2378724850714207,
            51.72355544753373
          ],
          [
            -1.238121846690774,
            51.72366650775075
          ],
          [
            -1.238367184996605,
            51.723779579624534
          ],
          [
            -1.2386101763695478,
            51.72389466315508
          ],
          [
            -1.2388510722666979,
            51.72400480136275
          ],
          [
            -1.2390881963074207,
            51.724115777760744
          ],
          [
            -1.239332277327776,
            51.72423052601516
          ],
          [
            -1.2395828124135733,
            51.72434435226023
          ],
          [
            -1.2398392986506224,
            51.72445876523852
          ],
          [
            -1.240092096850276,
            51.72457384876907
          ],
          [
            -1.2403451465070248,
            51.72469253651798
          ],
          [
            -1.2405981961637735,
            51.72480694949627
          ],
          [
            -1.2408509943634272,
            51.72492865473032
          ],
          [
            -1.2410858552902937,
            51.72504608519375
          ],
          [
            -1.2413355521857738,
            51.72514918260276
          ],
          [
            -1.2415789626538754,
            51.725263176485896
          ],
          [
            -1.2418189365416765,
            51.72537708655
          ],
          [
            -1.2420578207820654,
            51.72549359500408
          ],
          [
            -1.2423028238117695,
            51.72560239210725
          ],
          [
            -1.2425369303673506,
            51.725708255544305
          ],
          [
            -1.2427784129977226,
            51.72582007013261
          ],
          [
            -1.2430155370384455,
            51.725933980196714
          ],
          [
            -1.2432510685175657,
            51.726036658510566
          ],
          [
            -1.2434826605021954,
            51.7261469643563
          ],
          [
            -1.2437150068581104,
            51.726254001259804
          ],
          [
            -1.2439383007586002,
            51.72635366208851
          ],
          [
            -1.244183136150241,
            51.72646103426814
          ],
          [
            -1.2444094475358725,
            51.72656555660069
          ],
          [
            -1.244640788063407,
            51.726674772799015
          ],
          [
            -1.2448739726096392,
            51.72678189352155
          ],
          [
            -1.2451068218797445,
            51.7268845718354
          ],
          [
            -1.2453363183885813,
            51.726990435272455
          ],
          [
            -1.2455624621361494,
            51.727093951776624
          ],
          [
            -1.2457877676934004,
            51.727197049185634
          ],
          [
            -1.2460053618997335,
            51.727292351424694
          ],
          [
            -1.246205186471343,
            51.727384217083454
          ],
          [
            -1.2463836371898651,
            51.727475579828024
          ],
          [
            -1.2465630937367678,
            51.72757507301867
          ],
          [
            -1.2467127945274115,
            51.72770113684237
          ],
          [
            -1.2468481622636318,
            51.7278410308063
          ],
          [
            -1.2469937559217215,
            51.72798989340663
          ],
          [
            -1.247138176113367,
            51.72813758254051
          ],
          [
            -1.247301623225212,
            51.72827705740929
          ],
          [
            -1.2474796548485756,
            51.72839113511145
          ],
          [
            -1.2476198002696037,
            51.72850429080427
          ],
          [
            -1.247696913778782,
            51.72863739542663
          ],
          [
            -1.2477392423897982,
            51.72877670265734
          ],
          [
            -1.2477806489914656,
            51.72891592606902
          ],
          [
            -1.2478156015276909,
            51.729064621031284
          ],
          [
            -1.2478543259203434,
            51.72921432182193
          ],
          [
            -1.2478843331336975,
            51.72937475144863
          ],
          [
            -1.2479129154235125,
            51.729539623484015
          ],
          [
            -1.2479406595230103,
            51.72970851883292
          ],
          [
            -1.2479611951857805,
            51.72988177277148
          ],
          [
            -1.247992878779769,
            51.730054188519716
          ],
          [
            -1.2480212934315205,
            51.73022551462054
          ],
          [
            -1.2480478640645742,
            51.73040128313005
          ],
          [
            -1.24808088876307,
            51.73057470470667
          ],
          [
            -1.248119194060564,
            51.730743516236544
          ],
          [
            -1.2481608521193266,
            51.73091232776642
          ],
          [
            -1.2482060305774212,
            51.731069488450885
          ],
          [
            -1.2482531368732452,
            51.73122170381248
          ],
          [
            -1.2483020033687353,
            51.73138431273401
          ],
          [
            -1.2483653705567122,
            51.73153778538108
          ],
          [
            -1.248465869575739,
            51.73168639652431
          ],
          [
            -1.2486050929874182,
            51.73181648366153
          ],
          [
            -1.2487076874822378,
            51.73195227049291
          ],
          [
            -1.2487732339650393,
            51.73209065571427
          ],
          [
            -1.2488386128097773,
            51.73222107812762
          ],
          [
            -1.2488924246281385,
            51.73237832263112
          ],
          [
            -1.249002143740654,
            51.73253741115332
          ],
          [
            -1.2490254454314709,
            51.732693733647466
          ],
          [
            -1.2490805145353079,
            51.73283580690622
          ],
          [
            -1.249162321910262,
            51.732981065288186
          ],
          [
            -1.2493583746254444,
            51.73307351768017
          ],
          [
            -1.2495215702801943,
            51.73320544883609
          ],
          [
            -1.2496058922261,
            51.73334525898099
          ],
          [
            -1.249688370153308,
            51.733494121581316
          ],
          [
            -1.249800268560648,
            51.733627980574965
          ],
          [
            -1.2499128375202417,
            51.73376544378698
          ],
          [
            -1.2500171083956957,
            51.73391304910183
          ],
          [
            -1.2501194514334202,
            51.73406266607344
          ],
          [
            -1.2502111494541168,
            51.734207505360246
          ],
          [
            -1.2502918671816587,
            51.73435687087476
          ],
          [
            -1.2503699027001858,
            51.73450464382768
          ],
          [
            -1.2504430767148733,
            51.734653506428
          ],
          [
            -1.2505164183676243,
            51.73480194993317
          ],
          [
            -1.2505921069532633,
            51.73494905233383
          ],
          [
            -1.2506768479943275,
            51.73510110005736
          ],
          [
            -1.2507537100464106,
            51.73525080084801
          ],
          [
            -1.2508311588317156,
            51.7354064527899
          ],
          [
            -1.2509168218821287,
            51.7355586681515
          ],
          [
            -1.2510001379996538,
            51.73570727929473
          ],
          [
            -1.251085214316845,
            51.73586024902761
          ],
          [
            -1.2511692848056555,
            51.736012883484364
          ],
          [
            -1.2512547802180052,
            51.73616820015013
          ],
          [
            -1.251337006688118,
            51.73632049933076
          ],
          [
            -1.251421496272087,
            51.736469864845276
          ],
          [
            -1.2515052314847708,
            51.7366155423224
          ],
          [
            -1.2515819258987904,
            51.73674923367798
          ],
          [
            -1.2516721151769161,
            51.736908657476306
          ],
          [
            -1.251757275313139,
            51.73707344569266
          ],
          [
            -1.2518528290092945,
            51.73724393360317
          ],
          [
            -1.2519331276416779,
            51.73739296384156
          ],
          [
            -1.2520202994346619,
            51.73753880895674
          ],
          [
            -1.2521146796643734,
            51.73768725246191
          ],
          [
            -1.252214340493083,
            51.73783904872835
          ],
          [
            -1.2523150071501732,
            51.73799226991832
          ],
          [
            -1.2524113152176142,
            51.73814406618476
          ],
          [
            -1.2525077909231186,
            51.73830441199243
          ],
          [
            -1.2526131514459848,
            51.738457549363375
          ],
          [
            -1.2527144886553288,
            51.73860230483115
          ],
          [
            -1.2528226990252733,
            51.73875108361244
          ],
          [
            -1.252932334318757,
            51.73889935947955
          ],
          [
            -1.2530399579554796,
            51.73905308358371
          ],
          [
            -1.2531428039073944,
            51.739207645878196
          ],
          [
            -1.2532446440309286,
            51.73936581239104
          ],
          [
            -1.2533614877611399,
            51.73952205106616
          ],
          [
            -1.2534768227487803,
            51.73967560753226
          ],
          [
            -1.2536077480763197,
            51.73982706852257
          ],
          [
            -1.2537229154258966,
            51.73997601494193
          ],
          [
            -1.253829700872302,
            51.740128649398685
          ],
          [
            -1.253933385014534,
            51.74027021974325
          ],
          [
            -1.2540218140929937,
            51.74041480757296
          ],
          [
            -1.254107728600502,
            51.740559143945575
          ],
          [
            -1.2542309425771236,
            51.74068939872086
          ],
          [
            -1.2543508876115084,
            51.74084530211985
          ],
          [
            -1.2544542364776134,
            51.74097899347544
          ],
          [
            -1.2545510474592447,
            51.741130873560905
          ],
          [
            -1.2546337768435478,
            51.741285687312484
          ],
          [
            -1.2547180987894535,
            51.74144226126373
          ],
          [
            -1.2548271473497152,
            51.741596069186926
          ],
          [
            -1.2549286521971226,
            51.741744261235
          ],
          [
            -1.255018087103963,
            51.74190133810043
          ],
          [
            -1.2551138922572136,
            51.74205313436687
          ],
          [
            -1.2552071828395128,
            51.74220459535718
          ],
          [
            -1.2552924267947674,
            51.74235362559557
          ],
          [
            -1.2553751561790705,
            51.74249402247369
          ],
          [
            -1.2554554548114538,
            51.74263265915215
          ],
          [
            -1.2555286288261414,
            51.7427837010473
          ],
          [
            -1.2555891461670399,
            51.74293273128569
          ],
          [
            -1.2556458078324795,
            51.74308167770505
          ],
          [
            -1.2557093426585197,
            51.743223164230585
          ],
          [
            -1.2557724583894014,
            51.74336423166096
          ],
          [
            -1.2558437883853912,
            51.74349415116012
          ],
          [
            -1.2559141963720322,
            51.743646785616875
          ],
          [
            -1.255964320152998,
            51.743806125596166
          ],
          [
            -1.2559991888701916,
            51.743957586586475
          ],
          [
            -1.2560054752975702,
            51.74411038868129
          ],
          [
            -1.2560805771499872,
            51.74429043196142
          ],
          [
            -1.2561210617423058,
            51.74445815384388
          ],
          [
            -1.2561561819165945,
            51.74462269060314
          ],
          [
            -1.256184596568346,
            51.74479376524687
          ],
          [
            -1.256207898259163,
            51.744946483522654
          ],
          [
            -1.2562265899032354,
            51.745100459083915
          ],
          [
            -1.2562382407486439,
            51.74524546600878
          ],
          [
            -1.2562481313943863,
            51.74539374187589
          ],
          [
            -1.2562665715813637,
            51.745535898953676
          ],
          [
            -1.2562751211225986,
            51.74567981623113
          ],
          [
            -1.2562862690538168,
            51.74584326334298
          ],
          [
            -1.256307978183031,
            51.746021965518594
          ],
          [
            -1.256324490532279,
            51.746161272749305
          ],
          [
            -1.2563363928347826,
            51.746309883892536
          ],
          [
            -1.2563464511185884,
            51.7464672960341
          ],
          [
            -1.2563599459826946,
            51.74662722274661
          ],
          [
            -1.256393976509571,
            51.74678832292557
          ],
          [
            -1.2564633786678314,
            51.7469522729516
          ],
          [
            -1.2565127480775118,
            51.747098956257105
          ],
          [
            -1.256513837724924,
            51.74727723933756
          ],
          [
            -1.2564966548234224,
            51.74743196927011
          ],
          [
            -1.2565095629543066,
            51.74759306944907
          ],
          [
            -1.2565232254564762,
            51.74775836057961
          ],
          [
            -1.2565409950911999,
            51.747915940359235
          ],
          [
            -1.2565628718584776,
            51.74806656315923
          ],
          [
            -1.2565876822918653,
            51.74821534194052
          ],
          [
            -1.256604865193367,
            51.74835682846606
          ],
          [
            -1.2566197011619806,
            51.748506193980575
          ],
          [
            -1.2566329445689917,
            51.748646926134825
          ],
          [
            -1.2566479481756687,
            51.748789083212614
          ],
          [
            -1.2566709984093904,
            51.74892470240593
          ],
          [
            -1.2567010894417763,
            51.74910013563931
          ],
          [
            -1.2567178532481194,
            51.7492457292974
          ],
          [
            -1.2567445915192366,
            51.74938688054681
          ],
          [
            -1.2567788735032082,
            51.74952342174947
          ],
          [
            -1.2568091321736574,
            51.74970229156315
          ],
          [
            -1.2568267341703176,
            51.74987596459687
          ],
          [
            -1.2568137422204018,
            51.75003798678517
          ],
          [
            -1.2568386364728212,
            51.750198332592845
          ],
          [
            -1.2568894308060408,
            51.75036798231304
          ],
          [
            -1.2569327652454376,
            51.750505613163114
          ],
          [
            -1.2569857388734818,
            51.75067995674908
          ],
          [
            -1.2570603378117085,
            51.75084365531802
          ],
          [
            -1.2571286503225565,
            51.75097407773137
          ],
          [
            -1.2572152353823185,
            51.7511382792145
          ],
          [
            -1.257303999736905,
            51.75130591727793
          ],
          [
            -1.2573838792741299,
            51.75146659836173
          ],
          [
            -1.25748747959733,
            51.751627530902624
          ],
          [
            -1.2575751543045044,
            51.751752672716975
          ],
          [
            -1.2576531060039997,
            51.75192064605653
          ],
          [
            -1.2574987951666117,
            51.75205484032631
          ],
          [
            -1.2572324182838202,
            51.752101611346006
          ],
          [
            -1.257018093019724,
            51.75215081311762
          ],
          [
            -1.2567880097776651,
            51.75218878313899
          ],
          [
            -1.2565640453249216,
            51.75222113728523
          ],
          [
            -1.2563360575586557,
            51.75225022248924
          ],
          [
            -1.2560592032968998,
            51.752292132005095
          ],
          [
            -1.2558533437550068,
            51.75236765295267
          ],
          [
            -1.2558622285723686,
            51.75252405926585
          ],
          [
            -1.2558773159980774,
            51.7526872549206
          ],
          [
            -1.2559444550424814,
            51.75285221077502
          ],
          [
            -1.2560436967760324,
            51.75301590934396
          ],
          [
            -1.2561346404254436,
            51.753166699782014
          ],
          [
            -1.2562068924307823,
            51.753304498270154
          ],
          [
            -1.2562839221209288,
            51.7534695379436
          ],
          [
            -1.256355419754982,
            51.75360188819468
          ],
          [
            -1.2564304377883673,
            51.75373532809317
          ],
          [
            -1.256487937644124,
            51.75388184376061
          ],
          [
            -1.2565519753843546,
            51.75401478074491
          ],
          [
            -1.2566376384347677,
            51.754186525940895
          ],
          [
            -1.256525320932269,
            51.75432164222002
          ],
          [
            -1.2562577705830336,
            51.75435977987945
          ],
          [
            -1.25598200596869,
            51.75440479069948
          ],
          [
            -1.2557660043239594,
            51.75445390865207
          ],
          [
            -1.255541117861867,
            51.75451467745006
          ],
          [
            -1.2553244456648827,
            51.754584331065416
          ],
          [
            -1.2551112100481987,
            51.75464895553887
          ],
          [
            -1.254908787086606,
            51.7547129932791
          ],
          [
            -1.2547431606799364,
            51.754804691299796
          ],
          [
            -1.254564542323351,
            51.75491625443101
          ],
          [
            -1.2545684818178415,
            51.75505950115621
          ],
          [
            -1.2546668853610754,
            51.75518598407507
          ],
          [
            -1.2547548115253448,
            51.755322609096766
          ],
          [
            -1.2548541370779276,
            51.75546895712614
          ],
          [
            -1.254947343841195,
            51.755613796412945
          ],
          [
            -1.255040718242526,
            51.755756037309766
          ],
          [
            -1.2551314942538738,
            51.75590364262462
          ],
          [
            -1.2552264612168074,
            51.75605124793947
          ],
          [
            -1.2553313188254833,
            51.7561961710453
          ],
          [
            -1.2554231006652117,
            51.756344782188535
          ],
          [
            -1.2555191572755575,
            51.75648886710405
          ],
          [
            -1.2556206621229649,
            51.756624737754464
          ],
          [
            -1.2557089235633612,
            51.75677301362157
          ],
          [
            -1.2558106798678637,
            51.7569147516042
          ],
          [
            -1.2559073232114315,
            51.757060680538416
          ],
          [
            -1.2559821736067533,
            51.75720744766295
          ],
          [
            -1.256067417562008,
            51.757334265857935
          ],
          [
            -1.256154254078865,
            51.75746401771903
          ],
          [
            -1.2562472932040691,
            51.75761992111802
          ],
          [
            -1.2563327047973871,
            51.757751600816846
          ],
          [
            -1.2564150150865316,
            51.757889818400145
          ],
          [
            -1.256512999534607,
            51.75804211758077
          ],
          [
            -1.2565982434898615,
            51.7581872921437
          ],
          [
            -1.2566896062344313,
            51.75835384055972
          ],
          [
            -1.2567937094718218,
            51.758554419502616
          ],
          [
            -1.2568750977516174,
            51.75870596431196
          ],
          [
            -1.2569520436227322,
            51.758851390331984
          ],
          [
            -1.2570170871913433,
            51.75898524932563
          ],
          [
            -1.257092272862792,
            51.759119275957346
          ],
          [
            -1.2571729067713022,
            51.75926277413964
          ],
          [
            -1.2572558876127005,
            51.75940576940775
          ],
          [
            -1.2573474179953337,
            51.75957298837602
          ],
          [
            -1.2575441412627697,
            51.759680192917585
          ],
          [
            -1.2577670998871326,
            51.75964071415365
          ],
          [
            -1.2580156233161688,
            51.75957592204213
          ],
          [
            -1.2582864426076412,
            51.75951465032995
          ],
          [
            -1.2584943138062954,
            51.75947282463312
          ],
          [
            -1.2587634567171335,
            51.75942253321409
          ],
          [
            -1.258985996246338,
            51.75937685184181
          ],
          [
            -1.2592164147645235,
            51.75932404585183
          ],
          [
            -1.2593716476112604,
            51.75929261371493
          ]
        ]
      },
      "properties": {
        "name": "2023-09-03 (Sun) 10:45",
        "source_file": "2023-09-03-094531-ELEMNT_ROAM_A974-33-0.fit",
        "date": "2023-09-03T09:45:31",
        "sport": "cycling",
        "dropbox_id": "id:JY-PzzIM9pcAAAAAAAAA6Q"
      }
    },
    {
      "type": "Feature",
      "geometry": {
        "type": "LineString",
        "coordinates": [
          [
            -1.2579025514423847,
            51.75436648540199
          ],
          [
            -1.2576534412801266,
            51.75439640879631
          ],
          [
            -1.2574349250644445,
            51.75440135411918
          ],
          [
            -1.257194448262453,
            51.75441744737327
          ],
          [
            -1.256968891248107,
            51.75442507490516
          ],
          [
            -1.256724139675498,
            51.75441551953554
          ],
          [
            -1.2566010933369398,
            51.75427068024874
          ],
          [
            -1.256535043939948,
            51.75411242991686
          ],
          [
            -1.2564737722277641,
            51.75396063365042
          ],
          [
            -1.2563902884721756,
            51.7538131121546
          ],
          [
            -1.2563247419893742,
            51.75366927869618
          ],
          [
            -1.2562658172100782,
            51.75352653488517
          ],
          [
            -1.2561349757015705,
            51.75341413356364
          ],
          [
            -1.2559193093329668,
            51.75344497896731
          ],
          [
            -1.2556971050798893,
            51.75345612689853
          ],
          [
            -1.255464255809784,
            51.75349694676697
          ],
          [
            -1.2552516907453537,
            51.753526870161295
          ],
          [
            -1.255005095154047,
            51.75358277745545
          ],
          [
            -1.2547941226512194,
            51.753620160743594
          ],
          [
            -1.2545679789036512,
            51.753639774397016
          ],
          [
            -1.2533475738018751,
            51.75269111059606
          ],
          [
            -1.2535600550472736,
            51.75258759409189
          ],
          [
            -1.253804974257946,
            51.752536967396736
          ],
          [
            -1.2540823314338923,
            51.75249212421477
          ],
          [
            -1.2543560843914747,
            51.75244686193764
          ],
          [
            -1.254570409655571,
            51.752418195828795
          ],
          [
            -1.2547873333096504,
            51.75239355303347
          ],
          [
            -1.2550050113350153,
            51.752362539991736
          ],
          [
            -1.2552240304648876,
            51.752343848347664
          ],
          [
            -1.2554451450705528,
            51.752322893589735
          ],
          [
            -1.2556655891239643,
            51.75229431129992
          ],
          [
            -1.255889805033803,
            51.75225961022079
          ],
          [
            -1.2561182118952274,
            51.75222884863615
          ],
          [
            -1.256342176347971,
            51.75219867378473
          ],
          [
            -1.2566043622791767,
            51.752166571095586
          ],
          [
            -1.2568633630871773,
            51.752141676843166
          ],
          [
            -1.2571069411933422,
            51.752117117866874
          ],
          [
            -1.2573457416146994,
            51.75207311287522
          ],
          [
            -1.2575293891131878,
            51.75199004821479
          ],
          [
            -1.257479852065444,
            51.75182417035103
          ],
          [
            -1.2573842983692884,
            51.751652425155044
          ],
          [
            -1.2573121301829815,
            51.7514942586422
          ],
          [
            -1.257241303101182,
            51.751321675255895
          ],
          [
            -1.2571736611425877,
            51.751165855675936
          ],
          [
            -1.257080202922225,
            51.751009030267596
          ],
          [
            -1.2569563183933496,
            51.750849606469274
          ],
          [
            -1.2568730022758245,
            51.750665958970785
          ],
          [
            -1.2568096350878477,
            51.75047719851136
          ],
          [
            -1.256773928180337,
            51.75028072670102
          ],
          [
            -1.2567625287920237,
            51.7500814050436
          ],
          [
            -1.2567580863833427,
            51.749944277107716
          ],
          [
            -1.2567393947392702,
            51.749800527468324
          ],
          [
            -1.2567051127552986,
            51.74965627491474
          ],
          [
            -1.256666723638773,
            51.749505987390876
          ],
          [
            -1.2566359620541334,
            51.74935729242861
          ],
          [
            -1.2566100619733334,
            51.74921236932278
          ],
          [
            -1.2565828207880259,
            51.74906744621694
          ],
          [
            -1.2565592676401138,
            51.74892470240593
          ],
          [
            -1.256535965949297,
            51.74878732301295
          ],
          [
            -1.2565047852694988,
            51.7486516200006
          ],
          [
            -1.2564474530518055,
            51.7484616022557
          ],
          [
            -1.2564180325716734,
            51.74828072078526
          ],
          [
            -1.2564003467559814,
            51.74809313379228
          ],
          [
            -1.2563891988247633,
            51.74791434779763
          ],
          [
            -1.256381319835782,
            51.74774067476392
          ],
          [
            -1.256362209096551,
            51.74757060594857
          ],
          [
            -1.256352486088872,
            51.74740741029382
          ],
          [
            -1.2563338782638311,
            51.74724639393389
          ],
          [
            -1.2563190422952175,
            51.74709191545844
          ],
          [
            -1.2563023623079062,
            51.746935341507196
          ],
          [
            -1.2562913820147514,
            51.746786730363965
          ],
          [
            -1.2562984228134155,
            51.746637197211385
          ],
          [
            -1.2562880292534828,
            51.746486742049456
          ],
          [
            -1.2562739476561546,
            51.746337627992034
          ],
          [
            -1.256264140829444,
            51.74618457444012
          ],
          [
            -1.2562472093850374,
            51.7460269946605
          ],
          [
            -1.2562255840748549,
            51.74586438573897
          ],
          [
            -1.2562055513262749,
            51.74568987451494
          ],
          [
            -1.2561819981783628,
            51.74549977295101
          ],
          [
            -1.2561553437262774,
            51.74530791118741
          ],
          [
            -1.256127767264843,
            51.74512124620378
          ],
          [
            -1.256096251308918,
            51.744935335591435
          ],
          [
            -1.2560651544481516,
            51.744748167693615
          ],
          [
            -1.2560309562832117,
            51.74456141889095
          ],
          [
            -1.2559994403272867,
            51.74437374807894
          ],
          [
            -1.2559646554291248,
            51.74418666400015
          ],
          [
            -1.255928948521614,
            51.74399589188397
          ],
          [
            -1.2558913137763739,
            51.74380101263523
          ],
          [
            -1.2558162957429886,
            51.743616024032235
          ],
          [
            -1.2557338178157806,
            51.74343975260854
          ],
          [
            -1.2556549441069365,
            51.743267169222236
          ],
          [
            -1.2555710412561893,
            51.74309642985463
          ],
          [
            -1.2554788403213024,
            51.742931390181184
          ],
          [
            -1.255397368222475,
            51.7427752353251
          ],
          [
            -1.2553106993436813,
            51.74262058921158
          ],
          [
            -1.2552282214164734,
            51.74245513044298
          ],
          [
            -1.2551371939480305,
            51.742294700816274
          ],
          [
            -1.2550444900989532,
            51.742130164057016
          ],
          [
            -1.254955055192113,
            51.74197099171579
          ],
          [
            -1.2548629380762577,
            51.74180787988007
          ],
          [
            -1.2547662109136581,
            51.741641499102116
          ],
          [
            -1.2546678073704243,
            51.74147604033351
          ],
          [
            -1.2545599322766066,
            51.74130957573652
          ],
          [
            -1.2544469442218542,
            51.741137243807316
          ],
          [
            -1.2543278373777866,
            51.74096943810582
          ],
          [
            -1.2542082276195288,
            51.740802973508835
          ],
          [
            -1.2540887016803026,
            51.74063508398831
          ],
          [
            -1.2539681699126959,
            51.740472223609686
          ],
          [
            -1.2538489792495966,
            51.74030710011721
          ],
          [
            -1.2537278607487679,
            51.74014407210052
          ],
          [
            -1.2536136992275715,
            51.73998573794961
          ],
          [
            -1.2534903176128864,
            51.73982698470354
          ],
          [
            -1.2533762399107218,
            51.73966948874295
          ],
          [
            -1.2532602343708277,
            51.73951618373394
          ],
          [
            -1.2531494256109,
            51.73936271108687
          ],
          [
            -1.2530318275094032,
            51.739203203469515
          ],
          [
            -1.2529158219695091,
            51.73904562368989
          ],
          [
            -1.2527999840676785,
            51.73888728953898
          ],
          [
            -1.2526839785277843,
            51.73872987739742
          ],
          [
            -1.252574846148491,
            51.73856969922781
          ],
          [
            -1.2524715811014175,
            51.73841522075236
          ],
          [
            -1.2523700762540102,
            51.73825982026756
          ],
          [
            -1.2522668950259686,
            51.73811322078109
          ],
          [
            -1.252176957204938,
            51.73797617666423
          ],
          [
            -1.2520824931561947,
            51.73783779144287
          ],
          [
            -1.2519865203648806,
            51.73768465407193
          ],
          [
            -1.251841513440013,
            51.73747217282653
          ],
          [
            -1.2517540901899338,
            51.73731450922787
          ],
          [
            -1.2516779825091362,
            51.737181823700666
          ],
          [
            -1.2516018748283386,
            51.73702667467296
          ],
          [
            -1.2515396811068058,
            51.73689373768866
          ],
          [
            -1.2514672614634037,
            51.73674378544092
          ],
          [
            -1.251388806849718,
            51.73661143518984
          ],
          [
            -1.2513117771595716,
            51.73646776936948
          ],
          [
            -1.2512198276817799,
            51.736307591199875
          ],
          [
            -1.2511213403195143,
            51.736148837953806
          ],
          [
            -1.2510405387729406,
            51.73599947243929
          ],
          [
            -1.2509528640657663,
            51.735839545726776
          ],
          [
            -1.2508724816143513,
            51.73569403588772
          ],
          [
            -1.2508000619709492,
            51.73555816523731
          ],
          [
            -1.250727977603674,
            51.73542330041528
          ],
          [
            -1.2506506964564323,
            51.735288854688406
          ],
          [
            -1.2505809590220451,
            51.73515826463699
          ],
          [
            -1.2504966370761395,
            51.73500646837056
          ],
          [
            -1.250400748103857,
            51.73485919833183
          ],
          [
            -1.250325059518218,
            51.73472659662366
          ],
          [
            -1.250252639874816,
            51.73459701240063
          ],
          [
            -1.25017368234694,
            51.734454184770584
          ],
          [
            -1.2500883545726538,
            51.73430657945573
          ],
          [
            -1.2499882746487856,
            51.73414472490549
          ],
          [
            -1.2499099038541317,
            51.734016900882125
          ],
          [
            -1.2498198822140694,
            51.73388530500233
          ],
          [
            -1.2497233226895332,
            51.73374775797129
          ],
          [
            -1.2496374920010567,
            51.73362001776695
          ],
          [
            -1.2495151162147522,
            51.733439387753606
          ],
          [
            -1.249392656609416,
            51.73326009884477
          ],
          [
            -1.2492755614221096,
            51.73308089375496
          ],
          [
            -1.2491692788898945,
            51.732903281226754
          ],
          [
            -1.24908110126853,
            51.73272365704179
          ],
          [
            -1.2490116991102695,
            51.73254973255098
          ],
          [
            -1.2489378545433283,
            51.73239634372294
          ],
          [
            -1.248836349695921,
            51.73225519247353
          ],
          [
            -1.2487510219216347,
            51.73211194574833
          ],
          [
            -1.248681116849184,
            51.731957383453846
          ],
          [
            -1.2485823780298233,
            51.73180751502514
          ],
          [
            -1.2484295759350061,
            51.731670554727316
          ],
          [
            -1.2483222037553787,
            51.731524877250195
          ],
          [
            -1.248260848224163,
            51.731360508129
          ],
          [
            -1.248209299519658,
            51.73119546845555
          ],
          [
            -1.2481523025780916,
            51.73102858476341
          ],
          [
            -1.2481072079390287,
            51.730862287804484
          ],
          [
            -1.248067058622837,
            51.73068962059915
          ],
          [
            -1.2480286695063114,
            51.73051401972771
          ],
          [
            -1.2479980755597353,
            51.73034202307463
          ],
          [
            -1.247974606230855,
            51.730176815763116
          ],
          [
            -1.2479597702622414,
            51.73001169227064
          ],
          [
            -1.2479300145059824,
            51.72985168173909
          ],
          [
            -1.2478955648839474,
            51.72969284467399
          ],
          [
            -1.2478721793740988,
            51.7295266315341
          ],
          [
            -1.2478445190936327,
            51.72936150804162
          ],
          [
            -1.2478156015276909,
            51.72920510172844
          ],
          [
            -1.2477810680866241,
            51.729046599939466
          ],
          [
            -1.2477384880185127,
            51.728892708197236
          ],
          [
            -1.2476937286555767,
            51.72874426469207
          ],
          [
            -1.247645951807499,
            51.72857880592346
          ],
          [
            -1.2475288566201925,
            51.72842625528574
          ],
          [
            -1.2473447900265455,
            51.728298431262374
          ],
          [
            -1.247157957404852,
            51.72815686091781
          ],
          [
            -1.2470107711851597,
            51.72800464555621
          ],
          [
            -1.2468717154115438,
            51.72786081209779
          ],
          [
            -1.246743556112051,
            51.72774371691048
          ],
          [
            -1.246584551408887,
            51.72759862616658
          ],
          [
            -1.2463794462382793,
            51.72747641801834
          ],
          [
            -1.2461817171424627,
            51.727378852665424
          ],
          [
            -1.245949538424611,
            51.72728321515024
          ],
          [
            -1.2457149289548397,
            51.727180955931544
          ],
          [
            -1.2454800680279732,
            51.72707903198898
          ],
          [
            -1.245244536548853,
            51.72697199508548
          ],
          [
            -1.245008921250701,
            51.726865880191326
          ],
          [
            -1.2447833642363548,
            51.72676001675427
          ],
          [
            -1.2445573881268501,
            51.726655159145594
          ],
          [
            -1.244331244379282,
            51.726551642641425
          ],
          [
            -1.2441091239452362,
            51.72645223326981
          ],
          [
            -1.243890691548586,
            51.72635248862207
          ],
          [
            -1.243676533922553,
            51.72624612227082
          ],
          [
            -1.2434598617255688,
            51.726143611595035
          ],
          [
            -1.243233047425747,
            51.72605157829821
          ],
          [
            -1.2430148664861917,
            51.7259503249079
          ],
          [
            -1.2428010441362858,
            51.72585125081241
          ],
          [
            -1.242595100775361,
            51.725756116211414
          ],
          [
            -1.242396030575037,
            51.72566299326718
          ],
          [
            -1.242195786908269,
            51.725572887808084
          ],
          [
            -1.2419952917844057,
            51.7254772502929
          ],
          [
            -1.2417979817837477,
            51.72538781538606
          ],
          [
            -1.2415972352027893,
            51.72530475072563
          ],
          [
            -1.2414037808775902,
            51.7252145614475
          ],
          [
            -1.2412086501717567,
            51.72512671910226
          ],
          [
            -1.2410179618746042,
            51.72503728419542
          ],
          [
            -1.2408403493463993,
            51.72494977712631
          ],
          [
            -1.2406599707901478,
            51.7248657066375
          ],
          [
            -1.24048026278615,
            51.72478540800512
          ],
          [
            -1.2402969505637884,
            51.72469739802182
          ],
          [
            -1.2401055078953505,
            51.7246135789901
          ],
          [
            -1.239912137389183,
            51.72452447935939
          ],
          [
            -1.2397132348269224,
            51.72443219460547
          ],
          [
            -1.2395235523581505,
            51.72434460371733
          ],
          [
            -1.2393366359174252,
            51.724255084991455
          ],
          [
            -1.239147037267685,
            51.724169589579105
          ],
          [
            -1.238906728103757,
            51.72406850382686
          ],
          [
            -1.238715536892414,
            51.7239782307297
          ],
          [
            -1.2385216634720564,
            51.72389625571668
          ],
          [
            -1.2383298017084599,
            51.72380204312503
          ],
          [
            -1.2381287198513746,
            51.723707746714354
          ],
          [
            -1.2379367742687464,
            51.72361680306494
          ],
          [
            -1.237748684361577,
            51.7235241830349
          ],
          [
            -1.2375493627041578,
            51.72343885526061
          ],
          [
            -1.2373692356050014,
            51.72334548085928
          ],
          [
            -1.237180894240737,
            51.723267529159784
          ],
          [
            -1.236997414380312,
            51.72318764962256
          ],
          [
            -1.236813347786665,
            51.723100896924734
          ],
          [
            -1.2366308737546206,
            51.72301908954978
          ],
          [
            -1.2364432029426098,
            51.72292923554778
          ],
          [
            -1.2362580467015505,
            51.722840471193194
          ],
          [
            -1.2360671907663345,
            51.722754472866654
          ],
          [
            -1.2358847167342901,
            51.72266495414078
          ],
          [
            -1.2356967106461525,
            51.72258113510907
          ],
          [
            -1.2355109676718712,
            51.72250100411475
          ],
          [
            -1.2352670542895794,
            51.72240578569472
          ],
          [
            -1.2350470293313265,
            51.72237737104297
          ],
          [
            -1.2348276749253273,
            51.7223515547812
          ],
          [
            -1.2345990166068077,
            51.72232096083462
          ],
          [
            -1.234363904222846,
            51.72229346819222
          ],
          [
            -1.2341295462101698,
            51.722272764891386
          ],
          [
            -1.233904156833887,
            51.722263377159834
          ],
          [
            -1.2336794380098581,
            51.72229413874447
          ],
          [
            -1.233460335060954,
            51.722350465133786
          ],
          [
            -1.2332396395504475,
            51.72239706851542
          ],
          [
            -1.2330131605267525,
            51.72243604436517
          ],
          [
            -1.232786513864994,
            51.722469571977854
          ],
          [
            -1.2325660698115826,
            51.72249463386834
          ],
          [
            -1.2322990223765373,
            51.72254467383027
          ],
          [
            -1.2320666760206223,
            51.72259412705898
          ],
          [
            -1.231829971075058,
            51.72263008542359
          ],
          [
            -1.23159259557724,
            51.72266637906432
          ],
          [
            -1.2313527893275023,
            51.722696889191866
          ],
          [
            -1.2311053555458784,
            51.722729159519076
          ],
          [
            -1.2308564968407154,
            51.72276729717851
          ],
          [
            -1.2306192051619291,
            51.722813649103045
          ],
          [
            -1.2303846795111895,
            51.72287098132074
          ],
          [
            -1.230160128325224,
            51.722931917756796
          ],
          [
            -1.229949239641428,
            51.72300299629569
          ],
          [
            -1.229742206633091,
            51.72307373955846
          ],
          [
            -1.2295249477028847,
            51.72314330935478
          ],
          [
            -1.229304587468505,
            51.72321614809334
          ],
          [
            -1.2290888372808695,
            51.723279263824224
          ],
          [
            -1.2288711592555046,
            51.723346235230565
          ],
          [
            -1.2286521401256323,
            51.72341044060886
          ],
          [
            -1.2284264992922544,
            51.7234755679965
          ],
          [
            -1.22820395976305,
            51.72354052774608
          ],
          [
            -1.2279865331947803,
            51.723605738952756
          ],
          [
            -1.2277522590011358,
            51.72366457991302
          ],
          [
            -1.2275175657123327,
            51.72371746972203
          ],
          [
            -1.2272691261023283,
            51.723764995113015
          ],
          [
            -1.227030074223876,
            51.72381687909365
          ],
          [
            -1.2268005777150393,
            51.72387664206326
          ],
          [
            -1.226570913568139,
            51.72393917106092
          ],
          [
            -1.22633739374578,
            51.72399817965925
          ],
          [
            -1.2260943185538054,
            51.724047884345055
          ],
          [
            -1.2258622236549854,
            51.724094823002815
          ],
          [
            -1.2256592977792025,
            51.724148551002145
          ],
          [
            -1.2254354171454906,
            51.72420538030565
          ],
          [
            -1.2251840438693762,
            51.72428458929062
          ],
          [
            -1.224961169064045,
            51.724377293139696
          ],
          [
            -1.2247592490166426,
            51.724428003653884
          ],
          [
            -1.2245888449251652,
            51.72432390041649
          ],
          [
            -1.2243893556296825,
            51.724202362820506
          ],
          [
            -1.2241635471582413,
            51.72416011802852
          ],
          [
            -1.2239643931388855,
            51.724070431664586
          ],
          [
            -1.2238835077732801,
            51.72391519881785
          ],
          [
            -1.2238886207342148,
            51.72377538867295
          ],
          [
            -1.2239238247275352,
            51.723625184968114
          ],
          [
            -1.2239461205899715,
            51.72348420135677
          ],
          [
            -1.223964560776949,
            51.723330141976476
          ],
          [
            -1.2239681649953127,
            51.7231753282249
          ],
          [
            -1.2239500600844622,
            51.72302185557783
          ],
          [
            -1.2239292729645967,
            51.72286670655012
          ],
          [
            -1.223943354561925,
            51.72269823029637
          ],
          [
            -1.2239400018006563,
            51.7225294187665
          ],
          [
            -1.2239392474293709,
            51.72236387617886
          ],
          [
            -1.2239317037165165,
            51.722200429067016
          ],
          [
            -1.2239240761846304,
            51.7220370657742
          ],
          [
            -1.2239098269492388,
            51.72187915071845
          ],
          [
            -1.2238990142941475,
            51.72171880491078
          ],
          [
            -1.223898259922862,
            51.7215623985976
          ],
          [
            -1.2238965835422277,
            51.721407836303115
          ],
          [
            -1.2239629682153463,
            51.72123952768743
          ],
          [
            -1.2241546623408794,
            51.721093095839024
          ],
          [
            -1.2243688199669123,
            51.7209508549422
          ],
          [
            -1.2245693989098072,
            51.72080660238862
          ],
          [
            -1.2247729115188122,
            51.72067374922335
          ],
          [
            -1.2249552179127932,
            51.72054802067578
          ],
          [
            -1.2251423858106136,
            51.720410976558924
          ],
          [
            -1.2253324035555124,
            51.720274183899164
          ],
          [
            -1.2255177274346352,
            51.720133954659104
          ],
          [
            -1.2256821803748608,
            51.71999540179968
          ],
          [
            -1.2258172128349543,
            51.71986296772957
          ],
          [
            -1.225951910018921,
            51.7197353951633
          ],
          [
            -1.2260996829718351,
            51.71961293555796
          ],
          [
            -1.2262409180402756,
            51.71949231997132
          ],
          [
            -1.2264379765838385,
            51.719362484291196
          ],
          [
            -1.22660125605762,
            51.71926508657634
          ],
          [
            -1.2267729174345732,
            51.71914706937969
          ],
          [
            -1.2269257195293903,
            51.71900390647352
          ],
          [
            -1.2270848918706179,
            51.718840040266514
          ],
          [
            -1.2272620014846325,
            51.71867215074599
          ],
          [
            -1.2274259515106678,
            51.718504931777716
          ],
          [
            -1.227579927071929,
            51.71834969893098
          ],
          [
            -1.227715378627181,
            51.71820418909192
          ],
          [
            -1.227845549583435,
            51.71805758960545
          ],
          [
            -1.2279508262872696,
            51.717897830531
          ],
          [
            -1.2280221562832594,
            51.7177440226078
          ],
          [
            -1.228119470179081,
            51.71760178171098
          ],
          [
            -1.2282135151326656,
            51.71744395047426
          ],
          [
            -1.2282990105450153,
            51.717308750376105
          ],
          [
            -1.228384841233492,
            51.717153349891305
          ],
          [
            -1.2284476216882467,
            51.71700105071068
          ],
          [
            -1.228549461811781,
            51.716833328828216
          ],
          [
            -1.2286599352955818,
            51.7166546266526
          ],
          [
            -1.22874291613698,
            51.71652361750603
          ],
          [
            -1.2288166768848896,
            51.716383472085
          ],
          [
            -1.2288961373269558,
            51.71624165028334
          ],
          [
            -1.228974089026451,
            51.716087674722075
          ],
          [
            -1.2290423177182674,
            51.7159291729331
          ],
          [
            -1.2291041761636734,
            51.7157684918493
          ],
          [
            -1.2291613407433033,
            51.715606804937124
          ],
          [
            -1.2291971314698458,
            51.715445537120104
          ],
          [
            -1.229226216673851,
            51.71529181301594
          ],
          [
            -1.2292340956628323,
            51.71513373032212
          ],
          [
            -1.2292219419032335,
            51.71497514471412
          ],
          [
            -1.229199394583702,
            51.71480960212648
          ],
          [
            -1.2291651964187622,
            51.71464296989143
          ],
          [
            -1.2291150726377964,
            51.714475164189935
          ],
          [
            -1.229045670479536,
            51.714309537783265
          ],
          [
            -1.2289610132575035,
            51.714141983538866
          ],
          [
            -1.2288671359419823,
            51.71398742124438
          ],
          [
            -1.228767642751336,
            51.71383872628212
          ],
          [
            -1.2286514695733786,
            51.71369472518563
          ],
          [
            -1.2285166885703802,
            51.71356447041035
          ],
          [
            -1.2283923849463463,
            51.71343522146344
          ],
          [
            -1.2282789777964354,
            51.71330890618265
          ],
          [
            -1.2281720247119665,
            51.71318099834025
          ],
          [
            -1.2280568573623896,
            51.71306574717164
          ],
          [
            -1.2278929073363543,
            51.71289408579469
          ],
          [
            -1.2277229223400354,
            51.712724855169654
          ],
          [
            -1.2275340780615807,
            51.712575908750296
          ],
          [
            -1.2273418810218573,
            51.712442971765995
          ],
          [
            -1.2271416373550892,
            51.71232830733061
          ],
          [
            -1.2269133981317282,
            51.712297881022096
          ],
          [
            -1.226715249940753,
            51.71238832175732
          ],
          [
            -1.2265515513718128,
            51.71250332146883
          ],
          [
            -1.2263622041791677,
            51.71260348521173
          ],
          [
            -1.2261078972369432,
            51.71261019073427
          ],
          [
            -1.2258542608469725,
            51.71257356181741
          ],
          [
            -1.2256266921758652,
            51.712502148002386
          ],
          [
            -1.2254735548049212,
            51.712400978431106
          ],
          [
            -1.225325195118785,
            51.71225756406784
          ],
          [
            -1.225152611732483,
            51.712151197716594
          ],
          [
            -1.2252350058406591,
            51.712091686204076
          ]
        ]
      },
      "properties": {
        "name": "2023-09-03 (Sun) 14:28",
        "source_file": "2023-09-03-132842-ELEMNT_ROAM_A974-34-0.fit",
        "date": "2023-09-03T13:28:42",
        "sport": "cycling",
        "dropbox_id": "id:JY-PzzIM9pcAAAAAAAAA6g"
      }
    },
    {
      "type": "Feature",
      "geometry": {
        "type": "LineString",
        "coordinates": [
          [
            -1.225248333066702,
            51.712207775563
          ],
          [
            -1.2253967765718699,
            51.71232386492193
          ],
          [
            -1.2255250196903944,
            51.712437607347965
          ],
          [
            -1.2257175520062447,
            51.71256576664746
          ],
          [
            -1.2259332183748484,
            51.71263919211924
          ],
          [
            -1.2261534109711647,
            51.712647741660476
          ],
          [
            -1.2263788003474474,
            51.71262988820672
          ],
          [
            -1.226560939103365,
            51.71253005973995
          ],
          [
            -1.226709047332406,
            51.71240818686783
          ],
          [
            -1.2268118932843208,
            51.71228405088186
          ],
          [
            -1.2269540503621101,
            51.71217994764447
          ],
          [
            -1.2271914258599281,
            51.71226108446717
          ],
          [
            -1.227371972054243,
            51.71237390488386
          ],
          [
            -1.2275568768382072,
            51.71250566840172
          ],
          [
            -1.2277134507894516,
            51.71263131313026
          ],
          [
            -1.227870276197791,
            51.71275385655463
          ],
          [
            -1.2280103377997875,
            51.71289048157632
          ],
          [
            -1.2281482201069593,
            51.713032806292176
          ],
          [
            -1.2282868567854166,
            51.71318150125444
          ],
          [
            -1.2284250743687153,
            51.71333648264408
          ],
          [
            -1.2285642139613628,
            51.713490122929215
          ],
          [
            -1.2287012580782175,
            51.71362071298063
          ],
          [
            -1.228822125121951,
            51.71375901438296
          ],
          [
            -1.2289342749863863,
            51.71389186754823
          ],
          [
            -1.2290195189416409,
            51.714030085131526
          ],
          [
            -1.2290944531559944,
            51.714182551950216
          ],
          [
            -1.229157317429781,
            51.71433912590146
          ],
          [
            -1.229205010458827,
            51.7144977953285
          ],
          [
            -1.2292376160621643,
            51.71465084888041
          ],
          [
            -1.2292572297155857,
            51.71481748111546
          ],
          [
            -1.2292638514190912,
            51.71498126350343
          ],
          [
            -1.229257732629776,
            51.715143620967865
          ],
          [
            -1.2292411364614964,
            51.715307738631964
          ],
          [
            -1.229198221117258,
            51.71548116020858
          ],
          [
            -1.2291523721069098,
            51.71564192511141
          ],
          [
            -1.229088669642806,
            51.715811574831605
          ],
          [
            -1.2290154118090868,
            51.715982062742114
          ],
          [
            -1.2289449200034142,
            51.716147270053625
          ],
          [
            -1.2288587540388107,
            51.716315830126405
          ],
          [
            -1.2287727557122707,
            51.71646796166897
          ],
          [
            -1.2286939658224583,
            51.71661757864058
          ],
          [
            -1.2286186963319778,
            51.71674934215844
          ],
          [
            -1.2285425886511803,
            51.71690398827195
          ],
          [
            -1.2284591048955917,
            51.71703818254173
          ],
          [
            -1.2283748667687178,
            51.71717120334506
          ],
          [
            -1.2282778043299913,
            51.717329705134034
          ],
          [
            -1.2282069772481918,
            51.71746046282351
          ],
          [
            -1.2281271815299988,
            51.717590717598796
          ],
          [
            -1.2280548457056284,
            51.71772667206824
          ],
          [
            -1.2279890477657318,
            51.71785776503384
          ],
          [
            -1.2278921529650688,
            51.71797988936305
          ],
          [
            -1.2277888879179955,
            51.71811475418508
          ],
          [
            -1.22767623513937,
            51.71825389377773
          ],
          [
            -1.2275396101176739,
            51.71839378774166
          ],
          [
            -1.2274054158478975,
            51.71853544190526
          ],
          [
            -1.227264767512679,
            51.71867717988789
          ],
          [
            -1.2271350156515837,
            51.71881112270057
          ],
          [
            -1.227018591016531,
            51.71893123537302
          ],
          [
            -1.2269157450646162,
            51.71905243769288
          ],
          [
            -1.226776773110032,
            51.71919023618102
          ],
          [
            -1.2266212888062,
            51.719319904223084
          ],
          [
            -1.2264549918472767,
            51.71942140907049
          ],
          [
            -1.2262600287795067,
            51.71952752396464
          ],
          [
            -1.2261146865785122,
            51.71963422559202
          ],
          [
            -1.2259594537317753,
            51.71978250145912
          ],
          [
            -1.2258417718112469,
            51.71990118920803
          ],
          [
            -1.225703051313758,
            51.720022140070796
          ],
          [
            -1.225574053823948,
            51.720146192237735
          ],
          [
            -1.2254254426807165,
            51.72026379033923
          ],
          [
            -1.2252729758620262,
            51.72037359327078
          ],
          [
            -1.2251313216984272,
            51.72048079781234
          ],
          [
            -1.2249818723648787,
            51.72057970426977
          ],
          [
            -1.2247820477932692,
            51.72070794738829
          ],
          [
            -1.2246003281325102,
            51.720838118344545
          ],
          [
            -1.2244069576263428,
            51.72096619382501
          ],
          [
            -1.2242074683308601,
            51.72109502367675
          ],
          [
            -1.2240208871662617,
            51.72122678719461
          ],
          [
            -1.2239413429051638,
            51.72137598507106
          ],
          [
            -1.223887111991644,
            51.721513364464045
          ],
          [
            -1.2238600384443998,
            51.72165007330477
          ],
          [
            -1.2238322105258703,
            51.72180061228573
          ],
          [
            -1.2238498125225306,
            51.72195844352245
          ],
          [
            -1.223855596035719,
            51.722132954746485
          ],
          [
            -1.2238633073866367,
            51.7223047837615
          ],
          [
            -1.2238732818514109,
            51.72247367911041
          ],
          [
            -1.223883256316185,
            51.72262731939554
          ],
          [
            -1.2238823343068361,
            51.72277869656682
          ],
          [
            -1.2238773051649332,
            51.72293610870838
          ],
          [
            -1.2238767184317112,
            51.72310207039118
          ],
          [
            -1.2238928116858006,
            51.72326643951237
          ],
          [
            -1.2238792330026627,
            51.72340792603791
          ],
          [
            -1.2238595355302095,
            51.72358738258481
          ],
          [
            -1.2238506507128477,
            51.72375678084791
          ],
          [
            -1.22381460852921,
            51.72391679137945
          ],
          [
            -1.2238228227943182,
            51.72405676916242
          ],
          [
            -1.2240099906921387,
            51.72412843443453
          ],
          [
            -1.224248120561242,
            51.724136313423514
          ],
          [
            -1.22446252964437,
            51.72420755960047
          ],
          [
            -1.224615080282092,
            51.724310237914324
          ],
          [
            -1.2248033378273249,
            51.72441224567592
          ],
          [
            -1.2250431440770626,
            51.72433513216674
          ],
          [
            -1.2252946011722088,
            51.72426740638912
          ],
          [
            -1.2255204934626818,
            51.72420110553503
          ],
          [
            -1.2257302924990654,
            51.72415575943887
          ],
          [
            -1.225940678268671,
            51.724102618172765
          ],
          [
            -1.2261893693357706,
            51.724042100831866
          ],
          [
            -1.226442502811551,
            51.72397395595908
          ],
          [
            -1.2267059460282326,
            51.72390162013471
          ],
          [
            -1.2269128113985062,
            51.72384914942086
          ],
          [
            -1.2271284777671099,
            51.723795253783464
          ],
          [
            -1.2273403722792864,
            51.72373842447996
          ],
          [
            -1.2275578826665878,
            51.723681427538395
          ],
          [
            -1.2277659215033054,
            51.72363574616611
          ],
          [
            -1.2279711104929447,
            51.72357816249132
          ],
          [
            -1.2281838431954384,
            51.72351781278849
          ],
          [
            -1.228382159024477,
            51.723452685400844
          ],
          [
            -1.228601848706603,
            51.72339149750769
          ],
          [
            -1.228820700198412,
            51.723324693739414
          ],
          [
            -1.2290387134999037,
            51.723250932991505
          ],
          [
            -1.2292560562491417,
            51.72318614087999
          ],
          [
            -1.229476248845458,
            51.72311816364527
          ],
          [
            -1.2296993751078844,
            51.723051108419895
          ],
          [
            -1.2299313861876726,
            51.722986651584506
          ],
          [
            -1.2301680911332369,
            51.72291247174144
          ],
          [
            -1.2304079812020063,
            51.72284374013543
          ],
          [
            -1.2306565046310425,
            51.72277517616749
          ],
          [
            -1.2309106439352036,
            51.72272119671106
          ],
          [
            -1.2311657052487135,
            51.72268046066165
          ],
          [
            -1.2314266338944435,
            51.72264483757317
          ],
          [
            -1.2316936813294888,
            51.72261063940823
          ],
          [
            -1.231963997706771,
            51.722576189786196
          ],
          [
            -1.2322225794196129,
            51.72254207544029
          ],
          [
            -1.232477892190218,
            51.72251005657017
          ],
          [
            -1.2327219732105732,
            51.722463285550475
          ],
          [
            -1.2329918704926968,
            51.7224136646837
          ],
          [
            -1.2332780286669731,
            51.722360188141465
          ],
          [
            -1.2335670366883278,
            51.72230428084731
          ],
          [
            -1.2338610738515854,
            51.72226362861693
          ],
          [
            -1.2341552786529064,
            51.72227209433913
          ],
          [
            -1.234439592808485,
            51.72229832969606
          ],
          [
            -1.234717033803463,
            51.72233554534614
          ],
          [
            -1.2349766213446856,
            51.72235666774213
          ],
          [
            -1.235224474221468,
            51.72238382510841
          ],
          [
            -1.235457742586732,
            51.72245079651475
          ],
          [
            -1.2356592435389757,
            51.72254215925932
          ],
          [
            -1.2358674500137568,
            51.722638718783855
          ],
          [
            -1.2360721360892057,
            51.7227384634316
          ],
          [
            -1.236277325078845,
            51.7228349391371
          ],
          [
            -1.2364856153726578,
            51.72293024137616
          ],
          [
            -1.236702036112547,
            51.72302830964327
          ],
          [
            -1.2369311973452568,
            51.723127383738756
          ],
          [
            -1.2371697463095188,
            51.72323643229902
          ],
          [
            -1.2374124024063349,
            51.72334489412606
          ],
          [
            -1.2376281525939703,
            51.72344656661153
          ],
          [
            -1.2378881592303514,
            51.72356693074107
          ],
          [
            -1.2381275463849306,
            51.72367530874908
          ],
          [
            -1.2383634131401777,
            51.72378561459482
          ],
          [
            -1.238603051751852,
            51.72389273531735
          ],
          [
            -1.2388458754867315,
            51.724005388095975
          ],
          [
            -1.2390909623354673,
            51.72412030398846
          ],
          [
            -1.2393457721918821,
            51.724232537671924
          ],
          [
            -1.2395950499922037,
            51.72434879466891
          ],
          [
            -1.2398483511060476,
            51.72446588985622
          ],
          [
            -1.240102993324399,
            51.72458566725254
          ],
          [
            -1.2403573840856552,
            51.724698236212134
          ],
          [
            -1.240603057667613,
            51.72481533139944
          ],
          [
            -1.2408544309437275,
            51.72492756508291
          ],
          [
            -1.241094572469592,
            51.725034434348345
          ],
          [
            -1.2413244042545557,
            51.72514264471829
          ],
          [
            -1.241553733125329,
            51.72524532303214
          ],
          [
            -1.2417791225016117,
            51.72534800134599
          ],
          [
            -1.2419998180121183,
            51.725452272221446
          ],
          [
            -1.242227302864194,
            51.72555796802044
          ],
          [
            -1.2424568831920624,
            51.72566559165716
          ],
          [
            -1.2426857091486454,
            51.72577120363712
          ],
          [
            -1.2429180555045605,
            51.72587756998837
          ],
          [
            -1.2431524135172367,
            51.72598670236766
          ],
          [
            -1.2433922197669744,
            51.72609499655664
          ],
          [
            -1.243623560294509,
            51.72620303928852
          ],
          [
            -1.2438530568033457,
            51.72630856744945
          ],
          [
            -1.2440817151218653,
            51.72641225159168
          ],
          [
            -1.2443069368600845,
            51.726511996239424
          ],
          [
            -1.2445227708667517,
            51.726615093648434
          ],
          [
            -1.244734413921833,
            51.72671115025878
          ],
          [
            -1.2449469789862633,
            51.726805195212364
          ],
          [
            -1.2451530899852514,
            51.7269017547369
          ],
          [
            -1.2453669123351574,
            51.7269984818995
          ],
          [
            -1.2455710116773844,
            51.72709562815726
          ],
          [
            -1.24577846378088,
            51.72718372195959
          ],
          [
            -1.2459904421120882,
            51.72727986238897
          ],
          [
            -1.2461859080940485,
            51.72736560925841
          ],
          [
            -1.2463663704693317,
            51.7274559661746
          ],
          [
            -1.2465434800833464,
            51.72754959203303
          ],
          [
            -1.246693767607212,
            51.7276702914387
          ],
          [
            -1.246823938563466,
            51.72780716791749
          ],
          [
            -1.2469669338315725,
            51.72794446349144
          ],
          [
            -1.247106408700347,
            51.72808368690312
          ],
          [
            -1.2472496554255486,
            51.72821654006839
          ],
          [
            -1.2474208138883114,
            51.728335143998265
          ],
          [
            -1.2475804891437292,
            51.72844276763499
          ],
          [
            -1.2476910464465618,
            51.72860914841294
          ],
          [
            -1.247745780274272,
            51.72877745702863
          ],
          [
            -1.2477840017527342,
            51.72894526273012
          ],
          [
            -1.2478169426321983,
            51.72908255830407
          ],
          [
            -1.2478487938642502,
            51.729222452268004
          ],
          [
            -1.2478767894208431,
            51.729362681508064
          ],
          [
            -1.247902438044548,
            51.7295076046139
          ],
          [
            -1.2479232251644135,
            51.72965713776648
          ],
          [
            -1.247942503541708,
            51.729809772223234
          ],
          [
            -1.247964883223176,
            51.7299566231668
          ],
          [
            -1.2479881010949612,
            51.73010372556746
          ],
          [
            -1.2480124086141586,
            51.73025485128164
          ],
          [
            -1.2480375543236732,
            51.73040287569165
          ],
          [
            -1.248066807165742,
            51.73055282793939
          ],
          [
            -1.2480993289500475,
            51.73069791868329
          ],
          [
            -1.2481355387717485,
            51.73083915375173
          ],
          [
            -1.2481753528118134,
            51.73097527585924
          ],
          [
            -1.2482124846428633,
            51.73111475072801
          ],
          [
            -1.2482568249106407,
            51.73126185312867
          ],
          [
            -1.248309463262558,
            51.73140686005354
          ],
          [
            -1.2483697291463614,
            51.73154750838876
          ],
          [
            -1.2484771851450205,
            51.7316784337163
          ],
          [
            -1.2486020755022764,
            51.73179376870394
          ],
          [
            -1.2486920971423388,
            51.73191748559475
          ],
          [
            -1.2487695459276438,
            51.73208897933364
          ],
          [
            -1.2488387804478407,
            51.73225133679807
          ],
          [
            -1.2489163968712091,
            51.732405396178365
          ],
          [
            -1.2489981204271317,
            51.73256096430123
          ],
          [
            -1.2490222603082657,
            51.732706893235445
          ],
          [
            -1.2490685284137726,
            51.73285290598869
          ],
          [
            -1.249169111251831,
            51.733000511303544
          ],
          [
            -1.2493836879730225,
            51.73308181576431
          ],
          [
            -1.2495261803269386,
            51.73322036862373
          ],
          [
            -1.249638581648469,
            51.73338540829718
          ],
          [
            -1.249726340174675,
            51.733514154329896
          ],
          [
            -1.2498252466320992,
            51.73364449292421
          ],
          [
            -1.2499280087649822,
            51.73378245905042
          ],
          [
            -1.2500215508043766,
            51.73392201773822
          ],
          [
            -1.2501134164631367,
            51.73405922949314
          ],
          [
            -1.2502032704651356,
            51.73419585451484
          ],
          [
            -1.2502809707075357,
            51.73433809541166
          ],
          [
            -1.2503558211028576,
            51.73448293469846
          ],
          [
            -1.2504265643656254,
            51.734629618003964
          ],
          [
            -1.2505000736564398,
            51.7347711045295
          ],
          [
            -1.2505750078707933,
            51.73491485416889
          ],
          [
            -1.2506480142474174,
            51.73505835235119
          ],
          [
            -1.2507238704711199,
            51.73519782721996
          ],
          [
            -1.2507996428757906,
            51.73534375615418
          ],
          [
            -1.2508791871368885,
            51.73548742197454
          ],
          [
            -1.2509588152170181,
            51.735631339251995
          ],
          [
            -1.2510417122393847,
            51.73577559180558
          ],
          [
            -1.251121424138546,
            51.73592386767268
          ],
          [
            -1.2512038182467222,
            51.736072059720755
          ],
          [
            -1.2512885592877865,
            51.73621974885464
          ],
          [
            -1.2513690255582333,
            51.73636794090271
          ],
          [
            -1.2514520063996315,
            51.736518144607544
          ],
          [
            -1.2515344843268394,
            51.73666834831238
          ],
          [
            -1.251617046073079,
            51.73681410960853
          ],
          [
            -1.251703379675746,
            51.73696297220886
          ],
          [
            -1.2517918087542057,
            51.73711862415075
          ],
          [
            -1.2518788129091263,
            51.7372733540833
          ],
          [
            -1.2519675772637129,
            51.737425569444895
          ],
          [
            -1.2520568445324898,
            51.737579461187124
          ],
          [
            -1.2521505542099476,
            51.73772438429296
          ],
          [
            -1.2522438447922468,
            51.737873665988445
          ],
          [
            -1.2523349560797215,
            51.73801607452333
          ],
          [
            -1.2524256482720375,
            51.738161500543356
          ],
          [
            -1.2525181844830513,
            51.73830986022949
          ],
          [
            -1.2526181805878878,
            51.73845964483917
          ],
          [
            -1.2527154106646776,
            51.73860867507756
          ],
          [
            -1.2528212741017342,
            51.73875099979341
          ],
          [
            -1.2529277242720127,
            51.73889617435634
          ],
          [
            -1.2530352640897036,
            51.739040929824114
          ],
          [
            -1.2531283870339394,
            51.73919138498604
          ],
          [
            -1.2532279640436172,
            51.739336056634784
          ],
          [
            -1.2533276248723269,
            51.739480225369334
          ],
          [
            -1.253436841070652,
            51.73961886204779
          ],
          [
            -1.2535593006759882,
            51.73976060003042
          ],
          [
            -1.2536684330552816,
            51.739902924746275
          ],
          [
            -1.2537760566920042,
            51.74004298634827
          ],
          [
            -1.2538781482726336,
            51.74018380232155
          ],
          [
            -1.2539766356348991,
            51.7403213493526
          ],
          [
            -1.2540757935494184,
            51.740457555279136
          ],
          [
            -1.254178136587143,
            51.74059426411986
          ],
          [
            -1.254282994195819,
            51.740729631856084
          ],
          [
            -1.254377793520689,
            51.740868519991636
          ],
          [
            -1.2544772867113352,
            51.74100807867944
          ],
          [
            -1.254575690254569,
            51.74114780500531
          ],
          [
            -1.254664622247219,
            51.741282334551215
          ],
          [
            -1.2547443341463804,
            51.74141703173518
          ],
          [
            -1.2548206932842731,
            51.741551058366895
          ],
          [
            -1.2548988964408636,
            51.741682989522815
          ],
          [
            -1.255003921687603,
            51.7418512981385
          ],
          [
            -1.255084304139018,
            51.74198096618056
          ],
          [
            -1.2551640998572111,
            51.74211826175451
          ],
          [
            -1.25524515286088,
            51.742255641147494
          ],
          [
            -1.2553269602358341,
            51.74239511601627
          ],
          [
            -1.2554133776575327,
            51.74253283068538
          ],
          [
            -1.2554918322712183,
            51.74268144182861
          ],
          [
            -1.255560563877225,
            51.74282711930573
          ],
          [
            -1.2556327320635319,
            51.742978412657976
          ],
          [
            -1.2557038944214582,
            51.74312626942992
          ],
          [
            -1.2557819299399853,
            51.7432794906199
          ],
          [
            -1.2558539304882288,
            51.74342877231538
          ],
          [
            -1.2559118494391441,
            51.74357620999217
          ],
          [
            -1.2559562735259533,
            51.74373001791537
          ],
          [
            -1.2559934053570032,
            51.743888184428215
          ],
          [
            -1.2560312077403069,
            51.74403805285692
          ],
          [
            -1.2560597900301218,
            51.74419429153204
          ],
          [
            -1.2560867797583342,
            51.744344076141715
          ],
          [
            -1.2561216484755278,
            51.7444983869791
          ],
          [
            -1.2561537511646748,
            51.744649512693286
          ],
          [
            -1.2561743706464767,
            51.74479980021715
          ],
          [
            -1.256193146109581,
            51.7449442204088
          ],
          [
            -1.2562115024775267,
            51.745087802410126
          ],
          [
            -1.2562321219593287,
            51.7452478967607
          ],
          [
            -1.2562420964241028,
            51.745399022474885
          ],
          [
            -1.256262045353651,
            51.74555601552129
          ],
          [
            -1.256276462227106,
            51.74570940434933
          ],
          [
            -1.2562893703579903,
            51.745860781520605
          ],
          [
            -1.2563048768788576,
            51.74600721336901
          ],
          [
            -1.2563181202858686,
            51.74616144038737
          ],
          [
            -1.2563326209783554,
            51.74631499685347
          ],
          [
            -1.2563333753496408,
            51.746466709300876
          ],
          [
            -1.25635189935565,
            51.74662671983242
          ],
          [
            -1.2563920486718416,
            51.74678849056363
          ],
          [
            -1.256450219079852,
            51.746922601014376
          ],
          [
            -1.2565170228481293,
            51.74705570563674
          ],
          [
            -1.2565207108855247,
            51.74722284078598
          ],
          [
            -1.2564922962337732,
            51.7473598010838
          ],
          [
            -1.256493804976344,
            51.747515704482794
          ],
          [
            -1.2565197050571442,
            51.747686779126525
          ],
          [
            -1.2565368879586458,
            51.74785751849413
          ],
          [
            -1.2565565016120672,
            51.74802239052951
          ],
          [
            -1.2565771210938692,
            51.74818969331682
          ],
          [
            -1.2565981596708298,
            51.74835246987641
          ],
          [
            -1.2566137500107288,
            51.74851088784635
          ],
          [
            -1.256632525473833,
            51.74867207184434
          ],
          [
            -1.2566491216421127,
            51.748821437358856
          ],
          [
            -1.2566545698791742,
            51.748983124271035
          ],
          [
            -1.2566641252487898,
            51.749124275520444
          ],
          [
            -1.256697652861476,
            51.749273808673024
          ],
          [
            -1.2567366287112236,
            51.74941822886467
          ],
          [
            -1.2567738443613052,
            51.74955560825765
          ],
          [
            -1.2567893508821726,
            51.74972651526332
          ],
          [
            -1.256803683936596,
            51.74990253522992
          ],
          [
            -1.2568298354744911,
            51.7500779684633
          ],
          [
            -1.2568512093275785,
            51.75024166703224
          ],
          [
            -1.256855484098196,
            51.75040813162923
          ],
          [
            -1.2569081224501133,
            51.750575015321374
          ],
          [
            -1.2569770216941833,
            51.75073368474841
          ],
          [
            -1.2570575717836618,
            51.75089084543288
          ],
          [
            -1.257129656150937,
            51.75105571746826
          ],
          [
            -1.2571989744901657,
            51.75119544379413
          ],
          [
            -1.2572817876935005,
            51.75135629251599
          ],
          [
            -1.2573562189936638,
            51.75149970687926
          ],
          [
            -1.2574359308928251,
            51.75166608765721
          ],
          [
            -1.2575200852006674,
            51.75183355808258
          ],
          [
            -1.2574174907058477,
            51.75197613425553
          ],
          [
            -1.2571937777101994,
            51.75204360857606
          ],
          [
            -1.2569477688521147,
            51.75208208151162
          ],
          [
            -1.2567002512514591,
            51.75212189555168
          ],
          [
            -1.2564741913229227,
            51.75215609371662
          ],
          [
            -1.2562430184334517,
            51.75218928605318
          ],
          [
            -1.256015868857503,
            51.75223647616804
          ],
          [
            -1.25579291023314,
            51.75228601321578
          ],
          [
            -1.2557916529476643,
            51.75242238678038
          ],
          [
            -1.2557959277182817,
            51.752571668475866
          ],
          [
            -1.2558531761169434,
            51.752733858302236
          ],
          [
            -1.2559428624808788,
            51.7528947070241
          ],
          [
            -1.2560457084327936,
            51.75304859876633
          ],
          [
            -1.2561332993209362,
            51.75320358015597
          ],
          [
            -1.256223488599062,
            51.75336107611656
          ],
          [
            -1.2563087325543165,
            51.75351689569652
          ],
          [
            -1.2563884444534779,
            51.75366014242172
          ],
          [
            -1.2564406637102365,
            51.753800036385655
          ],
          [
            -1.2565382290631533,
            51.75393280573189
          ],
          [
            -1.2565837427973747,
            51.75408300943673
          ],
          [
            -1.256589274853468,
            51.75425115041435
          ],
          [
            -1.2563930545002222,
            51.754357516765594
          ],
          [
            -1.2561653181910515,
            51.7543762922287
          ],
          [
            -1.255920147523284,
            51.75441308878362
          ],
          [
            -1.2556719593703747,
            51.75446296110749
          ],
          [
            -1.2554375175386667,
            51.75453579984605
          ],
          [
            -1.2552029080688953,
            51.75461567938328
          ],
          [
            -1.254956228658557,
            51.754692792892456
          ],
          [
            -1.254741232842207,
            51.75477568991482
          ],
          [
            -1.2545598484575748,
            51.754874512553215
          ],
          [
            -1.2545390613377094,
            51.75503795966506
          ],
          [
            -1.2546506244689226,
            51.75519009120762
          ],
          [
            -1.2547363713383675,
            51.75531682558358
          ],
          [
            -1.2548316735774279,
            51.75547884777188
          ],
          [
            -1.2549139000475407,
            51.75560851581395
          ],
          [
            -1.2550043407827616,
            51.75574606284499
          ],
          [
            -1.2550990562886,
            51.75586852245033
          ],
          [
            -1.2551951967179775,
            51.7560048121959
          ],
          [
            -1.255288403481245,
            51.75613699480891
          ],
          [
            -1.255398290231824,
            51.75629851408303
          ],
          [
            -1.2554847914725542,
            51.75643254071474
          ],
          [
            -1.2555727176368237,
            51.756562292575836
          ],
          [
            -1.2556610628962517,
            51.75669296644628
          ],
          [
            -1.2557427026331425,
            51.75682741217315
          ],
          [
            -1.255832388997078,
            51.756958002224565
          ],
          [
            -1.255941018462181,
            51.75711507909
          ],
          [
            -1.2560317106544971,
            51.75725740380585
          ],
          [
            -1.2561179604381323,
            51.757386066019535
          ],
          [
            -1.2562265899032354,
            51.757531743496656
          ],
          [
            -1.2563187908381224,
            51.75768043845892
          ],
          [
            -1.256396071985364,
            51.757821422070265
          ],
          [
            -1.256497073918581,
            51.757975900545716
          ],
          [
            -1.256765378639102,
            51.75795695744455
          ],
          [
            -1.2569969706237316,
            51.75789652392268
          ],
          [
            -1.2572114635258913,
            51.7578368447721
          ],
          [
            -1.2574479170143604,
            51.757754534482956
          ],
          [
            -1.2576537765562534,
            51.75767649896443
          ],
          [
            -1.2578832730650902,
            51.75761681981385
          ],
          [
            -1.25808946788311,
            51.75755051895976
          ],
          [
            -1.2583079002797604,
            51.757508693262935
          ],
          [
            -1.2585094012320042,
            51.75744884647429
          ],
          [
            -1.2587244808673859,
            51.757405595853925
          ],
          [
            -1.2589390575885773,
            51.75736435689032
          ],
          [
            -1.2591434922069311,
            51.75731155090034
          ],
          [
            -1.2592709809541702,
            51.75728087313473
          ]
        ]
      },
      "properties": {
        "name": "2023-09-05 (Tue) 13:41",
        "source_file": "2023-09-05-124103-ELEMNT_ROAM_A974-35-0.fit",
        "date": "2023-09-05T12:41:03",
        "sport": "cycling",
        "dropbox_id": "id:JY-PzzIM9pcAAAAAAAAA6w"
      }
    },
    {
      "type": "Feature",
      "geometry": {
        "type": "LineString",
        "coordinates": [
          [
            -1.2581360712647438,
            51.754268668591976
          ],
          [
            -1.2578934989869595,
            51.754250228405
          ],
          [
            -1.2576423771679401,
            51.75425014458597
          ],
          [
            -1.2574004754424095,
            51.75426481291652
          ],
          [
            -1.2571656983345747,
            51.75427864305675
          ],
          [
            -1.2569599226117134,
            51.754323402419686
          ],
          [
            -1.2566995806992054,
            51.754329688847065
          ],
          [
            -1.256566895172,
            51.754217790439725
          ],
          [
            -1.2565082218497992,
            51.75408317707479
          ],
          [
            -1.2564304377883673,
            51.75392450764775
          ],
          [
            -1.2563670706003904,
            51.75378503277898
          ],
          [
            -1.2562918849289417,
            51.75362887792289
          ],
          [
            -1.256200186908245,
            51.753470711410046
          ],
          [
            -1.2561048846691847,
            51.75333349965513
          ],
          [
            -1.2558855302631855,
            51.75335529260337
          ],
          [
            -1.2556260265409946,
            51.75342016853392
          ],
          [
            -1.2554063368588686,
            51.75350063480437
          ],
          [
            -1.2551746610552073,
            51.753560649231076
          ],
          [
            -1.2549392133951187,
            51.753602139651775
          ],
          [
            -1.2546950485557318,
            51.753640193492174
          ],
          [
            -1.2544629536569118,
            51.75368310883641
          ],
          [
            -1.2543035298585892,
            51.75379894673824
          ],
          [
            -1.2540705129504204,
            51.753857703879476
          ],
          [
            -1.2538315448909998,
            51.75381537526846
          ],
          [
            -1.2537618074566126,
            51.753683276474476
          ],
          [
            -1.2536810897290707,
            51.75353148020804
          ],
          [
            -1.2536260206252337,
            51.7533920891583
          ],
          [
            -1.2535927444696426,
            51.75324071198702
          ],
          [
            -1.2535282876342535,
            51.753099812194705
          ],
          [
            -1.2534147966653109,
            51.75295187160373
          ],
          [
            -1.2533265352249146,
            51.75282429903746
          ],
          [
            -1.2533257808536291,
            51.75266923382878
          ],
          [
            -1.253549661487341,
            51.75257468596101
          ],
          [
            -1.25381201505661,
            51.752532524988055
          ],
          [
            -1.2540831696242094,
            51.75250922329724
          ],
          [
            -1.2543311063200235,
            51.7524750251323
          ],
          [
            -1.2545685656368732,
            51.752456249669194
          ],
          [
            -1.2548341043293476,
            51.752436803653836
          ],
          [
            -1.2550686299800873,
            51.75241417251527
          ],
          [
            -1.2552847992628813,
            51.75237921997905
          ],
          [
            -1.2555116973817348,
            51.75233429297805
          ],
          [
            -1.2557412777096033,
            51.7522850073874
          ],
          [
            -1.2559689301997423,
            51.75223865546286
          ],
          [
            -1.2562109995633364,
            51.752219796180725
          ],
          [
            -1.256424067541957,
            51.752185095101595
          ],
          [
            -1.2566329445689917,
            51.752143520861864
          ],
          [
            -1.2568186037242413,
            51.75207084976137
          ],
          [
            -1.2570413947105408,
            51.752075208351016
          ],
          [
            -1.2572853919118643,
            51.75209046341479
          ],
          [
            -1.2574964482337236,
            51.752036064863205
          ],
          [
            -1.257545230910182,
            51.75188150256872
          ],
          [
            -1.2574752420186996,
            51.751744793727994
          ],
          [
            -1.257377089932561,
            51.751553770154715
          ],
          [
            -1.2573093641549349,
            51.751413624733686
          ],
          [
            -1.2572599947452545,
            51.751278759911656
          ],
          [
            -1.257224204018712,
            51.75113786011934
          ],
          [
            -1.257166787981987,
            51.7510003130883
          ],
          [
            -1.257096715271473,
            51.750856982544065
          ],
          [
            -1.2570170871913433,
            51.75072974525392
          ],
          [
            -1.2569587491452694,
            51.75059203058481
          ],
          [
            -1.2569066137075424,
            51.75044819712639
          ],
          [
            -1.2568620219826698,
            51.750307297334075
          ],
          [
            -1.256839893758297,
            51.75016983412206
          ],
          [
            -1.2568351160734892,
            51.750025413930416
          ],
          [
            -1.256832517683506,
            51.749876802787185
          ],
          [
            -1.2568051926791668,
            51.74972659908235
          ],
          [
            -1.2567680608481169,
            51.74957262352109
          ],
          [
            -1.256736796349287,
            51.749425856396556
          ],
          [
            -1.2567040231078863,
            51.7492769099772
          ],
          [
            -1.2566761951893568,
            51.74910030327737
          ],
          [
            -1.2566527258604765,
            51.748962169513106
          ],
          [
            -1.256623724475503,
            51.7488088645041
          ],
          [
            -1.2565811444073915,
            51.74864759668708
          ],
          [
            -1.2565354630351067,
            51.74846981652081
          ],
          [
            -1.2564978282898664,
            51.748293628916144
          ],
          [
            -1.2564728502184153,
            51.74811417236924
          ],
          [
            -1.2564627919346094,
            51.747942762449384
          ],
          [
            -1.25645793043077,
            51.747783590108156
          ],
          [
            -1.256446447223425,
            51.747636487707496
          ],
          [
            -1.256429934874177,
            51.74747547134757
          ],
          [
            -1.2564146798104048,
            51.7473238427192
          ],
          [
            -1.2563948146998882,
            51.74715645611286
          ],
          [
            -1.2563746981322765,
            51.74699862487614
          ],
          [
            -1.2563566770404577,
            51.746819503605366
          ],
          [
            -1.256350390613079,
            51.746681621298194
          ],
          [
            -1.2563617061823606,
            51.74653669819236
          ],
          [
            -1.256338907405734,
            51.74638289026916
          ],
          [
            -1.2563110794872046,
            51.74622640013695
          ],
          [
            -1.2562963273376226,
            51.74606236629188
          ],
          [
            -1.2562730256468058,
            51.74588676542044
          ],
          [
            -1.2562628835439682,
            51.74569641239941
          ],
          [
            -1.2562341336160898,
            51.74550916068256
          ],
          [
            -1.256206389516592,
            51.74531947821379
          ],
          [
            -1.2561827525496483,
            51.7451255209744
          ],
          [
            -1.2561424355953932,
            51.744929468259215
          ],
          [
            -1.2561085727065802,
            51.744725704193115
          ],
          [
            -1.2560708541423082,
            51.744523867964745
          ],
          [
            -1.2560358177870512,
            51.74431926570833
          ],
          [
            -1.25600203871727,
            51.74411617219448
          ],
          [
            -1.2559550162404776,
            51.74391726963222
          ],
          [
            -1.2559179682284594,
            51.74378332681954
          ],
          [
            -1.2558502424508333,
            51.743592051789165
          ],
          [
            -1.2557945866137743,
            51.7434573546052
          ],
          [
            -1.2557297106832266,
            51.743327770382166
          ],
          [
            -1.2556361686438322,
            51.743132807314396
          ],
          [
            -1.2555386032909155,
            51.742936838418245
          ],
          [
            -1.2554460670799017,
            51.74274799413979
          ],
          [
            -1.2553443107753992,
            51.74256124533713
          ],
          [
            -1.2552398722618818,
            51.74238287843764
          ],
          [
            -1.2551584839820862,
            51.74224130809307
          ],
          [
            -1.2550816219300032,
            51.74210350960493
          ],
          [
            -1.254986235871911,
            51.74194752238691
          ],
          [
            -1.2549083679914474,
            51.74181458540261
          ],
          [
            -1.2548292428255081,
            51.74166765064001
          ],
          [
            -1.2547255586832762,
            51.7415042873472
          ],
          [
            -1.2546218745410442,
            51.74133581109345
          ],
          [
            -1.254510059952736,
            51.741164568811655
          ],
          [
            -1.2543786317110062,
            51.74098955467343
          ],
          [
            -1.2542516458779573,
            51.74081169068813
          ],
          [
            -1.254122480750084,
            51.74063164740801
          ],
          [
            -1.253990549594164,
            51.74045914784074
          ],
          [
            -1.253866832703352,
            51.74028002656996
          ],
          [
            -1.2537396792322397,
            51.740113478153944
          ],
          [
            -1.2536100950092077,
            51.73994407989085
          ],
          [
            -1.2534835282713175,
            51.73978239297867
          ],
          [
            -1.2533560395240784,
            51.739616096019745
          ],
          [
            -1.2532214261591434,
            51.73945558257401
          ],
          [
            -1.2530944403260946,
            51.73928861506283
          ],
          [
            -1.2529726512730122,
            51.7391246650368
          ],
          [
            -1.2528629321604967,
            51.738957362249494
          ],
          [
            -1.2527426518499851,
            51.738789305090904
          ],
          [
            -1.2526238802820444,
            51.73862409777939
          ],
          [
            -1.2525213696062565,
            51.7384650092572
          ],
          [
            -1.2524191103875637,
            51.738295275717974
          ],
          [
            -1.252311235293746,
            51.738136773929
          ],
          [
            -1.2522027734667063,
            51.73797659575939
          ],
          [
            -1.2521046213805676,
            51.7378190997988
          ],
          [
            -1.25200554728508,
            51.73765749670565
          ],
          [
            -1.2519146874547005,
            51.73749195411801
          ],
          [
            -1.2518218997865915,
            51.73733001574874
          ],
          [
            -1.2517315428704023,
            51.7371681611985
          ],
          [
            -1.2516405992209911,
            51.7370090726763
          ],
          [
            -1.2515455484390259,
            51.736841183155775
          ],
          [
            -1.2514486536383629,
            51.736665749922395
          ],
          [
            -1.251358799636364,
            51.73649777658284
          ],
          [
            -1.2512598931789398,
            51.73633659258485
          ],
          [
            -1.2511537782847881,
            51.73616711050272
          ],
          [
            -1.2510594818741083,
            51.73599595203996
          ],
          [
            -1.2509645987302065,
            51.73582470975816
          ],
          [
            -1.2508744932711124,
            51.7356569878757
          ],
          [
            -1.2507800292223692,
            51.73549370840192
          ],
          [
            -1.2506900075823069,
            51.73532950691879
          ],
          [
            -1.2506024166941643,
            51.73516379669309
          ],
          [
            -1.2505185138434172,
            51.735005462542176
          ],
          [
            -1.2504258938133717,
            51.734850564971566
          ],
          [
            -1.25033687800169,
            51.73471100628376
          ],
          [
            -1.2502513825893402,
            51.73456985503435
          ],
          [
            -1.2501606065779924,
            51.73441520892084
          ],
          [
            -1.2500928808003664,
            51.73428260721266
          ],
          [
            -1.2500018533319235,
            51.73412469215691
          ],
          [
            -1.2498892843723297,
            51.733958227559924
          ],
          [
            -1.2497927248477936,
            51.733822440728545
          ],
          [
            -1.249698344618082,
            51.73368204385042
          ],
          [
            -1.2496004439890385,
            51.73353737220168
          ],
          [
            -1.2495048064738512,
            51.73338381573558
          ],
          [
            -1.2493919022381306,
            51.733230175450444
          ],
          [
            -1.2492843624204397,
            51.73307410441339
          ],
          [
            -1.2491881381720304,
            51.732914512977004
          ],
          [
            -1.2491085939109325,
            51.73275006003678
          ],
          [
            -1.2490434665232897,
            51.73258644528687
          ],
          [
            -1.2489743158221245,
            51.73242475837469
          ],
          [
            -1.2488749902695417,
            51.732286205515265
          ],
          [
            -1.2487831246107817,
            51.73214731737971
          ],
          [
            -1.2487124651670456,
            51.732008177787066
          ],
          [
            -1.2486366927623749,
            51.73186652362347
          ],
          [
            -1.2485066894441843,
            51.73173241317272
          ],
          [
            -1.2483684718608856,
            51.731599140912294
          ],
          [
            -1.2482891790568829,
            51.73145438544452
          ],
          [
            -1.2482388876378536,
            51.7312931176275
          ],
          [
            -1.2481904402375221,
            51.73113604076207
          ],
          [
            -1.2481420766562223,
            51.73097594641149
          ],
          [
            -1.24810092151165,
            51.73081216402352
          ],
          [
            -1.24806622043252,
            51.730653159320354
          ],
          [
            -1.248034704476595,
            51.73049029894173
          ],
          [
            -1.248007882386446,
            51.73032810911536
          ],
          [
            -1.2479812279343605,
            51.730172373354435
          ],
          [
            -1.2479561660438776,
            51.73002367839217
          ],
          [
            -1.2479276675730944,
            51.72986609861255
          ],
          [
            -1.247901264578104,
            51.72970583662391
          ],
          [
            -1.247886260971427,
            51.729546412825584
          ],
          [
            -1.2478627916425467,
            51.72939780168235
          ],
          [
            -1.2478360533714294,
            51.729256147518754
          ],
          [
            -1.2478025257587433,
            51.72911474481225
          ],
          [
            -1.2477729376405478,
            51.72897937707603
          ],
          [
            -1.247732788324356,
            51.72880738042295
          ],
          [
            -1.2476788088679314,
            51.72863136045635
          ],
          [
            -1.2476024497300386,
            51.72849364578724
          ],
          [
            -1.247462136670947,
            51.72837210819125
          ],
          [
            -1.2472956720739603,
            51.72825819812715
          ],
          [
            -1.2471468094736338,
            51.7281364928931
          ],
          [
            -1.2470276188105345,
            51.72801369801164
          ],
          [
            -1.24690524302423,
            51.727892495691776
          ],
          [
            -1.2467822805047035,
            51.72777439467609
          ],
          [
            -1.2466644309461117,
            51.72765553928912
          ],
          [
            -1.2464724853634834,
            51.7275252006948
          ],
          [
            -1.2463069427758455,
            51.727433670312166
          ],
          [
            -1.2461163382977247,
            51.72734691761434
          ],
          [
            -1.2459108978509903,
            51.72725882381201
          ],
          [
            -1.2457002606242895,
            51.727163437753916
          ],
          [
            -1.245484510436654,
            51.72707140445709
          ],
          [
            -1.245275130495429,
            51.726976688951254
          ],
          [
            -1.245063068345189,
            51.72687727957964
          ],
          [
            -1.2448557000607252,
            51.72677803784609
          ],
          [
            -1.2446438893675804,
            51.72668147832155
          ],
          [
            -1.2444448191672564,
            51.726585337892175
          ],
          [
            -1.2442315835505724,
            51.72648752108216
          ],
          [
            -1.2440195214003325,
            51.72639297321439
          ],
          [
            -1.2438103929162025,
            51.72630110755563
          ],
          [
            -1.2436039466410875,
            51.72620647586882
          ],
          [
            -1.2433995958417654,
            51.72611050307751
          ],
          [
            -1.2431910540908575,
            51.72601520083845
          ],
          [
            -1.2429822608828545,
            51.72592341899872
          ],
          [
            -1.2427784968167543,
            51.725829457864165
          ],
          [
            -1.2425792589783669,
            51.72573432326317
          ],
          [
            -1.242381865158677,
            51.72564245760441
          ],
          [
            -1.2421789392828941,
            51.72555050812662
          ],
          [
            -1.2419801205396652,
            51.725461659953
          ],
          [
            -1.2417859956622124,
            51.725370632484555
          ],
          [
            -1.2415944691747427,
            51.72529025003314
          ],
          [
            -1.241409732028842,
            51.72519888728857
          ],
          [
            -1.2412232346832752,
            51.72511146403849
          ],
          [
            -1.241034222766757,
            51.725027142092586
          ],
          [
            -1.240854850038886,
            51.724943490698934
          ],
          [
            -1.240683188661933,
            51.72485967166722
          ],
          [
            -1.2405024748295546,
            51.7247761040926
          ],
          [
            -1.2402613274753094,
            51.72467635944486
          ],
          [
            -1.2400359380990267,
            51.72457016073167
          ],
          [
            -1.2398605048656464,
            51.72448969446123
          ],
          [
            -1.2396819703280926,
            51.72440277412534
          ],
          [
            -1.2394997477531433,
            51.72432314604521
          ],
          [
            -1.2392667308449745,
            51.724211163818836
          ],
          [
            -1.2390360608696938,
            51.72410496510565
          ],
          [
            -1.2388043850660324,
            51.72400480136275
          ],
          [
            -1.2386235035955906,
            51.72392106615007
          ],
          [
            -1.2384505849331617,
            51.72383381053805
          ],
          [
            -1.2382657639682293,
            51.72375745140016
          ],
          [
            -1.2380884867161512,
            51.723673548549414
          ],
          [
            -1.2378672882914543,
            51.72356651164591
          ],
          [
            -1.2376423180103302,
            51.72345628961921
          ],
          [
            -1.2374150846153498,
            51.723350593820214
          ],
          [
            -1.2372352089732885,
            51.723269037902355
          ],
          [
            -1.2370511423796415,
            51.7231925111264
          ],
          [
            -1.236874870955944,
            51.723112212494016
          ],
          [
            -1.2366478890180588,
            51.72300551086664
          ],
          [
            -1.2364703603088856,
            51.722921608015895
          ],
          [
            -1.2362533528357744,
            51.722816498950124
          ],
          [
            -1.2360359262675047,
            51.7227123118937
          ],
          [
            -1.2358095310628414,
            51.72260904684663
          ],
          [
            -1.2355756759643555,
            51.72250544652343
          ],
          [
            -1.2353491969406605,
            51.72240737825632
          ],
          [
            -1.23508189804852,
            51.72235834412277
          ],
          [
            -1.2348010204732418,
            51.72232758253813
          ],
          [
            -1.2345876172184944,
            51.72230084426701
          ],
          [
            -1.2343669217079878,
            51.7222704179585
          ],
          [
            -1.2341495789587498,
            51.72225893475115
          ],
          [
            -1.233865600079298,
            51.7222445178777
          ],
          [
            -1.2336451560258865,
            51.72227896749973
          ],
          [
            -1.233425047248602,
            51.72233663499355
          ],
          [
            -1.2332025077193975,
            51.72238198108971
          ],
          [
            -1.2329865898936987,
            51.72241701744497
          ],
          [
            -1.2327702529728413,
            51.722458926960826
          ],
          [
            -1.2325583584606647,
            51.722500417381525
          ],
          [
            -1.2322970107197762,
            51.722546350210905
          ],
          [
            -1.2320696096867323,
            51.72257694415748
          ],
          [
            -1.2318483274430037,
            51.72261097468436
          ],
          [
            -1.231616735458374,
            51.72264123335481
          ],
          [
            -1.2313756719231606,
            51.722668558359146
          ],
          [
            -1.2311520427465439,
            51.722702756524086
          ],
          [
            -1.230938471853733,
            51.72274449840188
          ],
          [
            -1.2307222187519073,
            51.722779450938106
          ],
          [
            -1.2305086478590965,
            51.72283275984228
          ],
          [
            -1.230308823287487,
            51.72288992442191
          ],
          [
            -1.2301072385162115,
            51.72295127995312
          ],
          [
            -1.229912107810378,
            51.723015904426575
          ],
          [
            -1.2296576332300901,
            51.72309955582023
          ],
          [
            -1.2294428050518036,
            51.72316082753241
          ],
          [
            -1.2292351014912128,
            51.723218159750104
          ],
          [
            -1.2290342710912228,
            51.723283203318715
          ],
          [
            -1.2288305908441544,
            51.72334749251604
          ],
          [
            -1.2286308500915766,
            51.7234084289521
          ],
          [
            -1.2284236494451761,
            51.72346584498882
          ],
          [
            -1.2282184604555368,
            51.72352384775877
          ],
          [
            -1.228018132969737,
            51.72358201816678
          ],
          [
            -1.2277538515627384,
            51.723656533285975
          ],
          [
            -1.2275298871099949,
            51.72370414249599
          ],
          [
            -1.2272967863827944,
            51.72376315109432
          ],
          [
            -1.2270735763013363,
            51.72380916774273
          ],
          [
            -1.2268574070185423,
            51.723866164684296
          ],
          [
            -1.2266283296048641,
            51.72392735257745
          ],
          [
            -1.2263864278793335,
            51.723980996757746
          ],
          [
            -1.2261650618165731,
            51.72403824515641
          ],
          [
            -1.2259537540376186,
            51.72409884631634
          ],
          [
            -1.2256964296102524,
            51.72417453490198
          ],
          [
            -1.225442960858345,
            51.72424326650798
          ],
          [
            -1.2251607421785593,
            51.72432172112167
          ],
          [
            -1.2249450758099556,
            51.724408473819494
          ],
          [
            -1.2246942054480314,
            51.724378215149045
          ],
          [
            -1.224502930417657,
            51.72428995370865
          ],
          [
            -1.2243115715682507,
            51.72420169226825
          ],
          [
            -1.2241202965378761,
            51.724113430827856
          ],
          [
            -1.223956262692809,
            51.72401351854205
          ],
          [
            -1.2238767184317112,
            51.72387219965458
          ],
          [
            -1.2239021994173527,
            51.723711267113686
          ],
          [
            -1.223943941295147,
            51.72356969676912
          ],
          [
            -1.2239736132323742,
            51.72342460602522
          ],
          [
            -1.2239849288016558,
            51.72327649779618
          ],
          [
            -1.2239814084023237,
            51.723126797005534
          ],
          [
            -1.2239523231983185,
            51.72296569682658
          ],
          [
            -1.2239334639161825,
            51.722805267199874
          ],
          [
            -1.2239417620003223,
            51.72264726832509
          ],
          [
            -1.2239518202841282,
            51.72247803770006
          ],
          [
            -1.2239532452076674,
            51.722310818731785
          ],
          [
            -1.2239449471235275,
            51.722145695239305
          ],
          [
            -1.2239396665245295,
            51.721978392452
          ],
          [
            -1.2239166162908077,
            51.721819220110774
          ],
          [
            -1.2239116709679365,
            51.72167832031846
          ],
          [
            -1.2239151075482368,
            51.7215399350971
          ],
          [
            -1.2239237409085035,
            51.721401968970895
          ],
          [
            -1.223974283784628,
            51.72125855460763
          ],
          [
            -1.2241214700043201,
            51.721116648986936
          ],
          [
            -1.2243153434246778,
            51.72098253853619
          ],
          [
            -1.2245033495128155,
            51.7208456620574
          ],
          [
            -1.2247013300657272,
            51.72071624547243
          ],
          [
            -1.2248739134520292,
            51.72058833763003
          ],
          [
            -1.2250787671655416,
            51.720449617132545
          ],
          [
            -1.225281273946166,
            51.720296647399664
          ],
          [
            -1.2254752311855555,
            51.72014594078064
          ],
          [
            -1.2256037257611752,
            51.720033874735236
          ],
          [
            -1.2257930729538202,
            51.719877971336246
          ],
          [
            -1.2259618006646633,
            51.7197250854224
          ],
          [
            -1.2261378206312656,
            51.719575552269816
          ],
          [
            -1.2263080570846796,
            51.71944219619036
          ],
          [
            -1.226482903584838,
            51.71933390200138
          ],
          [
            -1.2266771122813225,
            51.719213956966996
          ],
          [
            -1.2268491089344025,
            51.71907196752727
          ],
          [
            -1.22701121494174,
            51.71890743076801
          ],
          [
            -1.2271304056048393,
            51.71878865920007
          ],
          [
            -1.2272585649043322,
            51.71866628341377
          ],
          [
            -1.2273829523473978,
            51.71854273416102
          ],
          [
            -1.2275100219994783,
            51.718416418880224
          ],
          [
            -1.227623512968421,
            51.718298150226474
          ],
          [
            -1.2277905642986298,
            51.71812548302114
          ],
          [
            -1.227890057489276,
            51.7179998382926
          ],
          [
            -1.2279700208455324,
            51.71787293627858
          ],
          [
            -1.2280769739300013,
            51.71767923049629
          ],
          [
            -1.2281633075326681,
            51.71754939481616
          ],
          [
            -1.2282448634505272,
            51.71740849502385
          ],
          [
            -1.2283266708254814,
            51.71726290136576
          ],
          [
            -1.2284037005156279,
            51.71711261384189
          ],
          [
            -1.2284805625677109,
            51.71695679426193
          ],
          [
            -1.2285674829035997,
            51.716804411262274
          ],
          [
            -1.2286711670458317,
            51.716650100424886
          ],
          [
            -1.228768229484558,
            51.716488832607865
          ],
          [
            -1.228861939162016,
            51.71631650067866
          ],
          [
            -1.22895204462111,
            51.71614416874945
          ],
          [
            -1.2290332652628422,
            51.715972842648625
          ],
          [
            -1.2291014939546585,
            51.71579657122493
          ],
          [
            -1.2291574850678444,
            51.71561535447836
          ],
          [
            -1.2292037531733513,
            51.7154439445585
          ],
          [
            -1.2292280606925488,
            51.7152697686106
          ],
          [
            -1.2292366940528154,
            51.71509022824466
          ],
          [
            -1.229223283007741,
            51.71491144225001
          ],
          [
            -1.229202076792717,
            51.71472368761897
          ],
          [
            -1.2291599158197641,
            51.71454096212983
          ],
          [
            -1.2290969677269459,
            51.714367708191276
          ],
          [
            -1.2290080357342958,
            51.71418431214988
          ],
          [
            -1.2288999930024147,
            51.71401357278228
          ],
          [
            -1.2287836521863937,
            51.7138502933085
          ],
          [
            -1.2286543194204569,
            51.71370419673622
          ],
          [
            -1.2285313569009304,
            51.71356933191419
          ],
          [
            -1.2284173630177975,
            51.71343698166311
          ],
          [
            -1.2282560113817453,
            51.71326205134392
          ],
          [
            -1.2280981801450253,
            51.71309106051922
          ],
          [
            -1.2279374990612268,
            51.712926188483834
          ],
          [
            -1.2277688551694155,
            51.712766010314226
          ],
          [
            -1.2275942601263523,
            51.712615387514234
          ],
          [
            -1.227410864084959,
            51.712478175759315
          ],
          [
            -1.227206764742732,
            51.7123547103256
          ],
          [
            -1.2269928585737944,
            51.71228086575866
          ],
          [
            -1.2267933692783117,
            51.71235093846917
          ],
          [
            -1.226625731214881,
            51.712453700602055
          ],
          [
            -1.2264655530452728,
            51.712562162429094
          ],
          [
            -1.226223735138774,
            51.71261178329587
          ],
          [
            -1.225965153425932,
            51.712581189349294
          ],
          [
            -1.2257125228643417,
            51.71252788044512
          ],
          [
            -1.2255271151661873,
            51.71243199147284
          ],
          [
            -1.2254064157605171,
            51.712316907942295
          ],
          [
            -1.2252349220216274,
            51.712200148031116
          ],
          [
            -1.2252021487802267,
            51.712096966803074
          ]
        ]
      },
      "properties": {
        "name": "2023-09-05 (Tue) 20:23",
        "source_file": "2023-09-05-192302-ELEMNT_ROAM_A974-36-0.fit",
        "date": "2023-09-05T19:23:02",
        "sport": "cycling",
        "dropbox_id": "id:JY-PzzIM9pcAAAAAAAAA7A"
      }
    },
    {
      "type": "Feature",
      "geometry": {
        "type": "LineString",
        "coordinates": [
          [
            -1.2252717185765505,
            51.71206662431359
          ],
          [
            -1.2253763247281313,
            51.712213056162
          ],
          [
            -1.2255199067294598,
            51.7123340908438
          ],
          [
            -1.2256671767681837,
            51.71244707889855
          ],
          [
            -1.2258915603160858,
            51.712526958435774
          ],
          [
            -1.2261529080569744,
            51.71256392262876
          ],
          [
            -1.22639749199152,
            51.712557300925255
          ],
          [
            -1.226582732051611,
            51.71247926540673
          ],
          [
            -1.226766211912036,
            51.712358901277184
          ],
          [
            -1.2269142363220453,
            51.71225840225816
          ],
          [
            -1.2271406315267086,
            51.71224566176534
          ],
          [
            -1.2273182440549135,
            51.71235135756433
          ],
          [
            -1.2275135423988104,
            51.712476247921586
          ],
          [
            -1.2276582140475512,
            51.712586134672165
          ],
          [
            -1.2278028018772602,
            51.71270071528852
          ],
          [
            -1.2279437016695738,
            51.71281948685646
          ],
          [
            -1.2280703522264957,
            51.712945131585
          ],
          [
            -1.2281943205744028,
            51.7130711954087
          ],
          [
            -1.2283204682171345,
            51.713200360536575
          ],
          [
            -1.2284439336508512,
            51.71333187259734
          ],
          [
            -1.2285633757710457,
            51.71346480958164
          ],
          [
            -1.2286794651299715,
            51.713588777929544
          ],
          [
            -1.2287875078618526,
            51.713708555325866
          ],
          [
            -1.2288887612521648,
            51.713834535330534
          ],
          [
            -1.228987080976367,
            51.71395808458328
          ],
          [
            -1.2290719896554947,
            51.71409152448177
          ],
          [
            -1.229167291894555,
            51.714261677116156
          ],
          [
            -1.2292375322431326,
            51.71443208120763
          ],
          [
            -1.2292941939085722,
            51.71459410339594
          ],
          [
            -1.2293273024260998,
            51.7147499229759
          ],
          [
            -1.229350520297885,
            51.71490549109876
          ],
          [
            -1.2293538730591536,
            51.71505837701261
          ],
          [
            -1.229348173364997,
            51.71521327458322
          ],
          [
            -1.2293256260454655,
            51.71536901034415
          ],
          [
            -1.2292895000427961,
            51.71552759595215
          ],
          [
            -1.2292402144521475,
            51.715687438845634
          ],
          [
            -1.2291787751019,
            51.715853568166494
          ],
          [
            -1.2291279807686806,
            51.715986505150795
          ],
          [
            -1.2290435750037432,
            51.71615548431873
          ],
          [
            -1.228958498686552,
            51.71632085926831
          ],
          [
            -1.228872248902917,
            51.71648824587464
          ],
          [
            -1.2287855800241232,
            51.71663962304592
          ],
          [
            -1.2287027668207884,
            51.71678747981787
          ],
          [
            -1.2286196183413267,
            51.7169376835227
          ],
          [
            -1.2285354640334845,
            51.71708310954273
          ],
          [
            -1.2284468673169613,
            51.71722895465791
          ],
          [
            -1.2283583544194698,
            51.71739064157009
          ],
          [
            -1.2282721884548664,
            51.71755073592067
          ],
          [
            -1.2281964160501957,
            51.71769901178777
          ],
          [
            -1.228103544563055,
            51.717846198007464
          ],
          [
            -1.2279861979186535,
            51.71799355186522
          ],
          [
            -1.227870276197791,
            51.71814509667456
          ],
          [
            -1.2277259398251772,
            51.7183019220829
          ],
          [
            -1.2275738082826138,
            51.71845438890159
          ],
          [
            -1.2274247780442238,
            51.71860274858773
          ],
          [
            -1.227285973727703,
            51.71875085681677
          ],
          [
            -1.2271563056856394,
            51.71888639219105
          ],
          [
            -1.2270373664796352,
            51.71901287510991
          ],
          [
            -1.2269056029617786,
            51.7191344127059
          ],
          [
            -1.2267574109137058,
            51.71924781985581
          ],
          [
            -1.2265982385724783,
            51.71934890560806
          ],
          [
            -1.2264411617070436,
            51.71944588422775
          ],
          [
            -1.2262751162052155,
            51.71955971047282
          ],
          [
            -1.2261077295988798,
            51.71970630995929
          ],
          [
            -1.2259747926145792,
            51.719831032678485
          ],
          [
            -1.2258236669003963,
            51.719956677407026
          ],
          [
            -1.2256755586713552,
            51.720088105648756
          ],
          [
            -1.2255225889384747,
            51.72021207399666
          ],
          [
            -1.225367607548833,
            51.72033059410751
          ],
          [
            -1.2252159789204597,
            51.72044173814356
          ],
          [
            -1.2250544596463442,
            51.72055506147444
          ],
          [
            -1.2248868215829134,
            51.72065857797861
          ],
          [
            -1.2247163336724043,
            51.72076603397727
          ],
          [
            -1.2245604302734137,
            51.7208765912801
          ],
          [
            -1.2244031857699156,
            51.72098622657359
          ],
          [
            -1.224250802770257,
            51.72109242528677
          ],
          [
            -1.2241215538233519,
            51.72120566479862
          ],
          [
            -1.2240715976804495,
            51.72134153544903
          ],
          [
            -1.22402080334723,
            51.721482602879405
          ],
          [
            -1.2239987589418888,
            51.72161981463432
          ],
          [
            -1.2239794805645943,
            51.721779741346836
          ],
          [
            -1.2240099906921387,
            51.72194553539157
          ],
          [
            -1.2240049615502357,
            51.72208157368004
          ],
          [
            -1.2240088172256947,
            51.72225734218955
          ],
          [
            -1.2240127567201853,
            51.722430009394884
          ],
          [
            -1.224017282947898,
            51.72259873710573
          ],
          [
            -1.22402667067945,
            51.722774505615234
          ],
          [
            -1.2240188755095005,
            51.72292965464294
          ],
          [
            -1.2240383215248585,
            51.723103411495686
          ],
          [
            -1.2240371480584145,
            51.72324012033641
          ],
          [
            -1.2240171991288662,
            51.723407842218876
          ],
          [
            -1.2239845097064972,
            51.72356986440718
          ],
          [
            -1.2239648960530758,
            51.72373549081385
          ],
          [
            -1.2239370681345463,
            51.72390203922987
          ],
          [
            -1.223984844982624,
            51.72404629178345
          ],
          [
            -1.2242236454039812,
            51.72409306280315
          ],
          [
            -1.2244810536503792,
            51.724115274846554
          ],
          [
            -1.2246795371174812,
            51.72423572279513
          ],
          [
            -1.2248377036303282,
            51.72436119988561
          ],
          [
            -1.225077509880066,
            51.72430898062885
          ],
          [
            -1.225294852629304,
            51.7242303583771
          ],
          [
            -1.2255315575748682,
            51.72417428344488
          ],
          [
            -1.2257497385144234,
            51.72411711886525
          ],
          [
            -1.2259771395474672,
            51.72406758181751
          ],
          [
            -1.2262247409671545,
            51.72400907613337
          ],
          [
            -1.2264826521277428,
            51.723942020908
          ],
          [
            -1.2267396412789822,
            51.723885610699654
          ],
          [
            -1.2269423995167017,
            51.72383355908096
          ],
          [
            -1.227153204381466,
            51.723782597109675
          ],
          [
            -1.2273621652275324,
            51.723729288205504
          ],
          [
            -1.227566935122013,
            51.72368109226227
          ],
          [
            -1.22781403362751,
            51.7236172221601
          ],
          [
            -1.2280763871967793,
            51.72355888411403
          ],
          [
            -1.2282819114625454,
            51.72350666485727
          ],
          [
            -1.2285022716969252,
            51.723447404801846
          ],
          [
            -1.2287242244929075,
            51.72338604927063
          ],
          [
            -1.228939639404416,
            51.72331614419818
          ],
          [
            -1.2291577365249395,
            51.723252357915044
          ],
          [
            -1.2293609976768494,
            51.72318781726062
          ],
          [
            -1.22957699932158,
            51.72312268987298
          ],
          [
            -1.2297876365482807,
            51.723056472837925
          ],
          [
            -1.229996094480157,
            51.722985561937094
          ],
          [
            -1.230224333703518,
            51.72291154973209
          ],
          [
            -1.2304659001529217,
            51.72284424304962
          ],
          [
            -1.2307115737348795,
            51.72278439626098
          ],
          [
            -1.2309517990797758,
            51.72273485921323
          ],
          [
            -1.2312002386897802,
            51.72268934547901
          ],
          [
            -1.2314637657254934,
            51.72264466993511
          ],
          [
            -1.2317285500466824,
            51.722609382122755
          ],
          [
            -1.2319933343678713,
            51.72257577069104
          ],
          [
            -1.2322406005114317,
            51.722536627203226
          ],
          [
            -1.2324815802276134,
            51.72249203547835
          ],
          [
            -1.2327270023524761,
            51.722449120134115
          ],
          [
            -1.232992121949792,
            51.722402684390545
          ],
          [
            -1.2332695629447699,
            51.72236094251275
          ],
          [
            -1.233547506853938,
            51.72230511903763
          ],
          [
            -1.2338138837367296,
            51.72225700691342
          ],
          [
            -1.2340754829347134,
            51.72225692309439
          ],
          [
            -1.2343237549066544,
            51.72227234579623
          ],
          [
            -1.2345756310969591,
            51.72230570577085
          ],
          [
            -1.2348342966288328,
            51.72233462333679
          ],
          [
            -1.2350806407630444,
            51.722358763217926
          ],
          [
            -1.2353237997740507,
            51.722402684390545
          ],
          [
            -1.2355345208197832,
            51.72248415648937
          ],
          [
            -1.2357353512197733,
            51.7225777823478
          ],
          [
            -1.2359417136758566,
            51.72267182730138
          ],
          [
            -1.236148327589035,
            51.72276712954044
          ],
          [
            -1.2363549415022135,
            51.72286218032241
          ],
          [
            -1.236560381948948,
            51.722954297438264
          ],
          [
            -1.2367556802928448,
            51.723048174753785
          ],
          [
            -1.2369679100811481,
            51.7231475841254
          ],
          [
            -1.2371737696230412,
            51.723243137821555
          ],
          [
            -1.2373900227248669,
            51.723330644890666
          ],
          [
            -1.2376030068844557,
            51.72342368401587
          ],
          [
            -1.2378112133592367,
            51.72352636232972
          ],
          [
            -1.2380163185298443,
            51.72362451441586
          ],
          [
            -1.238235253840685,
            51.72372409142554
          ],
          [
            -1.2384495791047812,
            51.72382433898747
          ],
          [
            -1.2386644072830677,
            51.7239227425307
          ],
          [
            -1.2388905510306358,
            51.72402676194906
          ],
          [
            -1.2391082290560007,
            51.72412156127393
          ],
          [
            -1.2393342889845371,
            51.72422499395907
          ],
          [
            -1.2395616061985493,
            51.72433169558644
          ],
          [
            -1.2397863250225782,
            51.72443470917642
          ],
          [
            -1.2400071881711483,
            51.72453663311899
          ],
          [
            -1.240219585597515,
            51.72463838942349
          ],
          [
            -1.2404379341751337,
            51.724735870957375
          ],
          [
            -1.2406658381223679,
            51.72483913600445
          ],
          [
            -1.2408739607781172,
            51.724933097139
          ],
          [
            -1.2411115039139986,
            51.72504088841379
          ],
          [
            -1.2413388211280107,
            51.7251402977854
          ],
          [
            -1.2415627855807543,
            51.72524289228022
          ],
          [
            -1.2417780328541994,
            51.72534598968923
          ],
          [
            -1.2419905979186296,
            51.725447326898575
          ],
          [
            -1.24221196398139,
            51.725547071546316
          ],
          [
            -1.2424371019005775,
            51.72564849257469
          ],
          [
            -1.242661653086543,
            51.72575477510691
          ],
          [
            -1.2428960110992193,
            51.725865667685866
          ],
          [
            -1.2431356497108936,
            51.72597203403711
          ],
          [
            -1.2433767970651388,
            51.72608368098736
          ],
          [
            -1.2436165194958448,
            51.72619063407183
          ],
          [
            -1.2438538949936628,
            51.72630161046982
          ],
          [
            -1.2440865766257048,
            51.726407054811716
          ],
          [
            -1.2443193420767784,
            51.72651442699134
          ],
          [
            -1.24454565346241,
            51.726620541885495
          ],
          [
            -1.2447622418403625,
            51.72671785578132
          ],
          [
            -1.2449831888079643,
            51.726817516610026
          ],
          [
            -1.2451971787959337,
            51.72692128457129
          ],
          [
            -1.2454112526029348,
            51.727019269019365
          ],
          [
            -1.245625913143158,
            51.727115074172616
          ],
          [
            -1.2458297610282898,
            51.72720325179398
          ],
          [
            -1.2459954712539911,
            51.7273008171469
          ],
          [
            -1.246249694377184,
            51.72742445021868
          ],
          [
            -1.2464385386556387,
            51.72749360091984
          ],
          [
            -1.2466249521821737,
            51.72760047018528
          ],
          [
            -1.24675327911973,
            51.72771622426808
          ],
          [
            -1.2468821089714766,
            51.72784002497792
          ],
          [
            -1.2470119446516037,
            51.72796986065805
          ],
          [
            -1.2471506651490927,
            51.728108832612634
          ],
          [
            -1.2473032157868147,
            51.72824629582465
          ],
          [
            -1.2474746257066727,
            51.728363474830985
          ],
          [
            -1.2476203870028257,
            51.728470427915454
          ],
          [
            -1.247703954577446,
            51.72860227525234
          ],
          [
            -1.2477488815784454,
            51.72874426469207
          ],
          [
            -1.2477839179337025,
            51.72888197936118
          ],
          [
            -1.2478183675557375,
            51.72902430407703
          ],
          [
            -1.2478477042168379,
            51.7291727475822
          ],
          [
            -1.2478799745440483,
            51.7293194308877
          ],
          [
            -1.2479095626622438,
            51.729480028152466
          ],
          [
            -1.2479350436478853,
            51.7296474147588
          ],
          [
            -1.2479549087584019,
            51.72981304116547
          ],
          [
            -1.2479848321527243,
            51.729982271790504
          ],
          [
            -1.248012576252222,
            51.73014672473073
          ],
          [
            -1.2480375543236732,
            51.73031478188932
          ],
          [
            -1.248065885156393,
            51.730486107990146
          ],
          [
            -1.2481044419109821,
            51.730661960318685
          ],
          [
            -1.2481468543410301,
            51.730836387723684
          ],
          [
            -1.2481929548084736,
            51.731000086292624
          ],
          [
            -1.248237881809473,
            51.73115976154804
          ],
          [
            -1.248287670314312,
            51.731324046850204
          ],
          [
            -1.2483445834368467,
            51.731484895572066
          ],
          [
            -1.2484364490956068,
            51.73163476400077
          ],
          [
            -1.2485798634588718,
            51.73176325857639
          ],
          [
            -1.2486946117132902,
            51.73189979977906
          ],
          [
            -1.2487677857279778,
            51.73204807564616
          ],
          [
            -1.2488402053713799,
            51.73220766708255
          ],
          [
            -1.2488888204097748,
            51.73235041089356
          ],
          [
            -1.248982110992074,
            51.732508074492216
          ],
          [
            -1.249039862304926,
            51.7326557636261
          ],
          [
            -1.24906693585217,
            51.73280035145581
          ],
          [
            -1.2491557002067566,
            51.73295776359737
          ],
          [
            -1.249363487586379,
            51.733061699196696
          ],
          [
            -1.2495167087763548,
            51.733189607039094
          ],
          [
            -1.2496074009686708,
            51.7333172634244
          ],
          [
            -1.2497005239129066,
            51.73345263116062
          ],
          [
            -1.249795574694872,
            51.73358749598265
          ],
          [
            -1.2499005999416113,
            51.733725126832724
          ],
          [
            -1.250001434236765,
            51.73386770300567
          ],
          [
            -1.25009891577065,
            51.73400885425508
          ],
          [
            -1.2501896917819977,
            51.73415159806609
          ],
          [
            -1.2502725888043642,
            51.7342909052968
          ],
          [
            -1.2503476068377495,
            51.734434654936194
          ],
          [
            -1.2504174280911684,
            51.73457773402333
          ],
          [
            -1.2504918593913317,
            51.73472022637725
          ],
          [
            -1.2505600042641163,
            51.73485450446606
          ],
          [
            -1.2506329268217087,
            51.73499213531613
          ],
          [
            -1.250708783045411,
            51.735137812793255
          ],
          [
            -1.2507855612784624,
            51.735282903537154
          ],
          [
            -1.2508651055395603,
            51.73542455770075
          ],
          [
            -1.2509439792484045,
            51.735569313168526
          ],
          [
            -1.2510238587856293,
            51.73571021296084
          ],
          [
            -1.2511038221418858,
            51.735856141895056
          ],
          [
            -1.2511826120316982,
            51.73600357957184
          ],
          [
            -1.2512640841305256,
            51.73615043051541
          ],
          [
            -1.2513448856770992,
            51.73629376105964
          ],
          [
            -1.2514275312423706,
            51.736439522355795
          ],
          [
            -1.2515082489699125,
            51.736587630584836
          ],
          [
            -1.2515884637832642,
            51.73674043267965
          ],
          [
            -1.2516698520630598,
            51.736881248652935
          ],
          [
            -1.251757526770234,
            51.73703086562455
          ],
          [
            -1.2518369033932686,
            51.73717863857746
          ],
          [
            -1.2519261706620455,
            51.73733797855675
          ],
          [
            -1.2520139291882515,
            51.73749681562185
          ],
          [
            -1.2521097343415022,
            51.73765297047794
          ],
          [
            -1.252208137884736,
            51.7378103826195
          ],
          [
            -1.2523078825324774,
            51.73796268180013
          ],
          [
            -1.252405196428299,
            51.73811707645655
          ],
          [
            -1.2525087129324675,
            51.738276751711965
          ],
          [
            -1.2526114750653505,
            51.73843617551029
          ],
          [
            -1.2527177575975657,
            51.738591911271214
          ],
          [
            -1.2528304103761911,
            51.73875091597438
          ],
          [
            -1.2529480922967196,
            51.738905142992735
          ],
          [
            -1.2530580628663301,
            51.739067416638136
          ],
          [
            -1.253159735351801,
            51.73923321068287
          ],
          [
            -1.2532865535467863,
            51.739383582025766
          ],
          [
            -1.2534184008836746,
            51.73953051678836
          ],
          [
            -1.2535350769758224,
            51.739686001092196
          ],
          [
            -1.2536478135734797,
            51.73984508961439
          ],
          [
            -1.2537518329918385,
            51.73999110236764
          ],
          [
            -1.2538567744195461,
            51.74013384617865
          ],
          [
            -1.253956938162446,
            51.74027742817998
          ],
          [
            -1.254062382504344,
            51.740422770380974
          ],
          [
            -1.2541715987026691,
            51.74057054333389
          ],
          [
            -1.254282994195819,
            51.74072275869548
          ],
          [
            -1.2543952278792858,
            51.74087807536125
          ],
          [
            -1.2545145023614168,
            51.7410380858928
          ],
          [
            -1.2546247243881226,
            51.74119901843369
          ],
          [
            -1.2547271512448788,
            51.74136213026941
          ],
          [
            -1.2548197712749243,
            51.74151325598359
          ],
          [
            -1.2549036741256714,
            51.741659101098776
          ],
          [
            -1.254994198679924,
            51.741814501583576
          ],
          [
            -1.2550851423293352,
            51.74197065643966
          ],
          [
            -1.2551758345216513,
            51.74212287180126
          ],
          [
            -1.2552706338465214,
            51.742289336398244
          ],
          [
            -1.2553621642291546,
            51.74245186150074
          ],
          [
            -1.2554542813450098,
            51.742604495957494
          ],
          [
            -1.2555370945483446,
            51.742763333022594
          ],
          [
            -1.2556131184101105,
            51.74293356947601
          ],
          [
            -1.2556970212608576,
            51.74310774542391
          ],
          [
            -1.2557617295533419,
            51.74325576983392
          ],
          [
            -1.2558358255773783,
            51.74341510981321
          ],
          [
            -1.255894247442484,
            51.743560284376144
          ],
          [
            -1.2559309601783752,
            51.74370705150068
          ],
          [
            -1.255982592701912,
            51.74384644255042
          ],
          [
            -1.2560193054378033,
            51.744022043421865
          ],
          [
            -1.2560523301362991,
            51.744165206328034
          ],
          [
            -1.2560877855867147,
            51.74432345665991
          ],
          [
            -1.2561250012367964,
            51.74448899924755
          ],
          [
            -1.2561565171927214,
            51.744658732786775
          ],
          [
            -1.2561856862157583,
            51.74482804723084
          ],
          [
            -1.256207898259163,
            51.744991075247526
          ],
          [
            -1.2562266737222672,
            51.745160557329655
          ],
          [
            -1.2562410905957222,
            51.74532853066921
          ],
          [
            -1.256250562146306,
            51.745469933375716
          ],
          [
            -1.2562594469636679,
            51.74560798332095
          ],
          [
            -1.25627763569355,
            51.745773777365685
          ],
          [
            -1.2562999315559864,
            51.74592590890825
          ],
          [
            -1.2563144322484732,
            51.746085584163666
          ],
          [
            -1.256326586008072,
            51.74622262828052
          ],
          [
            -1.2563417572528124,
            51.74636252224445
          ],
          [
            -1.2563566770404577,
            51.74654449336231
          ],
          [
            -1.2563798110932112,
            51.746701151132584
          ],
          [
            -1.2564485426992178,
            51.746864933520555
          ],
          [
            -1.256523309275508,
            51.74701136536896
          ],
          [
            -1.256525907665491,
            51.74718554131687
          ],
          [
            -1.256505036726594,
            51.74734588712454
          ],
          [
            -1.2565168552100658,
            51.74752567894757
          ],
          [
            -1.25653269700706,
            51.747706308960915
          ],
          [
            -1.2565580941736698,
            51.74788299947977
          ],
          [
            -1.2565821502357721,
            51.7480678204447
          ],
          [
            -1.2566038593649864,
            51.74823621287942
          ],
          [
            -1.2566206231713295,
            51.74840033054352
          ],
          [
            -1.2566357105970383,
            51.748550618067384
          ],
          [
            -1.2566553242504597,
            51.7486915178597
          ],
          [
            -1.2566860858350992,
            51.74885245040059
          ],
          [
            -1.2566962279379368,
            51.74900273792446
          ],
          [
            -1.2567083816975355,
            51.74914648756385
          ],
          [
            -1.2567414063960314,
            51.74928579479456
          ],
          [
            -1.2567804660648108,
            51.749424850568175
          ],
          [
            -1.2568072881549597,
            51.7495737131685
          ],
          [
            -1.2568250577896833,
            51.74970933236182
          ],
          [
            -1.2568388879299164,
            51.74988526850939
          ],
          [
            -1.25684785656631,
            51.75002474337816
          ],
          [
            -1.2568544782698154,
            51.75016421824694
          ],
          [
            -1.2568549811840057,
            51.75030888989568
          ],
          [
            -1.2568869162350893,
            51.75045842304826
          ],
          [
            -1.256957994773984,
            51.750608375296
          ],
          [
            -1.2570217810571194,
            51.75075061619282
          ],
          [
            -1.2570942845195532,
            51.75089746713638
          ],
          [
            -1.257170308381319,
            51.75104104913771
          ],
          [
            -1.257247505709529,
            51.75117306411266
          ],
          [
            -1.2573215179145336,
            51.75130809657276
          ],
          [
            -1.257397960871458,
            51.7514665145427
          ],
          [
            -1.2574799358844757,
            51.75161495804787
          ],
          [
            -1.25754464417696,
            51.75174739211798
          ],
          [
            -1.2576277926564217,
            51.75187806598842
          ],
          [
            -1.2575728073716164,
            51.752011673524976
          ],
          [
            -1.257336689159274,
            51.75207353197038
          ],
          [
            -1.257120268419385,
            51.75210814923048
          ],
          [
            -1.2568686436861753,
            51.752142598852515
          ],
          [
            -1.2566535640507936,
            51.75217310898006
          ],
          [
            -1.2564290966838598,
            51.75220990553498
          ],
          [
            -1.2562169507145882,
            51.752248127013445
          ],
          [
            -1.2559595424681902,
            51.7522834148258
          ],
          [
            -1.255892738699913,
            51.75243412144482
          ],
          [
            -1.2558821775019169,
            51.752588683739305
          ],
          [
            -1.255912771448493,
            51.752757830545306
          ],
          [
            -1.2560012843459845,
            51.75293133594096
          ],
          [
            -1.256099184975028,
            51.75308304838836
          ],
          [
            -1.2561567686498165,
            51.75322352908552
          ],
          [
            -1.256234049797058,
            51.75337750464678
          ],
          [
            -1.2563151866197586,
            51.75353298895061
          ],
          [
            -1.2563967425376177,
            51.75368922762573
          ],
          [
            -1.2564728502184153,
            51.75384672358632
          ],
          [
            -1.256532445549965,
            51.75399332307279
          ],
          [
            -1.2566111516207457,
            51.75415308214724
          ],
          [
            -1.2566220480948687,
            51.754303369671106
          ],
          [
            -1.2563860975205898,
            51.754371682181954
          ],
          [
            -1.2561129312962294,
            51.7543916311115
          ],
          [
            -1.2558914814144373,
            51.75442088395357
          ],
          [
            -1.255668355152011,
            51.75446178764105
          ],
          [
            -1.2554099410772324,
            51.75454141572118
          ],
          [
            -1.2552078533917665,
            51.75460369326174
          ],
          [
            -1.2550047598779202,
            51.7546699102968
          ],
          [
            -1.2547731678932905,
            51.75477376207709
          ],
          [
            -1.2545845750719309,
            51.75488390028477
          ],
          [
            -1.2545785401016474,
            51.755039719864726
          ],
          [
            -1.2546706572175026,
            51.75517668016255
          ],
          [
            -1.2547638639807701,
            51.755324034020305
          ],
          [
            -1.2548629380762577,
            51.75547583028674
          ],
          [
            -1.254965029656887,
            51.7556263692677
          ],
          [
            -1.2550656124949455,
            51.75577984191477
          ],
          [
            -1.255163261666894,
            51.75593524239957
          ],
          [
            -1.2552706338465214,
            51.75608905032277
          ],
          [
            -1.2553728930652142,
            51.756233805790544
          ],
          [
            -1.2554725538939238,
            51.756383338943124
          ],
          [
            -1.25557498075068,
            51.75653572194278
          ],
          [
            -1.255672127008438,
            51.756681483238935
          ],
          [
            -1.2557570356875658,
            51.75682288594544
          ],
          [
            -1.255853846669197,
            51.7569681443274
          ],
          [
            -1.2559517472982407,
            51.75711709074676
          ],
          [
            -1.2560305371880531,
            51.75725480541587
          ],
          [
            -1.2561181280761957,
            51.757381204515696
          ],
          [
            -1.256205216050148,
            51.75750643014908
          ],
          [
            -1.256302697584033,
            51.757663590833545
          ],
          [
            -1.2563866842538118,
            51.75780105404556
          ],
          [
            -1.2564757838845253,
            51.757938768714666
          ],
          [
            -1.2565668113529682,
            51.75809525884688
          ],
          [
            -1.2566507142037153,
            51.75825409591198
          ],
          [
            -1.2567236367613077,
            51.75842475146055
          ],
          [
            -1.2568164244294167,
            51.75858828239143
          ],
          [
            -1.2569150794297457,
            51.758757680654526
          ],
          [
            -1.2569963838905096,
            51.75892842002213
          ],
          [
            -1.2570701446384192,
            51.75908180885017
          ],
          [
            -1.2571522034704685,
            51.75924802199006
          ],
          [
            -1.2572351843118668,
            51.7593998182565
          ],
          [
            -1.2573218531906605,
            51.75953568890691
          ],
          [
            -1.257456298917532,
            51.759644988924265
          ],
          [
            -1.257674228399992,
            51.75966787151992
          ],
          [
            -1.257885955274105,
            51.75963593646884
          ],
          [
            -1.258100112900138,
            51.759591260924935
          ],
          [
            -1.2583312019705772,
            51.75953669473529
          ],
          [
            -1.258568074554205,
            51.759491013363004
          ],
          [
            -1.2588028516620398,
            51.759442649781704
          ],
          [
            -1.2590188533067703,
            51.759393364191055
          ],
          [
            -1.2592295743525028,
            51.75934391096234
          ],
          [
            -1.259482791647315,
            51.75928255543113
          ],
          [
            -1.2597380205988884,
            51.759247183799744
          ],
          [
            -1.2598282098770142,
            51.75909597426653
          ],
          [
            -1.259823851287365,
            51.75893051549792
          ],
          [
            -1.2598348315805197,
            51.758764553815126
          ],
          [
            -1.2598428782075644,
            51.758599262684584
          ],
          [
            -1.2598322331905365,
            51.758430199697614
          ],
          [
            -1.2598216719925404,
            51.75826784223318
          ],
          [
            -1.259811781346798,
            51.75810892134905
          ],
          [
            -1.259794682264328,
            51.75795461051166
          ],
          [
            -1.2597764935344458,
            51.757806250825524
          ],
          [
            -1.2596864718943834,
            51.7576814442873
          ],
          [
            -1.259582955390215,
            51.75755839794874
          ],
          [
            -1.2595014832913876,
            51.75739511847496
          ],
          [
            -1.2594320811331272,
            51.75722077488899
          ],
          [
            -1.2593810353428125,
            51.75704676657915
          ],
          [
            -1.2593477591872215,
            51.75686655566096
          ],
          [
            -1.2593074422329664,
            51.75670553930104
          ],
          [
            -1.2592367827892303,
            51.756564639508724
          ],
          [
            -1.2591667100787163,
            51.75642650574446
          ],
          [
            -1.259110551327467,
            51.75626875832677
          ],
          [
            -1.2590605951845646,
            51.756113693118095
          ],
          [
            -1.2589932046830654,
            51.75595846027136
          ],
          [
            -1.2589667178690434,
            51.75587112084031
          ]
        ]
      },
      "properties": {
        "name": "2023-09-06 (Wed) 16:15",
        "source_file": "2023-09-06-151509-ELEMNT_ROAM_A974-37-0.fit",
        "date": "2023-09-06T15:15:10",
        "sport": "cycling",
        "dropbox_id": "id:JY-PzzIM9pcAAAAAAAAA7Q"
      }
    },
    {
      "type": "Feature",
      "geometry": {
        "type": "LineString",
        "coordinates": [
          [
            -1.258856663480401,
            51.755630476400256
          ],
          [
            -1.2588694039732218,
            51.755485804751515
          ],
          [
            -1.2588447611778975,
            51.75535010173917
          ],
          [
            -1.2587648816406727,
            51.75518313422799
          ],
          [
            -1.2586647178977728,
            51.755031421780586
          ],
          [
            -1.2585664819926023,
            51.754868226125836
          ],
          [
            -1.2584916315972805,
            51.75471073016524
          ],
          [
            -1.258427845314145,
            51.75454602576792
          ],
          [
            -1.2583950720727444,
            51.754385009408
          ],
          [
            -1.258375458419323,
            51.75424922257662
          ],
          [
            -1.2581302039325237,
            51.754294568672776
          ],
          [
            -1.2578774895519018,
            51.754329688847065
          ],
          [
            -1.257611783221364,
            51.75435785204172
          ],
          [
            -1.2573338393121958,
            51.754393726587296
          ],
          [
            -1.2570762634277344,
            51.75441510044038
          ],
          [
            -1.2568180169910192,
            51.754410825669765
          ],
          [
            -1.2566290888935328,
            51.754322312772274
          ],
          [
            -1.2565411627292633,
            51.75416129641235
          ],
          [
            -1.2564569246023893,
            51.753996508195996
          ],
          [
            -1.2563787214457989,
            51.753858709707856
          ],
          [
            -1.2563089840114117,
            51.75369802862406
          ],
          [
            -1.2562194652855396,
            51.75353843718767
          ],
          [
            -1.2560422718524933,
            51.75344145856798
          ],
          [
            -1.255818558856845,
            51.75345495343208
          ],
          [
            -1.2555995397269726,
            51.75347515381873
          ],
          [
            -1.2553547881543636,
            51.75348898395896
          ],
          [
            -1.255120513960719,
            51.75351639278233
          ],
          [
            -1.2548712361603975,
            51.75352762453258
          ],
          [
            -1.2546253111213446,
            51.753540029749274
          ],
          [
            -1.2543983291834593,
            51.75358923152089
          ],
          [
            -1.2542537413537502,
            51.75371613353491
          ],
          [
            -1.2540192995220423,
            51.75379324704409
          ],
          [
            -1.2537754699587822,
            51.75373868085444
          ],
          [
            -1.2536644097417593,
            51.753604989498854
          ],
          [
            -1.2535924091935158,
            51.753435004502535
          ],
          [
            -1.253529880195856,
            51.753263007849455
          ],
          [
            -1.253464836627245,
            51.753103164955974
          ],
          [
            -1.2533682771027088,
            51.75296972505748
          ],
          [
            -1.2532896548509598,
            51.75281608477235
          ],
          [
            -1.2533946800976992,
            51.75258834846318
          ],
          [
            -1.2536104302853346,
            51.75255540758371
          ],
          [
            -1.2538642343133688,
            51.752505619078875
          ],
          [
            -1.2541373167186975,
            51.752467565238476
          ],
          [
            -1.2543484568595886,
            51.75242674537003
          ],
          [
            -1.2545640394091606,
            51.752383494749665
          ],
          [
            -1.2547982297837734,
            51.75235063768923
          ],
          [
            -1.2550773471593857,
            51.752312583848834
          ],
          [
            -1.255292259156704,
            51.75227922387421
          ],
          [
            -1.2555153016000986,
            51.75223865546286
          ],
          [
            -1.2557376734912395,
            51.752210995182395
          ],
          [
            -1.255954597145319,
            51.75219423137605
          ],
          [
            -1.2561723589897156,
            51.75216866657138
          ],
          [
            -1.2564000114798546,
            51.75214234739542
          ],
          [
            -1.2566347047686577,
            51.75211627967656
          ],
          [
            -1.2568650394678116,
            51.75208308734
          ],
          [
            -1.2570973858237267,
            51.752041932195425
          ],
          [
            -1.257370887324214,
            51.75200069323182
          ],
          [
            -1.2575122900307178,
            51.7518843524158
          ],
          [
            -1.2574246153235435,
            51.75173096358776
          ],
          [
            -1.2573454901576042,
            51.75160347484052
          ],
          [
            -1.2572713941335678,
            51.751454528421164
          ],
          [
            -1.2571921851485968,
            51.75128823146224
          ],
          [
            -1.2571086175739765,
            51.7511279694736
          ],
          [
            -1.2570049334317446,
            51.750971395522356
          ],
          [
            -1.2569284904748201,
            51.75079721957445
          ],
          [
            -1.2568611837923527,
            51.75062237307429
          ],
          [
            -1.2568102218210697,
            51.750448951497674
          ],
          [
            -1.2567881774157286,
            51.750312242656946
          ],
          [
            -1.2567489501088858,
            51.75017695873976
          ],
          [
            -1.2567219603806734,
            51.750017115846276
          ],
          [
            -1.2567139975726604,
            51.749849477782845
          ],
          [
            -1.2567039392888546,
            51.74965191632509
          ],
          [
            -1.2566727586090565,
            51.749511267989874
          ],
          [
            -1.2566446792334318,
            51.749368607997894
          ],
          [
            -1.2566194497048855,
            51.74922368489206
          ],
          [
            -1.2565979082137346,
            51.74908203072846
          ],
          [
            -1.256576031446457,
            51.748937694355845
          ],
          [
            -1.2565561663359404,
            51.748798387125134
          ],
          [
            -1.2565057910978794,
            51.74860216677189
          ],
          [
            -1.2564500514417887,
            51.74841558560729
          ],
          [
            -1.256418116390705,
            51.74823344685137
          ],
          [
            -1.2564043700695038,
            51.74804569222033
          ],
          [
            -1.256401687860489,
            51.74786522984505
          ],
          [
            -1.2563959043473005,
            51.74770312383771
          ],
          [
            -1.2563750334084034,
            51.74755761399865
          ],
          [
            -1.2563676573336124,
            51.747399028390646
          ],
          [
            -1.256357179954648,
            51.74725653603673
          ],
          [
            -1.2563508935272694,
            51.74711488187313
          ],
          [
            -1.2563298549503088,
            51.74696618691087
          ],
          [
            -1.256319461390376,
            51.746786227449775
          ],
          [
            -1.2563160248100758,
            51.74664474092424
          ],
          [
            -1.2563069723546505,
            51.74650493077934
          ],
          [
            -1.2562877777963877,
            51.746363108977675
          ],
          [
            -1.256265565752983,
            51.74620368517935
          ],
          [
            -1.2562462873756886,
            51.746042082086205
          ],
          [
            -1.2562203034758568,
            51.745869750157
          ],
          [
            -1.256189290434122,
            51.74568702466786
          ],
          [
            -1.2561726942658424,
            51.74549742601812
          ],
          [
            -1.2561517395079136,
            51.745301792398095
          ],
          [
            -1.2561235763132572,
            51.74510473385453
          ],
          [
            -1.2560920603573322,
            51.74490817822516
          ],
          [
            -1.2560586165636778,
            51.744716400280595
          ],
          [
            -1.2560225743800402,
            51.7445211019367
          ],
          [
            -1.2559915613383055,
            51.74432035535574
          ],
          [
            -1.2559654098004103,
            51.74418498761952
          ],
          [
            -1.2559312116354704,
            51.74404911696911
          ],
          [
            -1.2558811716735363,
            51.74384971149266
          ],
          [
            -1.2558183912187815,
            51.743652401492
          ],
          [
            -1.255746055394411,
            51.74346028827131
          ],
          [
            -1.2556591350585222,
            51.74326582811773
          ],
          [
            -1.2555666826665401,
            51.743075558915734
          ],
          [
            -1.2554645910859108,
            51.74288512207568
          ],
          [
            -1.2553731445223093,
            51.74270390532911
          ],
          [
            -1.2552749086171389,
            51.74252260476351
          ],
          [
            -1.2551791034638882,
            51.742349434643984
          ],
          [
            -1.2550867348909378,
            51.74218833446503
          ],
          [
            -1.2549928575754166,
            51.74202446825802
          ],
          [
            -1.2548944540321827,
            51.7418565787375
          ],
          [
            -1.2547929491847754,
            51.74168290570378
          ],
          [
            -1.254692617803812,
            51.74150839447975
          ],
          [
            -1.2545817252248526,
            51.74133589491248
          ],
          [
            -1.2544689886271954,
            51.74116138368845
          ],
          [
            -1.2543442659080029,
            51.74098343588412
          ],
          [
            -1.2542243208736181,
            51.74080599099398
          ],
          [
            -1.2541068065911531,
            51.74064036458731
          ],
          [
            -1.2539820838719606,
            51.74046711064875
          ],
          [
            -1.253851242363453,
            51.74029251560569
          ],
          [
            -1.253732806071639,
            51.74012018367648
          ],
          [
            -1.2535976059734821,
            51.73995237797499
          ],
          [
            -1.2534634117037058,
            51.73977610655129
          ],
          [
            -1.2533339951187372,
            51.73959673382342
          ],
          [
            -1.2531983759254217,
            51.73941928893328
          ],
          [
            -1.2530580628663301,
            51.73924159258604
          ],
          [
            -1.2529318314045668,
            51.739059118553996
          ],
          [
            -1.2527987267822027,
            51.738878739997745
          ],
          [
            -1.2526739202439785,
            51.73870020546019
          ],
          [
            -1.2525508739054203,
            51.7385218385607
          ],
          [
            -1.2524331081658602,
            51.738349590450525
          ],
          [
            -1.2523224670439959,
            51.738181030377746
          ],
          [
            -1.25222934409976,
            51.738014901056886
          ],
          [
            -1.2521161884069443,
            51.737836031243205
          ],
          [
            -1.2520223949104548,
            51.73770778812468
          ],
          [
            -1.2519318703562021,
            51.73757191747427
          ],
          [
            -1.2518564332276583,
            51.737435879185796
          ],
          [
            -1.2517550960183144,
            51.73724208958447
          ],
          [
            -1.2516870349645615,
            51.73711275681853
          ],
          [
            -1.2515862844884396,
            51.7369244992733
          ],
          [
            -1.2515164632350206,
            51.73679508268833
          ],
          [
            -1.2514077499508858,
            51.73660489730537
          ],
          [
            -1.251332564279437,
            51.736475229263306
          ],
          [
            -1.2512250244617462,
            51.736294347792864
          ],
          [
            -1.2511133775115013,
            51.73611036501825
          ],
          [
            -1.2510090228170156,
            51.7359228618443
          ],
          [
            -1.2509015668183565,
            51.735737370327115
          ],
          [
            -1.250804252922535,
            51.735552633181214
          ],
          [
            -1.2507065199315548,
            51.735371416434646
          ],
          [
            -1.2506067752838135,
            51.735194558277726
          ],
          [
            -1.2505139876157045,
            51.735019627958536
          ],
          [
            -1.2504118122160435,
            51.73485014587641
          ],
          [
            -1.2503093853592873,
            51.73468234017491
          ],
          [
            -1.250218441709876,
            51.73453062772751
          ],
          [
            -1.2501273304224014,
            51.73437422141433
          ],
          [
            -1.250054156407714,
            51.734229968860745
          ],
          [
            -1.2499559205025434,
            51.73407808877528
          ],
          [
            -1.2498737778514624,
            51.73393936827779
          ],
          [
            -1.249777302145958,
            51.73380475491285
          ],
          [
            -1.2496651522815228,
            51.73365522176027
          ],
          [
            -1.2495547626167536,
            51.733497474342585
          ],
          [
            -1.2494468875229359,
            51.733339224010706
          ],
          [
            -1.249342868104577,
            51.733181392773986
          ],
          [
            -1.2492437101900578,
            51.733023561537266
          ],
          [
            -1.24915586784482,
            51.73286841250956
          ],
          [
            -1.2490787543356419,
            51.732705971226096
          ],
          [
            -1.2490173149853945,
            51.73255316913128
          ],
          [
            -1.2489473260939121,
            51.732404390349984
          ],
          [
            -1.2488510180264711,
            51.7322704475373
          ],
          [
            -1.248770384117961,
            51.732135750353336
          ],
          [
            -1.248703245073557,
            51.731988145038486
          ],
          [
            -1.2486271373927593,
            51.73184456303716
          ],
          [
            -1.2484852317720652,
            51.73170441761613
          ],
          [
            -1.2483479361981153,
            51.73156368546188
          ],
          [
            -1.248281467705965,
            51.73141423612833
          ],
          [
            -1.2482406478375196,
            51.73125699162483
          ],
          [
            -1.2481823097914457,
            51.73110159114003
          ],
          [
            -1.2481313478201628,
            51.730941999703646
          ],
          [
            -1.248088851571083,
            51.730776289477944
          ],
          [
            -1.2480490375310183,
            51.730610160157084
          ],
          [
            -1.2480172701179981,
            51.730444533750415
          ],
          [
            -1.2479912862181664,
            51.73028108663857
          ],
          [
            -1.24796312302351,
            51.730121076107025
          ],
          [
            -1.247939569875598,
            51.72997464425862
          ],
          [
            -1.24791425652802,
            51.72982511110604
          ],
          [
            -1.2478887755423784,
            51.72967323102057
          ],
          [
            -1.247866814956069,
            51.729521518573165
          ],
          [
            -1.2478437647223473,
            51.72936787828803
          ],
          [
            -1.2478145956993103,
            51.72921784222126
          ],
          [
            -1.247783498838544,
            51.72906554304063
          ],
          [
            -1.2477476242929697,
            51.72891257330775
          ],
          [
            -1.2477055471390486,
            51.728760693222284
          ],
          [
            -1.2476496398448944,
            51.72860621474683
          ],
          [
            -1.2475477997213602,
            51.72845399938524
          ],
          [
            -1.2473849393427372,
            51.72832039184868
          ],
          [
            -1.2472028844058514,
            51.72819432802498
          ],
          [
            -1.247057793661952,
            51.72805443406105
          ],
          [
            -1.2469060812145472,
            51.727903727442026
          ],
          [
            -1.246746825054288,
            51.72774891369045
          ],
          [
            -1.2465923465788364,
            51.7276079300791
          ],
          [
            -1.2464325036853552,
            51.72750608995557
          ],
          [
            -1.2462011631578207,
            51.727402824908495
          ],
          [
            -1.2460136599838734,
            51.72731121070683
          ],
          [
            -1.2458113208413124,
            51.727218590676785
          ],
          [
            -1.2456053774803877,
            51.72712261788547
          ],
          [
            -1.2453939858824015,
            51.7270175088197
          ],
          [
            -1.2451789062470198,
            51.72691675834358
          ],
          [
            -1.2449587136507034,
            51.72682153992355
          ],
          [
            -1.24473768286407,
            51.72671752050519
          ],
          [
            -1.2445184122771025,
            51.726615177467465
          ],
          [
            -1.244290927425027,
            51.726512080058455
          ],
          [
            -1.244058245792985,
            51.72641166485846
          ],
          [
            -1.243837382644415,
            51.726307813078165
          ],
          [
            -1.2436135858297348,
            51.726203290745616
          ],
          [
            -1.2433928903192282,
            51.72610421665013
          ],
          [
            -1.2431703507900238,
            51.72599977813661
          ],
          [
            -1.2429518345743418,
            51.72589777037501
          ],
          [
            -1.2427290435880423,
            51.72579886391759
          ],
          [
            -1.2425168976187706,
            51.72569987364113
          ],
          [
            -1.2423221860080957,
            51.725606163963675
          ],
          [
            -1.2421257980167866,
            51.725517231971025
          ],
          [
            -1.2419110536575317,
            51.72542318701744
          ],
          [
            -1.2417044397443533,
            51.72533467411995
          ],
          [
            -1.2415067944675684,
            51.725234761834145
          ],
          [
            -1.2413027789443731,
            51.725142979994416
          ],
          [
            -1.2410948239266872,
            51.72505329363048
          ],
          [
            -1.2408971786499023,
            51.7249624338001
          ],
          [
            -1.2407127767801285,
            51.72487056814134
          ],
          [
            -1.2405175622552633,
            51.724787671118975
          ],
          [
            -1.2403122056275606,
            51.7246880941093
          ],
          [
            -1.2401091121137142,
            51.72459497116506
          ],
          [
            -1.2399107124656439,
            51.72449958510697
          ],
          [
            -1.2397128157317638,
            51.72440696507692
          ],
          [
            -1.2395176850259304,
            51.72432264313102
          ],
          [
            -1.2393262423574924,
            51.72423387877643
          ],
          [
            -1.239136978983879,
            51.724147545173764
          ],
          [
            -1.2388994358479977,
            51.72404260374606
          ],
          [
            -1.2387037184089422,
            51.72395518049598
          ],
          [
            -1.2385118566453457,
            51.72386256046593
          ],
          [
            -1.2383187375962734,
            51.72377170063555
          ],
          [
            -1.2381297256797552,
            51.72368352301419
          ],
          [
            -1.2379443179816008,
            51.72359802760184
          ],
          [
            -1.2377088703215122,
            51.72348730266094
          ],
          [
            -1.2375082075595856,
            51.72340029850602
          ],
          [
            -1.2373282480984926,
            51.72330943867564
          ],
          [
            -1.2371365539729595,
            51.72323165461421
          ],
          [
            -1.2369537446647882,
            51.723148841410875
          ],
          [
            -1.2367784790694714,
            51.72306753695011
          ],
          [
            -1.2365476414561272,
            51.722954800352454
          ],
          [
            -1.2363685201853514,
            51.72287357971072
          ],
          [
            -1.2361932545900345,
            51.72279227524996
          ],
          [
            -1.2359639257192612,
            51.722689094021916
          ],
          [
            -1.2357818707823753,
            51.72261164523661
          ],
          [
            -1.2356010731309652,
            51.72252983786166
          ],
          [
            -1.235425639897585,
            51.72244534827769
          ],
          [
            -1.2351953890174627,
            51.7223671451211
          ],
          [
            -1.2349191214889288,
            51.722332863137126
          ],
          [
            -1.2346963305026293,
            51.72230461612344
          ],
          [
            -1.2344650737941265,
            51.72227452509105
          ],
          [
            -1.234222836792469,
            51.722258012741804
          ],
          [
            -1.2339831981807947,
            51.722238985821605
          ],
          [
            -1.233759317547083,
            51.7222445178777
          ],
          [
            -1.2335521169006824,
            51.7222979106009
          ],
          [
            -1.2333445809781551,
            51.722358679398894
          ],
          [
            -1.2331215385347605,
            51.72240142710507
          ],
          [
            -1.232898999005556,
            51.72244492918253
          ],
          [
            -1.2326743640005589,
            51.72248910181224
          ],
          [
            -1.2324415985494852,
            51.72252707183361
          ],
          [
            -1.232201959937811,
            51.72256856225431
          ],
          [
            -1.2319487426429987,
            51.72260435298085
          ],
          [
            -1.231698291376233,
            51.72262882813811
          ],
          [
            -1.2314532045274973,
            51.72265497967601
          ],
          [
            -1.2312128115445375,
            51.72269529663026
          ],
          [
            -1.2309866677969694,
            51.722729578614235
          ],
          [
            -1.230774438008666,
            51.72276536934078
          ],
          [
            -1.23056061565876,
            51.722814068198204
          ],
          [
            -1.2303468771278858,
            51.72287089750171
          ],
          [
            -1.2301388382911682,
            51.722936695441604
          ],
          [
            -1.2299331463873386,
            51.723001236096025
          ],
          [
            -1.2297154683619738,
            51.72306778840721
          ],
          [
            -1.229499550536275,
            51.723145907744765
          ],
          [
            -1.2292805314064026,
            51.72322042286396
          ],
          [
            -1.2290623504668474,
            51.72329510562122
          ],
          [
            -1.2288396432995796,
            51.72335931099951
          ],
          [
            -1.228613080456853,
            51.72342427074909
          ],
          [
            -1.2283934745937586,
            51.72349501401186
          ],
          [
            -1.2281623017042875,
            51.72355268150568
          ],
          [
            -1.2279397621750832,
            51.72361671924591
          ],
          [
            -1.2276887241750956,
            51.72365720383823
          ],
          [
            -1.227443888783455,
            51.72370841726661
          ],
          [
            -1.2272039148956537,
            51.72377119772136
          ],
          [
            -1.2269580736756325,
            51.7238347325474
          ],
          [
            -1.2267398927360773,
            51.72388778999448
          ],
          [
            -1.2265310995280743,
            51.7239504866302
          ],
          [
            -1.2262971606105566,
            51.72400865703821
          ],
          [
            -1.226054085418582,
            51.72406816855073
          ],
          [
            -1.225830540060997,
            51.72412449494004
          ],
          [
            -1.2256002891808748,
            51.72417419962585
          ],
          [
            -1.2253427132964134,
            51.724241841584444
          ],
          [
            -1.225086310878396,
            51.724330354481936
          ],
          [
            -1.2249088659882545,
            51.72441568225622
          ],
          [
            -1.2246943730860949,
            51.72436966560781
          ],
          [
            -1.2244721688330173,
            51.724254162982106
          ],
          [
            -1.2242500483989716,
            51.7241386603564
          ],
          [
            -1.2240430992096663,
            51.7240868601948
          ],
          [
            -1.22391477227211,
            51.72397395595908
          ],
          [
            -1.2238869443535805,
            51.723831463605165
          ],
          [
            -1.2239217292517424,
            51.7236536834389
          ],
          [
            -1.2239508982747793,
            51.72350188717246
          ],
          [
            -1.2239659018814564,
            51.72334170900285
          ],
          [
            -1.2239749543368816,
            51.72317147254944
          ],
          [
            -1.2239585258066654,
            51.72299629077315
          ],
          [
            -1.2239347212016582,
            51.72282546758652
          ],
          [
            -1.2239566817879677,
            51.72265506349504
          ],
          [
            -1.2239550054073334,
            51.72247275710106
          ],
          [
            -1.2239566817879677,
            51.72229145653546
          ],
          [
            -1.2239507306367159,
            51.72211459837854
          ],
          [
            -1.2239304464310408,
            51.72194109298289
          ],
          [
            -1.223912090063095,
            51.721775718033314
          ],
          [
            -1.2239049654453993,
            51.721620401367545
          ],
          [
            -1.2239059712737799,
            51.72147321514785
          ],
          [
            -1.2239290215075016,
            51.72131957486272
          ],
          [
            -1.2240512296557426,
            51.72117054462433
          ],
          [
            -1.2242526467889547,
            51.72103090211749
          ],
          [
            -1.2244594283401966,
            51.7208800278604
          ],
          [
            -1.2246061954647303,
            51.7207782715559
          ],
          [
            -1.2247504480183125,
            51.72067274339497
          ],
          [
            -1.2249537091702223,
            51.7205211147666
          ],
          [
            -1.225103409960866,
            51.72042011283338
          ],
          [
            -1.2252583913505077,
            51.720315758138895
          ],
          [
            -1.2253939267247915,
            51.720207296311855
          ],
          [
            -1.2255275342613459,
            51.7200911231339
          ],
          [
            -1.2256587948650122,
            51.71997553668916
          ],
          [
            -1.2257856130599976,
            51.719860872253776
          ],
          [
            -1.225908575579524,
            51.71974813565612
          ],
          [
            -1.2260954082012177,
            51.71959592029452
          ],
          [
            -1.2262773793190718,
            51.719450410455465
          ],
          [
            -1.2264654692262411,
            51.71933574602008
          ],
          [
            -1.2266632821410894,
            51.71921454370022
          ],
          [
            -1.2268431577831507,
            51.71907339245081
          ],
          [
            -1.2270037550479174,
            51.718902150169015
          ],
          [
            -1.2271795235574245,
            51.718726800754666
          ],
          [
            -1.2272986304014921,
            51.71861004084349
          ],
          [
            -1.2274294719099998,
            51.71848263591528
          ],
          [
            -1.2275968585163355,
            51.718317763879895
          ],
          [
            -1.2277491576969624,
            51.71815138310194
          ],
          [
            -1.2278830166906118,
            51.71798039227724
          ],
          [
            -1.2279846891760826,
            51.71779657714069
          ],
          [
            -1.2280643172562122,
            51.71767017804086
          ],
          [
            -1.2281849328428507,
            51.717480747029185
          ],
          [
            -1.2282676622271538,
            51.71734646894038
          ],
          [
            -1.228347709402442,
            51.71720548532903
          ],
          [
            -1.2284077238291502,
            51.717067770659924
          ],
          [
            -1.2284819036722183,
            51.716927122324705
          ],
          [
            -1.2285637948662043,
            51.716789826750755
          ],
          [
            -1.2286612764000893,
            51.71665554866195
          ],
          [
            -1.2287469394505024,
            51.71651967801154
          ],
          [
            -1.2288287468254566,
            51.71637567691505
          ],
          [
            -1.2289092969149351,
            51.71621549874544
          ],
          [
            -1.228987080976367,
            51.716054901480675
          ],
          [
            -1.2290620151907206,
            51.7158879339695
          ],
          [
            -1.2291268911212683,
            51.71570923179388
          ],
          [
            -1.2291812896728516,
            51.71553237363696
          ],
          [
            -1.2292184215039015,
            51.71535610221326
          ],
          [
            -1.2292350176721811,
            51.715182764455676
          ],
          [
            -1.2292259652167559,
            51.715013701468706
          ],
          [
            -1.2292119674384594,
            51.71483416110277
          ],
          [
            -1.2291851453483105,
            51.71465420164168
          ],
          [
            -1.2291292380541563,
            51.714479103684425
          ],
          [
            -1.2290575727820396,
            51.714303167536855
          ],
          [
            -1.2289643660187721,
            51.71413276344538
          ],
          [
            -1.228860430419445,
            51.71397409401834
          ],
          [
            -1.2287476100027561,
            51.713829673826694
          ],
          [
            -1.2286344543099403,
            51.71369606629014
          ],
          [
            -1.2285177782177925,
            51.71356790699065
          ],
          [
            -1.2284140102565289,
            51.71343999914825
          ],
          [
            -1.2283072248101234,
            51.71331401914358
          ],
          [
            -1.2281979247927666,
            51.71319114044309
          ],
          [
            -1.2280877865850925,
            51.71306977048516
          ],
          [
            -1.2279317993670702,
            51.712902300059795
          ],
          [
            -1.2277563661336899,
            51.7127569578588
          ],
          [
            -1.2275895662605762,
            51.7126118671149
          ],
          [
            -1.227414719760418,
            51.71248571947217
          ],
          [
            -1.227244483307004,
            51.71237382106483
          ],
          [
            -1.227007694542408,
            51.71228790655732
          ],
          [
            -1.226764703169465,
            51.71235412359238
          ],
          [
            -1.2266129907220602,
            51.71245847828686
          ],
          [
            -1.2264332827180624,
            51.712565599009395
          ],
          [
            -1.2261735275387764,
            51.71260675415397
          ],
          [
            -1.2258876208215952,
            51.712569957599044
          ],
          [
            -1.2256322242319584,
            51.71249217353761
          ],
          [
            -1.2254577968269587,
            51.71238077804446
          ],
          [
            -1.2253190763294697,
            51.71224289573729
          ],
          [
            -1.2251612450927496,
            51.71213049441576
          ],
          [
            -1.2251939345151186,
            51.712092608213425
          ]
        ]
      },
      "properties": {
        "name": "2023-09-06 (Wed) 21:37",
        "source_file": "2023-09-06-203718-ELEMNT_ROAM_A974-38-0.fit",
        "date": "2023-09-06T20:37:18",
        "sport": "cycling",
        "dropbox_id": "id:JY-PzzIM9pcAAAAAAAAA7g"
      }
    },
    {
      "type": "Feature",
      "geometry": {
        "type": "LineString",
        "coordinates": [
          [
            -1.2252399511635303,
            51.712085735052824
          ],
          [
            -1.2253337446600199,
            51.71222194097936
          ],
          [
            -1.2254616525024176,
            51.712347837165
          ],
          [
            -1.225664997473359,
            51.71246719546616
          ],
          [
            -1.2258836813271046,
            51.71254095621407
          ],
          [
            -1.2261399999260902,
            51.71257113106549
          ],
          [
            -1.2263829074800014,
            51.7125669401139
          ],
          [
            -1.2265974003821611,
            51.712459148839116
          ],
          [
            -1.2267705705016851,
            51.712354961782694
          ],
          [
            -1.2269220314919949,
            51.712252870202065
          ],
          [
            -1.2271692138165236,
            51.7122701369226
          ],
          [
            -1.2273470778018236,
            51.71236292459071
          ],
          [
            -1.227520164102316,
            51.71248873695731
          ],
          [
            -1.2276874668896198,
            51.712624272331595
          ],
          [
            -1.2278645765036345,
            51.71276366338134
          ],
          [
            -1.2280271854251623,
            51.71291026286781
          ],
          [
            -1.2281438615173101,
            51.71303045935929
          ],
          [
            -1.2282556761056185,
            51.71314864419401
          ],
          [
            -1.228365646675229,
            51.71326599083841
          ],
          [
            -1.2285092286765575,
            51.71341946348548
          ],
          [
            -1.2286461889743805,
            51.71356497332454
          ],
          [
            -1.2287688162177801,
            51.71369405463338
          ],
          [
            -1.2288899347186089,
            51.71382715925574
          ],
          [
            -1.228993283584714,
            51.71396529302001
          ],
          [
            -1.2290815450251102,
            51.71411004848778
          ],
          [
            -1.2291656155139208,
            51.71425011008978
          ],
          [
            -1.2292273063212633,
            51.71439905650914
          ],
          [
            -1.2292820401489735,
            51.71453995630145
          ],
          [
            -1.2293223571032286,
            51.71468739397824
          ],
          [
            -1.2293435633182526,
            51.7148342449218
          ],
          [
            -1.2293617520481348,
            51.71497983857989
          ],
          [
            -1.2293615005910397,
            51.71513414941728
          ],
          [
            -1.2293514423072338,
            51.71528787352145
          ],
          [
            -1.2293179985135794,
            51.715437239035964
          ],
          [
            -1.2292855605483055,
            51.71559180133045
          ],
          [
            -1.229240046814084,
            51.71574041247368
          ],
          [
            -1.2291857320815325,
            51.71588357537985
          ],
          [
            -1.2291304115206003,
            51.71602866612375
          ],
          [
            -1.229061596095562,
            51.716167805716395
          ],
          [
            -1.228990349918604,
            51.71630728058517
          ],
          [
            -1.228913152590394,
            51.71645287424326
          ],
          [
            -1.2288362067192793,
            51.716594863682985
          ],
          [
            -1.2287651281803846,
            51.71673106960952
          ],
          [
            -1.2286846619099379,
            51.71686928719282
          ],
          [
            -1.2286084704101086,
            51.71700934879482
          ],
          [
            -1.2285243161022663,
            51.717143543064594
          ],
          [
            -1.228443430736661,
            51.717273127287626
          ],
          [
            -1.2283705081790686,
            51.71741888858378
          ],
          [
            -1.228288197889924,
            51.717551071196795
          ],
          [
            -1.228206641972065,
            51.71768945641816
          ],
          [
            -1.2281284388154745,
            51.717828679829836
          ],
          [
            -1.2280269339680672,
            51.717962455004454
          ],
          [
            -1.2279266025871038,
            51.71810192987323
          ],
          [
            -1.2277979403734207,
            51.71824232675135
          ],
          [
            -1.22765620239079,
            51.71838196925819
          ],
          [
            -1.2275138776749372,
            51.718528904020786
          ],
          [
            -1.2273732293397188,
            51.718673408031464
          ],
          [
            -1.2272346764802933,
            51.71881657093763
          ],
          [
            -1.2271061819046736,
            51.71894690953195
          ],
          [
            -1.226990008726716,
            51.71906182542443
          ],
          [
            -1.2268314231187105,
            51.71919375658035
          ],
          [
            -1.2266497034579515,
            51.719308756291866
          ],
          [
            -1.2264715880155563,
            51.71941118314862
          ],
          [
            -1.2262954842299223,
            51.719531044363976
          ],
          [
            -1.2261378206312656,
            51.71967018395662
          ],
          [
            -1.2260067276656628,
            51.71979130245745
          ],
          [
            -1.2258530873805285,
            51.719912672415376
          ],
          [
            -1.2256972678005695,
            51.72004493884742
          ],
          [
            -1.2255444657057524,
            51.72016991302371
          ],
          [
            -1.2253997940570116,
            51.72028759494424
          ],
          [
            -1.2252520211040974,
            51.72040142118931
          ],
          [
            -1.2251056730747223,
            51.720503848046064
          ],
          [
            -1.2249523680657148,
            51.72060342505574
          ],
          [
            -1.2247583270072937,
            51.7207370325923
          ],
          [
            -1.2245635315775871,
            51.72087441198528
          ],
          [
            -1.224376279860735,
            51.721008187159896
          ],
          [
            -1.2242133356630802,
            51.72112125903368
          ],
          [
            -1.2241089809685946,
            51.72124329954386
          ],
          [
            -1.224059108644724,
            51.72138076275587
          ],
          [
            -1.2240125890821218,
            51.72152283601463
          ],
          [
            -1.2239816598594189,
            51.72166457399726
          ],
          [
            -1.2239670753479004,
            51.72180731780827
          ],
          [
            -1.2240000162273645,
            51.721954084932804
          ],
          [
            -1.2240016087889671,
            51.72211853787303
          ],
          [
            -1.2240068055689335,
            51.722285924479365
          ],
          [
            -1.224015187472105,
            51.72245456837118
          ],
          [
            -1.2240234855562449,
            51.72262178733945
          ],
          [
            -1.2240209709852934,
            51.7227971367538
          ],
          [
            -1.2240118347108364,
            51.72296619974077
          ],
          [
            -1.2240256648510695,
            51.72313283197582
          ],
          [
            -1.2240330409258604,
            51.72330684028566
          ],
          [
            -1.2240094039589167,
            51.723442040383816
          ],
          [
            -1.2239829171448946,
            51.72361336648464
          ],
          [
            -1.2239593639969826,
            51.723789386451244
          ],
          [
            -1.2239335477352142,
            51.7239507380873
          ],
          [
            -1.2240426801145077,
            51.72408090904355
          ],
          [
            -1.2243311014026403,
            51.72410714440048
          ],
          [
            -1.2245284114032984,
            51.724173026159406
          ],
          [
            -1.2246777769178152,
            51.724296072497964
          ],
          [
            -1.2248935271054506,
            51.7243614513427
          ],
          [
            -1.2251265440136194,
            51.72427595593035
          ],
          [
            -1.2253583874553442,
            51.72421443276107
          ],
          [
            -1.2256036419421434,
            51.7241545021534
          ],
          [
            -1.2258592899888754,
            51.724096750840545
          ],
          [
            -1.226093815639615,
            51.72405023127794
          ],
          [
            -1.22634032741189,
            51.72398225404322
          ],
          [
            -1.2265442591160536,
            51.72393280081451
          ],
          [
            -1.2267499510198832,
            51.72388385049999
          ],
          [
            -1.2269688863307238,
            51.72383640892804
          ],
          [
            -1.2271789368242025,
            51.72377999871969
          ],
          [
            -1.2273858860135078,
            51.72373431734741
          ],
          [
            -1.2275961879640818,
            51.72368763014674
          ],
          [
            -1.2278206553310156,
            51.72362694516778
          ],
          [
            -1.2280512414872646,
            51.72356785275042
          ],
          [
            -1.2282892037183046,
            51.72349316999316
          ],
          [
            -1.2285119108855724,
            51.723428796976805
          ],
          [
            -1.2287248950451612,
            51.72336744144559
          ],
          [
            -1.228939052671194,
            51.723301811143756
          ],
          [
            -1.2291592452675104,
            51.723228972405195
          ],
          [
            -1.2293838802725077,
            51.72314993105829
          ],
          [
            -1.229611448943615,
            51.72308128327131
          ],
          [
            -1.2298360001295805,
            51.72301573678851
          ],
          [
            -1.230049068108201,
            51.722950860857964
          ],
          [
            -1.230246713384986,
            51.7228833027184
          ],
          [
            -1.2304527405649424,
            51.7228262219578
          ],
          [
            -1.2306635454297066,
            51.72277341596782
          ],
          [
            -1.2308840733021498,
            51.72273066826165
          ],
          [
            -1.2311140727251768,
            51.72268540598452
          ],
          [
            -1.2313380371779203,
            51.72265120781958
          ],
          [
            -1.2315716408193111,
            51.72262078151107
          ],
          [
            -1.2318253610283136,
            51.72259001992643
          ],
          [
            -1.2320801708847284,
            51.72255523502827
          ],
          [
            -1.2323299515992403,
            51.72251391224563
          ],
          [
            -1.2325614597648382,
            51.722494550049305
          ],
          [
            -1.2328160181641579,
            51.722452472895384
          ],
          [
            -1.2330794613808393,
            51.72239840961993
          ],
          [
            -1.2333350256085396,
            51.7223478667438
          ],
          [
            -1.2335815373808146,
            51.72229195944965
          ],
          [
            -1.2338318210095167,
            51.72225189395249
          ],
          [
            -1.2340798415243626,
            51.722263880074024
          ],
          [
            -1.2343354057520628,
            51.72227963805199
          ],
          [
            -1.2345916405320168,
            51.722302520647645
          ],
          [
            -1.234854832291603,
            51.72233311459422
          ],
          [
            -1.2350989133119583,
            51.72235901467502
          ],
          [
            -1.2353395577520132,
            51.72240385785699
          ],
          [
            -1.2355296593159437,
            51.72248415648937
          ],
          [
            -1.2357162404805422,
            51.722567388787866
          ],
          [
            -1.2358955293893814,
            51.72264777123928
          ],
          [
            -1.2361301388591528,
            51.72275857999921
          ],
          [
            -1.23631470836699,
            51.72284164465964
          ],
          [
            -1.236506486311555,
            51.7229300737381
          ],
          [
            -1.2367074843496084,
            51.72301766462624
          ],
          [
            -1.2369086500257254,
            51.72311204485595
          ],
          [
            -1.2371203768998384,
            51.72320868819952
          ],
          [
            -1.2373295053839684,
            51.723304660990834
          ],
          [
            -1.237548692151904,
            51.723403399810195
          ],
          [
            -1.2377665378153324,
            51.72350247390568
          ],
          [
            -1.2379755824804306,
            51.72360146418214
          ],
          [
            -1.238201642408967,
            51.7237052321434
          ],
          [
            -1.2384268641471863,
            51.72380765900016
          ],
          [
            -1.238650158047676,
            51.72391117550433
          ],
          [
            -1.2388693448156118,
            51.724021565169096
          ],
          [
            -1.23907838948071,
            51.72411669977009
          ],
          [
            -1.2393070477992296,
            51.72421778552234
          ],
          [
            -1.2395382206887007,
            51.72432373277843
          ],
          [
            -1.2397780269384384,
            51.72443009912968
          ],
          [
            -1.2400216050446033,
            51.72454082407057
          ],
          [
            -1.2402707152068615,
            51.72465632669628
          ],
          [
            -1.2405165564268827,
            51.72476948238909
          ],
          [
            -1.2407735455781221,
            51.72488423064351
          ],
          [
            -1.2410150282084942,
            51.72499302774668
          ],
          [
            -1.2412570975720882,
            51.72510551288724
          ],
          [
            -1.2415012624114752,
            51.72521204687655
          ],
          [
            -1.2417381349951029,
            51.72532210126519
          ],
          [
            -1.2419703137129545,
            51.725431736558676
          ],
          [
            -1.242207521572709,
            51.72553977929056
          ],
          [
            -1.2424339167773724,
            51.725647235289216
          ],
          [
            -1.2426564563065767,
            51.725749745965004
          ],
          [
            -1.242881678044796,
            51.72584882006049
          ],
          [
            -1.2430986016988754,
            51.725951079279184
          ],
          [
            -1.2433179561048746,
            51.726054679602385
          ],
          [
            -1.2435328681021929,
            51.726150484755635
          ],
          [
            -1.2437423318624496,
            51.72624788247049
          ],
          [
            -1.2439505383372307,
            51.72634821385145
          ],
          [
            -1.2441571522504091,
            51.726439744234085
          ],
          [
            -1.2443648558109999,
            51.726534962654114
          ],
          [
            -1.2445686198771,
            51.72662607394159
          ],
          [
            -1.2447743117809296,
            51.72672531567514
          ],
          [
            -1.2449848651885986,
            51.72682095319033
          ],
          [
            -1.2451948318630457,
            51.72691625542939
          ],
          [
            -1.245402954518795,
            51.72701113857329
          ],
          [
            -1.2456106580793858,
            51.72710610553622
          ],
          [
            -1.2458189483731985,
            51.72719822265208
          ],
          [
            -1.2460185214877129,
            51.72728958539665
          ],
          [
            -1.246207533404231,
            51.727373991161585
          ],
          [
            -1.2463864032179117,
            51.7274594027549
          ],
          [
            -1.2465531192719936,
            51.727554285898805
          ],
          [
            -1.2466969527304173,
            51.72766459174454
          ],
          [
            -1.2468209210783243,
            51.72779702581465
          ],
          [
            -1.2469583842903376,
            51.72793289646506
          ],
          [
            -1.2470976077020168,
            51.72806801274419
          ],
          [
            -1.247245967388153,
            51.72820505686104
          ],
          [
            -1.2474145274609327,
            51.72833045013249
          ],
          [
            -1.2475778069347143,
            51.72843614593148
          ],
          [
            -1.247669169679284,
            51.72855977900326
          ],
          [
            -1.247727507725358,
            51.72872783616185
          ],
          [
            -1.2477787211537361,
            51.72889580950141
          ],
          [
            -1.2478172779083252,
            51.72907518222928
          ],
          [
            -1.2478493805974722,
            51.72921448945999
          ],
          [
            -1.2478805612772703,
            51.72935555689037
          ],
          [
            -1.2479073833674192,
            51.72950768843293
          ],
          [
            -1.247927164658904,
            51.729659819975495
          ],
          [
            -1.2479541543871164,
            51.72981706447899
          ],
          [
            -1.2479792162775993,
            51.7299825232476
          ],
          [
            -1.2480027694255114,
            51.73014379106462
          ],
          [
            -1.2480280827730894,
            51.73030799254775
          ],
          [
            -1.2480627000331879,
            51.73047219403088
          ],
          [
            -1.2480931263417006,
            51.73063094727695
          ],
          [
            -1.2481279112398624,
            51.73078718595207
          ],
          [
            -1.2481717485934496,
            51.73093688674271
          ],
          [
            -1.2482120655477047,
            51.73108424060047
          ],
          [
            -1.248259423300624,
            51.731220530346036
          ],
          [
            -1.2482969742268324,
            51.73135916702449
          ],
          [
            -1.2483504507690668,
            51.73149973154068
          ],
          [
            -1.2484317552298307,
            51.73163275234401
          ],
          [
            -1.2485687155276537,
            51.73175236210227
          ],
          [
            -1.248670807108283,
            51.73187339678407
          ],
          [
            -1.2487374432384968,
            51.732003316283226
          ],
          [
            -1.2487952783703804,
            51.73213600181043
          ],
          [
            -1.2488642614334822,
            51.73229324631393
          ],
          [
            -1.2489557079970837,
            51.732453759759665
          ],
          [
            -1.2490167282521725,
            51.73260857351124
          ],
          [
            -1.2490468192845583,
            51.73275877721608
          ],
          [
            -1.2491079233586788,
            51.732889199629426
          ],
          [
            -1.2491983640938997,
            51.73301828093827
          ],
          [
            -1.2494394276291132,
            51.733100675046444
          ],
          [
            -1.249561971053481,
            51.73324157483876
          ],
          [
            -1.2496408447623253,
            51.73337166197598
          ],
          [
            -1.249723406508565,
            51.73350594006479
          ],
          [
            -1.2498408369719982,
            51.73366863280535
          ],
          [
            -1.2499490473419428,
            51.73381397500634
          ],
          [
            -1.2500311061739922,
            51.73394137993455
          ],
          [
            -1.250132191926241,
            51.73408856615424
          ],
          [
            -1.250230260193348,
            51.73424480482936
          ],
          [
            -1.2503211200237274,
            51.73441495746374
          ],
          [
            -1.2503877561539412,
            51.73454814590514
          ],
          [
            -1.2504516262561083,
            51.73467923887074
          ],
          [
            -1.2505207769572735,
            51.734814355149865
          ],
          [
            -1.250610714778304,
            51.73498651944101
          ],
          [
            -1.2506824638694525,
            51.73511954024434
          ],
          [
            -1.250751782208681,
            51.735248286277056
          ],
          [
            -1.2508403789252043,
            51.73540930263698
          ],
          [
            -1.2509240303188562,
            51.735580544918776
          ],
          [
            -1.2510013952851295,
            51.735714906826615
          ],
          [
            -1.2510773353278637,
            51.73584792762995
          ],
          [
            -1.251152353361249,
            51.7359849717468
          ],
          [
            -1.2512273713946342,
            51.736122351139784
          ],
          [
            -1.2513028923422098,
            51.73626098781824
          ],
          [
            -1.2513723783195019,
            51.73639333806932
          ],
          [
            -1.2514474801719189,
            51.73653029836714
          ],
          [
            -1.2515256833285093,
            51.736664241179824
          ],
          [
            -1.2516009528189898,
            51.73679734580219
          ],
          [
            -1.2516791559755802,
            51.736931623890996
          ],
          [
            -1.2517579458653927,
            51.73706573434174
          ],
          [
            -1.2518350593745708,
            51.73720512539148
          ],
          [
            -1.2519132625311613,
            51.73734962940216
          ],
          [
            -1.25199138186872,
            51.73748893663287
          ],
          [
            -1.2520769611001015,
            51.737626902759075
          ],
          [
            -1.2521673180162907,
            51.73776235431433
          ],
          [
            -1.2522542383521795,
            51.73789990134537
          ],
          [
            -1.2523426674306393,
            51.73804147168994
          ],
          [
            -1.2524315156042576,
            51.73817960545421
          ],
          [
            -1.2525185197591782,
            51.738321175798774
          ],
          [
            -1.2526130676269531,
            51.73845721408725
          ],
          [
            -1.2527069449424744,
            51.73859501257539
          ],
          [
            -1.2528005708009005,
            51.738725351169705
          ],
          [
            -1.2528968788683414,
            51.73885862343013
          ],
          [
            -1.2529955338686705,
            51.73899918794632
          ],
          [
            -1.2530956137925386,
            51.73913204111159
          ],
          [
            -1.2531745713204145,
            51.739269671961665
          ],
          [
            -1.2532746512442827,
            51.739405039697886
          ],
          [
            -1.253377329558134,
            51.7395353782922
          ],
          [
            -1.2534891441464424,
            51.73966814763844
          ],
          [
            -1.2536065746098757,
            51.739795887842774
          ],
          [
            -1.2537073250859976,
            51.739930836483836
          ],
          [
            -1.253802040591836,
            51.740068048238754
          ],
          [
            -1.2538966722786427,
            51.7401987221092
          ],
          [
            -1.2539918068796396,
            51.740334341302514
          ],
          [
            -1.2540891207754612,
            51.74045923165977
          ],
          [
            -1.2541819922626019,
            51.74059443175793
          ],
          [
            -1.2542763724923134,
            51.74073030240834
          ],
          [
            -1.2543786317110062,
            51.740862652659416
          ],
          [
            -1.2544777058064938,
            51.74099768511951
          ],
          [
            -1.2545756064355373,
            51.74114369787276
          ],
          [
            -1.2546652927994728,
            51.7412778083235
          ],
          [
            -1.2547423224896193,
            51.741413343697786
          ],
          [
            -1.2548211123794317,
            51.741551561281085
          ],
          [
            -1.2549045961350203,
            51.74169262871146
          ],
          [
            -1.254994198679924,
            51.74182933755219
          ],
          [
            -1.2550791911780834,
            51.74197384156287
          ],
          [
            -1.2551640998572111,
            51.7421118915081
          ],
          [
            -1.2552443146705627,
            51.74224910326302
          ],
          [
            -1.2553277984261513,
            51.74238681793213
          ],
          [
            -1.2554086837917566,
            51.74252721481025
          ],
          [
            -1.2554861325770617,
            51.74267280846834
          ],
          [
            -1.2555552832782269,
            51.742816558107734
          ],
          [
            -1.255630636587739,
            51.74296290613711
          ],
          [
            -1.2556974403560162,
            51.74311160109937
          ],
          [
            -1.2557848636060953,
            51.74328493885696
          ],
          [
            -1.2558580376207829,
            51.74342709593475
          ],
          [
            -1.25592777505517,
            51.74357956275344
          ],
          [
            -1.255974043160677,
            51.743716606870294
          ],
          [
            -1.2560127675533295,
            51.74387318082154
          ],
          [
            -1.2560420203953981,
            51.74401123076677
          ],
          [
            -1.2560504861176014,
            51.74415464513004
          ],
          [
            -1.2560904677957296,
            51.74429110251367
          ],
          [
            -1.256133634597063,
            51.744439965114
          ],
          [
            -1.2561576068401337,
            51.74457918852568
          ],
          [
            -1.2561970856040716,
            51.74473115243018
          ],
          [
            -1.2562306132167578,
            51.74488387070596
          ],
          [
            -1.2562548369169235,
            51.74502544105053
          ],
          [
            -1.2562450300902128,
            51.745168855413795
          ],
          [
            -1.2562554236501455,
            51.74533951096237
          ],
          [
            -1.2562652304768562,
            51.74548535607755
          ],
          [
            -1.2562769651412964,
            51.745633631944656
          ],
          [
            -1.2562934774905443,
            51.745792385190725
          ],
          [
            -1.256303871050477,
            51.74593429081142
          ],
          [
            -1.256317449733615,
            51.74607275985181
          ],
          [
            -1.2563387397676706,
            51.746217431500554
          ],
          [
            -1.256346870213747,
            51.74637065269053
          ],
          [
            -1.2563587725162506,
            51.74650845117867
          ],
          [
            -1.2563658133149147,
            51.74665102735162
          ],
          [
            -1.2564076390117407,
            51.74679326824844
          ],
          [
            -1.2564895302057266,
            51.74695068039
          ],
          [
            -1.2565320264548063,
            51.74709836952388
          ],
          [
            -1.2565345410257578,
            51.74724094569683
          ],
          [
            -1.256512999534607,
            51.74738176167011
          ],
          [
            -1.2565047852694988,
            51.74754671752453
          ],
          [
            -1.256507383659482,
            51.74771326594055
          ],
          [
            -1.2565516401082277,
            51.74788056872785
          ],
          [
            -1.2565927952528,
            51.74804275855422
          ],
          [
            -1.256619282066822,
            51.748210564255714
          ],
          [
            -1.256632274016738,
            51.74836093559861
          ],
          [
            -1.256650798022747,
            51.74851315096021
          ],
          [
            -1.256669070571661,
            51.748664947226644
          ],
          [
            -1.2566984072327614,
            51.74880802631378
          ],
          [
            -1.2567219603806734,
            51.74894758500159
          ],
          [
            -1.2567340303212404,
            51.749093011021614
          ],
          [
            -1.2567619420588017,
            51.74922971986234
          ],
          [
            -1.256770407781005,
            51.74937070347369
          ],
          [
            -1.256802510470152,
            51.74951017834246
          ],
          [
            -1.2568491138517857,
            51.74964286386967
          ],
          [
            -1.2568773608654737,
            51.74981829710305
          ],
          [
            -1.2569004110991955,
            51.74997872672975
          ],
          [
            -1.2569101341068745,
            51.75013789907098
          ],
          [
            -1.256935866549611,
            51.75029925070703
          ],
          [
            -1.256951205432415,
            51.750462194904685
          ],
          [
            -1.2569967191666365,
            51.75062304362655
          ],
          [
            -1.257064025849104,
            51.75077458843589
          ],
          [
            -1.2571454141288996,
            51.750919511541724
          ],
          [
            -1.2572174984961748,
            51.75107675604522
          ],
          [
            -1.257306095212698,
            51.75122167915106
          ],
          [
            -1.2573951948434114,
            51.75136559642851
          ],
          [
            -1.257488066330552,
            51.751507418230176
          ],
          [
            -1.2575577199459076,
            51.7516406904906
          ],
          [
            -1.257661236450076,
            51.75180028192699
          ],
          [
            -1.25767657533288,
            51.75195727497339
          ],
          [
            -1.2574956938624382,
            51.75203824415803
          ],
          [
            -1.257265442982316,
            51.75209507346153
          ],
          [
            -1.2570170871913433,
            51.75212583504617
          ],
          [
            -1.2567484471946955,
            51.752157183364034
          ],
          [
            -1.2564892787486315,
            51.752201775088906
          ],
          [
            -1.256242012605071,
            51.752243768423796
          ],
          [
            -1.255991980433464,
            51.75226656720042
          ],
          [
            -1.2558919843286276,
            51.7524179443717
          ],
          [
            -1.2559087481349707,
            51.75256219692528
          ],
          [
            -1.2559467181563377,
            51.75270527601242
          ],
          [
            -1.256008492782712,
            51.75286000594497
          ],
          [
            -1.25609977170825,
            51.75301113165915
          ],
          [
            -1.2561969179660082,
            51.75315806642175
          ],
          [
            -1.256275037303567,
            51.753299636766315
          ],
          [
            -1.2563565094023943,
            51.75346274860203
          ],
          [
            -1.2564319465309381,
            51.7536164727062
          ],
          [
            -1.25651266425848,
            51.75377732142806
          ],
          [
            -1.2565983273088932,
            51.75392677076161
          ],
          [
            -1.2566509656608105,
            51.75409005023539
          ],
          [
            -1.2566900253295898,
            51.75423891283572
          ],
          [
            -1.2565667275339365,
            51.75435768440366
          ],
          [
            -1.25632893294096,
            51.75437503494322
          ],
          [
            -1.2560795713216066,
            51.75438031554222
          ],
          [
            -1.255825012922287,
            51.754421973600984
          ],
          [
            -1.2555733881890774,
            51.75447603687644
          ],
          [
            -1.2553480826318264,
            51.75454183481634
          ],
          [
            -1.2551376968622208,
            51.75461777485907
          ],
          [
            -1.2549291551113129,
            51.75469304434955
          ],
          [
            -1.254751794040203,
            51.75478180870414
          ],
          [
            -1.2545746006071568,
            51.75487753003836
          ],
          [
            -1.254589855670929,
            51.7550478503108
          ],
          [
            -1.25469203107059,
            51.75520299933851
          ],
          [
            -1.2547931168228388,
            51.75537625327706
          ],
          [
            -1.2548783607780933,
            51.755509693175554
          ],
          [
            -1.2549619283527136,
            51.75563609227538
          ],
          [
            -1.2550439033657312,
            51.755765341222286
          ],
          [
            -1.2551265489310026,
            51.75589157268405
          ],
          [
            -1.2552131339907646,
            51.756027610972524
          ],
          [
            -1.255332324653864,
            51.756185442209244
          ],
          [
            -1.2554179038852453,
            51.75631091929972
          ],
          [
            -1.2555003818124533,
            51.75643723458052
          ],
          [
            -1.2555878888815641,
            51.756569501012564
          ],
          [
            -1.2556720431894064,
            51.75669673830271
          ],
          [
            -1.2557657528668642,
            51.75683462060988
          ],
          [
            -1.255854433402419,
            51.75696956925094
          ],
          [
            -1.2559523340314627,
            51.75712153315544
          ],
          [
            -1.256037661805749,
            51.75725639797747
          ],
          [
            -1.2561484705656767,
            51.757410960271955
          ],
          [
            -1.2562374025583267,
            51.75754909403622
          ],
          [
            -1.256329771131277,
            51.75771069712937
          ],
          [
            -1.256422558799386,
            51.757869785651565
          ],
          [
            -1.256506210193038,
            51.757997777312994
          ],
          [
            -1.2565687391906977,
            51.75813741981983
          ],
          [
            -1.2566344533115625,
            51.75827161408961
          ],
          [
            -1.2567102257162333,
            51.75840605981648
          ],
          [
            -1.2568028457462788,
            51.758575877174735
          ],
          [
            -1.2568814679980278,
            51.75870906561613
          ],
          [
            -1.2569540552794933,
            51.758843678981066
          ],
          [
            -1.2570196855813265,
            51.758982483297586
          ],
          [
            -1.25711465254426,
            51.759152719751
          ],
          [
            -1.2571898382157087,
            51.75929085351527
          ],
          [
            -1.2572684604674578,
            51.75941817462444
          ],
          [
            -1.2573822867125273,
            51.75957642495632
          ],
          [
            -1.2575749028474092,
            51.759669464081526
          ],
          [
            -1.257832059636712,
            51.75962705165148
          ],
          [
            -1.2580924853682518,
            51.75957734696567
          ],
          [
            -1.2583543360233307,
            51.759512135758996
          ],
          [
            -1.2585622072219849,
            51.75947072915733
          ],
          [
            -1.2588246446102858,
            51.75942479632795
          ],
          [
            -1.2590823043137789,
            51.75937106832862
          ],
          [
            -1.2593341805040836,
            51.759321028366685
          ],
          [
            -1.2595735676586628,
            51.75927249714732
          ],
          [
            -1.2597816903144121,
            51.75922991707921
          ],
          [
            -1.2598212528973818,
            51.759084491059184
          ],
          [
            -1.2598576303571463,
            51.75891023129225
          ],
          [
            -1.259877411648631,
            51.758751813322306
          ],
          [
            -1.2598614860326052,
            51.75859129987657
          ],
          [
            -1.2598516792058945,
            51.75842718221247
          ],
          [
            -1.2598445545881987,
            51.75827697850764
          ],
          [
            -1.259831227362156,
            51.75813356414437
          ],
          [
            -1.2598159722983837,
            51.7579888086766
          ],
          [
            -1.2597942631691694,
            51.757845897227526
          ],
          [
            -1.2597362603992224,
            51.75770935602486
          ],
          [
            -1.2596179079264402,
            51.757579017430544
          ],
          [
            -1.2595218513160944,
            51.75744356587529
          ],
          [
            -1.2594717275351286,
            51.75730409100652
          ],
          [
            -1.2594252079725266,
            51.75717140547931
          ],
          [
            -1.2593902554363012,
            51.75703628920019
          ],
          [
            -1.2593624275177717,
            51.75689882598817
          ],
          [
            -1.2593351025134325,
            51.756732696667314
          ],
          [
            -1.2592902593314648,
            51.75658978521824
          ],
          [
            -1.2592009920626879,
            51.756462547928095
          ],
          [
            -1.2591427378356457,
            51.75631100311875
          ],
          [
            -1.259090518578887,
            51.75616532564163
          ],
          [
            -1.2590534705668688,
            51.7560045607388
          ],
          [
            -1.2590123154222965,
            51.75585804507136
          ]
        ]
      },
      "properties": {
        "name": "2023-09-08 (Fri) 16:19",
        "source_file": "2023-09-08-151915-ELEMNT_ROAM_A974-39-0.fit",
        "date": "2023-09-08T15:19:15",
        "sport": "cycling",
        "dropbox_id": "id:JY-PzzIM9pcAAAAAAAAA7w"
      }
    },
    {
      "type": "Feature",
      "geometry": {
        "type": "LineString",
        "coordinates": [
          [
            -1.2593516148626804,
            51.755416905507445
          ],
          [
            -1.2592326756566763,
            51.75530173815787
          ],
          [
            -1.2591243814677,
            51.755175925791264
          ],
          [
            -1.2589595094323158,
            51.75506536848843
          ],
          [
            -1.258831350132823,
            51.75491684116423
          ],
          [
            -1.2587311025708914,
            51.75479421392083
          ],
          [
            -1.2586324475705624,
            51.75464426167309
          ],
          [
            -1.2585865147411823,
            51.754496823996305
          ],
          [
            -1.258546533063054,
            51.75435961224139
          ],
          [
            -1.2584269233047962,
            51.754241678863764
          ],
          [
            -1.258206982165575,
            51.754269087687135
          ],
          [
            -1.2579910643398762,
            51.75429901108146
          ],
          [
            -1.257772296667099,
            51.75433387979865
          ],
          [
            -1.257559396326542,
            51.75436422228813
          ],
          [
            -1.257324367761612,
            51.75438727252185
          ],
          [
            -1.2570789456367493,
            51.754413759335876
          ],
          [
            -1.2568390555679798,
            51.754408814013004
          ],
          [
            -1.2566974852234125,
            51.75430169329047
          ],
          [
            -1.2566123250871897,
            51.75416003912687
          ],
          [
            -1.2565190345048904,
            51.75402291119099
          ],
          [
            -1.2564306892454624,
            51.753881592303514
          ],
          [
            -1.256347456946969,
            51.7537251021713
          ],
          [
            -1.2562789767980576,
            51.75358755514026
          ],
          [
            -1.2561923917382956,
            51.75344397313893
          ],
          [
            -1.2559373304247856,
            51.753479512408376
          ],
          [
            -1.2556976918131113,
            51.753517650067806
          ],
          [
            -1.2554652616381645,
            51.75355997867882
          ],
          [
            -1.2552461586892605,
            51.75359711050987
          ],
          [
            -1.2549911811947823,
            51.75359359011054
          ],
          [
            -1.2547201942652464,
            51.75362049601972
          ],
          [
            -1.2544662225991488,
            51.75365117378533
          ],
          [
            -1.254290034994483,
            51.75377036444843
          ],
          [
            -1.2540690042078495,
            51.75386432558298
          ],
          [
            -1.2538307067006826,
            51.753837084397674
          ],
          [
            -1.2536950036883354,
            51.75370783545077
          ],
          [
            -1.2536079157143831,
            51.75355821847916
          ],
          [
            -1.2535430397838354,
            51.75339376553893
          ],
          [
            -1.25350808724761,
            51.753238029778004
          ],
          [
            -1.2534340750426054,
            51.753096459433436
          ],
          [
            -1.2533298041671515,
            51.75297140143812
          ],
          [
            -1.2532597314566374,
            51.752822203561664
          ],
          [
            -1.2533301394432783,
            51.75267778337002
          ],
          [
            -1.2535194028168917,
            51.752597568556666
          ],
          [
            -1.2537685967981815,
            51.752555491402745
          ],
          [
            -1.2540269270539284,
            51.75252531655133
          ],
          [
            -1.2542915437370539,
            51.752479299902916
          ],
          [
            -1.2545590940862894,
            51.752425990998745
          ],
          [
            -1.2547723297029734,
            51.752395229414105
          ],
          [
            -1.2550495192408562,
            51.75236119888723
          ],
          [
            -1.2553353421390057,
            51.752338064834476
          ],
          [
            -1.2556115258485079,
            51.75230009481311
          ],
          [
            -1.2558282818645239,
            51.752280900254846
          ],
          [
            -1.2561042979359627,
            51.75223899073899
          ],
          [
            -1.2563179526478052,
            51.7522123362869
          ],
          [
            -1.2565952260047197,
            51.75218928605318
          ],
          [
            -1.2568555679172277,
            51.75215508788824
          ],
          [
            -1.2570703960955143,
            51.752124577760696
          ],
          [
            -1.2572911754250526,
            51.752086356282234
          ],
          [
            -1.2575099430978298,
            51.75199809484184
          ],
          [
            -1.2574712187051773,
            51.75185292027891
          ],
          [
            -1.2574078515172005,
            51.751719396561384
          ],
          [
            -1.2573357671499252,
            51.7515854537487
          ],
          [
            -1.257245996966958,
            51.75143709406257
          ],
          [
            -1.2571607530117035,
            51.75128387287259
          ],
          [
            -1.2570809572935104,
            51.75112788565457
          ],
          [
            -1.2570028379559517,
            51.75095597282052
          ],
          [
            -1.256942069157958,
            51.75077961757779
          ],
          [
            -1.2568895984441042,
            51.75059379078448
          ],
          [
            -1.2568226270377636,
            51.75041299313307
          ],
          [
            -1.2567796278744936,
            51.750222304835916
          ],
          [
            -1.2567581702023745,
            51.75008651800454
          ],
          [
            -1.256748279556632,
            51.74989256076515
          ],
          [
            -1.2567346170544624,
            51.74975425936282
          ],
          [
            -1.2567012570798397,
            51.74961235374212
          ],
          [
            -1.2566730100661516,
            51.74947103485465
          ],
          [
            -1.256654653698206,
            51.749334912747145
          ],
          [
            -1.2566131632775068,
            51.749144392088056
          ],
          [
            -1.2565947230905294,
            51.74896812066436
          ],
          [
            -1.2565581779927015,
            51.74879578873515
          ],
          [
            -1.2565261591225863,
            51.74860987812281
          ],
          [
            -1.2564743589609861,
            51.74843771383166
          ],
          [
            -1.2564450222998857,
            51.74827435053885
          ],
          [
            -1.2564315274357796,
            51.74810972996056
          ],
          [
            -1.2564233131706715,
            51.74794510938227
          ],
          [
            -1.25642666593194,
            51.747799180448055
          ],
          [
            -1.2564197927713394,
            51.747645288705826
          ],
          [
            -1.2564016040414572,
            51.747507993131876
          ],
          [
            -1.256389869377017,
            51.74736315384507
          ],
          [
            -1.2563980836421251,
            51.74712644889951
          ],
          [
            -1.256366316229105,
            51.74695000983775
          ],
          [
            -1.2563550006598234,
            51.746810199692845
          ],
          [
            -1.25635189935565,
            51.746664606034756
          ],
          [
            -1.2563549168407917,
            51.74652362242341
          ],
          [
            -1.2563328724354506,
            51.74638138152659
          ],
          [
            -1.2563081458210945,
            51.746237464249134
          ],
          [
            -1.2562915496528149,
            51.74608181230724
          ],
          [
            -1.2562616262584925,
            51.74591761082411
          ],
          [
            -1.2562330439686775,
            51.74574460834265
          ],
          [
            -1.2562145199626684,
            51.74555760808289
          ],
          [
            -1.2561899609863758,
            51.74537647515535
          ],
          [
            -1.2561700120568275,
            51.7451892234385
          ],
          [
            -1.2561498116701841,
            51.745005240663886
          ],
          [
            -1.2561196368187666,
            51.7448213417083
          ],
          [
            -1.2560882046818733,
            51.74463953822851
          ],
          [
            -1.2560549285262823,
            51.74446075223386
          ],
          [
            -1.2560231611132622,
            51.74428481608629
          ],
          [
            -1.255982844159007,
            51.74410443753004
          ],
          [
            -1.2559329718351364,
            51.74392548389733
          ],
          [
            -1.255883015692234,
            51.74375449307263
          ],
          [
            -1.255825012922287,
            51.743579898029566
          ],
          [
            -1.2557576224207878,
            51.74341393634677
          ],
          [
            -1.255689561367035,
            51.74325468018651
          ],
          [
            -1.2556120287626982,
            51.74309601075947
          ],
          [
            -1.2555334065109491,
            51.742935329675674
          ],
          [
            -1.255444809794426,
            51.742774564772844
          ],
          [
            -1.2553456518799067,
            51.742616733536124
          ],
          [
            -1.2552577257156372,
            51.742453537881374
          ],
          [
            -1.2551676202565432,
            51.74229704774916
          ],
          [
            -1.2550795264542103,
            51.742140892893076
          ],
          [
            -1.2549923546612263,
            51.74197979271412
          ],
          [
            -1.2549030035734177,
            51.7418322712183
          ],
          [
            -1.2548114731907845,
            51.74167603254318
          ],
          [
            -1.2547154165804386,
            51.74151308834553
          ],
          [
            -1.254612235352397,
            51.74135056324303
          ],
          [
            -1.254503857344389,
            51.7411900497973
          ],
          [
            -1.254395144060254,
            51.74103179946542
          ],
          [
            -1.2542794737964869,
            51.74085929989815
          ],
          [
            -1.254160450771451,
            51.74069417640567
          ],
          [
            -1.254038829356432,
            51.740530394017696
          ],
          [
            -1.253919219598174,
            51.74036686308682
          ],
          [
            -1.2538041360676289,
            51.74019880592823
          ],
          [
            -1.2536789942532778,
            51.740038711577654
          ],
          [
            -1.2535538524389267,
            51.73988180235028
          ],
          [
            -1.253433907404542,
            51.73972179181874
          ],
          [
            -1.253315806388855,
            51.739561865106225
          ],
          [
            -1.2532007228583097,
            51.73940520733595
          ],
          [
            -1.2530826218426228,
            51.73924159258604
          ],
          [
            -1.2529654428362846,
            51.739084515720606
          ],
          [
            -1.2528517842292786,
            51.73892601393163
          ],
          [
            -1.2527422327548265,
            51.73876424320042
          ],
          [
            -1.2526324298232794,
            51.73861186020076
          ],
          [
            -1.2525305058807135,
            51.73846266232431
          ],
          [
            -1.252427576109767,
            51.73831069841981
          ],
          [
            -1.2523326929658651,
            51.738169798627496
          ],
          [
            -1.252233199775219,
            51.73802152276039
          ],
          [
            -1.2521355506032705,
            51.73787492327392
          ],
          [
            -1.2520428467541933,
            51.73772354610264
          ],
          [
            -1.2519543338567019,
            51.73756646923721
          ],
          [
            -1.2518774718046188,
            51.73741366714239
          ],
          [
            -1.2517922278493643,
            51.73726740293205
          ],
          [
            -1.2517174612730742,
            51.73711552284658
          ],
          [
            -1.2516257632523775,
            51.73696649260819
          ],
          [
            -1.2515396811068058,
            51.73680832609534
          ],
          [
            -1.2514579575508833,
            51.73665569163859
          ],
          [
            -1.2513609789311886,
            51.73649886623025
          ],
          [
            -1.2512662634253502,
            51.73634639941156
          ],
          [
            -1.2511730566620827,
            51.73619024455547
          ],
          [
            -1.251082867383957,
            51.7360335867852
          ],
          [
            -1.250997455790639,
            51.73587642610073
          ],
          [
            -1.2509148102253675,
            51.735721193253994
          ],
          [
            -1.25083283521235,
            51.73556788824499
          ],
          [
            -1.2507483456283808,
            51.73541642725468
          ],
          [
            -1.2506623473018408,
            51.73526127822697
          ],
          [
            -1.2505829706788063,
            51.73511057160795
          ],
          [
            -1.2505016662180424,
            51.73495491966605
          ],
          [
            -1.2504115607589483,
            51.73480974510312
          ],
          [
            -1.2503282446414232,
            51.734668677672744
          ],
          [
            -1.2502356246113777,
            51.734517216682434
          ],
          [
            -1.2501000054180622,
            51.734275901690125
          ],
          [
            -1.2500030267983675,
            51.73412284813821
          ],
          [
            -1.2499188724905252,
            51.73399183899164
          ],
          [
            -1.2498224806040525,
            51.73385504633188
          ],
          [
            -1.2497240770608187,
            51.73371364362538
          ],
          [
            -1.249621482565999,
            51.73356603831053
          ],
          [
            -1.249518971890211,
            51.733419857919216
          ],
          [
            -1.249417718499899,
            51.73327527008951
          ],
          [
            -1.2493250146508217,
            51.733127580955625
          ],
          [
            -1.249238010495901,
            51.73297821544111
          ],
          [
            -1.2491546105593443,
            51.73282532952726
          ],
          [
            -1.249087555333972,
            51.732675628736615
          ],
          [
            -1.2490246910601854,
            51.7325278557837
          ],
          [
            -1.2489510979503393,
            51.73237890936434
          ],
          [
            -1.2488602381199598,
            51.732254354283214
          ],
          [
            -1.2487678695470095,
            51.73208135180175
          ],
          [
            -1.2487048376351595,
            51.73194472678006
          ],
          [
            -1.2486203480511904,
            51.73181774094701
          ],
          [
            -1.2484512012451887,
            51.731666112318635
          ],
          [
            -1.2483429070562124,
            51.73152823001146
          ],
          [
            -1.2482910230755806,
            51.731382217258215
          ],
          [
            -1.2482353672385216,
            51.731213657185435
          ],
          [
            -1.2481870036572218,
            51.731049455702305
          ],
          [
            -1.248136879876256,
            51.7308892775327
          ],
          [
            -1.2480936292558908,
            51.7307217232883
          ],
          [
            -1.2480502109974623,
            51.73055383376777
          ],
          [
            -1.2480215448886156,
            51.73038359731436
          ],
          [
            -1.2479980755597353,
            51.73021512106061
          ],
          [
            -1.2479649670422077,
            51.73005586490035
          ],
          [
            -1.2479468621313572,
            51.7299013864249
          ],
          [
            -1.2479215487837791,
            51.72973517328501
          ],
          [
            -1.2479014322161674,
            51.72957834787667
          ],
          [
            -1.2478865962475538,
            51.72941858880222
          ],
          [
            -1.2478714250028133,
            51.729265954345465
          ],
          [
            -1.247831443324685,
            51.729106195271015
          ],
          [
            -1.2477847561240196,
            51.728945933282375
          ],
          [
            -1.2477394938468933,
            51.72878483310342
          ],
          [
            -1.2476861849427223,
            51.72862524166703
          ],
          [
            -1.247581159695983,
            51.72845793887973
          ],
          [
            -1.2473931536078453,
            51.72831594944
          ],
          [
            -1.2472002021968365,
            51.72817857004702
          ],
          [
            -1.2470573745667934,
            51.72803783789277
          ],
          [
            -1.2469157204031944,
            51.72790054231882
          ],
          [
            -1.2467753235250711,
            51.72776274383068
          ],
          [
            -1.2466331664472818,
            51.72762930393219
          ],
          [
            -1.246471144258976,
            51.727519081905484
          ],
          [
            -1.2462800368666649,
            51.7274353466928
          ],
          [
            -1.2460844032466412,
            51.72734037972987
          ],
          [
            -1.2458802200853825,
            51.727241640910506
          ],
          [
            -1.2456606980413198,
            51.72714122571051
          ],
          [
            -1.2454451154917479,
            51.72704625874758
          ],
          [
            -1.2452305387705564,
            51.72694726847112
          ],
          [
            -1.2450116034597158,
            51.72684400342405
          ],
          [
            -1.2447876390069723,
            51.72674828208983
          ],
          [
            -1.244569793343544,
            51.726645436137915
          ],
          [
            -1.244346834719181,
            51.72654351219535
          ],
          [
            -1.2441301625221968,
            51.72643982805312
          ],
          [
            -1.2439085450023413,
            51.72634435817599
          ],
          [
            -1.2436954770237207,
            51.72624452970922
          ],
          [
            -1.243483331054449,
            51.72614595852792
          ],
          [
            -1.2432776391506195,
            51.72605099156499
          ],
          [
            -1.2430682592093945,
            51.72595510259271
          ],
          [
            -1.2428650818765163,
            51.72585988417268
          ],
          [
            -1.2426653411239386,
            51.72576843760908
          ],
          [
            -1.2424708809703588,
            51.725680846720934
          ],
          [
            -1.2422601599246264,
            51.72558520920575
          ],
          [
            -1.2420840561389923,
            51.72549703158438
          ],
          [
            -1.2418749276548624,
            51.72540592029691
          ],
          [
            -1.2416595965623856,
            51.72531422227621
          ],
          [
            -1.2414472829550505,
            51.725223110988736
          ],
          [
            -1.2412375677376986,
            51.72512688674033
          ],
          [
            -1.2410338874906301,
            51.72502772882581
          ],
          [
            -1.2408380024135113,
            51.72493728809059
          ],
          [
            -1.2406455539166927,
            51.724841482937336
          ],
          [
            -1.240452853962779,
            51.72475330531597
          ],
          [
            -1.2402656022459269,
            51.724665043875575
          ],
          [
            -1.2400819547474384,
            51.72457057982683
          ],
          [
            -1.2398951221257448,
            51.7244790494442
          ],
          [
            -1.2397028412669897,
            51.72440252266824
          ],
          [
            -1.239519277587533,
            51.72431845217943
          ],
          [
            -1.2393343728035688,
            51.72423530369997
          ],
          [
            -1.2391451094299555,
            51.72415089793503
          ],
          [
            -1.2389163672924042,
            51.72405140474439
          ],
          [
            -1.2387319654226303,
            51.72395937144756
          ],
          [
            -1.2385527603328228,
            51.72387672588229
          ],
          [
            -1.2383727170526981,
            51.7238003667444
          ],
          [
            -1.2381935957819223,
            51.72371679916978
          ],
          [
            -1.2380155641585588,
            51.72363222576678
          ],
          [
            -1.2378435675054789,
            51.72354815527797
          ],
          [
            -1.2376633565872908,
            51.72346802428365
          ],
          [
            -1.2374943774193525,
            51.72338076867163
          ],
          [
            -1.2373165134340525,
            51.723300302401185
          ],
          [
            -1.2370744440704584,
            51.723204497247934
          ],
          [
            -1.2368518207222223,
            51.723098047077656
          ],
          [
            -1.2366301193833351,
            51.72299888916314
          ],
          [
            -1.2364530935883522,
            51.722914818674326
          ],
          [
            -1.2362253572791815,
            51.722808200865984
          ],
          [
            -1.2359986267983913,
            51.72270141541958
          ],
          [
            -1.2357718124985695,
            51.72259831801057
          ],
          [
            -1.235540471971035,
            51.722495472058654
          ],
          [
            -1.2353234644979239,
            51.72240779735148
          ],
          [
            -1.235067481175065,
            51.72236245125532
          ],
          [
            -1.2347945664077997,
            51.72233219258487
          ],
          [
            -1.23457713983953,
            51.7223013471812
          ],
          [
            -1.2342919036746025,
            51.72227083705366
          ],
          [
            -1.2340097688138485,
            51.7222442664206
          ],
          [
            -1.2337373569607735,
            51.72226706519723
          ],
          [
            -1.23347332701087,
            51.72231676988304
          ],
          [
            -1.2332214508205652,
            51.72237016260624
          ],
          [
            -1.232962952926755,
            51.72242020256817
          ],
          [
            -1.2327005993574858,
            51.72246580012143
          ],
          [
            -1.2324535008519888,
            51.72251148149371
          ],
          [
            -1.232180753722787,
            51.7225534748286
          ],
          [
            -1.2319435458630323,
            51.72258406877518
          ],
          [
            -1.2316845450550318,
            51.72262581065297
          ],
          [
            -1.2314094509929419,
            51.72266428358853
          ],
          [
            -1.2311385478824377,
            51.722706109285355
          ],
          [
            -1.2308626994490623,
            51.72275899909437
          ],
          [
            -1.2306515593081713,
            51.72279395163059
          ],
          [
            -1.2304394971579313,
            51.722839465364814
          ],
          [
            -1.23023372143507,
            51.72290023416281
          ],
          [
            -1.230031717568636,
            51.72296578064561
          ],
          [
            -1.2298360839486122,
            51.72303417697549
          ],
          [
            -1.2296312302350998,
            51.72310693189502
          ],
          [
            -1.2294179107993841,
            51.72317197546363
          ],
          [
            -1.229219175875187,
            51.72324012033641
          ],
          [
            -1.2289896793663502,
            51.72329309396446
          ],
          [
            -1.2287789583206177,
            51.723362328484654
          ],
          [
            -1.2285698298364878,
            51.72342351637781
          ],
          [
            -1.22835592366755,
            51.72348042950034
          ],
          [
            -1.2281461246311665,
            51.723537677899
          ],
          [
            -1.2278842739760876,
            51.723613953217864
          ],
          [
            -1.2276790011674166,
            51.72367488965392
          ],
          [
            -1.2274333275854588,
            51.723712272942066
          ],
          [
            -1.227209698408842,
            51.723766420036554
          ],
          [
            -1.2269967142492533,
            51.72382350079715
          ],
          [
            -1.226762942969799,
            51.72388091683388
          ],
          [
            -1.2265424150973558,
            51.72394118271768
          ],
          [
            -1.2263003457337618,
            51.723987869918346
          ],
          [
            -1.2260862719267607,
            51.724041597917676
          ],
          [
            -1.2258716113865376,
            51.72409121878445
          ],
          [
            -1.2256151251494884,
            51.72417067922652
          ],
          [
            -1.2253784202039242,
            51.72424745745957
          ],
          [
            -1.225140793249011,
            51.72433890402317
          ],
          [
            -1.2249376997351646,
            51.72442255541682
          ],
          [
            -1.2247126456350088,
            51.72438173554838
          ],
          [
            -1.2245286628603935,
            51.7242681607604
          ],
          [
            -1.2243445962667465,
            51.72415458597243
          ],
          [
            -1.224147705361247,
            51.7240905482322
          ],
          [
            -1.2239565141499043,
            51.72402525320649
          ],
          [
            -1.2238917220383883,
            51.72387219965458
          ],
          [
            -1.2239219807088375,
            51.723712189123034
          ],
          [
            -1.2239668238908052,
            51.72352879308164
          ],
          [
            -1.2239815760403872,
            51.72339241951704
          ],
          [
            -1.2239900417625904,
            51.72325034625828
          ],
          [
            -1.223989874124527,
            51.723074996843934
          ],
          [
            -1.223958358168602,
            51.72293066047132
          ],
          [
            -1.2239652313292027,
            51.722772158682346
          ],
          [
            -1.2239632196724415,
            51.7226123996079
          ],
          [
            -1.2239566817879677,
            51.72246244736016
          ],
          [
            -1.223961627110839,
            51.72230813652277
          ],
          [
            -1.223951568827033,
            51.72215558588505
          ],
          [
            -1.2239482998847961,
            51.72199532389641
          ],
          [
            -1.223931536078453,
            51.72185794450343
          ],
          [
            -1.2239283509552479,
            51.72171352431178
          ],
          [
            -1.223925082013011,
            51.72157572582364
          ],
          [
            -1.2239282671362162,
            51.72143365256488
          ],
          [
            -1.2239408399909735,
            51.721285711973906
          ],
          [
            -1.224072938784957,
            51.72115998342633
          ],
          [
            -1.2242483720183372,
            51.7210425529629
          ],
          [
            -1.2244254816323519,
            51.720915315672755
          ],
          [
            -1.2246134039014578,
            51.72079721465707
          ],
          [
            -1.2247793655842543,
            51.720683220773935
          ],
          [
            -1.2249260488897562,
            51.72057651914656
          ],
          [
            -1.2250996381044388,
            51.720465794205666
          ],
          [
            -1.2252632528543472,
            51.72034677118063
          ],
          [
            -1.2254080083221197,
            51.72020603902638
          ],
          [
            -1.2255677673965693,
            51.72006907872856
          ],
          [
            -1.2257226649671793,
            51.71994695439935
          ],
          [
            -1.2258530873805285,
            51.7198318708688
          ],
          [
            -1.226011672988534,
            51.719688372686505
          ],
          [
            -1.226182160899043,
            51.71954688616097
          ],
          [
            -1.2263435125350952,
            51.719416631385684
          ],
          [
            -1.226525567471981,
            51.71931420452893
          ],
          [
            -1.2267294991761446,
            51.71918034553528
          ],
          [
            -1.2268768530339003,
            51.71906073577702
          ],
          [
            -1.227010628208518,
            51.718917237594724
          ],
          [
            -1.2271621730178595,
            51.71876854263246
          ],
          [
            -1.2273215129971504,
            51.71860727481544
          ],
          [
            -1.2274743989109993,
            51.71845531091094
          ],
          [
            -1.227609682828188,
            51.718325139954686
          ],
          [
            -1.22772803530097,
            51.71819924376905
          ],
          [
            -1.2278333958238363,
            51.71807862818241
          ],
          [
            -1.2279236689209938,
            51.717948289588094
          ],
          [
            -1.228001955896616,
            51.717807138338685
          ],
          [
            -1.2280883733183146,
            51.71766665764153
          ],
          [
            -1.228182753548026,
            51.71752248890698
          ],
          [
            -1.2282716855406761,
            51.7173729557544
          ],
          [
            -1.2283599469810724,
            51.71721663326025
          ],
          [
            -1.2284358870238066,
            51.717043379321694
          ],
          [
            -1.2285359669476748,
            51.71687155030668
          ],
          [
            -1.228646021336317,
            51.71669234521687
          ],
          [
            -1.2287702411413193,
            51.71650274656713
          ],
          [
            -1.2288397271186113,
            51.71637391671538
          ],
          [
            -1.2289118114858866,
            51.71623578295112
          ],
          [
            -1.2289838958531618,
            51.716093961149454
          ],
          [
            -1.2290574051439762,
            51.71595213934779
          ],
          [
            -1.2291185092180967,
            51.71580453403294
          ],
          [
            -1.229171734303236,
            51.71565977856517
          ],
          [
            -1.2292052619159222,
            51.715513933449984
          ],
          [
            -1.2292351014912128,
            51.71536557376385
          ],
          [
            -1.2292500212788582,
            51.71521277166903
          ],
          [
            -1.2292548827826977,
            51.715056700631976
          ],
          [
            -1.2292398791760206,
            51.7149000428617
          ],
          [
            -1.2292226124554873,
            51.71474673785269
          ],
          [
            -1.2291835527867079,
            51.71458136290312
          ],
          [
            -1.2291278969496489,
            51.71442319639027
          ],
          [
            -1.2290558964014053,
            51.71427374705672
          ],
          [
            -1.2289764359593391,
            51.71413058415055
          ],
          [
            -1.22888901270926,
            51.713991863653064
          ],
          [
            -1.228795051574707,
            51.713865380734205
          ],
          [
            -1.228695809841156,
            51.71374409459531
          ],
          [
            -1.2285394873470068,
            51.71357293613255
          ],
          [
            -1.2283941451460123,
            51.71341208741069
          ],
          [
            -1.2282607052475214,
            51.713252076879144
          ],
          [
            -1.2281192187219858,
            51.71310338191688
          ],
          [
            -1.2279735412448645,
            51.712956530973315
          ],
          [
            -1.2278171349316835,
            51.71281856484711
          ],
          [
            -1.2276790011674166,
            51.71269677579403
          ],
          [
            -1.2275606486946344,
            51.71257448382676
          ],
          [
            -1.227410864084959,
            51.71247540973127
          ],
          [
            -1.2272355984896421,
            51.712371138855815
          ],
          [
            -1.22701121494174,
            51.712280279025435
          ],
          [
            -1.2267896812409163,
            51.7123444005847
          ],
          [
            -1.2266356218606234,
            51.71244758181274
          ],
          [
            -1.2264746893197298,
            51.71255570836365
          ],
          [
            -1.2262575142085552,
            51.71260449104011
          ],
          [
            -1.2260218989104033,
            51.712585212662816
          ],
          [
            -1.2258017901331186,
            51.71254422515631
          ],
          [
            -1.2255738861858845,
            51.712443474680185
          ],
          [
            -1.2254275381565094,
            51.71233660541475
          ],
          [
            -1.225269790738821,
            51.71220383606851
          ],
          [
            -1.225235341116786,
            51.71208556741476
          ]
        ]
      },
      "properties": {
        "name": "2023-09-08 (Fri) 20:05",
        "source_file": "2023-09-08-190502-ELEMNT_ROAM_A974-40-0.fit",
        "date": "2023-09-08T19:05:02",
        "sport": "cycling",
        "dropbox_id": "id:JY-PzzIM9pcAAAAAAAAA8A"
      }
    },
    {
      "type": "Feature",
      "geometry": {
        "type": "LineString",
        "coordinates": [
          [
            -1.2251650169491768,
            51.71210861764848
          ],
          [
            -1.2252510990947485,
            51.71224130317569
          ],
          [
            -1.225401135161519,
            51.71236066147685
          ],
          [
            -1.2255401909351349,
            51.71246761456132
          ],
          [
            -1.2257485650479794,
            51.71256425790489
          ],
          [
            -1.2260218989104033,
            51.712628128007054
          ],
          [
            -1.2262972444295883,
            51.71264640055597
          ],
          [
            -1.2265394814312458,
            51.712584123015404
          ],
          [
            -1.226706700399518,
            51.71248714439571
          ],
          [
            -1.226881965994835,
            51.712362840771675
          ],
          [
            -1.2270835507661104,
            51.71229553408921
          ],
          [
            -1.2272660247981548,
            51.7123718932271
          ],
          [
            -1.227446822449565,
            51.7124926764518
          ],
          [
            -1.227628206834197,
            51.712626200169325
          ],
          [
            -1.2277680169790983,
            51.71274044550955
          ],
          [
            -1.2279048096388578,
            51.71285376884043
          ],
          [
            -1.2280354835093021,
            51.71297673135996
          ],
          [
            -1.22815509326756,
            51.71310044825077
          ],
          [
            -1.228275541216135,
            51.71323237940669
          ],
          [
            -1.2283976655453444,
            51.713359113782644
          ],
          [
            -1.2285233940929174,
            51.71349146403372
          ],
          [
            -1.2286439258605242,
            51.71361777931452
          ],
          [
            -1.2287822272628546,
            51.7137704975903
          ],
          [
            -1.2289145775139332,
            51.71391843818128
          ],
          [
            -1.2290241289883852,
            51.71407425776124
          ],
          [
            -1.2291163299232721,
            51.71422806568444
          ],
          [
            -1.2291890010237694,
            51.71438028104603
          ],
          [
            -1.2292448244988918,
            51.71453450806439
          ],
          [
            -1.2292903382331133,
            51.71468990854919
          ],
          [
            -1.229316908866167,
            51.71484187245369
          ],
          [
            -1.2293250393122435,
            51.714985789731145
          ],
          [
            -1.2293283082544804,
            51.715138256549835
          ],
          [
            -1.2293167412281036,
            51.71528745442629
          ],
          [
            -1.2292999774217606,
            51.715431455522776
          ],
          [
            -1.229253038764,
            51.71558450907469
          ],
          [
            -1.2292061001062393,
            51.71573814935982
          ],
          [
            -1.2291465885937214,
            51.71589698642492
          ],
          [
            -1.229083389043808,
            51.716045178472996
          ],
          [
            -1.2290128972381353,
            51.71618758700788
          ],
          [
            -1.2289449200034142,
            51.71632790006697
          ],
          [
            -1.2288681417703629,
            51.71646544709802
          ],
          [
            -1.2287948839366436,
            51.716598719358444
          ],
          [
            -1.228718189522624,
            51.716728303581476
          ],
          [
            -1.2286494579166174,
            51.716858642175794
          ],
          [
            -1.228559771552682,
            51.717018485069275
          ],
          [
            -1.2284865137189627,
            51.71714806929231
          ],
          [
            -1.2284144293516874,
            51.71727857552469
          ],
          [
            -1.228340333327651,
            51.717414278537035
          ],
          [
            -1.228268165141344,
            51.71754486858845
          ],
          [
            -1.2281944882124662,
            51.71768316999078
          ],
          [
            -1.2281193863600492,
            51.71781610697508
          ],
          [
            -1.2280239164829254,
            51.71794669702649
          ],
          [
            -1.2279294524341822,
            51.71807921491563
          ],
          [
            -1.2278004549443722,
            51.718217097222805
          ],
          [
            -1.2276553642004728,
            51.718362187966704
          ],
          [
            -1.227513626217842,
            51.718503423035145
          ],
          [
            -1.227371720597148,
            51.71864884905517
          ],
          [
            -1.2272391188889742,
            51.71878891065717
          ],
          [
            -1.2271191738545895,
            51.71891891397536
          ],
          [
            -1.2270040903240442,
            51.71903693117201
          ],
          [
            -1.22686218470335,
            51.71915536746383
          ],
          [
            -1.2267154175788164,
            51.71925821341574
          ],
          [
            -1.2265533953905106,
            51.71935745514929
          ],
          [
            -1.2263699155300856,
            51.7194761428982
          ],
          [
            -1.2262213882058859,
            51.719599440693855
          ],
          [
            -1.2260872777551413,
            51.719712344929576
          ],
          [
            -1.2259585317224264,
            51.71984008513391
          ],
          [
            -1.2258199788630009,
            51.71997210010886
          ],
          [
            -1.2256712839007378,
            51.72009556554258
          ],
          [
            -1.2255156319588423,
            51.72021819278598
          ],
          [
            -1.2253558728843927,
            51.72033880837262
          ],
          [
            -1.225203238427639,
            51.720452550798655
          ],
          [
            -1.2250507716089487,
            51.72055874951184
          ],
          [
            -1.2248849775642157,
            51.7206662055105
          ],
          [
            -1.224733181297779,
            51.72077190130949
          ],
          [
            -1.224580379202962,
            51.72087307088077
          ],
          [
            -1.224388936534524,
            51.721006175503135
          ],
          [
            -1.2242024391889572,
            51.72113634645939
          ],
          [
            -1.2240912951529026,
            51.72129216603935
          ],
          [
            -1.2240329571068287,
            51.721455780789256
          ],
          [
            -1.2239964120090008,
            51.72161612659693
          ],
          [
            -1.223971601575613,
            51.72178443521261
          ],
          [
            -1.2239950709044933,
            51.72194369137287
          ],
          [
            -1.223998423665762,
            51.72210487537086
          ],
          [
            -1.2240117508918047,
            51.72226840630174
          ],
          [
            -1.22400663793087,
            51.7224292550236
          ],
          [
            -1.2240166123956442,
            51.72257987782359
          ],
          [
            -1.2240333762019873,
            51.722739888355136
          ],
          [
            -1.2240264192223549,
            51.72288732603192
          ],
          [
            -1.2240183725953102,
            51.72303803265095
          ],
          [
            -1.2240433506667614,
            51.723195277154446
          ],
          [
            -1.2240279279649258,
            51.72334874980152
          ],
          [
            -1.224006386473775,
            51.72350071370602
          ],
          [
            -1.2239798158407211,
            51.72366851940751
          ],
          [
            -1.223951317369938,
            51.72382961958647
          ],
          [
            -1.2239422649145126,
            51.72397345304489
          ],
          [
            -1.2241323664784431,
            51.72409423626959
          ],
          [
            -1.2244134116917849,
            51.724087530747056
          ],
          [
            -1.2245973106473684,
            51.72416439279914
          ],
          [
            -1.224756147712469,
            51.72428282909095
          ],
          [
            -1.2249400466680527,
            51.72437603585422
          ],
          [
            -1.225161999464035,
            51.72431141138077
          ],
          [
            -1.225392334163189,
            51.72425827011466
          ],
          [
            -1.2256049830466509,
            51.72421225346625
          ],
          [
            -1.2258587032556534,
            51.724155424162745
          ],
          [
            -1.2260772194713354,
            51.72411720268428
          ],
          [
            -1.2262969091534615,
            51.72407143749297
          ],
          [
            -1.2265217956155539,
            51.72402190044522
          ],
          [
            -1.2267462629824877,
            51.723964819684625
          ],
          [
            -1.2269972171634436,
            51.72391880303621
          ],
          [
            -1.2272473331540823,
            51.72385384328663
          ],
          [
            -1.227450929582119,
            51.72379198484123
          ],
          [
            -1.2276999559253454,
            51.72371294349432
          ],
          [
            -1.2279169633984566,
            51.72366667538881
          ],
          [
            -1.2281896267086267,
            51.723597440868616
          ],
          [
            -1.2284162733703852,
            51.72354061156511
          ],
          [
            -1.2286519724875689,
            51.72347204759717
          ],
          [
            -1.228887252509594,
            51.72339543700218
          ],
          [
            -1.2291239574551582,
            51.72330843284726
          ],
          [
            -1.2293572258204222,
            51.72322763130069
          ],
          [
            -1.229601725935936,
            51.72314012423158
          ],
          [
            -1.2298000417649746,
            51.72307918779552
          ],
          [
            -1.230017552152276,
            51.72302604652941
          ],
          [
            -1.2302209809422493,
            51.72296058386564
          ],
          [
            -1.2304252479225397,
            51.72289612703025
          ],
          [
            -1.230642506852746,
            51.72284265048802
          ],
          [
            -1.230874853208661,
            51.722793616354465
          ],
          [
            -1.2311222031712532,
            51.72273972071707
          ],
          [
            -1.231368463486433,
            51.722701666876674
          ],
          [
            -1.231604078784585,
            51.722674844786525
          ],
          [
            -1.231825277209282,
            51.72264098189771
          ],
          [
            -1.2320785783231258,
            51.722617680206895
          ],
          [
            -1.2323303706943989,
            51.722568310797215
          ],
          [
            -1.232571266591549,
            51.72254551202059
          ],
          [
            -1.2328290939331055,
            51.72251491807401
          ],
          [
            -1.233082478865981,
            51.72246102243662
          ],
          [
            -1.233349945396185,
            51.72239597886801
          ],
          [
            -1.2336153164505959,
            51.722335293889046
          ],
          [
            -1.2339038215577602,
            51.72230537049472
          ],
          [
            -1.2342027202248573,
            51.72232439741492
          ],
          [
            -1.2345023732632399,
            51.72234761528671
          ],
          [
            -1.2347792275249958,
            51.72238550148904
          ],
          [
            -1.235058093443513,
            51.722408132627606
          ],
          [
            -1.2353349477052689,
            51.722457418218255
          ],
          [
            -1.2355682998895645,
            51.722518522292376
          ],
          [
            -1.235792012885213,
            51.7225999943912
          ],
          [
            -1.2360068410634995,
            51.722699236124754
          ],
          [
            -1.2362152989953756,
            51.722804345190525
          ],
          [
            -1.236433982849121,
            51.72290828078985
          ],
          [
            -1.2366514932364225,
            51.72301238402724
          ],
          [
            -1.2368735298514366,
            51.7231216840446
          ],
          [
            -1.2371102347970009,
            51.72322587110102
          ],
          [
            -1.2373586744070053,
            51.723335422575474
          ],
          [
            -1.2376062758266926,
            51.7234533559531
          ],
          [
            -1.237850021570921,
            51.723568020388484
          ],
          [
            -1.2380949407815933,
            51.72368369065225
          ],
          [
            -1.2383388541638851,
            51.72379173338413
          ],
          [
            -1.2385926581919193,
            51.72391025349498
          ],
          [
            -1.238859286531806,
            51.724027851596475
          ],
          [
            -1.2391130067408085,
            51.72414544969797
          ],
          [
            -1.239372594282031,
            51.72426346689463
          ],
          [
            -1.2396366242319345,
            51.724385004490614
          ],
          [
            -1.2399019114673138,
            51.72450268641114
          ],
          [
            -1.2401670310646296,
            51.72462271526456
          ],
          [
            -1.2404157221317291,
            51.72473863698542
          ],
          [
            -1.2406663410365582,
            51.72485497780144
          ],
          [
            -1.240846300497651,
            51.72493351623416
          ],
          [
            -1.2410941533744335,
            51.72504390589893
          ],
          [
            -1.2413420900702477,
            51.72515882179141
          ],
          [
            -1.2415923736989498,
            51.72527264803648
          ],
          [
            -1.241840310394764,
            51.72538538463414
          ],
          [
            -1.2420908454805613,
            51.72550088725984
          ],
          [
            -1.2423342559486628,
            51.72561613842845
          ],
          [
            -1.2425806000828743,
            51.72573113813996
          ],
          [
            -1.2428249325603247,
            51.725840689614415
          ],
          [
            -1.2430670019239187,
            51.72595577314496
          ],
          [
            -1.2433061376214027,
            51.72606633044779
          ],
          [
            -1.243546111509204,
            51.726173870265484
          ],
          [
            -1.2437835708260536,
            51.726283337920904
          ],
          [
            -1.244024969637394,
            51.72639464959502
          ],
          [
            -1.2442636862397194,
            51.72650168649852
          ],
          [
            -1.2444989662617445,
            51.726610232144594
          ],
          [
            -1.2447362579405308,
            51.72671802341938
          ],
          [
            -1.244973549619317,
            51.726825814694166
          ],
          [
            -1.2452022079378366,
            51.726932767778635
          ],
          [
            -1.245431788265705,
            51.727036368101835
          ],
          [
            -1.2456590216606855,
            51.72714265063405
          ],
          [
            -1.245876532047987,
            51.727240048348904
          ],
          [
            -1.2460852414369583,
            51.727332416921854
          ],
          [
            -1.2462817132472992,
            51.7274284735322
          ],
          [
            -1.2464738264679909,
            51.72751941718161
          ],
          [
            -1.2466376088559628,
            51.72762888483703
          ],
          [
            -1.2467754911631346,
            51.727762911468744
          ],
          [
            -1.246910523623228,
            51.72789274714887
          ],
          [
            -1.2470524292439222,
            51.72802803106606
          ],
          [
            -1.2471904791891575,
            51.728168930858374
          ],
          [
            -1.247346717864275,
            51.72829323448241
          ],
          [
            -1.2475164514034986,
            51.72840488143265
          ],
          [
            -1.2476451136171818,
            51.72851962968707
          ],
          [
            -1.2477289326488972,
            51.7286891117692
          ],
          [
            -1.2477720156311989,
            51.72886395826936
          ],
          [
            -1.247810572385788,
            51.729002175852656
          ],
          [
            -1.2478471174836159,
            51.72915103845298
          ],
          [
            -1.2478686589747667,
            51.729299733415246
          ],
          [
            -1.2478934694081545,
            51.72945882193744
          ],
          [
            -1.2479253206402063,
            51.72962352633476
          ],
          [
            -1.2479502987116575,
            51.72979979775846
          ],
          [
            -1.2479736842215061,
            51.72997531481087
          ],
          [
            -1.2480035237967968,
            51.730145551264286
          ],
          [
            -1.2480286695063114,
            51.73032207414508
          ],
          [
            -1.2480652146041393,
            51.730492981150746
          ],
          [
            -1.248098909854889,
            51.73066564835608
          ],
          [
            -1.2481388077139854,
            51.73083764500916
          ],
          [
            -1.2481805495917797,
            51.73100461252034
          ],
          [
            -1.248231427744031,
            51.731162276118994
          ],
          [
            -1.248283563181758,
            51.73133125528693
          ],
          [
            -1.2483434937894344,
            51.731487745419145
          ],
          [
            -1.2484300788491964,
            51.73163610510528
          ],
          [
            -1.248572738841176,
            51.73176686279476
          ],
          [
            -1.2486877385526896,
            51.73190130852163
          ],
          [
            -1.2487537041306496,
            51.73203365877271
          ],
          [
            -1.248805085197091,
            51.73216634429991
          ],
          [
            -1.2488666083663702,
            51.73231487162411
          ],
          [
            -1.2489686999469995,
            51.732476223260164
          ],
          [
            -1.2490299716591835,
            51.73264687880874
          ],
          [
            -1.249058386310935,
            51.732814852148294
          ],
          [
            -1.2491435464471579,
            51.732948794960976
          ],
          [
            -1.249309591948986,
            51.73306236974895
          ],
          [
            -1.2494946643710136,
            51.73318265005946
          ],
          [
            -1.2496114242821932,
            51.7333431635052
          ],
          [
            -1.24970069155097,
            51.733472077175975
          ],
          [
            -1.2497976701706648,
            51.733605936169624
          ],
          [
            -1.24990395270288,
            51.73375027254224
          ],
          [
            -1.2500050384551287,
            51.733898129314184
          ],
          [
            -1.250103274360299,
            51.73404305242002
          ],
          [
            -1.2501979898661375,
            51.734191328287125
          ],
          [
            -1.250283569097519,
            51.73433734104037
          ],
          [
            -1.2503626104444265,
            51.734491316601634
          ],
          [
            -1.2504365388303995,
            51.73464177176356
          ],
          [
            -1.2505150772631168,
            51.734794741496444
          ],
          [
            -1.2505884189158678,
            51.73494360409677
          ],
          [
            -1.2506666220724583,
            51.7350959032774
          ],
          [
            -1.25074977055192,
            51.735248286277056
          ],
          [
            -1.2508306559175253,
            51.73540293239057
          ],
          [
            -1.250918498262763,
            51.73555397428572
          ],
          [
            -1.2510024849325418,
            51.73570769838989
          ],
          [
            -1.2510877288877964,
            51.73586066812277
          ],
          [
            -1.2511746492236853,
            51.73601464368403
          ],
          [
            -1.2512623239308596,
            51.73616903834045
          ],
          [
            -1.2513404432684183,
            51.73631756566465
          ],
          [
            -1.2514256872236729,
            51.736470367759466
          ],
          [
            -1.2515123561024666,
            51.73662316985428
          ],
          [
            -1.25159558840096,
            51.73677530139685
          ],
          [
            -1.251679826527834,
            51.7369229067117
          ],
          [
            -1.2517673335969448,
            51.73708082176745
          ],
          [
            -1.2518545053899288,
            51.737234462052584
          ],
          [
            -1.25193664804101,
            51.737396232783794
          ],
          [
            -1.2520242389291525,
            51.737558003515005
          ],
          [
            -1.252119541168213,
            51.737707033753395
          ],
          [
            -1.2522165197879076,
            51.73785380087793
          ],
          [
            -1.2523134984076023,
            51.73800291493535
          ],
          [
            -1.2524094711989164,
            51.738153118640184
          ],
          [
            -1.2525007501244545,
            51.73830147832632
          ],
          [
            -1.2526010815054178,
            51.738454615697265
          ],
          [
            -1.252696132287383,
            51.738603729754686
          ],
          [
            -1.2527839746326208,
            51.73874764703214
          ],
          [
            -1.2528924364596605,
            51.7389000300318
          ],
          [
            -1.2530141416937113,
            51.73904520459473
          ],
          [
            -1.253108773380518,
            51.739182164892554
          ],
          [
            -1.2532105296850204,
            51.739327339455485
          ],
          [
            -1.2533223442733288,
            51.73947226256132
          ],
          [
            -1.2534361705183983,
            51.73961777240038
          ],
          [
            -1.2535627372562885,
            51.73975900746882
          ],
          [
            -1.2536722887307405,
            51.73990334384143
          ],
          [
            -1.2537832651287317,
            51.74004348926246
          ],
          [
            -1.2538851890712976,
            51.74018505960703
          ],
          [
            -1.2539864424616098,
            51.74032939597964
          ],
          [
            -1.2540896236896515,
            51.7404764983803
          ],
          [
            -1.2541883625090122,
            51.74061597324908
          ],
          [
            -1.2542939744889736,
            51.740754107013345
          ],
          [
            -1.254404867067933,
            51.7408980242908
          ],
          [
            -1.2545061204582453,
            51.7410447075963
          ],
          [
            -1.2546022608876228,
            51.74119013361633
          ],
          [
            -1.2546911090612411,
            51.74133589491248
          ],
          [
            -1.25478389672935,
            51.74148257821798
          ],
          [
            -1.2548703979700804,
            51.741631189361215
          ],
          [
            -1.2549553904682398,
            51.741783656179905
          ],
          [
            -1.2550423946231604,
            51.741933189332485
          ],
          [
            -1.255127303302288,
            51.742082554847
          ],
          [
            -1.2552209291607141,
            51.7422347702086
          ],
          [
            -1.2553138006478548,
            51.7423867341131
          ],
          [
            -1.2554021459072828,
            51.74253551289439
          ],
          [
            -1.2554903235286474,
            51.742688063532114
          ],
          [
            -1.2555706221610308,
            51.74284505657852
          ],
          [
            -1.2556256912648678,
            51.743010096251965
          ],
          [
            -1.2556835263967514,
            51.743164574727416
          ],
          [
            -1.255756113678217,
            51.74332207068801
          ],
          [
            -1.2558566965162754,
            51.74346565268934
          ],
          [
            -1.2559240870177746,
            51.743619879707694
          ],
          [
            -1.2559670861810446,
            51.74377603456378
          ],
          [
            -1.2560048885643482,
            51.743926322087646
          ],
          [
            -1.256041768938303,
            51.74407610669732
          ],
          [
            -1.256071776151657,
            51.744220945984125
          ],
          [
            -1.256098598241806,
            51.74437425099313
          ],
          [
            -1.2561300303786993,
            51.744518503546715
          ],
          [
            -1.2561619654297829,
            51.7446609120816
          ],
          [
            -1.2561852671205997,
            51.7448025662452
          ],
          [
            -1.2562003545463085,
            51.74494371749461
          ],
          [
            -1.256225248798728,
            51.74508503638208
          ],
          [
            -1.256236732006073,
            51.74523616209626
          ],
          [
            -1.2562500592321157,
            51.74538477323949
          ],
          [
            -1.2562652304768562,
            51.74553841352463
          ],
          [
            -1.2562767136842012,
            51.745687276124954
          ],
          [
            -1.256288280710578,
            51.74583789892495
          ],
          [
            -1.2562966626137495,
            51.74599153921008
          ],
          [
            -1.256306553259492,
            51.746146185323596
          ],
          [
            -1.256320048123598,
            51.74630041234195
          ],
          [
            -1.2563349679112434,
            51.7464482691139
          ],
          [
            -1.256346870213747,
            51.74660660326481
          ],
          [
            -1.2563850916922092,
            51.74676544032991
          ],
          [
            -1.256445860490203,
            51.74691547639668
          ],
          [
            -1.2565133348107338,
            51.747054951265454
          ],
          [
            -1.2565316073596478,
            51.74721923656762
          ],
          [
            -1.2564866803586483,
            51.74738310277462
          ],
          [
            -1.2564966548234224,
            51.74752810969949
          ],
          [
            -1.2565033603459597,
            51.74768325872719
          ],
          [
            -1.2565218843519688,
            51.747846538200974
          ],
          [
            -1.2565351277589798,
            51.74801342189312
          ],
          [
            -1.2565610278397799,
            51.74817460589111
          ],
          [
            -1.2565948907285929,
            51.74833931028843
          ],
          [
            -1.2566150911152363,
            51.748504769057035
          ],
          [
            -1.2566367164254189,
            51.748657738789916
          ],
          [
            -1.2566683162003756,
            51.748798387125134
          ],
          [
            -1.256674937903881,
            51.748950434848666
          ],
          [
            -1.2566866725683212,
            51.74909569323063
          ],
          [
            -1.2567100580781698,
            51.749233240261674
          ],
          [
            -1.2567582540214062,
            51.749400962144136
          ],
          [
            -1.2567783705890179,
            51.74957270734012
          ],
          [
            -1.2568118143826723,
            51.74973431043327
          ],
          [
            -1.2568333558738232,
            51.749894823879
          ],
          [
            -1.2568300031125546,
            51.750061959028244
          ],
          [
            -1.2568379659205675,
            51.75022238865495
          ],
          [
            -1.2568769417703152,
            51.75040167756379
          ],
          [
            -1.2569103855639696,
            51.75057736225426
          ],
          [
            -1.2569657061249018,
            51.75073008053005
          ],
          [
            -1.2570484355092049,
            51.75087542273104
          ],
          [
            -1.257152035832405,
            51.75101154483855
          ],
          [
            -1.2572221923619509,
            51.75114942714572
          ],
          [
            -1.257304586470127,
            51.75129493698478
          ],
          [
            -1.2573837954550982,
            51.75143927335739
          ],
          [
            -1.2574482522904873,
            51.75158302299678
          ],
          [
            -1.2575121223926544,
            51.75173280760646
          ],
          [
            -1.2575588934123516,
            51.75186641514301
          ],
          [
            -1.2575971148908138,
            51.7520225699991
          ],
          [
            -1.2573506031185389,
            51.75209448672831
          ],
          [
            -1.257100822404027,
            51.75214050337672
          ],
          [
            -1.2568515446037054,
            51.75218207761645
          ],
          [
            -1.2565920408815145,
            51.752231530845165
          ],
          [
            -1.2563136778771877,
            51.75226262770593
          ],
          [
            -1.2560616340488195,
            51.75229632295668
          ],
          [
            -1.2558597978204489,
            51.75235390663147
          ],
          [
            -1.2558663357049227,
            51.752518778666854
          ],
          [
            -1.2558618932962418,
            51.75269010476768
          ],
          [
            -1.2559356540441513,
            51.752849193289876
          ],
          [
            -1.256032045930624,
            51.75301808863878
          ],
          [
            -1.2561049684882164,
            51.753178015351295
          ],
          [
            -1.2561517395079136,
            51.75331891514361
          ],
          [
            -1.2562317866832018,
            51.75345252268016
          ],
          [
            -1.256307726725936,
            51.753603145480156
          ],
          [
            -1.2563964910805225,
            51.753764832392335
          ],
          [
            -1.2564834114164114,
            51.753925597295165
          ],
          [
            -1.2565582618117332,
            51.75407622009516
          ],
          [
            -1.2566352915018797,
            51.75421988591552
          ],
          [
            -1.2565816473215818,
            51.75435684621334
          ],
          [
            -1.2563416734337807,
            51.75438693724573
          ],
          [
            -1.2560580298304558,
            51.75440604798496
          ],
          [
            -1.2558395136147738,
            51.75444041378796
          ],
          [
            -1.2556217517703772,
            51.75448643043637
          ],
          [
            -1.2554157245904207,
            51.75453864969313
          ],
          [
            -1.2552209291607141,
            51.75461274571717
          ],
          [
            -1.255020685493946,
            51.75468483008444
          ],
          [
            -1.2548343557864428,
            51.754761105403304
          ],
          [
            -1.254624892026186,
            51.75487233325839
          ],
          [
            -1.2545167654752731,
            51.75500459969044
          ],
          [
            -1.2546117324382067,
            51.75516142509878
          ],
          [
            -1.254693791270256,
            51.755287824198604
          ],
          [
            -1.2547811307013035,
            51.755418414250016
          ],
          [
            -1.2548766005784273,
            51.7555489204824
          ],
          [
            -1.2549692206084728,
            51.755675319582224
          ],
          [
            -1.255060164257884,
            51.75580406561494
          ],
          [
            -1.2551384512335062,
            51.755939684808254
          ],
          [
            -1.255235681310296,
            51.75608167424798
          ],
          [
            -1.2553293909877539,
            51.756217209622264
          ],
          [
            -1.255420669913292,
            51.75635375082493
          ],
          [
            -1.2555190734565258,
            51.75649372860789
          ],
          [
            -1.2556159682571888,
            51.756631610915065
          ],
          [
            -1.2557085044682026,
            51.75677519291639
          ],
          [
            -1.255796765908599,
            51.7569200322032
          ],
          [
            -1.2558940798044205,
            51.75705439411104
          ],
          [
            -1.2560003623366356,
            51.75720644183457
          ],
          [
            -1.256101531907916,
            51.757350862026215
          ],
          [
            -1.2561982590705156,
            51.75748438574374
          ],
          [
            -1.256291214376688,
            51.757621094584465
          ],
          [
            -1.2563921324908733,
            51.757778925821185
          ],
          [
            -1.2565083894878626,
            51.75792519003153
          ],
          [
            -1.256590699777007,
            51.75806215032935
          ],
          [
            -1.2566608563065529,
            51.7582184728235
          ],
          [
            -1.256732102483511,
            51.75835912115872
          ],
          [
            -1.2567985709756613,
            51.75849214196205
          ],
          [
            -1.2568667996674776,
            51.75866346806288
          ],
          [
            -1.2569279875606298,
            51.75879975780845
          ],
          [
            -1.2569967191666365,
            51.75893814302981
          ],
          [
            -1.2570788618177176,
            51.7590990755707
          ],
          [
            -1.2571453303098679,
            51.75923218019307
          ],
          [
            -1.2572107929736376,
            51.759366542100906
          ],
          [
            -1.2572774291038513,
            51.75949956290424
          ],
          [
            -1.2574381940066814,
            51.75964473746717
          ],
          [
            -1.2576642539352179,
            51.75966979935765
          ],
          [
            -1.2579182256013155,
            51.75961690954864
          ],
          [
            -1.258136322721839,
            51.75956276245415
          ],
          [
            -1.258359868079424,
            51.759505681693554
          ],
          [
            -1.2585773784667253,
            51.75947559066117
          ],
          [
            -1.258845767006278,
            51.75943359732628
          ],
          [
            -1.2591054383665323,
            51.75937995314598
          ],
          [
            -1.2593787722289562,
            51.759334187954664
          ],
          [
            -1.259607346728444,
            51.75929630175233
          ],
          [
            -1.2598286289721727,
            51.759238466620445
          ],
          [
            -1.2598266173154116,
            51.75905934534967
          ],
          [
            -1.2598216719925404,
            51.75888776779175
          ],
          [
            -1.2598350830376148,
            51.7587417550385
          ],
          [
            -1.259823264554143,
            51.7585966642946
          ],
          [
            -1.259823264554143,
            51.75845065154135
          ],
          [
            -1.2598150502890348,
            51.75829793326557
          ],
          [
            -1.2598033994436264,
            51.75815342925489
          ],
          [
            -1.259789653122425,
            51.75800557248294
          ],
          [
            -1.2597663514316082,
            51.75786064937711
          ],
          [
            -1.259696613997221,
            51.75772846676409
          ],
          [
            -1.2595775909721851,
            51.757607432082295
          ],
          [
            -1.259486647322774,
            51.757469130679965
          ],
          [
            -1.2594269681721926,
            51.75732873380184
          ],
          [
            -1.2593765929341316,
            51.757186660543084
          ],
          [
            -1.2593450769782066,
            51.75704576075077
          ],
          [
            -1.259323200210929,
            51.75690360367298
          ],
          [
            -1.2592796981334686,
            51.75674334168434
          ],
          [
            -1.2592417281121016,
            51.756607135757804
          ],
          [
            -1.2591649498790503,
            51.75644662231207
          ],
          [
            -1.2590995710343122,
            51.75630069337785
          ],
          [
            -1.259076939895749,
            51.75615384243429
          ],
          [
            -1.2590129021555185,
            51.755995843559504
          ],
          [
            -1.2589766923338175,
            51.75590129569173
          ]
        ]
      },
      "properties": {
        "name": "2023-09-10 (Sun) 08:51",
        "source_file": "2023-09-10-075120-ELEMNT_ROAM_A974-41-0.fit",
        "date": "2023-09-10T07:51:20",
        "sport": "cycling",
        "dropbox_id": "id:JY-PzzIM9pcAAAAAAAAA8Q"
      }
    },
    {
      "type": "Feature",
      "geometry": {
        "type": "LineString",
        "coordinates": [
          [
            -1.2588649615645409,
            51.755615221336484
          ],
          [
            -1.2587875127792358,
            51.7554622516036
          ],
          [
            -1.258719116449356,
            51.755318250507116
          ],
          [
            -1.258667316287756,
            51.755173495039344
          ],
          [
            -1.2585444375872612,
            51.75504047423601
          ],
          [
            -1.2584197148680687,
            51.75489856861532
          ],
          [
            -1.2583160307258368,
            51.754743084311485
          ],
          [
            -1.2582946568727493,
            51.75458835437894
          ],
          [
            -1.2582963332533836,
            51.75444971770048
          ],
          [
            -1.2582348939031363,
            51.754313511773944
          ],
          [
            -1.2579756416380405,
            51.75433580763638
          ],
          [
            -1.2577317282557487,
            51.754387775436044
          ],
          [
            -1.2574756611138582,
            51.754403030499816
          ],
          [
            -1.2572129722684622,
            51.75443052314222
          ],
          [
            -1.2569683883339167,
            51.75442800857127
          ],
          [
            -1.2567305099219084,
            51.75441920757294
          ],
          [
            -1.2565384805202484,
            51.7543469555676
          ],
          [
            -1.2564956489950418,
            51.754193902015686
          ],
          [
            -1.2564325332641602,
            51.7540551815182
          ],
          [
            -1.2563488818705082,
            51.753907576203346
          ],
          [
            -1.2562765460461378,
            51.753774052485824
          ],
          [
            -1.2562313675880432,
            51.753631811589
          ],
          [
            -1.2561682518571615,
            51.753486301749945
          ],
          [
            -1.255940767005086,
            51.75346073694527
          ],
          [
            -1.255713952705264,
            51.753512872383
          ],
          [
            -1.2554949335753918,
            51.75355151295662
          ],
          [
            -1.2552727293223143,
            51.75355151295662
          ],
          [
            -1.2550378683954477,
            51.753568444401026
          ],
          [
            -1.2548270635306835,
            51.75362342968583
          ],
          [
            -1.2545888498425484,
            51.75365067087114
          ],
          [
            -1.25438223592937,
            51.753709092736244
          ],
          [
            -1.2541959062218666,
            51.753809256479144
          ],
          [
            -1.2539800722151995,
            51.753840604797006
          ],
          [
            -1.2537612207233906,
            51.753756534308195
          ],
          [
            -1.253666840493679,
            51.753611862659454
          ],
          [
            -1.2536188121885061,
            51.75346308387816
          ],
          [
            -1.2535466440021992,
            51.753323106095195
          ],
          [
            -1.2534890603274107,
            51.75318312831223
          ],
          [
            -1.253402391448617,
            51.753046503290534
          ],
          [
            -1.2532976176589727,
            51.75290459766984
          ],
          [
            -1.2532593961805105,
            51.752769481390715
          ],
          [
            -1.253364672884345,
            51.752648781985044
          ],
          [
            -1.2535865418612957,
            51.75256337039173
          ],
          [
            -1.2538157030940056,
            51.75250846892595
          ],
          [
            -1.254057353362441,
            51.75246966071427
          ],
          [
            -1.2542896158993244,
            51.75241987220943
          ],
          [
            -1.2545295059680939,
            51.75238567404449
          ],
          [
            -1.2547704856842756,
            51.75235684029758
          ],
          [
            -1.2550091184675694,
            51.7523452732712
          ],
          [
            -1.2552361004054546,
            51.7523109074682
          ],
          [
            -1.2554917484521866,
            51.752291880548
          ],
          [
            -1.255724849179387,
            51.75225919112563
          ],
          [
            -1.255944287404418,
            51.75221870653331
          ],
          [
            -1.2562063056975603,
            51.75219280645251
          ],
          [
            -1.256428761407733,
            51.752165984362364
          ],
          [
            -1.2566482834517956,
            51.75213932991028
          ],
          [
            -1.2568718288093805,
            51.752092726528645
          ],
          [
            -1.2570895068347454,
            51.752047799527645
          ],
          [
            -1.2573253735899925,
            51.75201963633299
          ],
          [
            -1.257509021088481,
            51.751936906948686
          ],
          [
            -1.2575049977749586,
            51.75177094526589
          ],
          [
            -1.2574057560414076,
            51.751625100150704
          ],
          [
            -1.2573189195245504,
            51.75149794667959
          ],
          [
            -1.2572418060153723,
            51.75135654397309
          ],
          [
            -1.2571584060788155,
            51.751204915344715
          ],
          [
            -1.2570874951779842,
            51.751037277281284
          ],
          [
            -1.257028989493847,
            51.750902412459254
          ],
          [
            -1.2569574918597937,
            51.75075723789632
          ],
          [
            -1.2568965554237366,
            51.7506081238389
          ],
          [
            -1.2568388041108847,
            51.75044442526996
          ],
          [
            -1.2568056117743254,
            51.7502819839865
          ],
          [
            -1.2567994091659784,
            51.750119207426906
          ],
          [
            -1.2567613553255796,
            51.749953497201204
          ],
          [
            -1.2567497044801712,
            51.749775130301714
          ],
          [
            -1.2567236367613077,
            51.74959257245064
          ],
          [
            -1.2566797155886889,
            51.74940163269639
          ],
          [
            -1.2566518038511276,
            51.749213207513094
          ],
          [
            -1.256623389199376,
            51.749033248052
          ],
          [
            -1.256602518260479,
            51.74888555891812
          ],
          [
            -1.2565660569816828,
            51.74872395582497
          ],
          [
            -1.2565409112721682,
            51.748561933636665
          ],
          [
            -1.256485590711236,
            51.748386500403285
          ],
          [
            -1.2564582657068968,
            51.748210145160556
          ],
          [
            -1.2564324494451284,
            51.74806505441666
          ],
          [
            -1.2564300186932087,
            51.74792390316725
          ],
          [
            -1.2564283423125744,
            51.7477469611913
          ],
          [
            -1.256417529657483,
            51.747604636475444
          ],
          [
            -1.2564000114798546,
            51.74742895178497
          ],
          [
            -1.2563897017389536,
            51.747273467481136
          ],
          [
            -1.2563893664628267,
            51.7471113614738
          ],
          [
            -1.256371010094881,
            51.74694489687681
          ],
          [
            -1.2563603650778532,
            51.746784718707204
          ],
          [
            -1.2563614547252655,
            51.74662898294628
          ],
          [
            -1.256348043680191,
            51.74647517502308
          ],
          [
            -1.2563327886164188,
            51.746311308816075
          ],
          [
            -1.2563105765730143,
            51.74614769406617
          ],
          [
            -1.2562940642237663,
            51.746009308844805
          ],
          [
            -1.2562806531786919,
            51.74586379900575
          ],
          [
            -1.2562619615346193,
            51.745715187862515
          ],
          [
            -1.2562336307018995,
            51.74555500969291
          ],
          [
            -1.2562180403620005,
            51.74538720399141
          ],
          [
            -1.2562017794698477,
            51.74522174522281
          ],
          [
            -1.256169257685542,
            51.74507330171764
          ],
          [
            -1.2561559304594994,
            51.74491454847157
          ],
          [
            -1.2561317067593336,
            51.74474934116006
          ],
          [
            -1.2560996040701866,
            51.74458069726825
          ],
          [
            -1.2560677528381348,
            51.74441272392869
          ],
          [
            -1.2560351472347975,
            51.74425103701651
          ],
          [
            -1.25600497238338,
            51.74409178085625
          ],
          [
            -1.2559611350297928,
            51.743925819173455
          ],
          [
            -1.2559223268181086,
            51.743757175281644
          ],
          [
            -1.2558690179139376,
            51.743593560531735
          ],
          [
            -1.255808500573039,
            51.74344670958817
          ],
          [
            -1.2557399366050959,
            51.74329726025462
          ],
          [
            -1.255667768418789,
            51.74315200187266
          ],
          [
            -1.2555990368127823,
            51.74300682730973
          ],
          [
            -1.2555295508354902,
            51.74286928027868
          ],
          [
            -1.255458053201437,
            51.742729637771845
          ],
          [
            -1.2553811073303223,
            51.74259175546467
          ],
          [
            -1.2553027365356684,
            51.74244297668338
          ],
          [
            -1.2552294787019491,
            51.74230392090976
          ],
          [
            -1.2551372777670622,
            51.74217232502997
          ],
          [
            -1.2550611700862646,
            51.7420273181051
          ],
          [
            -1.254974752664566,
            51.741885328665376
          ],
          [
            -1.254891436547041,
            51.74174417741597
          ],
          [
            -1.2548064440488815,
            51.74160989932716
          ],
          [
            -1.2547239661216736,
            51.741473358124495
          ],
          [
            -1.2546345312148333,
            51.74133136868477
          ],
          [
            -1.254535624757409,
            51.741190971806645
          ],
          [
            -1.2544280849397182,
            51.741051832214
          ],
          [
            -1.2543199583888054,
            51.74090967513621
          ],
          [
            -1.2542167771607637,
            51.74076206982136
          ],
          [
            -1.2541102431714535,
            51.74061672762036
          ],
          [
            -1.2540069781243801,
            51.740470295771956
          ],
          [
            -1.2539017852395773,
            51.740322606638074
          ],
          [
            -1.2538097519427538,
            51.740179024636745
          ],
          [
            -1.25369424931705,
            51.7400208581239
          ],
          [
            -1.2535850331187248,
            51.739882472902536
          ],
          [
            -1.2534764874726534,
            51.73974341712892
          ],
          [
            -1.2533735577017069,
            51.739603439345956
          ],
          [
            -1.2532531935721636,
            51.739472514018416
          ],
          [
            -1.2531459052115679,
            51.739334212616086
          ],
          [
            -1.2530427239835262,
            51.73918920569122
          ],
          [
            -1.2529392912983894,
            51.73904604278505
          ],
          [
            -1.2528358586132526,
            51.73889952711761
          ],
          [
            -1.2527312524616718,
            51.738754184916615
          ],
          [
            -1.2526309210807085,
            51.738605657592416
          ],
          [
            -1.2525320146232843,
            51.73846911638975
          ],
          [
            -1.2524401489645243,
            51.73832771368325
          ],
          [
            -1.2523453496396542,
            51.738186394795775
          ],
          [
            -1.2522560823708773,
            51.73804976977408
          ],
          [
            -1.252163127064705,
            51.737909372895956
          ],
          [
            -1.2520782183855772,
            51.73777190968394
          ],
          [
            -1.2519968301057816,
            51.73763838596642
          ],
          [
            -1.251919213682413,
            51.73751022666693
          ],
          [
            -1.2518480513244867,
            51.73737645149231
          ],
          [
            -1.251776972785592,
            51.7372405808419
          ],
          [
            -1.2516984343528748,
            51.737104123458266
          ],
          [
            -1.2516153696924448,
            51.73695710487664
          ],
          [
            -1.2515406869351864,
            51.736812349408865
          ],
          [
            -1.2514623161405325,
            51.73667153343558
          ],
          [
            -1.2513824366033077,
            51.73652593977749
          ],
          [
            -1.25129752792418,
            51.73638487234712
          ],
          [
            -1.251212116330862,
            51.736244056373835
          ],
          [
            -1.2511289678514004,
            51.73610709607601
          ],
          [
            -1.2510531954467297,
            51.73597424291074
          ],
          [
            -1.25096770003438,
            51.735806688666344
          ],
          [
            -1.2508761696517467,
            51.73564273864031
          ],
          [
            -1.2507802806794643,
            51.735471496358514
          ],
          [
            -1.2507078610360622,
            51.7353374697268
          ],
          [
            -1.2506144028156996,
            51.735165137797594
          ],
          [
            -1.2505230400711298,
            51.73499741591513
          ],
          [
            -1.2504243850708008,
            51.7348366510123
          ],
          [
            -1.2503432482481003,
            51.73470857553184
          ],
          [
            -1.2502657156437635,
            51.73457362689078
          ],
          [
            -1.2501867581158876,
            51.734439097344875
          ],
          [
            -1.2501140870153904,
            51.734302304685116
          ],
          [
            -1.25003295019269,
            51.73416970297694
          ],
          [
            -1.2499523162841797,
            51.734036514535546
          ],
          [
            -1.249858271330595,
            51.73389905132353
          ],
          [
            -1.249766992405057,
            51.73376552760601
          ],
          [
            -1.2496735341846943,
            51.73363200388849
          ],
          [
            -1.24958585947752,
            51.733502335846424
          ],
          [
            -1.2494979333132505,
            51.7333672195673
          ],
          [
            -1.2494077440351248,
            51.73323621042073
          ],
          [
            -1.2493245117366314,
            51.73311039805412
          ],
          [
            -1.2492454703897238,
            51.732979975640774
          ],
          [
            -1.2491479888558388,
            51.732811415567994
          ],
          [
            -1.2490770779550076,
            51.73264034092426
          ],
          [
            -1.2490061670541763,
            51.73247798345983
          ],
          [
            -1.248918827623129,
            51.732320403680205
          ],
          [
            -1.2488055881112814,
            51.73217514529824
          ],
          [
            -1.248742388561368,
            51.73201924189925
          ],
          [
            -1.2486641854047775,
            51.73186627216637
          ],
          [
            -1.248529152944684,
            51.731713972985744
          ],
          [
            -1.2483755126595497,
            51.731570390984416
          ],
          [
            -1.248304769396782,
            51.731406189501286
          ],
          [
            -1.2482489459216595,
            51.731231762096286
          ],
          [
            -1.2481917813420296,
            51.731066554784775
          ],
          [
            -1.248143333941698,
            51.730905789881945
          ],
          [
            -1.2481088005006313,
            51.7307492159307
          ],
          [
            -1.2480754405260086,
            51.73060513101518
          ],
          [
            -1.2480375543236732,
            51.73044486902654
          ],
          [
            -1.2480077985674143,
            51.73027069307864
          ],
          [
            -1.2479858379811049,
            51.730106910690665
          ],
          [
            -1.2479606922715902,
            51.72994438558817
          ],
          [
            -1.2479279190301895,
            51.72980507835746
          ],
          [
            -1.2479147594422102,
            51.729656886309385
          ],
          [
            -1.2478991691023111,
            51.72949486412108
          ],
          [
            -1.2478725984692574,
            51.72935455106199
          ],
          [
            -1.247849715873599,
            51.72920811921358
          ],
          [
            -1.2478156853467226,
            51.72906252555549
          ],
          [
            -1.247775536030531,
            51.728911232203245
          ],
          [
            -1.2477296870201826,
            51.728757843375206
          ],
          [
            -1.2476749531924725,
            51.72859858721495
          ],
          [
            -1.2476068921387196,
            51.72846908681095
          ],
          [
            -1.2474756315350533,
            51.728357607498765
          ],
          [
            -1.2473239190876484,
            51.728248139843345
          ],
          [
            -1.2471831031143665,
            51.728140180930495
          ],
          [
            -1.2470444664359093,
            51.72799332998693
          ],
          [
            -1.24689937569201,
            51.72784689813852
          ],
          [
            -1.2467520218342543,
            51.7277012206614
          ],
          [
            -1.2465981300920248,
            51.72756970860064
          ],
          [
            -1.24640341848135,
            51.7274630907923
          ],
          [
            -1.2461826391518116,
            51.72736007720232
          ],
          [
            -1.2459538970142603,
            51.727253375574946
          ],
          [
            -1.245768154039979,
            51.7271660361439
          ],
          [
            -1.2455835845321417,
            51.727081378921866
          ],
          [
            -1.2454032059758902,
            51.72699814662337
          ],
          [
            -1.24522240832448,
            51.72691340558231
          ],
          [
            -1.2450447957962751,
            51.72682648524642
          ],
          [
            -1.2448644172400236,
            51.72674182802439
          ],
          [
            -1.2446863856166601,
            51.726659098640084
          ],
          [
            -1.2445023190230131,
            51.72658575698733
          ],
          [
            -1.2443185038864613,
            51.72650554217398
          ],
          [
            -1.24407559633255,
            51.726402612403035
          ],
          [
            -1.2438975647091866,
            51.72632189467549
          ],
          [
            -1.2437265738844872,
            51.72623757272959
          ],
          [
            -1.24355373904109,
            51.726154424250126
          ],
          [
            -1.2433291878551245,
            51.72604462131858
          ],
          [
            -1.243095751851797,
            51.725941272452474
          ],
          [
            -1.242921994999051,
            51.725856279954314
          ],
          [
            -1.2426895648241043,
            51.725750332698226
          ],
          [
            -1.2424663547426462,
            51.72564354725182
          ],
          [
            -1.2422433961182833,
            51.72553617507219
          ],
          [
            -1.242011385038495,
            51.72543014399707
          ],
          [
            -1.2417756021022797,
            51.725335428491235
          ],
          [
            -1.241558426991105,
            51.72523467801511
          ],
          [
            -1.2413452751934528,
            51.72513568773866
          ],
          [
            -1.2411306146532297,
            51.725033931434155
          ],
          [
            -1.2409226596355438,
            51.724933851510286
          ],
          [
            -1.2407256849110126,
            51.72483469359577
          ],
          [
            -1.2405218370258808,
            51.724744671955705
          ],
          [
            -1.2402943521738052,
            51.724644005298615
          ],
          [
            -1.240070890635252,
            51.72454400919378
          ],
          [
            -1.2398524582386017,
            51.72443873248994
          ],
          [
            -1.239634109660983,
            51.724334713071585
          ],
          [
            -1.239420035853982,
            51.724239410832524
          ],
          [
            -1.2392179481685162,
            51.72414503060281
          ],
          [
            -1.2390204705297947,
            51.72405350022018
          ],
          [
            -1.2388075701892376,
            51.72395350411534
          ],
          [
            -1.2385884672403336,
            51.72385040670633
          ],
          [
            -1.2383761536329985,
            51.723760049790144
          ],
          [
            -1.2381631694734097,
            51.72366416081786
          ],
          [
            -1.2379542086273432,
            51.72356827184558
          ],
          [
            -1.237763101235032,
            51.72347774729133
          ],
          [
            -1.237567886710167,
            51.72339350916445
          ],
          [
            -1.2373807188123465,
            51.72329812310636
          ],
          [
            -1.2371733505278826,
            51.72321019694209
          ],
          [
            -1.2369724363088608,
            51.723121935501695
          ],
          [
            -1.236777137964964,
            51.72302688471973
          ],
          [
            -1.2365773133933544,
            51.722938707098365
          ],
          [
            -1.2363801710307598,
            51.722847847267985
          ],
          [
            -1.236188979819417,
            51.722756400704384
          ],
          [
            -1.2359929271042347,
            51.72266369685531
          ],
          [
            -1.2357987184077501,
            51.722573256120086
          ],
          [
            -1.2355923559516668,
            51.7224773671478
          ],
          [
            -1.2353881727904081,
            51.72238600440323
          ],
          [
            -1.2351699080318213,
            51.72232707962394
          ],
          [
            -1.2349342927336693,
            51.72229648567736
          ],
          [
            -1.2346930615603924,
            51.72227008268237
          ],
          [
            -1.234441688284278,
            51.72223546542227
          ],
          [
            -1.23419601470232,
            51.72221710905433
          ],
          [
            -1.2339384388178587,
            51.72220227308571
          ],
          [
            -1.233676252886653,
            51.72223085537553
          ],
          [
            -1.233435356989503,
            51.72228776849806
          ],
          [
            -1.2332051899284124,
            51.722333282232285
          ],
          [
            -1.2329886853694916,
            51.722383573651314
          ],
          [
            -1.2327702529728413,
            51.722424644976854
          ],
          [
            -1.2325589451938868,
            51.72246353700757
          ],
          [
            -1.2323271855711937,
            51.72250117175281
          ],
          [
            -1.2320960965007544,
            51.722527742385864
          ],
          [
            -1.2318546138703823,
            51.72256554476917
          ],
          [
            -1.2315853033214808,
            51.72258063219488
          ],
          [
            -1.231340803205967,
            51.72261633910239
          ],
          [
            -1.2310997396707535,
            51.722665121778846
          ],
          [
            -1.230843337252736,
            51.722715832293034
          ],
          [
            -1.2305906228721142,
            51.72277299687266
          ],
          [
            -1.2303445301949978,
            51.72284256666899
          ],
          [
            -1.2301075737923384,
            51.722919596359134
          ],
          [
            -1.2298802565783262,
            51.72299520112574
          ],
          [
            -1.2296453956514597,
            51.72306695021689
          ],
          [
            -1.2294101156294346,
            51.72314289025962
          ],
          [
            -1.22918707318604,
            51.723223524168134
          ],
          [
            -1.2289263121783733,
            51.72329275868833
          ],
          [
            -1.2286968994885683,
            51.72336073592305
          ],
          [
            -1.2284720968455076,
            51.723429299890995
          ],
          [
            -1.2282391637563705,
            51.72349358908832
          ],
          [
            -1.2279981840401888,
            51.723540192469954
          ],
          [
            -1.2277839425951242,
            51.72360833734274
          ],
          [
            -1.2275475729256868,
            51.72366944141686
          ],
          [
            -1.2272787652909756,
            51.723734652623534
          ],
          [
            -1.227026805281639,
            51.72379248775542
          ],
          [
            -1.2267642002552748,
            51.72385677695274
          ],
          [
            -1.226508216932416,
            51.723922323435545
          ],
          [
            -1.22625432908535,
            51.723993653431535
          ],
          [
            -1.2259982619434595,
            51.72404712997377
          ],
          [
            -1.2257488165050745,
            51.724111000075936
          ],
          [
            -1.225533066317439,
            51.72415433451533
          ],
          [
            -1.2252894882112741,
            51.72421334311366
          ],
          [
            -1.2250614166259766,
            51.72430110163987
          ],
          [
            -1.2248440738767385,
            51.724387435242534
          ],
          [
            -1.2246714066714048,
            51.72426790930331
          ],
          [
            -1.2240180373191833,
            51.72395383939147
          ],
          [
            -1.2239488866180182,
            51.723803132772446
          ],
          [
            -1.2239397503435612,
            51.723651085048914
          ],
          [
            -1.2239788100123405,
            51.723512867465615
          ],
          [
            -1.2239906284958124,
            51.723368195816875
          ],
          [
            -1.2240124214440584,
            51.72319536097348
          ],
          [
            -1.2240059673786163,
            51.723022274672985
          ],
          [
            -1.2239914666861296,
            51.722881123423576
          ],
          [
            -1.2239796482026577,
            51.72273670323193
          ],
          [
            -1.2239763792604208,
            51.72259949147701
          ],
          [
            -1.2239753734320402,
            51.72242933884263
          ],
          [
            -1.2239555921405554,
            51.72225767746568
          ],
          [
            -1.2239388283342123,
            51.72208626754582
          ],
          [
            -1.2239526584744453,
            51.72193388454616
          ],
          [
            -1.2239366490393877,
            51.72176230698824
          ],
          [
            -1.223929775878787,
            51.72162551432848
          ],
          [
            -1.2239304464310408,
            51.721474304795265
          ],
          [
            -1.223938325420022,
            51.721336171031
          ],
          [
            -1.2240105774253607,
            51.72119418159127
          ],
          [
            -1.224201349541545,
            51.721057472750545
          ],
          [
            -1.2243569176644087,
            51.72095362097025
          ],
          [
            -1.224502343684435,
            51.72084289602935
          ],
          [
            -1.2246635276824236,
            51.720733093097806
          ],
          [
            -1.2248267233371735,
            51.720629995688796
          ],
          [
            -1.2249704729765654,
            51.72052471898496
          ],
          [
            -1.2251168210059404,
            51.720419107005
          ],
          [
            -1.2253078445792198,
            51.7202827334404
          ],
          [
            -1.225488055497408,
            51.7201445158571
          ],
          [
            -1.2256234232336283,
            51.720037227496505
          ],
          [
            -1.225792234763503,
            51.719896579161286
          ],
          [
            -1.2259386666119099,
            51.71976372599602
          ],
          [
            -1.2260903790593147,
            51.7196299508214
          ],
          [
            -1.2262389902025461,
            51.719500785693526
          ],
          [
            -1.2263955641537905,
            51.71939148567617
          ],
          [
            -1.2265698239207268,
            51.71929123811424
          ],
          [
            -1.226763278245926,
            51.7191566247493
          ],
          [
            -1.2269097939133644,
            51.71903139911592
          ],
          [
            -1.2270500231534243,
            51.71888832002878
          ],
          [
            -1.2271994724869728,
            51.71874322928488
          ],
          [
            -1.2273500952869654,
            51.718587409704924
          ],
          [
            -1.2274901568889618,
            51.718447180464864
          ],
          [
            -1.2276236806064844,
            51.71831851825118
          ],
          [
            -1.2277444638311863,
            51.71818717382848
          ],
          [
            -1.2278577033430338,
            51.71805758960545
          ],
          [
            -1.2279679253697395,
            51.71789892017841
          ],
          [
            -1.2280423566699028,
            51.717746034264565
          ],
          [
            -1.2281396705657244,
            51.71761577948928
          ],
          [
            -1.2282112520188093,
            51.717487033456564
          ],
          [
            -1.2283011060208082,
            51.717337500303984
          ],
          [
            -1.2283779680728912,
            51.71719375066459
          ],
          [
            -1.228454327210784,
            51.717028794810176
          ],
          [
            -1.2285513058304787,
            51.71685755252838
          ],
          [
            -1.2286564987152815,
            51.716683711856604
          ],
          [
            -1.2287743482738733,
            51.71650283038616
          ],
          [
            -1.228874009102583,
            51.71631021425128
          ],
          [
            -1.2289729993790388,
            51.7161207832396
          ],
          [
            -1.229067463427782,
            51.71593244187534
          ],
          [
            -1.2291393801569939,
            51.71573546715081
          ],
          [
            -1.2291811220347881,
            51.71560060232878
          ],
          [
            -1.2292270548641682,
            51.71540186740458
          ],
          [
            -1.2292492669075727,
            51.715265242382884
          ],
          [
            -1.2292579002678394,
            51.71506457962096
          ],
          [
            -1.2292473390698433,
            51.7149259429425
          ],
          [
            -1.2292338442057371,
            51.71478361822665
          ],
          [
            -1.2292089499533176,
            51.714642718434334
          ],
          [
            -1.2291647773236036,
            51.7145046684891
          ],
          [
            -1.2291142344474792,
            51.7143595777452
          ],
          [
            -1.2290662061423063,
            51.7142247967422
          ],
          [
            -1.2289975583553314,
            51.71408439986408
          ],
          [
            -1.2288609333336353,
            51.71390335075557
          ],
          [
            -1.228726739063859,
            51.713731521740556
          ],
          [
            -1.228585671633482,
            51.71356748789549
          ],
          [
            -1.228441670536995,
            51.713414350524545
          ],
          [
            -1.228308230638504,
            51.71326263807714
          ],
          [
            -1.2281666602939367,
            51.713110925629735
          ],
          [
            -1.228016708046198,
            51.71296834945679
          ],
          [
            -1.227878574281931,
            51.71283264644444
          ],
          [
            -1.227725688368082,
            51.712701469659805
          ],
          [
            -1.2275714613497257,
            51.71257657930255
          ],
          [
            -1.2274163961410522,
            51.712458143010736
          ],
          [
            -1.2272535357624292,
            51.71235169284046
          ],
          [
            -1.227077767252922,
            51.71226385049522
          ],
          [
            -1.2268296629190445,
            51.71232101507485
          ],
          [
            -1.2266814708709717,
            51.71242562122643
          ],
          [
            -1.2265275791287422,
            51.71252536587417
          ],
          [
            -1.2263313587754965,
            51.71258873306215
          ],
          [
            -1.2261098250746727,
            51.71256987378001
          ],
          [
            -1.2258857768028975,
            51.71254154294729
          ],
          [
            -1.2256375048309565,
            51.712455125525594
          ],
          [
            -1.2254834454506636,
            51.71235001645982
          ],
          [
            -1.2253442220389843,
            51.71222386881709
          ],
          [
            -1.2251836247742176,
            51.71212454326451
          ],
          [
            -1.2253433838486671,
            51.71208950690925
          ]
        ]
      },
      "properties": {
        "name": "2023-09-11 (Mon) 10:43",
        "source_file": "2023-09-11-094337-ELEMNT_ROAM_A974-42-0.fit",
        "date": "2023-09-11T09:43:37",
        "sport": "cycling",
        "dropbox_id": "id:JY-PzzIM9pcAAAAAAAAA8g"
      }
    },
    {
      "type": "Feature",
      "geometry": {
        "type": "LineString",
        "coordinates": [
          [
            -1.2253099400550127,
            51.71209713444114
          ],
          [
            -1.2254284601658583,
            51.71223862096667
          ],
          [
            -1.225578412413597,
            51.71238371171057
          ],
          [
            -1.2257841881364584,
            51.71250684186816
          ],
          [
            -1.2260117568075657,
            51.712562162429094
          ],
          [
            -1.2262539938092232,
            51.71258160844445
          ],
          [
            -1.2264803890138865,
            51.712566604837775
          ],
          [
            -1.226696977391839,
            51.712469877675176
          ],
          [
            -1.226852796971798,
            51.71236166730523
          ],
          [
            -1.2270113825798035,
            51.71225278638303
          ],
          [
            -1.2272218521684408,
            51.71230643056333
          ],
          [
            -1.2274132948368788,
            51.712412126362324
          ],
          [
            -1.2276153825223446,
            51.71253995038569
          ],
          [
            -1.2277912348508835,
            51.71268353238702
          ],
          [
            -1.2279627285897732,
            51.71283055096865
          ],
          [
            -1.2280836794525385,
            51.712946305051446
          ],
          [
            -1.2282364815473557,
            51.71309642493725
          ],
          [
            -1.2283493019640446,
            51.71321678906679
          ],
          [
            -1.228494392707944,
            51.71337436884642
          ],
          [
            -1.228604782372713,
            51.71349833719432
          ],
          [
            -1.228742077946663,
            51.71364963054657
          ],
          [
            -1.228874595835805,
            51.71378902159631
          ],
          [
            -1.2289855722337961,
            51.713936710730195
          ],
          [
            -1.2290909327566624,
            51.714084818959236
          ],
          [
            -1.2291852291673422,
            51.714227395132184
          ],
          [
            -1.2292535416781902,
            51.7143751680851
          ],
          [
            -1.2293128855526447,
            51.714523527771235
          ],
          [
            -1.2293537054210901,
            51.71468663960695
          ],
          [
            -1.2293760851025581,
            51.714841620996594
          ],
          [
            -1.2293776776641607,
            51.71500699594617
          ],
          [
            -1.229369966313243,
            51.715168515220284
          ],
          [
            -1.229352531954646,
            51.715330705046654
          ],
          [
            -1.2293149810284376,
            51.71549633145332
          ],
          [
            -1.2292691320180893,
            51.71566363424063
          ],
          [
            -1.2292081955820322,
            51.71582833863795
          ],
          [
            -1.2291381228715181,
            51.715989941731095
          ],
          [
            -1.2290631886571646,
            51.716148778796196
          ],
          [
            -1.2289845664054155,
            51.71630811877549
          ],
          [
            -1.2289035134017467,
            51.716459495946765
          ],
          [
            -1.2288181856274605,
            51.71660894528031
          ],
          [
            -1.228733528405428,
            51.71675428748131
          ],
          [
            -1.2286539003252983,
            51.71689501963556
          ],
          [
            -1.228575361892581,
            51.717035165056586
          ],
          [
            -1.2284865975379944,
            51.71717623248696
          ],
          [
            -1.2284052092581987,
            51.717319060117006
          ],
          [
            -1.2283048778772354,
            51.7174556851387
          ],
          [
            -1.2282329611480236,
            51.71760622411966
          ],
          [
            -1.2281638104468584,
            51.71775324270129
          ],
          [
            -1.2280591204762459,
            51.717885844409466
          ],
          [
            -1.2279650755226612,
            51.718018194660544
          ],
          [
            -1.2278468906879425,
            51.718156998977065
          ],
          [
            -1.2277115229517221,
            51.718296222388744
          ],
          [
            -1.2275701202452183,
            51.71844349242747
          ],
          [
            -1.227420587092638,
            51.71859227120876
          ],
          [
            -1.2272801902145147,
            51.71874599531293
          ],
          [
            -1.227144068107009,
            51.71888714656234
          ],
          [
            -1.2270243745297194,
            51.7190170660615
          ],
          [
            -1.2268844805657864,
            51.71914028003812
          ],
          [
            -1.226735282689333,
            51.719251507893205
          ],
          [
            -1.2265572510659695,
            51.71935980208218
          ],
          [
            -1.2263962347060442,
            51.71946004964411
          ],
          [
            -1.226238152012229,
            51.7195781506598
          ],
          [
            -1.2261088192462921,
            51.719696167856455
          ],
          [
            -1.2259768042713404,
            51.71982013620436
          ],
          [
            -1.2258113455027342,
            51.71995349228382
          ],
          [
            -1.2256481498479843,
            51.72008827328682
          ],
          [
            -1.2254840321838856,
            51.72021517530084
          ],
          [
            -1.2253323197364807,
            51.72033461742103
          ],
          [
            -1.2251733988523483,
            51.72045338898897
          ],
          [
            -1.2250080239027739,
            51.720563946291804
          ],
          [
            -1.224840385839343,
            51.72067986801267
          ],
          [
            -1.2246691435575485,
            51.72080509364605
          ],
          [
            -1.224477868527174,
            51.72093601897359
          ],
          [
            -1.224295562133193,
            51.72105965204537
          ],
          [
            -1.2241576798260212,
            51.721165515482426
          ],
          [
            -1.2240919657051563,
            51.721315467730165
          ],
          [
            -1.224034046754241,
            51.72145678661764
          ],
          [
            -1.2240028660744429,
            51.72162174247205
          ],
          [
            -1.2239783070981503,
            51.72179164364934
          ],
          [
            -1.2240138463675976,
            51.72195643186569
          ],
          [
            -1.2240155227482319,
            51.722126081585884
          ],
          [
            -1.2240205518901348,
            51.722302101552486
          ],
          [
            -1.2240273412317038,
            51.72247275710106
          ],
          [
            -1.224042261019349,
            51.722645005211234
          ],
          [
            -1.2240488827228546,
            51.722820522263646
          ],
          [
            -1.2240578513592482,
            51.722990591079
          ],
          [
            -1.2240555882453918,
            51.72316065989435
          ],
          [
            -1.2240394949913025,
            51.72333274036646
          ],
          [
            -1.224009320139885,
            51.72350381501019
          ],
          [
            -1.2239871080964804,
            51.72366885468364
          ],
          [
            -1.2239573523402214,
            51.72383565455675
          ],
          [
            -1.2239584419876337,
            51.7239800747484
          ],
          [
            -1.2241285108029842,
            51.724071521312
          ],
          [
            -1.224359180778265,
            51.72407789155841
          ],
          [
            -1.2245804630219936,
            51.72414746135473
          ],
          [
            -1.2247571535408497,
            51.72424519434571
          ],
          [
            -1.2249188404530287,
            51.724336221814156
          ],
          [
            -1.2251391168683767,
            51.72427746467292
          ],
          [
            -1.2253686971962452,
            51.724206302315
          ],
          [
            -1.225578412413597,
            51.724155424162745
          ],
          [
            -1.2258224096149206,
            51.724094320088625
          ],
          [
            -1.2260468769818544,
            51.72404972836375
          ],
          [
            -1.226275535300374,
            51.723985355347395
          ],
          [
            -1.2265199515968561,
            51.723925257101655
          ],
          [
            -1.2267781980335712,
            51.723862728103995
          ],
          [
            -1.2270423118025064,
            51.72380187548697
          ],
          [
            -1.2272588163614273,
            51.723757116124034
          ],
          [
            -1.2274729739874601,
            51.72369777224958
          ],
          [
            -1.2276780791580677,
            51.72363557852805
          ],
          [
            -1.2278955895453691,
            51.72357841394842
          ],
          [
            -1.2281175423413515,
            51.723524518311024
          ],
          [
            -1.2283357232809067,
            51.72346073202789
          ],
          [
            -1.228554155677557,
            51.723402477800846
          ],
          [
            -1.2287737615406513,
            51.723345313221216
          ],
          [
            -1.2290000729262829,
            51.72328781336546
          ],
          [
            -1.229221187531948,
            51.723213801160455
          ],
          [
            -1.2294407933950424,
            51.72313450835645
          ],
          [
            -1.2296722177416086,
            51.72306586056948
          ],
          [
            -1.229897104203701,
            51.72298924997449
          ],
          [
            -1.2301312107592821,
            51.72291926108301
          ],
          [
            -1.230361545458436,
            51.722842901945114
          ],
          [
            -1.2306061293929815,
            51.72278062440455
          ],
          [
            -1.230854233726859,
            51.722726142033935
          ],
          [
            -1.2310996558517218,
            51.722676353529096
          ],
          [
            -1.2313450779765844,
            51.722638215869665
          ],
          [
            -1.2315883208066225,
            51.722606867551804
          ],
          [
            -1.2318335752934217,
            51.7225725017488
          ],
          [
            -1.2320779077708721,
            51.72253679484129
          ],
          [
            -1.2323382496833801,
            51.72250226140022
          ],
          [
            -1.2325939815491438,
            51.7224654648453
          ],
          [
            -1.2328549101948738,
            51.7224274110049
          ],
          [
            -1.2331093847751617,
            51.72237795777619
          ],
          [
            -1.2333698943257332,
            51.72232666052878
          ],
          [
            -1.2336135562509298,
            51.72226823866367
          ],
          [
            -1.233870880678296,
            51.72223278321326
          ],
          [
            -1.2341228406876326,
            51.7222392372787
          ],
          [
            -1.2343694362789392,
            51.72225960530341
          ],
          [
            -1.2346272636204958,
            51.72228768467903
          ],
          [
            -1.2348855938762426,
            51.722314255312085
          ],
          [
            -1.2351336143910885,
            51.722338143736124
          ],
          [
            -1.2353854067623615,
            51.72238793224096
          ],
          [
            -1.2355962954461575,
            51.72247996553779
          ],
          [
            -1.2358011491596699,
            51.72257149592042
          ],
          [
            -1.2359999679028988,
            51.722664618864655
          ],
          [
            -1.2361944280564785,
            51.722756400704384
          ],
          [
            -1.2363910675048828,
            51.722848769277334
          ],
          [
            -1.2365913949906826,
            51.722943568602204
          ],
          [
            -1.2367884535342455,
            51.72303476370871
          ],
          [
            -1.2370012700557709,
            51.72313065268099
          ],
          [
            -1.2372139189392328,
            51.72322771511972
          ],
          [
            -1.237437129020691,
            51.723329555243254
          ],
          [
            -1.2376561481505632,
            51.72342854551971
          ],
          [
            -1.2378687970340252,
            51.72352979891002
          ],
          [
            -1.2380916718393564,
            51.72362904064357
          ],
          [
            -1.238314714282751,
            51.72372853383422
          ],
          [
            -1.2385262735188007,
            51.7238312959671
          ],
          [
            -1.2387381680309772,
            51.72393037006259
          ],
          [
            -1.238958528265357,
            51.72402726486325
          ],
          [
            -1.239159358665347,
            51.72412105835974
          ],
          [
            -1.239377036690712,
            51.724221808835864
          ],
          [
            -1.2396184355020523,
            51.72433345578611
          ],
          [
            -1.239859415218234,
            51.724444599822164
          ],
          [
            -1.2401048373430967,
            51.72455641441047
          ],
          [
            -1.2403474934399128,
            51.72466923482716
          ],
          [
            -1.2405943404883146,
            51.72478607855737
          ],
          [
            -1.2408394273370504,
            51.72489923425019
          ],
          [
            -1.241077221930027,
            51.72499998472631
          ],
          [
            -1.2413058802485466,
            51.72510358504951
          ],
          [
            -1.2415368016809225,
            51.72521288506687
          ],
          [
            -1.2417657114565372,
            51.72531858086586
          ],
          [
            -1.2419906817376614,
            51.72542218118906
          ],
          [
            -1.2422149814665318,
            51.72552804462612
          ],
          [
            -1.2424305640161037,
            51.725628124549985
          ],
          [
            -1.2426506727933884,
            51.72572719864547
          ],
          [
            -1.2428685184568167,
            51.72582333907485
          ],
          [
            -1.243084855377674,
            51.72592241317034
          ],
          [
            -1.2433005217462778,
            51.726020565256476
          ],
          [
            -1.2435118295252323,
            51.726122070103884
          ],
          [
            -1.2437235563993454,
            51.726217456161976
          ],
          [
            -1.2439266499131918,
            51.72630907036364
          ],
          [
            -1.2441408913582563,
            51.72640521079302
          ],
          [
            -1.24434775672853,
            51.72650193795562
          ],
          [
            -1.2445557117462158,
            51.72659841366112
          ],
          [
            -1.2447587214410305,
            51.7266945540905
          ],
          [
            -1.2449645809829235,
            51.726788096129894
          ],
          [
            -1.2451662495732307,
            51.726881889626384
          ],
          [
            -1.245372612029314,
            51.72697652131319
          ],
          [
            -1.2455709278583527,
            51.72707182355225
          ],
          [
            -1.2457684054970741,
            51.72715866006911
          ],
          [
            -1.2459697388112545,
            51.72724775969982
          ],
          [
            -1.246161013841629,
            51.72733132727444
          ],
          [
            -1.2463387940078974,
            51.72741665504873
          ],
          [
            -1.2465081084519625,
            51.727502066642046
          ],
          [
            -1.246659653261304,
            51.727603655308485
          ],
          [
            -1.2467852141708136,
            51.72772804275155
          ],
          [
            -1.246917312964797,
            51.727854860946536
          ],
          [
            -1.247046897187829,
            51.72798360697925
          ],
          [
            -1.2471841927617788,
            51.72811461612582
          ],
          [
            -1.2473369110375643,
            51.72824746929109
          ],
          [
            -1.247502537444234,
            51.728355595842004
          ],
          [
            -1.2476375699043274,
            51.72846833243966
          ],
          [
            -1.2477215565741062,
            51.72864108346403
          ],
          [
            -1.247772267088294,
            51.7288135830313
          ],
          [
            -1.2478109914809465,
            51.728954734280705
          ],
          [
            -1.2478449381887913,
            51.72909362241626
          ],
          [
            -1.2478721793740988,
            51.729243071749806
          ],
          [
            -1.2479001749306917,
            51.72939905896783
          ],
          [
            -1.2479218002408743,
            51.72956233844161
          ],
          [
            -1.247940743342042,
            51.729730144143105
          ],
          [
            -1.247968738898635,
            51.72988931648433
          ],
          [
            -1.2479915376752615,
            51.730046812444925
          ],
          [
            -1.2480124086141586,
            51.730207996442914
          ],
          [
            -1.2480380572378635,
            51.730368342250586
          ],
          [
            -1.2480735965073109,
            51.7305248323828
          ],
          [
            -1.2481105607002974,
            51.730680065229535
          ],
          [
            -1.2481484469026327,
            51.730834040790796
          ],
          [
            -1.2481904402375221,
            51.730981981381774
          ],
          [
            -1.2482351157814264,
            51.73113168217242
          ],
          [
            -1.2482813838869333,
            51.73128146678209
          ],
          [
            -1.2483296636492014,
            51.731428150087595
          ],
          [
            -1.2484270613640547,
            51.73159511759877
          ],
          [
            -1.2485527899116278,
            51.731717409566045
          ],
          [
            -1.2486644368618727,
            51.731839114800096
          ],
          [
            -1.2487366888672113,
            51.73196794465184
          ],
          [
            -1.2488121259957552,
            51.73214077949524
          ],
          [
            -1.2488730624318123,
            51.73227673396468
          ],
          [
            -1.2489557918161154,
            51.73242727294564
          ],
          [
            -1.2490310613065958,
            51.732566663995385
          ],
          [
            -1.2490495014935732,
            51.73271703533828
          ],
          [
            -1.249115215614438,
            51.73287369310856
          ],
          [
            -1.2491849530488253,
            51.733005456626415
          ],
          [
            -1.2494038883596659,
            51.73305893316865
          ],
          [
            -1.2495227437466383,
            51.73318985849619
          ],
          [
            -1.249630032107234,
            51.73334936611354
          ],
          [
            -1.249740170314908,
            51.733513567596674
          ],
          [
            -1.2498374003916979,
            51.7336381226778
          ],
          [
            -1.2499365583062172,
            51.73377038910985
          ],
          [
            -1.2500289268791676,
            51.733903074637055
          ],
          [
            -1.2501184456050396,
            51.73403609544039
          ],
          [
            -1.250203438103199,
            51.734164422377944
          ],
          [
            -1.2502802163362503,
            51.73429794609547
          ],
          [
            -1.2503512110561132,
            51.73443633131683
          ],
          [
            -1.2504199426621199,
            51.73457362689078
          ],
          [
            -1.250491440296173,
            51.73471293412149
          ],
          [
            -1.2505609262734652,
            51.73484888859093
          ],
          [
            -1.2506268080323935,
            51.73498450778425
          ],
          [
            -1.2506995629519224,
            51.7351218033582
          ],
          [
            -1.250773575156927,
            51.73525616526604
          ],
          [
            -1.2508440669625998,
            51.73539413139224
          ],
          [
            -1.250920007005334,
            51.73552346415818
          ],
          [
            -1.2509931810200214,
            51.735659167170525
          ],
          [
            -1.2510665226727724,
            51.735796546563506
          ],
          [
            -1.25114556401968,
            51.73593702726066
          ],
          [
            -1.2512242700904608,
            51.73607365228236
          ],
          [
            -1.2512989528477192,
            51.73620558343828
          ],
          [
            -1.2513722945004702,
            51.73633902333677
          ],
          [
            -1.2514491565525532,
            51.736476235091686
          ],
          [
            -1.2515220791101456,
            51.73660900443792
          ],
          [
            -1.2515966780483723,
            51.73674428835511
          ],
          [
            -1.2516747135668993,
            51.73688066191971
          ],
          [
            -1.2517505697906017,
            51.737016532570124
          ],
          [
            -1.2518263421952724,
            51.73715818673372
          ],
          [
            -1.25190538354218,
            51.737300930544734
          ],
          [
            -1.2519879452884197,
            51.73744325526059
          ],
          [
            -1.2520673219114542,
            51.737586837261915
          ],
          [
            -1.2521506380289793,
            51.73773553222418
          ],
          [
            -1.2522590160369873,
            51.73788188025355
          ],
          [
            -1.2523647956550121,
            51.738023115321994
          ],
          [
            -1.2524527218192816,
            51.7381713911891
          ],
          [
            -1.2525545619428158,
            51.73831949941814
          ],
          [
            -1.2526441644877195,
            51.738468278199434
          ],
          [
            -1.2527341861277819,
            51.73860062845051
          ],
          [
            -1.2528409715741873,
            51.73875477164984
          ],
          [
            -1.2529672868549824,
            51.738896844908595
          ],
          [
            -1.253051944077015,
            51.739024333655834
          ],
          [
            -1.2531621661037207,
            51.739185601472855
          ],
          [
            -1.253233915194869,
            51.7393162753433
          ],
          [
            -1.2533356714993715,
            51.73945181071758
          ],
          [
            -1.253461902961135,
            51.73958617262542
          ],
          [
            -1.2535665929317474,
            51.73972003161907
          ],
          [
            -1.2536711152642965,
            51.739853555336595
          ],
          [
            -1.2537747155874968,
            51.73998909071088
          ],
          [
            -1.253874460235238,
            51.74012931995094
          ],
          [
            -1.2539726961404085,
            51.7402677051723
          ],
          [
            -1.2540690042078495,
            51.74041002988815
          ],
          [
            -1.254165144637227,
            51.740544559434056
          ],
          [
            -1.2542618717998266,
            51.740676406770945
          ],
          [
            -1.2543619517236948,
            51.74081722274423
          ],
          [
            -1.2544668931514025,
            51.74096214585006
          ],
          [
            -1.2545705772936344,
            51.741110840812325
          ],
          [
            -1.2546686455607414,
            51.74126171506941
          ],
          [
            -1.2547565717250109,
            51.7414107453078
          ],
          [
            -1.2548335175961256,
            51.741547202691436
          ],
          [
            -1.2549113016575575,
            51.741680055856705
          ],
          [
            -1.2549952883273363,
            51.7418166808784
          ],
          [
            -1.2550847232341766,
            51.74196462146938
          ],
          [
            -1.2551743257790804,
            51.74211021512747
          ],
          [
            -1.2552600726485252,
            51.7422553896904
          ],
          [
            -1.2553422152996063,
            51.74238866195083
          ],
          [
            -1.255443301051855,
            51.74255386926234
          ],
          [
            -1.2555409502238035,
            51.74272167496383
          ],
          [
            -1.2556104362010956,
            51.742851259186864
          ],
          [
            -1.255674222484231,
            51.742981765419245
          ],
          [
            -1.2557332310825586,
            51.74311797134578
          ],
          [
            -1.2557943351566792,
            51.74324914813042
          ],
          [
            -1.2558558583259583,
            51.74338233657181
          ],
          [
            -1.2559089995920658,
            51.74351644702256
          ],
          [
            -1.2559641525149345,
            51.743685426190495
          ],
          [
            -1.2559962552040815,
            51.74382448196411
          ],
          [
            -1.2560303695499897,
            51.743963370099664
          ],
          [
            -1.2560698483139277,
            51.7441323492676
          ],
          [
            -1.2560998555272818,
            51.74427534453571
          ],
          [
            -1.2561400048434734,
            51.744451029226184
          ],
          [
            -1.2561682518571615,
            51.74461028538644
          ],
          [
            -1.2561909668147564,
            51.74477817490697
          ],
          [
            -1.256212592124939,
            51.744948076084256
          ],
          [
            -1.2562260869890451,
            51.74512158147991
          ],
          [
            -1.2562421802431345,
            51.745269102975726
          ],
          [
            -1.2562571838498116,
            51.745412182062864
          ],
          [
            -1.2562745343893766,
            51.74557629972696
          ],
          [
            -1.2562875263392925,
            51.745742596685886
          ],
          [
            -1.2563099060207605,
            51.74589363858104
          ],
          [
            -1.2563238199800253,
            51.74603990279138
          ],
          [
            -1.2563338782638311,
            51.74620217643678
          ],
          [
            -1.2563349679112434,
            51.74636562354863
          ],
          [
            -1.2563500553369522,
            51.74652454443276
          ],
          [
            -1.2563705909997225,
            51.74670442007482
          ],
          [
            -1.2564536556601524,
            51.74687339924276
          ],
          [
            -1.2565275002270937,
            51.7470233514905
          ],
          [
            -1.2565352115780115,
            51.74716701731086
          ],
          [
            -1.2565028574317694,
            51.74731655046344
          ],
          [
            -1.2564860936254263,
            51.74747169949114
          ],
          [
            -1.2564943078905344,
            51.74763539806008
          ],
          [
            -1.256524147465825,
            51.74780228175223
          ],
          [
            -1.2565560825169086,
            51.747960364446044
          ],
          [
            -1.2565804738551378,
            51.748119201511145
          ],
          [
            -1.2566053681075573,
            51.748265298083425
          ],
          [
            -1.2566274963319302,
            51.74841248430312
          ],
          [
            -1.256644930690527,
            51.74856277182698
          ],
          [
            -1.2566689029335976,
            51.74870174378157
          ],
          [
            -1.2566797155886889,
            51.74884566105902
          ],
          [
            -1.2566889356821775,
            51.74901120364666
          ],
          [
            -1.2567016761749983,
            51.74919200129807
          ],
          [
            -1.2567323539406061,
            51.749364668503404
          ],
          [
            -1.2567965593189,
            51.74953515641391
          ],
          [
            -1.256823968142271,
            51.749704889953136
          ],
          [
            -1.2568409834057093,
            51.74985442310572
          ],
          [
            -1.2568464316427708,
            51.75000814720988
          ],
          [
            -1.256866715848446,
            51.7501609493047
          ],
          [
            -1.256862273439765,
            51.75031500868499
          ],
          [
            -1.2568966392427683,
            51.750479293987155
          ],
          [
            -1.2569579109549522,
            51.75062966533005
          ],
          [
            -1.2570234574377537,
            51.7507809586823
          ],
          [
            -1.2571166642010212,
            51.75091817043722
          ],
          [
            -1.2571801990270615,
            51.751063680276275
          ],
          [
            -1.2572723999619484,
            51.75121975131333
          ],
          [
            -1.2573444843292236,
            51.75137456506491
          ],
          [
            -1.257427129894495,
            51.75153465941548
          ],
          [
            -1.2575137987732887,
            51.7516821809113
          ],
          [
            -1.2576009705662727,
            51.751824086532
          ],
          [
            -1.2576515972614288,
            51.75196104682982
          ],
          [
            -1.2574692908674479,
            51.75205106846988
          ],
          [
            -1.2572100386023521,
            51.75208912231028
          ],
          [
            -1.2569409795105457,
            51.75212223082781
          ],
          [
            -1.2567201163619757,
            51.752151399850845
          ],
          [
            -1.2564513925462961,
            51.75219473429024
          ],
          [
            -1.2562163639813662,
            51.75222532823682
          ],
          [
            -1.2559439521282911,
            51.75225558690727
          ],
          [
            -1.2558872904628515,
            51.75240520387888
          ],
          [
            -1.2559015396982431,
            51.75257074646652
          ],
          [
            -1.255937498062849,
            51.75272681750357
          ],
          [
            -1.2559974286705256,
            51.7528791166842
          ],
          [
            -1.2560478039085865,
            51.75302512943745
          ],
          [
            -1.2561241630464792,
            51.753176003694534
          ],
          [
            -1.2562026176601648,
            51.75332495011389
          ],
          [
            -1.2562862690538168,
            51.753479512408376
          ],
          [
            -1.2563432659953833,
            51.753624100238085
          ],
          [
            -1.2564123328775167,
            51.75377547740936
          ],
          [
            -1.2564917095005512,
            51.7539254296571
          ],
          [
            -1.2565559148788452,
            51.754079069942236
          ],
          [
            -1.2566044460982084,
            51.75421770662069
          ],
          [
            -1.256437310948968,
            51.75432323478162
          ],
          [
            -1.256184596568346,
            51.75436128862202
          ],
          [
            -1.255904221907258,
            51.754404874518514
          ],
          [
            -1.2556478194892406,
            51.75446229055524
          ],
          [
            -1.2553992960602045,
            51.754532027989626
          ],
          [
            -1.255152951925993,
            51.75461593084037
          ],
          [
            -1.2549158278852701,
            51.75470360554755
          ],
          [
            -1.2547205295413733,
            51.754812905564904
          ],
          [
            -1.2545523047447205,
            51.754914075136185
          ],
          [
            -1.25458306632936,
            51.75505547784269
          ],
          [
            -1.254697311669588,
            51.75520719029009
          ],
          [
            -1.2548066955059767,
            51.75536862574518
          ],
          [
            -1.2549251317977905,
            51.75553190521896
          ],
          [
            -1.2550140637904406,
            51.755658723413944
          ],
          [
            -1.255094027146697,
            51.75578755326569
          ],
          [
            -1.2551749963313341,
            51.755914790555835
          ],
          [
            -1.2552680354565382,
            51.7560478951782
          ],
          [
            -1.2553532794117928,
            51.75618192180991
          ],
          [
            -1.2554370984435081,
            51.75631142221391
          ],
          [
            -1.2555241025984287,
            51.756443437188864
          ],
          [
            -1.2556102685630322,
            51.7565743625164
          ],
          [
            -1.2557212449610233,
            51.75673831254244
          ],
          [
            -1.2558348197489977,
            51.7569025978446
          ],
          [
            -1.2559291999787092,
            51.7570529691875
          ],
          [
            -1.256019975990057,
            51.75718305632472
          ],
          [
            -1.2561169546097517,
            51.75732965581119
          ],
          [
            -1.256200186908245,
            51.757461335510015
          ],
          [
            -1.2562922202050686,
            51.75760231912136
          ],
          [
            -1.2563909590244293,
            51.75776895135641
          ],
          [
            -1.2564865965396166,
            51.757905911654234
          ],
          [
            -1.2565729301422834,
            51.758032478392124
          ],
          [
            -1.256649037823081,
            51.758204055950046
          ],
          [
            -1.256740065291524,
            51.758373621851206
          ],
          [
            -1.2568187713623047,
            51.75854478031397
          ],
          [
            -1.256900243461132,
            51.75871451385319
          ],
          [
            -1.2569795362651348,
            51.758891036733985
          ],
          [
            -1.2570472620427608,
            51.75905247218907
          ],
          [
            -1.257108449935913,
            51.75918339751661
          ],
          [
            -1.257181791588664,
            51.759313233196735
          ],
          [
            -1.2572637666016817,
            51.75945019349456
          ],
          [
            -1.2573692109435797,
            51.75957139581442
          ],
          [
            -1.2576080951839685,
            51.75963970832527
          ],
          [
            -1.2578460574150085,
            51.7596001457423
          ],
          [
            -1.2580945808440447,
            51.75954708829522
          ],
          [
            -1.2583546712994576,
            51.759500317275524
          ],
          [
            -1.2586232274770737,
            51.759449522942305
          ],
          [
            -1.2588769476860762,
            51.759399231523275
          ],
          [
            -1.2591222021728754,
            51.75934726372361
          ],
          [
            -1.2593746650964022,
            51.75929345190525
          ],
          [
            -1.2596124596893787,
            51.75925682298839
          ],
          [
            -1.259843548759818,
            51.75921265035868
          ],
          [
            -1.2598454765975475,
            51.75907216966152
          ],
          [
            -1.2598321493715048,
            51.75890738144517
          ],
          [
            -1.2598531041294336,
            51.75872809253633
          ],
          [
            -1.2598589714616537,
            51.75858342088759
          ],
          [
            -1.2598540261387825,
            51.75844176672399
          ],
          [
            -1.2598489131778479,
            51.75829810090363
          ],
          [
            -1.2598361726850271,
            51.75812073983252
          ],
          [
            -1.2598261144012213,
            51.757980259135365
          ],
          [
            -1.2598062492907047,
            51.75781144760549
          ],
          [
            -1.2596849631518126,
            51.7576695419848
          ],
          [
            -1.259589996188879,
            51.75750592723489
          ],
          [
            -1.2595232762396336,
            51.75734365358949
          ],
          [
            -1.2594422232359648,
            51.757189594209194
          ],
          [
            -1.259390003979206,
            51.757018184289336
          ],
          [
            -1.2593627627938986,
            51.756862783804536
          ],
          [
            -1.2593384552747011,
            51.756722051650286
          ],
          [
            -1.2593118846416473,
            51.75655919127166
          ],
          [
            -1.2592226173728704,
            51.75640915520489
          ],
          [
            -1.2591451685875654,
            51.75626398064196
          ],
          [
            -1.259066965430975,
            51.75612576305866
          ],
          [
            -1.2590199429541826,
            51.75597949884832
          ],
          [
            -1.2590226251631975,
            51.75584404729307
          ]
        ]
      },
      "properties": {
        "name": "2023-09-12 (Tue) 11:18",
        "source_file": "2023-09-12-101822-ELEMNT_ROAM_A974-43-0.fit",
        "date": "2023-09-12T10:18:22",
        "sport": "cycling",
        "dropbox_id": "id:JY-PzzIM9pcAAAAAAAAA8w"
      }
    },
    {
      "type": "Feature",
      "geometry": {
        "type": "LineString",
        "coordinates": [
          [
            -1.2588294222950935,
            51.75557582639158
          ],
          [
            -1.2588161788880825,
            51.755434507504106
          ],
          [
            -1.258793631568551,
            51.7552896682173
          ],
          [
            -1.2587456870824099,
            51.7551464214921
          ],
          [
            -1.258640829473734,
            51.75500719808042
          ],
          [
            -1.2585487961769104,
            51.75486093387008
          ],
          [
            -1.2584848422557116,
            51.75470184534788
          ],
          [
            -1.258439915254712,
            51.754540326073766
          ],
          [
            -1.2584027834236622,
            51.754390792921185
          ],
          [
            -1.2582353968173265,
            51.75430303439498
          ],
          [
            -1.2579900585114956,
            51.75435005687177
          ],
          [
            -1.2577533535659313,
            51.75436648540199
          ],
          [
            -1.2574821151793003,
            51.75437930971384
          ],
          [
            -1.257213056087494,
            51.75438953563571
          ],
          [
            -1.256953552365303,
            51.75441241823137
          ],
          [
            -1.256702933460474,
            51.754378052428365
          ],
          [
            -1.2565734330564737,
            51.754244696348906
          ],
          [
            -1.2565148435533047,
            51.75410555675626
          ],
          [
            -1.2564436811953783,
            51.75396817736328
          ],
          [
            -1.256395149976015,
            51.753811519593
          ],
          [
            -1.2563505582511425,
            51.75366181880236
          ],
          [
            -1.2563055474311113,
            51.75350080244243
          ],
          [
            -1.2560864444822073,
            51.7534523550421
          ],
          [
            -1.2558477278798819,
            51.75350205972791
          ],
          [
            -1.255590571090579,
            51.753540029749274
          ],
          [
            -1.2553706299513578,
            51.75356291234493
          ],
          [
            -1.2551213521510363,
            51.75358705222607
          ],
          [
            -1.254901997745037,
            51.75361253321171
          ],
          [
            -1.2546530552208424,
            51.75362644717097
          ],
          [
            -1.2544502969831228,
            51.75369861535728
          ],
          [
            -1.2542813178151846,
            51.753802970051765
          ],
          [
            -1.2540530785918236,
            51.75384672358632
          ],
          [
            -1.253830036148429,
            51.75377095118165
          ],
          [
            -1.2536825146526098,
            51.753639690577984
          ],
          [
            -1.2536352407187223,
            51.75348982214928
          ],
          [
            -1.2535624019801617,
            51.75333953462541
          ],
          [
            -1.2535018008202314,
            51.75318849273026
          ],
          [
            -1.2534377630800009,
            51.75303988158703
          ],
          [
            -1.2533569615334272,
            51.75290350802243
          ],
          [
            -1.253306083381176,
            51.75262866541743
          ],
          [
            -1.2535134516656399,
            51.752547612413764
          ],
          [
            -1.2537709437310696,
            51.75250637345016
          ],
          [
            -1.2540286034345627,
            51.75246438011527
          ],
          [
            -1.2542886100709438,
            51.752424985170364
          ],
          [
            -1.2545626983046532,
            51.752391792833805
          ],
          [
            -1.2548310868442059,
            51.75236262381077
          ],
          [
            -1.2550832983106375,
            51.75232708454132
          ],
          [
            -1.255350848659873,
            51.75229271873832
          ],
          [
            -1.2556168902665377,
            51.75226103514433
          ],
          [
            -1.255866838619113,
            51.75222826190293
          ],
          [
            -1.2561046332120895,
            51.75220244564116
          ],
          [
            -1.2563621252775192,
            51.75215441733599
          ],
          [
            -1.2566430866718292,
            51.75213756971061
          ],
          [
            -1.25687375664711,
            51.75210437737405
          ],
          [
            -1.257089339196682,
            51.752075208351016
          ],
          [
            -1.2573011498898268,
            51.75201469101012
          ],
          [
            -1.2575151398777962,
            51.75195216201246
          ],
          [
            -1.2575000524520874,
            51.75181218422949
          ],
          [
            -1.25743274576962,
            51.75165921449661
          ],
          [
            -1.2573683727532625,
            51.75152602605522
          ],
          [
            -1.2572960369288921,
            51.751358890905976
          ],
          [
            -1.257215067744255,
            51.751202987506986
          ],
          [
            -1.25713175162673,
            51.751046581193805
          ],
          [
            -1.2570363655686378,
            51.750888833776116
          ],
          [
            -1.2569437455385923,
            51.750730499625206
          ],
          [
            -1.2568735051900148,
            51.750568728893995
          ],
          [
            -1.2568104732781649,
            51.750380052253604
          ],
          [
            -1.2567812204360962,
            51.750209312886
          ],
          [
            -1.2567728385329247,
            51.750037148594856
          ],
          [
            -1.2567590083926916,
            51.74985324963927
          ],
          [
            -1.2567283306270838,
            51.749665662646294
          ],
          [
            -1.2566711660474539,
            51.749480087310076
          ],
          [
            -1.2566290888935328,
            51.74929275177419
          ],
          [
            -1.256588688120246,
            51.74912704154849
          ],
          [
            -1.2565594352781773,
            51.748958732932806
          ],
          [
            -1.2565311882644892,
            51.748788580298424
          ],
          [
            -1.2564915418624878,
            51.74861834384501
          ],
          [
            -1.2564497999846935,
            51.74844827502966
          ],
          [
            -1.2564233131706715,
            51.748297568410635
          ],
          [
            -1.256403448060155,
            51.748142251744866
          ],
          [
            -1.2563923001289368,
            51.74798651598394
          ],
          [
            -1.2563975807279348,
            51.747844610363245
          ],
          [
            -1.2563877739012241,
            51.74769004806876
          ],
          [
            -1.2563866004347801,
            51.74753716215491
          ],
          [
            -1.2563955690711737,
            51.74736516550183
          ],
          [
            -1.2563909590244293,
            51.74721940420568
          ],
          [
            -1.2563843373209238,
            51.74706199206412
          ],
          [
            -1.2563749495893717,
            51.746885972097516
          ],
          [
            -1.256371010094881,
            51.74673115834594
          ],
          [
            -1.256345696747303,
            51.74659118056297
          ],
          [
            -1.256295656785369,
            51.74642086029053
          ],
          [
            -1.2562733609229326,
            51.746249282732606
          ],
          [
            -1.256252657622099,
            51.7461131606251
          ],
          [
            -1.2562358099967241,
            51.74596086144447
          ],
          [
            -1.2562130112200975,
            51.745790373533964
          ],
          [
            -1.256187865510583,
            51.74561485648155
          ],
          [
            -1.2561676651239395,
            51.74543481320143
          ],
          [
            -1.256144866347313,
            51.74525594338775
          ],
          [
            -1.2561241630464792,
            51.745111690834165
          ],
          [
            -1.2560889590531588,
            51.74493701197207
          ],
          [
            -1.256062388420105,
            51.74475965090096
          ],
          [
            -1.2560375779867172,
            51.74462034367025
          ],
          [
            -1.2560133542865515,
            51.74448539502919
          ],
          [
            -1.255991142243147,
            51.74434927292168
          ],
          [
            -1.2559634819626808,
            51.744207786396146
          ],
          [
            -1.2559462152421474,
            51.74406127072871
          ],
          [
            -1.2559223268181086,
            51.74392506480217
          ],
          [
            -1.2558897212147713,
            51.743789026513696
          ],
          [
            -1.2558469735085964,
            51.743635050952435
          ],
          [
            -1.2558050639927387,
            51.74349649809301
          ],
          [
            -1.2557512521743774,
            51.74336079508066
          ],
          [
            -1.2557103484869003,
            51.74320396967232
          ],
          [
            -1.2556346599012613,
            51.74304739572108
          ],
          [
            -1.2555483262985945,
            51.74287791363895
          ],
          [
            -1.2554590590298176,
            51.74272930249572
          ],
          [
            -1.255374988541007,
            51.74257239326835
          ],
          [
            -1.2552927620708942,
            51.74241095781326
          ],
          [
            -1.25519385561347,
            51.74224533140659
          ],
          [
            -1.2550694681704044,
            51.74209227785468
          ],
          [
            -1.2549522053450346,
            51.7419340275228
          ],
          [
            -1.254868134856224,
            51.741787092760205
          ],
          [
            -1.2547759339213371,
            51.741619035601616
          ],
          [
            -1.2546683941036463,
            51.74145114608109
          ],
          [
            -1.2545808032155037,
            51.74131393432617
          ],
          [
            -1.2544921226799488,
            51.741174375638366
          ],
          [
            -1.2544092256575823,
            51.741048227995634
          ],
          [
            -1.254315096884966,
            51.74091135151684
          ],
          [
            -1.2542127538472414,
            51.74077497795224
          ],
          [
            -1.2541083991527557,
            51.74063106067479
          ],
          [
            -1.2540078163146973,
            51.740494687110186
          ],
          [
            -1.2539106700569391,
            51.740365102887154
          ],
          [
            -1.253796759992838,
            51.74020752310753
          ],
          [
            -1.2536905612796545,
            51.74005790613592
          ],
          [
            -1.253567598760128,
            51.73989487811923
          ],
          [
            -1.2534782476723194,
            51.739767054095864
          ],
          [
            -1.2533571291714907,
            51.739605786278844
          ],
          [
            -1.2532641738653183,
            51.73948131501675
          ],
          [
            -1.2531671114265919,
            51.73934770748019
          ],
          [
            -1.2530609965324402,
            51.73921016044915
          ],
          [
            -1.252961503341794,
            51.739073703065515
          ],
          [
            -1.252859579399228,
            51.738935988396406
          ],
          [
            -1.2527652829885483,
            51.73880623653531
          ],
          [
            -1.2526596710085869,
            51.73865578137338
          ],
          [
            -1.25255330465734,
            51.73849828541279
          ],
          [
            -1.2524617742747068,
            51.73836308531463
          ],
          [
            -1.2523699924349785,
            51.738229393959045
          ],
          [
            -1.2522782944142818,
            51.73810299485922
          ],
          [
            -1.2521915417164564,
            51.73796192742884
          ],
          [
            -1.2521057948470116,
            51.737821865826845
          ],
          [
            -1.252027340233326,
            51.73769228160381
          ],
          [
            -1.2519358098506927,
            51.73753327690065
          ],
          [
            -1.251862971112132,
            51.73739857971668
          ],
          [
            -1.2517842650413513,
            51.73725441098213
          ],
          [
            -1.2517070677131414,
            51.73710538074374
          ],
          [
            -1.2516207341104746,
            51.73694847151637
          ],
          [
            -1.2515323888510466,
            51.73679072409868
          ],
          [
            -1.251441277563572,
            51.73663079738617
          ],
          [
            -1.2513568717986345,
            51.736478079110384
          ],
          [
            -1.2512705381959677,
            51.736341370269656
          ],
          [
            -1.2511712964624166,
            51.73618915490806
          ],
          [
            -1.2510914169251919,
            51.73604096285999
          ],
          [
            -1.2510200031101704,
            51.73590341582894
          ],
          [
            -1.2509390339255333,
            51.73576871864498
          ],
          [
            -1.2508621718734503,
            51.73562664538622
          ],
          [
            -1.250779526308179,
            51.73547325655818
          ],
          [
            -1.2506932765245438,
            51.73531240783632
          ],
          [
            -1.250609876587987,
            51.73515382222831
          ],
          [
            -1.2505272310227156,
            51.735001439228654
          ],
          [
            -1.250433772802353,
            51.7348540853709
          ],
          [
            -1.250350708141923,
            51.734715113416314
          ],
          [
            -1.2502714153379202,
            51.73458142206073
          ],
          [
            -1.2501946371048689,
            51.73445359803736
          ],
          [
            -1.2501313537359238,
            51.734318397939205
          ],
          [
            -1.2500519771128893,
            51.73419174738228
          ],
          [
            -1.2499445211142302,
            51.73403173685074
          ],
          [
            -1.2498530745506287,
            51.73389318399131
          ],
          [
            -1.2497526593506336,
            51.733750607818365
          ],
          [
            -1.2496522441506386,
            51.73360979184508
          ],
          [
            -1.2495575286448002,
            51.733465204015374
          ],
          [
            -1.2494583707302809,
            51.73332296311855
          ],
          [
            -1.2493601348251104,
            51.73317661508918
          ],
          [
            -1.2492639105767012,
            51.73303152434528
          ],
          [
            -1.249182354658842,
            51.73288743942976
          ],
          [
            -1.24911286868155,
            51.7327419295907
          ],
          [
            -1.249053943902254,
            51.73260404728353
          ],
          [
            -1.249001557007432,
            51.73246884718537
          ],
          [
            -1.2489234376698732,
            51.73230833373964
          ],
          [
            -1.248822771012783,
            51.73218185082078
          ],
          [
            -1.2487640976905823,
            51.73204363323748
          ],
          [
            -1.248686732724309,
            51.73188521526754
          ],
          [
            -1.2485454138368368,
            51.731731155887246
          ],
          [
            -1.2483838945627213,
            51.73158220946789
          ],
          [
            -1.2483066134154797,
            51.731409039348364
          ],
          [
            -1.2482595909386873,
            51.731275934726
          ],
          [
            -1.2482129875570536,
            51.73113822005689
          ],
          [
            -1.2481745146214962,
            51.73100125975907
          ],
          [
            -1.248137466609478,
            51.730862790718675
          ],
          [
            -1.2481027655303478,
            51.73072616569698
          ],
          [
            -1.2480723392218351,
            51.730590127408504
          ],
          [
            -1.2480422481894493,
            51.730454843491316
          ],
          [
            -1.2480169348418713,
            51.730315536260605
          ],
          [
            -1.247999668121338,
            51.73017983324826
          ],
          [
            -1.2479703314602375,
            51.730005322024226
          ],
          [
            -1.2479441799223423,
            51.72982628457248
          ],
          [
            -1.247914843261242,
            51.72965319827199
          ],
          [
            -1.247886512428522,
            51.72947768121958
          ],
          [
            -1.247856505215168,
            51.72930643893778
          ],
          [
            -1.2478254921734333,
            51.729148188605905
          ],
          [
            -1.2477888632565737,
            51.72898340038955
          ],
          [
            -1.2477468699216843,
            51.72880654223263
          ],
          [
            -1.2476863525807858,
            51.728630438447
          ],
          [
            -1.247611753642559,
            51.728490963578224
          ],
          [
            -1.2474693451076746,
            51.72836892306805
          ],
          [
            -1.2473017070442438,
            51.72825291752815
          ],
          [
            -1.2471596337854862,
            51.728138253092766
          ],
          [
            -1.2470106035470963,
            51.72798603773117
          ],
          [
            -1.246861657127738,
            51.72784153372049
          ],
          [
            -1.2467215955257416,
            51.727701807394624
          ],
          [
            -1.2465575616806746,
            51.72757121734321
          ],
          [
            -1.246351283043623,
            51.727464934810996
          ],
          [
            -1.246129833161831,
            51.72735865227878
          ],
          [
            -1.245943084359169,
            51.72727852128446
          ],
          [
            -1.2457562517374754,
            51.72718774527311
          ],
          [
            -1.2455596961081028,
            51.72709671780467
          ],
          [
            -1.2453683372586966,
            51.7270053550601
          ],
          [
            -1.2451771460473537,
            51.72691801562905
          ],
          [
            -1.2449821829795837,
            51.72682958655059
          ],
          [
            -1.2447897344827652,
            51.7267378885299
          ],
          [
            -1.2445914186537266,
            51.726652309298515
          ],
          [
            -1.2443961203098297,
            51.72656513750553
          ],
          [
            -1.24420752748847,
            51.72647654078901
          ],
          [
            -1.2440206948667765,
            51.7263853456825
          ],
          [
            -1.2438307609409094,
            51.72629934735596
          ],
          [
            -1.2436427548527718,
            51.72621854580939
          ],
          [
            -1.2434614542871714,
            51.72613816335797
          ],
          [
            -1.2432824168354273,
            51.72605057246983
          ],
          [
            -1.2430571112781763,
            51.725950660184026
          ],
          [
            -1.2428399361670017,
            51.72584823332727
          ],
          [
            -1.2426118645817041,
            51.72574169933796
          ],
          [
            -1.2423846311867237,
            51.725635919719934
          ],
          [
            -1.2421620916575193,
            51.72553148120642
          ],
          [
            -1.2419387977570295,
            51.72542670741677
          ],
          [
            -1.2417049426585436,
            51.72533551231027
          ],
          [
            -1.2414901982992887,
            51.72523451037705
          ],
          [
            -1.241268664598465,
            51.72513250261545
          ],
          [
            -1.2410418502986431,
            51.72503041103482
          ],
          [
            -1.2408402655273676,
            51.72492538578808
          ],
          [
            -1.2406225875020027,
            51.72482891008258
          ],
          [
            -1.2404079269617796,
            51.72473067417741
          ],
          [
            -1.2401984632015228,
            51.724631264805794
          ],
          [
            -1.2399822100996971,
            51.72453621402383
          ],
          [
            -1.23976930975914,
            51.72443713992834
          ],
          [
            -1.2395612709224224,
            51.724334796890616
          ],
          [
            -1.2393545731902122,
            51.72424083575606
          ],
          [
            -1.2391428463160992,
            51.72414586879313
          ],
          [
            -1.2389080692082644,
            51.72406263649464
          ],
          [
            -1.2386973481625319,
            51.72395249828696
          ],
          [
            -1.238530296832323,
            51.72386440448463
          ],
          [
            -1.2383186537772417,
            51.72377044335008
          ],
          [
            -1.2381196673959494,
            51.723669692873955
          ],
          [
            -1.2379122991114855,
            51.723577324301004
          ],
          [
            -1.2377211917191744,
            51.723480178043246
          ],
          [
            -1.2375103030353785,
            51.72338638454676
          ],
          [
            -1.2373082153499126,
            51.723294937983155
          ],
          [
            -1.2370924651622772,
            51.723203072324395
          ],
          [
            -1.2368809897452593,
            51.72310802154243
          ],
          [
            -1.2366776447743177,
            51.72302638180554
          ],
          [
            -1.236459631472826,
            51.72293309122324
          ],
          [
            -1.2362535204738379,
            51.722827814519405
          ],
          [
            -1.2360451463609934,
            51.72272773459554
          ],
          [
            -1.2358265463262796,
            51.72263058833778
          ],
          [
            -1.2356071081012487,
            51.72253344208002
          ],
          [
            -1.235406780615449,
            51.72243126668036
          ],
          [
            -1.2351818103343248,
            51.72236924059689
          ],
          [
            -1.234930520877242,
            51.722341161221266
          ],
          [
            -1.234668167307973,
            51.72231215983629
          ],
          [
            -1.2344027124345303,
            51.72227779403329
          ],
          [
            -1.2341634090989828,
            51.722261030226946
          ],
          [
            -1.233921591192484,
            51.7222442664206
          ],
          [
            -1.23370542190969,
            51.72227779403329
          ],
          [
            -1.233483050018549,
            51.72228818759322
          ],
          [
            -1.233450612053275,
            51.722152819857
          ],
          [
            -1.233665607869625,
            51.72208869829774
          ],
          [
            -1.2336273025721312,
            51.72192357480526
          ],
          [
            -1.2336157355457544,
            51.72176364809275
          ],
          [
            -1.233523366972804,
            51.7216139473021
          ],
          [
            -1.2333781085908413,
            51.72151026315987
          ],
          [
            -1.233233856037259,
            51.72140574082732
          ],
          [
            -1.2330885976552963,
            51.7212997097522
          ],
          [
            -1.2328996695578098,
            51.72122636809945
          ],
          [
            -1.2326176185160875,
            51.721222680062056
          ],
          [
            -1.2323399260640144,
            51.72125855460763
          ],
          [
            -1.2320499122142792,
            51.72126308083534
          ],
          [
            -1.2317812722176313,
            51.721241706982255
          ],
          [
            -1.231543980538845,
            51.72128638252616
          ],
          [
            -1.2313494365662336,
            51.721365256235
          ],
          [
            -1.2313726544380188,
            51.72150498256087
          ],
          [
            -1.231436775997281,
            51.72163884155452
          ],
          [
            -1.2314917612820864,
            51.721794325858355
          ],
          [
            -1.231219181790948,
            51.72179323621094
          ],
          [
            -1.2310041021555662,
            51.721823159605265
          ],
          [
            -1.2307598534971476,
            51.721872948110104
          ],
          [
            -1.230530859902501,
            51.72190706245601
          ],
          [
            -1.2303357291966677,
            51.72197403386235
          ],
          [
            -1.230109166353941,
            51.72208626754582
          ],
          [
            -1.2298671808093786,
            51.72212448902428
          ],
          [
            -1.2296593934297562,
            51.722078304737806
          ],
          [
            -1.229484798386693,
            51.72197160311043
          ],
          [
            -1.229248009622097,
            51.721966825425625
          ],
          [
            -1.228991523385048,
            51.72201795503497
          ],
          [
            -1.2287939619272947,
            51.72207755036652
          ],
          [
            -1.2285452708601952,
            51.72206715680659
          ],
          [
            -1.2283612042665482,
            51.72195341438055
          ],
          [
            -1.2282069772481918,
            51.721854507923126
          ],
          [
            -1.2280115112662315,
            51.72175073996186
          ],
          [
            -1.2277983594685793,
            51.72164227813482
          ],
          [
            -1.2275848723948002,
            51.72153155319393
          ],
          [
            -1.2273733131587505,
            51.721429880708456
          ],
          [
            -1.2271762546151876,
            51.72131915576756
          ],
          [
            -1.2269659526646137,
            51.72120625153184
          ],
          [
            -1.2267648708075285,
            51.721082953736186
          ],
          [
            -1.2266038544476032,
            51.72095823101699
          ],
          [
            -1.2265015114098787,
            51.72082797624171
          ],
          [
            -1.2264277506619692,
            51.72069403342903
          ],
          [
            -1.2263590190559626,
            51.72055237926543
          ],
          [
            -1.2261260021477938,
            51.72049714252353
          ],
          [
            -1.2258881237357855,
            51.720518600195646
          ],
          [
            -1.2256352417171001,
            51.72052530571818
          ],
          [
            -1.225404068827629,
            51.72051784582436
          ],
          [
            -1.2251795176416636,
            51.720484821125865
          ],
          [
            -1.2252267077565193,
            51.720345010980964
          ],
          [
            -1.2254004646092653,
            51.720204865559936
          ],
          [
            -1.2255402747541666,
            51.720087602734566
          ],
          [
            -1.225681509822607,
            51.71997578814626
          ],
          [
            -1.2258136086165905,
            51.719864225015044
          ],
          [
            -1.225976636633277,
            51.719724498689175
          ],
          [
            -1.226103873923421,
            51.719613103196025
          ],
          [
            -1.2262726854532957,
            51.71947220340371
          ],
          [
            -1.2264317739754915,
            51.7193656694144
          ],
          [
            -1.226599495857954,
            51.719265254214406
          ],
          [
            -1.226755566895008,
            51.719161570072174
          ],
          [
            -1.2268914375454187,
            51.71903978101909
          ],
          [
            -1.2270282302051783,
            51.7188976239413
          ],
          [
            -1.2271751649677753,
            51.718747755512595
          ],
          [
            -1.2273292243480682,
            51.71859512105584
          ],
          [
            -1.2274728901684284,
            51.71845246106386
          ],
          [
            -1.2276016362011433,
            51.71832304447889
          ],
          [
            -1.2277308013290167,
            51.71818750910461
          ],
          [
            -1.2278507463634014,
            51.71804585494101
          ],
          [
            -1.2279483117163181,
            51.71790562570095
          ],
          [
            -1.2280219048261642,
            51.71776765957475
          ],
          [
            -1.228117374703288,
            51.717632208019495
          ],
          [
            -1.2281980086117983,
            51.717484099790454
          ],
          [
            -1.2282945681363344,
            51.717343954369426
          ],
          [
            -1.228377129882574,
            51.717192493379116
          ],
          [
            -1.2284328695386648,
            51.71706114895642
          ],
          [
            -1.2285223044455051,
            51.716898288577795
          ],
          [
            -1.2286388128995895,
            51.7167167365551
          ],
          [
            -1.228724643588066,
            51.71658765524626
          ],
          [
            -1.2288067862391472,
            51.71644315123558
          ],
          [
            -1.228884570300579,
            51.716296719387174
          ],
          [
            -1.2289698142558336,
            51.71614098362625
          ],
          [
            -1.2290473468601704,
            51.71598298475146
          ],
          [
            -1.2291099596768618,
            51.715822806581855
          ],
          [
            -1.2291638553142548,
            51.71565994620323
          ],
          [
            -1.2292064353823662,
            51.715496415272355
          ],
          [
            -1.2292342633008957,
            51.715334728360176
          ],
          [
            -1.2292478419840336,
            51.71517262235284
          ],
          [
            -1.229248596355319,
            51.71500221826136
          ],
          [
            -1.2292350176721811,
            51.71483323909342
          ],
          [
            -1.2292047590017319,
            51.71466124244034
          ],
          [
            -1.2291489355266094,
            51.71449360437691
          ],
          [
            -1.2290767673403025,
            51.71433116309345
          ],
          [
            -1.2289968878030777,
            51.71417056582868
          ],
          [
            -1.2289134040474892,
            51.71401114203036
          ],
          [
            -1.2288238015025854,
            51.71386990696192
          ],
          [
            -1.2287165969610214,
            51.71373847872019
          ],
          [
            -1.228603357449174,
            51.71360864304006
          ],
          [
            -1.228483160957694,
            51.713481321930885
          ],
          [
            -1.228365646675229,
            51.71335441991687
          ],
          [
            -1.2282467912882566,
            51.71322827227414
          ],
          [
            -1.2281232420355082,
            51.71310732141137
          ],
          [
            -1.2279526703059673,
            51.712944796308875
          ],
          [
            -1.2277876306325197,
            51.71278964728117
          ],
          [
            -1.2276334874331951,
            51.71264405362308
          ],
          [
            -1.2274676095694304,
            51.71251891180873
          ],
          [
            -1.2272822856903076,
            51.71241329982877
          ],
          [
            -1.2270984705537558,
            51.71230693347752
          ],
          [
            -1.226823041215539,
            51.71233576722443
          ],
          [
            -1.2266706582158804,
            51.71244473196566
          ],
          [
            -1.2265077978372574,
            51.712551014497876
          ],
          [
            -1.2262892816215754,
            51.71260834671557
          ],
          [
            -1.2260459549725056,
            51.71259460039437
          ],
          [
            -1.2257933244109154,
            51.71255118213594
          ],
          [
            -1.2255932483822107,
            51.71246769838035
          ],
          [
            -1.225434159860015,
            51.71234305948019
          ],
          [
            -1.2252895720303059,
            51.712229400873184
          ],
          [
            -1.2252017296850681,
            51.71209780499339
          ],
          [
            -1.225230311974883,
            51.71209336258471
          ]
        ]
      },
      "properties": {
        "name": "2023-09-12 (Tue) 15:42",
        "source_file": "2023-09-12-144209-ELEMNT_ROAM_A974-44-0.fit",
        "date": "2023-09-12T14:42:09",
        "sport": "cycling",
        "dropbox_id": "id:JY-PzzIM9pcAAAAAAAAA9A"
      }
    },
    {
      "type": "Feature",
      "geometry": {
        "type": "LineString",
        "coordinates": [
          [
            -0.04923831671476364,
            51.51459887623787
          ],
          [
            -0.04901963286101818,
            51.5146026480943
          ],
          [
            -0.048780329525470734,
            51.514606503769755
          ],
          [
            -0.048559969291090965,
            51.51457658037543
          ],
          [
            -0.048514874652028084,
            51.5144314058125
          ],
          [
            -0.04846693016588688,
            51.514296624809504
          ],
          [
            -0.048391157761216164,
            51.51416125707328
          ],
          [
            -0.04832795821130276,
            51.51403116993606
          ],
          [
            -0.04831664264202118,
            51.51388348080218
          ],
          [
            -0.048642195761203766,
            51.5134091489017
          ],
          [
            -0.0486957561224699,
            51.513277469202876
          ],
          [
            -0.048725176602602005,
            51.51298804208636
          ],
          [
            -0.04871268756687641,
            51.51283197104931
          ],
          [
            -0.04866407252848148,
            51.51267967186868
          ],
          [
            -0.048655103892087936,
            51.51252267882228
          ],
          [
            -0.048620905727148056,
            51.51238362304866
          ],
          [
            -0.04860933870077133,
            51.512236604467034
          ],
          [
            -0.04859902895987034,
            51.51209025643766
          ],
          [
            -0.048560136929154396,
            51.511948350816965
          ],
          [
            -0.04853985272347927,
            51.51179898530245
          ],
          [
            -0.048485202714800835,
            51.511663952842355
          ],
          [
            -0.048458799719810486,
            51.5113955643028
          ],
          [
            -0.04842124879360199,
            51.511250557377934
          ],
          [
            -0.0486848596483469,
            51.51123806834221
          ],
          [
            -0.04896380938589573,
            51.51123806834221
          ],
          [
            -0.04924829117953777,
            51.511226668953896
          ],
          [
            -0.04952095448970795,
            51.51120596565306
          ],
          [
            -0.049794288352131844,
            51.51119657792151
          ],
          [
            -0.05004909820854664,
            51.511175287887454
          ],
          [
            -0.05029996857047081,
            51.51114519685507
          ],
          [
            -0.05056416615843773,
            51.51110705919564
          ],
          [
            -0.05083674564957619,
            51.51108208112419
          ],
          [
            -0.05106708034873009,
            51.51104788295925
          ],
          [
            -0.05131317302584648,
            51.511021479964256
          ],
          [
            -0.05156932398676872,
            51.510981330648065
          ],
          [
            -0.05181030370295048,
            51.5109465457499
          ],
          [
            -0.05205756984651089,
            51.51090916246176
          ],
          [
            -0.052317241206765175,
            51.51086859405041
          ],
          [
            -0.052586719393730164,
            51.510839676484466
          ],
          [
            -0.05285024642944336,
            51.51082995347679
          ],
          [
            -0.05312500521540642,
            51.510843113064766
          ],
          [
            -0.05338165909051895,
            51.51086188852787
          ],
          [
            -0.05358416587114334,
            51.51091419160366
          ],
          [
            -0.05380871705710888,
            51.510995076969266
          ],
          [
            -0.05403720773756504,
            51.51103388518095
          ],
          [
            -0.05425522103905678,
            51.51107721962035
          ],
          [
            -0.054498715326189995,
            51.51111007668078
          ],
          [
            -0.05475838668644428,
            51.511127511039376
          ],
          [
            -0.05501973442733288,
            51.51113513857126
          ],
          [
            -0.05528409965336323,
            51.51113513857126
          ],
          [
            -0.05556237883865833,
            51.511127511039376
          ],
          [
            -0.05583261139690876,
            51.5111312828958
          ],
          [
            -0.056085074320435524,
            51.51112910360098
          ],
          [
            -0.05632219836115837,
            51.51112575083971
          ],
          [
            -0.056585054844617844,
            51.51112197898328
          ],
          [
            -0.056823017075657845,
            51.51111988350749
          ],
          [
            -0.05706802010536194,
            51.511121559888124
          ],
          [
            -0.057312268763780594,
            51.51112918742001
          ],
          [
            -0.05756674334406853,
            51.51113513857126
          ],
          [
            -0.05783379077911377,
            51.5111312828958
          ],
          [
            -0.058099329471588135,
            51.511127511039376
          ],
          [
            -0.05836009047925472,
            51.511118207126856
          ],
          [
            -0.05860668607056141,
            51.51111057959497
          ],
          [
            -0.05887934938073158,
            51.511099096387625
          ],
          [
            -0.059133656322956085,
            51.51108551770449
          ],
          [
            -0.05940883420407772,
            51.51107244193554
          ],
          [
            -0.059656351804733276,
            51.511088870465755
          ],
          [
            -0.0598971638828516,
            51.51109314523637
          ],
          [
            -0.06015624850988388,
            51.51109482161701
          ],
          [
            -0.060433102771639824,
            51.51109314523637
          ],
          [
            -0.06069319322705269,
            51.51109314523637
          ],
          [
            -0.060958899557590485,
            51.511076632887125
          ],
          [
            -0.061220163479447365,
            51.51104989461601
          ],
          [
            -0.06147346459329128,
            51.511038076132536
          ],
          [
            -0.061748726293444633,
            51.5110435243696
          ],
          [
            -0.0620109960436821,
            51.511056097224355
          ],
          [
            -0.06223982200026512,
            51.51107403449714
          ],
          [
            -0.06252321414649487,
            51.5110847633332
          ],
          [
            -0.06275522522628307,
            51.511104041710496
          ],
          [
            -0.06300726905465126,
            51.511127511039376
          ],
          [
            -0.06325176917016506,
            51.5111312828958
          ],
          [
            -0.06349526345729828,
            51.51113295927644
          ],
          [
            -0.0637365784496069,
            51.51113513857126
          ],
          [
            -0.06398468278348446,
            51.51114276610315
          ],
          [
            -0.06423312239348888,
            51.51113513857126
          ],
          [
            -0.06451249122619629,
            51.51112566702068
          ],
          [
            -0.06478959694504738,
            51.51111653074622
          ],
          [
            -0.06506645120680332,
            51.51110127568245
          ],
          [
            -0.06534120999276638,
            51.51108962483704
          ],
          [
            -0.06562636233866215,
            51.511076129972935
          ],
          [
            -0.06584395654499531,
            51.511057103052735
          ],
          [
            -0.06612718105316162,
            51.51104201562703
          ],
          [
            -0.06640344858169556,
            51.51102650910616
          ],
          [
            -0.06666538305580616,
            51.510999938473105
          ],
          [
            -0.0669313408434391,
            51.510976972058415
          ],
          [
            -0.06719126366078854,
            51.51095995679498
          ],
          [
            -0.06745596416294575,
            51.51092969812453
          ],
          [
            -0.0677039846777916,
            51.51090136729181
          ],
          [
            -0.06793524138629436,
            51.51087010279298
          ],
          [
            -0.06818016059696674,
            51.51084344834089
          ],
          [
            -0.06843228824436665,
            51.51081847026944
          ],
          [
            -0.06867385469377041,
            51.51079583913088
          ],
          [
            -0.06893285550177097,
            51.51076918467879
          ],
          [
            -0.06920082494616508,
            51.510738926008344
          ],
          [
            -0.0694682914763689,
            51.51069517247379
          ],
          [
            -0.06972536444664001,
            51.51065309531987
          ],
          [
            -0.06996005773544312,
            51.51061847805977
          ],
          [
            -0.07017949596047401,
            51.510556703433394
          ],
          [
            -0.07045106962323189,
            51.51049308478832
          ],
          [
            -0.0706629641354084,
            51.51045083999634
          ],
          [
            -0.07092724554240704,
            51.510397866368294
          ],
          [
            -0.07116512395441532,
            51.51033676229417
          ],
          [
            -0.07144776172935963,
            51.51031496934593
          ],
          [
            -0.07168480195105076,
            51.51025118306279
          ],
          [
            -0.07188152521848679,
            51.510159485042095
          ],
          [
            -0.07210171781480312,
            51.510144397616386
          ],
          [
            -0.07233783602714539,
            51.51016065850854
          ],
          [
            -0.07258803583681583,
            51.510195108130574
          ],
          [
            -0.07284100167453289,
            51.510160909965634
          ],
          [
            -0.07311148568987846,
            51.51011279784143
          ],
          [
            -0.07339521311223507,
            51.51011656969786
          ],
          [
            -0.07365203462541103,
            51.510107181966305
          ],
          [
            -0.07387038320302963,
            51.5100952796638
          ],
          [
            -0.0740896537899971,
            51.51008446700871
          ],
          [
            -0.07429325021803379,
            51.510025039315224
          ],
          [
            -0.07454110309481621,
            51.51001523248851
          ],
          [
            -0.07476624101400375,
            51.51003643870354
          ],
          [
            -0.07502398453652859,
            51.50998078286648
          ],
          [
            -0.07525867782533169,
            51.50989059358835
          ],
          [
            -0.07551625370979309,
            51.509804259985685
          ],
          [
            -0.07573099806904793,
            51.50974005460739
          ],
          [
            -0.07596158422529697,
            51.509686494246125
          ],
          [
            -0.0761806033551693,
            51.50965003296733
          ],
          [
            -0.07642778567969799,
            51.50960996747017
          ],
          [
            -0.07666708901524544,
            51.50956571102142
          ],
          [
            -0.07688158191740513,
            51.50953511707485
          ],
          [
            -0.07710982114076614,
            51.50951441377401
          ],
          [
            -0.07737494073808193,
            51.5095046069473
          ],
          [
            -0.0776410661637783,
            51.50949480012059
          ],
          [
            -0.07788330316543579,
            51.509490525349975
          ],
          [
            -0.0781055074185133,
            51.50952589698136
          ],
          [
            -0.07831983268260956,
            51.509581385180354
          ],
          [
            -0.0785563699901104,
            51.50964081287384
          ],
          [
            -0.07880237884819508,
            51.50966428220272
          ],
          [
            -0.0790611281991005,
            51.509676184505224
          ],
          [
            -0.07932348176836967,
            51.50967190973461
          ],
          [
            -0.07958290167152882,
            51.50968716479838
          ],
          [
            -0.07982681505382061,
            51.50970619171858
          ],
          [
            -0.08006620220839977,
            51.50969957001507
          ],
          [
            -0.0802961178123951,
            51.50961633771658
          ],
          [
            -0.08046585135161877,
            51.509528663009405
          ],
          [
            -0.08067506365478039,
            51.50942036882043
          ],
          [
            -0.08089190348982811,
            51.50931081734598
          ],
          [
            -0.08111502975225449,
            51.50919011794031
          ],
          [
            -0.08142205886542797,
            51.50909900665283
          ],
          [
            -0.08169706910848618,
            51.50907453149557
          ],
          [
            -0.0819204468280077,
            51.509065898135304
          ],
          [
            -0.08214357309043407,
            51.50908852927387
          ],
          [
            -0.08237591944634914,
            51.509131444618106
          ],
          [
            -0.08259049616754055,
            51.50920386426151
          ],
          [
            -0.08283658884465694,
            51.50925030000508
          ],
          [
            -0.08305435068905354,
            51.50929790921509
          ],
          [
            -0.08327722549438477,
            51.50933193974197
          ],
          [
            -0.0835415069013834,
            51.50936605408788
          ],
          [
            -0.08377544581890106,
            51.509387930855155
          ],
          [
            -0.0840103067457676,
            51.50940276682377
          ],
          [
            -0.08423175662755966,
            51.509420117363334
          ],
          [
            -0.0845009833574295,
            51.50944677181542
          ],
          [
            -0.08476467803120613,
            51.50947325862944
          ],
          [
            -0.08503943681716919,
            51.50951474905014
          ],
          [
            -0.08526029996573925,
            51.50954551063478
          ],
          [
            -0.08552181534469128,
            51.50956177152693
          ],
          [
            -0.085739241912961,
            51.50959689170122
          ],
          [
            -0.0859499629586935,
            51.509652212262154
          ],
          [
            -0.08615012280642986,
            51.50971541181207
          ],
          [
            -0.08638707920908928,
            51.5097498614341
          ],
          [
            -0.08665161207318306,
            51.50978020392358
          ],
          [
            -0.0868680328130722,
            51.50980317033827
          ],
          [
            -0.08709711022675037,
            51.50981507264078
          ],
          [
            -0.08736692368984222,
            51.509762266650796
          ],
          [
            -0.0876406766474247,
            51.50974441319704
          ],
          [
            -0.08791392669081688,
            51.50979914702475
          ],
          [
            -0.08815390057861805,
            51.50988849811256
          ],
          [
            -0.08840376511216164,
            51.50996292941272
          ],
          [
            -0.08861230686306953,
            51.51000869460404
          ],
          [
            -0.08883216418325901,
            51.51005856692791
          ],
          [
            -0.08904841728508472,
            51.51011539623141
          ],
          [
            -0.08926928043365479,
            51.51017080061138
          ],
          [
            -0.08947564288973808,
            51.51023601181805
          ],
          [
            -0.08971243165433407,
            51.51029250584543
          ],
          [
            -0.08993907831609249,
            51.51029099710286
          ],
          [
            -0.09209331125020981,
            51.51073833927512
          ],
          [
            -0.09232515469193459,
            51.51075535453856
          ],
          [
            -0.09258071891963482,
            51.510800532996655
          ],
          [
            -0.09282588958740234,
            51.51083992794156
          ],
          [
            -0.09308011271059513,
            51.51089851744473
          ],
          [
            -0.09331723675131798,
            51.51096096262336
          ],
          [
            -0.0935716275125742,
            51.511000860482454
          ],
          [
            -0.09384286589920521,
            51.511035561561584
          ],
          [
            -0.09408275596797466,
            51.51104897260666
          ],
          [
            -0.09429942816495895,
            51.51107939891517
          ],
          [
            -0.09457435458898544,
            51.511122565716505
          ],
          [
            -0.09481332264840603,
            51.51117059402168
          ],
          [
            -0.09500652551651001,
            51.51124502532184
          ],
          [
            -0.09520593099296093,
            51.51132859289646
          ],
          [
            -0.0954339187592268,
            51.51135256513953
          ],
          [
            -0.0957023911178112,
            51.51133177801967
          ],
          [
            -0.09594487957656384,
            51.511305291205645
          ],
          [
            -0.09615954011678696,
            51.51126899756491
          ],
          [
            -0.09644083678722382,
            51.511264806613326
          ],
          [
            -0.09666698053479195,
            51.51126095093787
          ],
          [
            -0.09693151339888573,
            51.511258855462074
          ],
          [
            -0.10201907716691494,
            51.511113764718175
          ],
          [
            -0.10229459032416344,
            51.51110286824405
          ],
          [
            -0.10251620784401894,
            51.51108367368579
          ],
          [
            -0.10273472405970097,
            51.51106850244105
          ],
          [
            -0.10296698659658432,
            51.51107529178262
          ],
          [
            -0.10324710980057716,
            51.51109314523637
          ],
          [
            -0.10352614335715771,
            51.51108761318028
          ],
          [
            -0.10383677668869495,
            51.511079566553235
          ],
          [
            -0.10412000119686127,
            51.51108166202903
          ],
          [
            -0.10437648743391037,
            51.51107043027878
          ],
          [
            -0.10461956262588501,
            51.51104754768312
          ],
          [
            -0.10485987178981304,
            51.51104771532118
          ],
          [
            -0.10508400388062,
            51.51106263510883
          ],
          [
            -0.10532456450164318,
            51.51106816716492
          ],
          [
            -0.10554500855505466,
            51.51107579469681
          ],
          [
            -0.10582764632999897,
            51.5110778901726
          ],
          [
            -0.10610785335302353,
            51.5110778901726
          ],
          [
            -0.1063761580735445,
            51.511083422228694
          ],
          [
            -0.10665552690625191,
            51.511083506047726
          ],
          [
            -0.10693875141441822,
            51.51108551770449
          ],
          [
            -0.10722097009420395,
            51.5110985096544
          ],
          [
            -0.10749354958534241,
            51.51111929677427
          ],
          [
            -0.10774710215628147,
            51.511136731132865
          ],
          [
            -0.10796922259032726,
            51.511141089722514
          ],
          [
            -0.10799587704241276,
            51.51099038310349
          ],
          [
            -0.10824649594724178,
            51.51094981469214
          ],
          [
            -0.10850180871784687,
            51.51096506975591
          ],
          [
            -0.10879140347242355,
            51.510967249050736
          ],
          [
            -0.10901075787842274,
            51.51096347719431
          ],
          [
            -0.10922776535153389,
            51.51096506975591
          ],
          [
            -0.10951191186904907,
            51.510971104726195
          ],
          [
            -0.1098000817000866,
            51.510967249050736
          ],
          [
            -0.1100663747638464,
            51.51097487658262
          ],
          [
            -0.11028732173144817,
            51.51097487658262
          ],
          [
            -0.11050986126065254,
            51.51098024100065
          ],
          [
            -0.11073131114244461,
            51.510980827733874
          ],
          [
            -0.11095678433775902,
            51.510976972058415
          ],
          [
            -0.11117530055344105,
            51.51097487658262
          ],
          [
            -0.11146657168865204,
            51.51097487658262
          ],
          [
            -0.11174594052135944,
            51.51096389628947
          ],
          [
            -0.11200510896742344,
            51.51094436645508
          ],
          [
            -0.11228933930397034,
            51.51093137450516
          ],
          [
            -0.1125701330602169,
            51.51090832427144
          ],
          [
            -0.11284103617072105,
            51.51088401675224
          ],
          [
            -0.11305988766252995,
            51.510870438069105
          ],
          [
            -0.11330614797770977,
            51.51083456352353
          ],
          [
            -0.11428029276430607,
            51.51072308421135
          ],
          [
            -0.11451490223407745,
            51.51069517247379
          ],
          [
            -0.11475169099867344,
            51.510649574920535
          ],
          [
            -0.11499074287712574,
            51.51060934178531
          ],
          [
            -0.11521101929247379,
            51.51057120412588
          ],
          [
            -0.11535250581800938,
            51.510679917410016
          ],
          [
            -0.11543238535523415,
            51.51083925738931
          ],
          [
            -0.11532903648912907,
            51.510966243222356
          ],
          [
            -0.11512435041368008,
            51.51103095151484
          ],
          [
            -0.11508244089782238,
            51.51118442416191
          ],
          [
            -0.1151413656771183,
            51.51134854182601
          ],
          [
            -0.11518134735524654,
            51.51150737889111
          ],
          [
            -0.11524085886776447,
            51.5116442553699
          ],
          [
            -0.11529768817126751,
            51.51178968138993
          ],
          [
            -0.11537413112819195,
            51.51194726116955
          ],
          [
            -0.11546524241566658,
            51.5120829641819
          ],
          [
            -0.11554009281098843,
            51.51223241351545
          ],
          [
            -0.11561754159629345,
            51.512383287772536
          ],
          [
            -0.11579825542867184,
            51.51246207766235
          ],
          [
            -0.11595566757023335,
            51.512576658278704
          ],
          [
            -0.1160142570734024,
            51.51265922002494
          ]
        ]
      },
      "properties": {
        "name": "2023-09-23 (Sat) 16:39",
        "source_file": "2023-09-23-153910-ELEMNT_ROAM_A974-45-0.fit",
        "date": "2023-09-23T15:39:10",
        "sport": "cycling",
        "dropbox_id": "id:JY-PzzIM9pcAAAAAAAAA9Q"
      }
    },
    {
      "type": "Feature",
      "geometry": {
        "type": "LineString",
        "coordinates": [
          [
            -0.11563497595489025,
            51.51232151314616
          ],
          [
            -0.11554411612451077,
            51.51217591948807
          ],
          [
            -0.11544696986675262,
            51.51204239577055
          ],
          [
            -0.11534571647644043,
            51.51189303025603
          ],
          [
            -0.11524111032485962,
            51.51173997670412
          ],
          [
            -0.11514488607645035,
            51.5115768648684
          ],
          [
            -0.11505226604640484,
            51.51142716407776
          ],
          [
            -0.11495855636894703,
            51.51126924902201
          ],
          [
            -0.11487959884107113,
            51.51114134117961
          ],
          [
            -0.11467399075627327,
            51.5110850147903
          ],
          [
            -0.11442798189818859,
            51.51115005835891
          ],
          [
            -0.11419144459068775,
            51.511213006451726
          ],
          [
            -0.11398776434361935,
            51.51127184741199
          ],
          [
            -0.11373035609722137,
            51.51133680716157
          ],
          [
            -0.1135083194822073,
            51.51138240471482
          ],
          [
            -0.11326960287988186,
            51.511426493525505
          ],
          [
            -0.11301806196570396,
            51.511468067765236
          ],
          [
            -0.11275981552898884,
            51.51150695979595
          ],
          [
            -0.11249905452132225,
            51.511537386104465
          ],
          [
            -0.1122379582375288,
            51.511528668925166
          ],
          [
            -0.11207685805857182,
            51.51141517795622
          ],
          [
            -0.11202757246792316,
            51.511275032535195
          ],
          [
            -0.10806335136294365,
            51.51101301424205
          ],
          [
            -0.10803225450217724,
            51.51115668006241
          ],
          [
            -0.10778247378766537,
            51.51119071058929
          ],
          [
            -0.10753286071121693,
            51.51117159985006
          ],
          [
            -0.10727000422775745,
            51.51116388849914
          ],
          [
            -0.10699323378503323,
            51.511150393635035
          ],
          [
            -0.10676172561943531,
            51.51114486157894
          ],
          [
            -0.10654362849891186,
            51.51113513857126
          ],
          [
            -0.10631798766553402,
            51.51112952269614
          ],
          [
            -0.10607306845486164,
            51.511127511039376
          ],
          [
            -0.10580861940979958,
            51.51112365536392
          ],
          [
            -0.10551676154136658,
            51.51111661456525
          ],
          [
            -0.10519841685891151,
            51.511108400300145
          ],
          [
            -0.10497612878680229,
            51.511104544624686
          ],
          [
            -0.1047507394105196,
            51.511106388643384
          ],
          [
            -0.10443566367030144,
            51.51111217215657
          ],
          [
            -0.10411178693175316,
            51.51109985075891
          ],
          [
            -0.10389612056314945,
            51.511080069467425
          ],
          [
            -0.10360241867601871,
            51.51110244914889
          ],
          [
            -0.10333612561225891,
            51.51110487990081
          ],
          [
            -0.10310227051377296,
            51.511132875457406
          ],
          [
            -0.10286782868206501,
            51.5111262537539
          ],
          [
            -0.10263682343065739,
            51.511122984811664
          ],
          [
            -0.10237958282232285,
            51.5111312828958
          ],
          [
            -0.10213575325906277,
            51.511127511039376
          ],
          [
            -0.10188622400164604,
            51.511147962883115
          ],
          [
            -0.10161783546209335,
            51.511197332292795
          ],
          [
            -0.09585997089743614,
            51.51121904142201
          ],
          [
            -0.09563583880662918,
            51.511202277615666
          ],
          [
            -0.09541313163936138,
            51.51118685491383
          ],
          [
            -0.09519251994788647,
            51.51121853850782
          ],
          [
            -0.09495740756392479,
            51.51127830147743
          ],
          [
            -0.09474366903305054,
            51.51123119518161
          ],
          [
            -0.09452523663640022,
            51.51119808666408
          ],
          [
            -0.09424896910786629,
            51.511150896549225
          ],
          [
            -0.09402609430253506,
            51.511104963719845
          ],
          [
            -0.09377178736031055,
            51.51106456294656
          ],
          [
            -0.09355989284813404,
            51.51103589683771
          ],
          [
            -0.09333877824246883,
            51.51100354269147
          ],
          [
            -0.09306871332228184,
            51.51096733286977
          ],
          [
            -0.09281809441745281,
            51.51092039421201
          ],
          [
            -0.09260267950594425,
            51.51087588630617
          ],
          [
            -0.09237770922482014,
            51.51082827709615
          ],
          [
            -0.09214494377374649,
            51.510778991505504
          ],
          [
            -0.09190840646624565,
            51.51073096320033
          ],
          [
            -0.09166558273136616,
            51.510704308748245
          ],
          [
            -0.09144044481217861,
            51.51068503037095
          ],
          [
            -0.09120726026594639,
            51.5107551869005
          ],
          [
            -0.09095655754208565,
            51.51068402454257
          ],
          [
            -0.0907548051327467,
            51.510613951832056
          ],
          [
            -0.09055296890437603,
            51.51054387912154
          ],
          [
            -0.09035121649503708,
            51.51047380641103
          ],
          [
            -0.09014946408569813,
            51.510403817519546
          ],
          [
            -0.08992684073746204,
            51.51037976145744
          ],
          [
            -0.08970757015049458,
            51.510338354855776
          ],
          [
            -0.08947949856519699,
            51.51023450307548
          ],
          [
            -0.08926483802497387,
            51.510161412879825
          ],
          [
            -0.08903383277356625,
            51.510074995458126
          ],
          [
            -0.08880006149411201,
            51.51000835932791
          ],
          [
            -0.08858640678226948,
            51.50995454750955
          ],
          [
            -0.08829429745674133,
            51.50993728078902
          ],
          [
            -0.0880256574600935,
            51.509943064302206
          ],
          [
            -0.08779004216194153,
            51.50995253585279
          ],
          [
            -0.08751151151955128,
            51.50994876399636
          ],
          [
            -0.08723742328584194,
            51.50990165770054
          ],
          [
            -0.08694866672158241,
            51.50984449312091
          ],
          [
            -0.08665982633829117,
            51.50978732854128
          ],
          [
            -0.08637106977403164,
            51.50973008014262
          ],
          [
            -0.0860948022454977,
            51.50967635214329
          ],
          [
            -0.08588173426687717,
            51.50964190252125
          ],
          [
            -0.08566673845052719,
            51.50961139239371
          ],
          [
            -0.0853787362575531,
            51.509582893922925
          ],
          [
            -0.08513339795172215,
            51.509548192843795
          ],
          [
            -0.08487263694405556,
            51.509506702423096
          ],
          [
            -0.08462428115308285,
            51.50946504436433
          ],
          [
            -0.08437776938080788,
            51.509422631934285
          ],
          [
            -0.08414332754909992,
            51.50938617065549
          ],
          [
            -0.08391089737415314,
            51.50935775600374
          ],
          [
            -0.08367318660020828,
            51.5093251504004
          ],
          [
            -0.08344519883394241,
            51.5093045309186
          ],
          [
            -0.08321704342961311,
            51.509288772940636
          ],
          [
            -0.08299014531075954,
            51.50926790200174
          ],
          [
            -0.08275486528873444,
            51.50924166664481
          ],
          [
            -0.08251774124801159,
            51.50921526364982
          ],
          [
            -0.08227315731346607,
            51.50920101441443
          ],
          [
            -0.08202144876122475,
            51.509193386882544
          ],
          [
            -0.08178616873919964,
            51.509189615026116
          ],
          [
            -0.08150596171617508,
            51.50920847430825
          ],
          [
            -0.08125081658363342,
            51.50924300774932
          ],
          [
            -0.08104713633656502,
            51.5092939697206
          ],
          [
            -0.08084672503173351,
            51.50935037992895
          ],
          [
            -0.08064782246947289,
            51.509433360770345
          ],
          [
            -0.08044062182307243,
            51.50952246040106
          ],
          [
            -0.08024381473660469,
            51.50961440987885
          ],
          [
            -0.0800461694598198,
            51.50968339294195
          ],
          [
            -0.0797815527766943,
            51.50971767492592
          ],
          [
            -0.07956781424582005,
            51.50974441319704
          ],
          [
            -0.07934577763080597,
            51.50974474847317
          ],
          [
            -0.07912969216704369,
            51.50972387753427
          ],
          [
            -0.07891427725553513,
            51.50970669463277
          ],
          [
            -0.07863943465054035,
            51.5096893440932
          ],
          [
            -0.0783973652869463,
            51.509646428748965
          ],
          [
            -0.07814205251634121,
            51.509574092924595
          ],
          [
            -0.07788204587996006,
            51.509523717686534
          ],
          [
            -0.07764743641018867,
            51.509523214772344
          ],
          [
            -0.07741249166429043,
            51.509538469836116
          ],
          [
            -0.0771771278232336,
            51.50954995304346
          ],
          [
            -0.07694654166698456,
            51.50955741293728
          ],
          [
            -0.07666541263461113,
            51.509589767083526
          ],
          [
            -0.076331477612257,
            51.509633185341954
          ],
          [
            -0.07607784122228622,
            51.509673250839114
          ],
          [
            -0.07586661726236343,
            51.50971356779337
          ],
          [
            -0.07562370970845222,
            51.50977425277233
          ],
          [
            -0.07540091872215271,
            51.5098502766341
          ],
          [
            -0.07520042359828949,
            51.509924875572324
          ],
          [
            -0.0750088132917881,
            51.51000349782407
          ],
          [
            -0.07479884661734104,
            51.510059321299195
          ],
          [
            -0.07456725463271141,
            51.51005772873759
          ],
          [
            -0.07433691993355751,
            51.51005521416664
          ],
          [
            -0.07409317418932915,
            51.51010123081505
          ],
          [
            -0.07382998242974281,
            51.51011480949819
          ],
          [
            -0.07356343790888786,
            51.51011656969786
          ],
          [
            -0.0733393058180809,
            51.51010894216597
          ],
          [
            -0.07307108491659164,
            51.51012796908617
          ],
          [
            -0.07280571386218071,
            51.510165855288506
          ],
          [
            -0.07258065976202488,
            51.51019242592156
          ],
          [
            -0.07233641110360622,
            51.510222936049104
          ],
          [
            -0.07206869311630726,
            51.51026090607047
          ],
          [
            -0.07185554131865501,
            51.51028906926513
          ],
          [
            -0.07157851941883564,
            51.510321758687496
          ],
          [
            -0.07136989384889603,
            51.510358303785324
          ],
          [
            -0.07109890691936016,
            51.51042225770652
          ],
          [
            -0.07086873985826969,
            51.51047791354358
          ],
          [
            -0.070632454007864,
            51.51053004898131
          ],
          [
            -0.07039960473775864,
            51.51057346723974
          ],
          [
            -0.07017211988568306,
            51.51062300428748
          ],
          [
            -0.06995368748903275,
            51.510659381747246
          ],
          [
            -0.06973257288336754,
            51.5106996987015
          ],
          [
            -0.06952168419957161,
            51.51073180139065
          ],
          [
            -0.06925924681127071,
            51.510777650400996
          ],
          [
            -0.06902379915118217,
            51.51081805117428
          ],
          [
            -0.06881450302898884,
            51.510852836072445
          ],
          [
            -0.06855256855487823,
            51.51087739504874
          ],
          [
            -0.0683286041021347,
            51.51089860126376
          ],
          [
            -0.06806381978094578,
            51.510900696739554
          ],
          [
            -0.06778310984373093,
            51.510907988995314
          ],
          [
            -0.06750575266778469,
            51.51092994958162
          ],
          [
            -0.06728891283273697,
            51.5109499823302
          ],
          [
            -0.06700619123876095,
            51.51096892543137
          ],
          [
            -0.06672472693026066,
            51.5109880361706
          ],
          [
            -0.06645139306783676,
            51.511012595146894
          ],
          [
            -0.06617328152060509,
            51.51103941723704
          ],
          [
            -0.06595635786652565,
            51.51106431148946
          ],
          [
            -0.06574027240276337,
            51.511086942628026
          ],
          [
            -0.06552452221512794,
            51.51110798120499
          ],
          [
            -0.06524523720145226,
            51.51113857515156
          ],
          [
            -0.06497148424386978,
            51.51115416549146
          ],
          [
            -0.06469354033470154,
            51.51115802116692
          ],
          [
            -0.06441576406359673,
            51.51115802116692
          ],
          [
            -0.0641493871808052,
            51.51116883382201
          ],
          [
            -0.06388158537447453,
            51.51117327623069
          ],
          [
            -0.06360146217048168,
            51.5111711807549
          ],
          [
            -0.06338411942124367,
            51.51116564869881
          ],
          [
            -0.06315931677818298,
            51.51116179302335
          ],
          [
            -0.0629214383661747,
            51.511154752224684
          ],
          [
            -0.06269303150475025,
            51.511141089722514
          ],
          [
            -0.06246529519557953,
            51.51112776249647
          ],
          [
            -0.062247952446341515,
            51.5111143514514
          ],
          [
            -0.06202566437423229,
            51.51110672391951
          ],
          [
            -0.06179667077958584,
            51.5110969170928
          ],
          [
            -0.06151696667075157,
            51.511097168549895
          ],
          [
            -0.061287134885787964,
            51.51109138503671
          ],
          [
            -0.06100969389081001,
            51.511108400300145
          ],
          [
            -0.06074122153222561,
            51.51110999286175
          ],
          [
            -0.06051474250853062,
            51.5111177880317
          ],
          [
            -0.060286251828074455,
            51.511121643707156
          ],
          [
            -0.060046613216400146,
            51.511127511039376
          ],
          [
            -0.059809908270835876,
            51.51112147606909
          ],
          [
            -0.059568341821432114,
            51.51111988350749
          ],
          [
            -0.059310346841812134,
            51.51111787185073
          ],
          [
            -0.05906039848923683,
            51.51112365536392
          ],
          [
            -0.05881631746888161,
            51.5111368149519
          ],
          [
            -0.058576175943017006,
            51.511140670627356
          ],
          [
            -0.05833595059812069,
            51.51114276610315
          ],
          [
            -0.058105699717998505,
            51.51114444248378
          ],
          [
            -0.057871006429195404,
            51.511150393635035
          ],
          [
            -0.057646455243229866,
            51.511151902377605
          ],
          [
            -0.05742894485592842,
            51.511163553223014
          ],
          [
            -0.057145971804857254,
            51.51116388849914
          ],
          [
            -0.056911446154117584,
            51.51116179302335
          ],
          [
            -0.056689996272325516,
            51.51116564869881
          ],
          [
            -0.056444741785526276,
            51.51116380468011
          ],
          [
            -0.05617635324597359,
            51.51116564869881
          ],
          [
            -0.05589212290942669,
            51.51116179302335
          ],
          [
            -0.05566413514316082,
            51.51116380468011
          ],
          [
            -0.05544545128941536,
            51.51116179302335
          ],
          [
            -0.05520841106772423,
            51.511146537959576
          ],
          [
            -0.0549567025154829,
            51.511146537959576
          ],
          [
            -0.0546838715672493,
            51.51114276610315
          ],
          [
            -0.05441548302769661,
            51.511124074459076
          ],
          [
            -0.0541496928781271,
            51.511074621230364
          ],
          [
            -0.05389295518398285,
            51.51103237643838
          ],
          [
            -0.053648706525564194,
            51.510970098897815
          ],
          [
            -0.053402697667479515,
            51.51088963262737
          ],
          [
            -0.053113941103219986,
            51.51086633093655
          ],
          [
            -0.05288410931825638,
            51.510848980396986
          ],
          [
            -0.05260021425783634,
            51.51085660792887
          ],
          [
            -0.052330316975712776,
            51.51087898761034
          ],
          [
            -0.05211615934967995,
            51.51090782135725
          ],
          [
            -0.051904432475566864,
            51.51094579137862
          ],
          [
            -0.05162456072866917,
            51.5109914727509
          ],
          [
            -0.051408978179097176,
            51.511025838553905
          ],
          [
            -0.05114142782986164,
            51.51106028817594
          ],
          [
            -0.05088284611701965,
            51.51109633035958
          ],
          [
            -0.05061672069132328,
            51.51112482883036
          ],
          [
            -0.05033265799283981,
            51.511163134127855
          ],
          [
            -0.05005999468266964,
            51.51118727400899
          ],
          [
            -0.04978322423994541,
            51.5112092345953
          ],
          [
            -0.04950016736984253,
            51.51122918352485
          ],
          [
            -0.04921870306134224,
            51.51125131174922
          ],
          [
            -0.048941681161522865,
            51.511276960372925
          ],
          [
            -0.04867899231612682,
            51.51130562648177
          ],
          [
            -0.04845469258725643,
            51.51134627871215
          ],
          [
            -0.048425691202282906,
            51.51148684322834
          ],
          [
            -0.04842887632548809,
            51.51166135445237
          ],
          [
            -0.04846164956688881,
            51.51183729059994
          ],
          [
            -0.04852619022130966,
            51.511981543153524
          ],
          [
            -0.04854806698858738,
            51.512149684131145
          ],
          [
            -0.04855385050177574,
            51.512330900877714
          ],
          [
            -0.04861864261329174,
            51.51250868104398
          ],
          [
            -0.04866155795753002,
            51.51266181841493
          ],
          [
            -0.04871084354817867,
            51.512836664915085
          ],
          [
            -0.04874453879892826,
            51.51297463104129
          ],
          [
            -0.04875166341662407,
            51.513110334053636
          ],
          [
            -0.048735737800598145,
            51.51325768791139
          ],
          [
            -0.0486881285905838,
            51.51340370066464
          ],
          [
            -0.04888921044766903,
            51.513538397848606
          ],
          [
            -0.04862534813582897,
            51.51356505230069
          ],
          [
            -0.04841906949877739,
            51.51361760683358
          ],
          [
            -0.0483962707221508,
            51.513767056167126
          ],
          [
            -0.04837908782064915,
            51.513921869918704
          ],
          [
            -0.04840381443500519,
            51.51409177109599
          ],
          [
            -0.048436420038342476,
            51.514255637302995
          ],
          [
            -0.04846307449042797,
            51.5144160669297
          ],
          [
            -0.04847254604101181,
            51.514567360281944
          ],
          [
            -0.04863247275352478,
            51.51468244381249
          ],
          [
            -0.04887646995484829,
            51.51466576382518
          ],
          [
            -0.049079982563853264,
            51.51464841328561
          ]
        ]
      },
      "properties": {
        "name": "2023-09-23 (Sat) 19:26",
        "source_file": "2023-09-23-182652-ELEMNT_ROAM_A974-46-0.fit",
        "date": "2023-09-23T18:26:52",
        "sport": "cycling",
        "dropbox_id": "id:JY-PzzIM9pcAAAAAAAAA9g"
      }
    },
    {
      "type": "Feature",
      "geometry": {
        "type": "LineString",
        "coordinates": [
          [
            -0.049171680584549904,
            51.514701806008816
          ],
          [
            -0.04894671030342579,
            51.514701806008816
          ],
          [
            -0.048713525757193565,
            51.51470314711332
          ],
          [
            -0.04848796874284744,
            51.514675319194794
          ],
          [
            -0.048437174409627914,
            51.51453006081283
          ],
          [
            -0.048407167196273804,
            51.51438505388796
          ],
          [
            -0.04840180277824402,
            51.51424130424857
          ],
          [
            -0.04835779778659344,
            51.51407760567963
          ],
          [
            -0.04832284525036812,
            51.51392270810902
          ],
          [
            -0.04833441227674484,
            51.51378138922155
          ],
          [
            -0.04835503175854683,
            51.51363126933575
          ],
          [
            -0.04857388325035572,
            51.51361961849034
          ],
          [
            -0.048789214342832565,
            51.51366504840553
          ],
          [
            -0.04879390820860863,
            51.51351509615779
          ],
          [
            -0.04865468479692936,
            51.51339506730437
          ],
          [
            -0.04869525320827961,
            51.51324058882892
          ],
          [
            -0.048713358119130135,
            51.51307454332709
          ],
          [
            -0.04870640113949776,
            51.51292098686099
          ],
          [
            -0.048672957345843315,
            51.512768771499395
          ],
          [
            -0.04863230511546135,
            51.5126252733171
          ],
          [
            -0.04861478693783283,
            51.51247716508806
          ],
          [
            -0.04858042113482952,
            51.512322099879384
          ],
          [
            -0.0485509168356657,
            51.51217692531645
          ],
          [
            -0.048523927107453346,
            51.512030912563205
          ],
          [
            -0.04849710501730442,
            51.51186495088041
          ],
          [
            -0.048467349261045456,
            51.511703096330166
          ],
          [
            -0.04843541420996189,
            51.511549372226
          ],
          [
            -0.04840163514018059,
            51.51140830479562
          ],
          [
            -0.04856382496654987,
            51.51129632256925
          ],
          [
            -0.04879608750343323,
            51.511287689208984
          ],
          [
            -0.04906673915684223,
            51.51127100922167
          ],
          [
            -0.04934074357151985,
            51.511250557377934
          ],
          [
            -0.0495920330286026,
            51.51122381910682
          ],
          [
            -0.04984256811439991,
            51.51120621711016
          ],
          [
            -0.05008824169635773,
            51.51118325069547
          ],
          [
            -0.05032612010836601,
            51.51116288267076
          ],
          [
            -0.050581516698002815,
            51.51112851686776
          ],
          [
            -0.05083431489765644,
            51.51110177859664
          ],
          [
            -0.05105157382786274,
            51.51107495650649
          ],
          [
            -0.051282159984111786,
            51.511052241548896
          ],
          [
            -0.05151023156940937,
            51.51102558709681
          ],
          [
            -0.051754144951701164,
            51.51098946109414
          ],
          [
            -0.05199948325753212,
            51.510949144139886
          ],
          [
            -0.05224297754466534,
            51.510906061157584
          ],
          [
            -0.05250038579106331,
            51.510869013145566
          ],
          [
            -0.052759554237127304,
            51.510852836072445
          ],
          [
            -0.053006066009402275,
            51.51085409335792
          ],
          [
            -0.053244698792696,
            51.51087328791618
          ],
          [
            -0.053462209179997444,
            51.510896757245064
          ],
          [
            -0.053653568029403687,
            51.510969093069434
          ],
          [
            -0.053853392601013184,
            51.511027263477445
          ],
          [
            -0.054078949615359306,
            51.511054169386625
          ],
          [
            -0.05430534482002258,
            51.51109700091183
          ],
          [
            -0.05455579608678818,
            51.51113647967577
          ],
          [
            -0.05480222404003143,
            51.511150393635035
          ],
          [
            -0.055053429678082466,
            51.51115416549146
          ],
          [
            -0.055313268676400185,
            51.51115802116692
          ],
          [
            -0.055574700236320496,
            51.51115802116692
          ],
          [
            -0.05582439713180065,
            51.51115416549146
          ],
          [
            -0.05606093443930149,
            51.511166989803314
          ],
          [
            -0.056297555565834045,
            51.51116179302335
          ],
          [
            -0.05654758773744106,
            51.51116179302335
          ],
          [
            -0.05679602734744549,
            51.51115944609046
          ],
          [
            -0.057035498321056366,
            51.51116179302335
          ],
          [
            -0.057273879647254944,
            51.51116179302335
          ],
          [
            -0.05752089433372021,
            51.51116179302335
          ],
          [
            -0.05778534337878227,
            51.51116179302335
          ],
          [
            -0.058043841272592545,
            51.51115651242435
          ],
          [
            -0.058283815160393715,
            51.5111452806741
          ],
          [
            -0.05851750262081623,
            51.51113748550415
          ],
          [
            -0.05875839851796627,
            51.5111312828958
          ],
          [
            -0.0590096041560173,
            51.511125918477774
          ],
          [
            -0.059251002967357635,
            51.51111988350749
          ],
          [
            -0.05948695354163647,
            51.51111602783203
          ],
          [
            -0.05972483195364475,
            51.511108400300145
          ],
          [
            -0.05995634011924267,
            51.51109934784472
          ],
          [
            -0.06018742918968201,
            51.51109842583537
          ],
          [
            -0.060423798859119415,
            51.5110969170928
          ],
          [
            -0.0606671255081892,
            51.511104544624686
          ],
          [
            -0.06088396534323692,
            51.51110077276826
          ],
          [
            -0.061115724965929985,
            51.51108023710549
          ],
          [
            -0.06133910268545151,
            51.511066406965256
          ],
          [
            -0.06159910932183266,
            51.51107403449714
          ],
          [
            -0.06187026388943195,
            51.51105584576726
          ],
          [
            -0.06215181201696396,
            51.51106556877494
          ],
          [
            -0.062391869723796844,
            51.511086942628026
          ],
          [
            -0.06268389523029327,
            51.51111259125173
          ],
          [
            -0.06290769204497337,
            51.51114419102669
          ],
          [
            -0.06316971033811569,
            51.51115416549146
          ],
          [
            -0.06343524903059006,
            51.51115802116692
          ],
          [
            -0.06369735114276409,
            51.51115416549146
          ],
          [
            -0.06396439857780933,
            51.511150393635035
          ],
          [
            -0.06420898251235485,
            51.511146537959576
          ],
          [
            -0.06448885425925255,
            51.51114134117961
          ],
          [
            -0.06471365690231323,
            51.5111312828958
          ],
          [
            -0.06493569351732731,
            51.51112223044038
          ],
          [
            -0.06515932269394398,
            51.5111056342721
          ],
          [
            -0.06539351306855679,
            51.5110916364938
          ],
          [
            -0.06562862545251846,
            51.511078644543886
          ],
          [
            -0.0658602174371481,
            51.51105576194823
          ],
          [
            -0.06608979776501656,
            51.51103681884706
          ],
          [
            -0.06632465869188309,
            51.511028269305825
          ],
          [
            -0.06654828786849976,
            51.511011589318514
          ],
          [
            -0.06683092564344406,
            51.510987281799316
          ],
          [
            -0.06711792200803757,
            51.51096045970917
          ],
          [
            -0.06734230555593967,
            51.51094143278897
          ],
          [
            -0.0676212552934885,
            51.510914862155914
          ],
          [
            -0.06783708930015564,
            51.5108947455883
          ],
          [
            -0.06807840429246426,
            51.510879658162594
          ],
          [
            -0.06829457357525826,
            51.510852836072445
          ],
          [
            -0.06853672675788403,
            51.510851327329874
          ],
          [
            -0.06880251690745354,
            51.51081838645041
          ],
          [
            -0.0690190214663744,
            51.51080564595759
          ],
          [
            -0.06924466229975224,
            51.510776057839394
          ],
          [
            -0.06946535781025887,
            51.510740518569946
          ],
          [
            -0.06967104971408844,
            51.510694501921535
          ],
          [
            -0.0698799267411232,
            51.51065259240568
          ],
          [
            -0.07009400054812431,
            51.510602636262774
          ],
          [
            -0.07030581124126911,
            51.51055159047246
          ],
          [
            -0.07051837630569935,
            51.51051211170852
          ],
          [
            -0.0707446038722992,
            51.510474644601345
          ],
          [
            -0.07096957415342331,
            51.510432567447424
          ],
          [
            -0.07119102403521538,
            51.51039585471153
          ],
          [
            -0.07140627130866051,
            51.51035629212856
          ],
          [
            -0.07167608477175236,
            51.51031429879367
          ],
          [
            -0.07193944416940212,
            51.51026878505945
          ],
          [
            -0.0722023006528616,
            51.51024573482573
          ],
          [
            -0.07243514992296696,
            51.51021430268884
          ],
          [
            -0.07269750349223614,
            51.51020675897598
          ],
          [
            -0.07294292561709881,
            51.510172225534916
          ],
          [
            -0.07321684621274471,
            51.510143307968974
          ],
          [
            -0.0734607595950365,
            51.51014473289251
          ],
          [
            -0.0737128034234047,
            51.510098380967975
          ],
          [
            -0.07393148727715015,
            51.51010265573859
          ],
          [
            -0.07414455525577068,
            51.51006678119302
          ],
          [
            -0.07437866181135178,
            51.510025039315224
          ],
          [
            -0.07465132512152195,
            51.5100506041199
          ],
          [
            -0.07487663067877293,
            51.51004574261606
          ],
          [
            -0.07507519796490669,
            51.509980196133256
          ],
          [
            -0.07528591901063919,
            51.509907776489854
          ],
          [
            -0.07551147602498531,
            51.509827729314566
          ],
          [
            -0.07573644630610943,
            51.50975547730923
          ],
          [
            -0.07597432471811771,
            51.50970225222409
          ],
          [
            -0.07619543932378292,
            51.50965824723244
          ],
          [
            -0.07642099633812904,
            51.5096240490675
          ],
          [
            -0.07663389667868614,
            51.50958607904613
          ],
          [
            -0.07690228521823883,
            51.50955288670957
          ],
          [
            -0.07718970067799091,
            51.509526148438454
          ],
          [
            -0.07741140201687813,
            51.50951240211725
          ],
          [
            -0.07763436064124107,
            51.50950100272894
          ],
          [
            -0.07786016911268234,
            51.5094977337867
          ],
          [
            -0.07812327705323696,
            51.50954274460673
          ],
          [
            -0.0783755723387003,
            51.50961625389755
          ],
          [
            -0.07864094339311123,
            51.50965640321374
          ],
          [
            -0.07886834442615509,
            51.50967023335397
          ],
          [
            -0.07910052314400673,
            51.50968171656132
          ],
          [
            -0.07933102548122406,
            51.50969051755965
          ],
          [
            -0.07955440320074558,
            51.509702168405056
          ],
          [
            -0.07978607900440693,
            51.5097083710134
          ],
          [
            -0.08001985028386116,
            51.509678196161985
          ],
          [
            -0.08022520691156387,
            51.509602004662156
          ],
          [
            -0.08042478002607822,
            51.509506115689874
          ],
          [
            -0.08064170368015766,
            51.509406035766006
          ],
          [
            -0.08089190348982811,
            51.50931676849723
          ],
          [
            -0.08117194287478924,
            51.509245773777366
          ],
          [
            -0.08138802833855152,
            51.509207133203745
          ],
          [
            -0.08162037469446659,
            51.509173857048154
          ],
          [
            -0.08185397833585739,
            51.50915617123246
          ],
          [
            -0.08208892308175564,
            51.509163631126285
          ],
          [
            -0.08231758140027523,
            51.50918114930391
          ],
          [
            -0.08252805098891258,
            51.509213084355
          ],
          [
            -0.08280809037387371,
            51.50924887508154
          ],
          [
            -0.08305066265165806,
            51.50928064249456
          ],
          [
            -0.08331494405865669,
            51.5093304309994
          ],
          [
            -0.08360747247934341,
            51.50936957448721
          ],
          [
            -0.08388575166463852,
            51.50938181206584
          ],
          [
            -0.08415112271904945,
            51.50939933024347
          ],
          [
            -0.08442210964858532,
            51.50943419896066
          ],
          [
            -0.08467331528663635,
            51.50946110486984
          ],
          [
            -0.08490918204188347,
            51.509491531178355
          ],
          [
            -0.0851484015583992,
            51.509521873667836
          ],
          [
            -0.08538544178009033,
            51.50956017896533
          ],
          [
            -0.0856188777834177,
            51.50959420949221
          ],
          [
            -0.08588827215135098,
            51.50963243097067
          ],
          [
            -0.08610016666352749,
            51.509667886421084
          ],
          [
            -0.08639160543680191,
            51.50969747453928
          ],
          [
            -0.08666401728987694,
            51.509729493409395
          ],
          [
            -0.08693601004779339,
            51.50977333076298
          ],
          [
            -0.08715486153960228,
            51.50978556834161
          ],
          [
            -0.08742727339267731,
            51.50977190583944
          ],
          [
            -0.08765383623540401,
            51.50983979925513
          ],
          [
            -0.0878770463168621,
            51.5098777692765
          ],
          [
            -0.08811073377728462,
            51.50992479175329
          ],
          [
            -0.08830150589346886,
            51.50999159552157
          ],
          [
            -0.08859017863869667,
            51.510072564706206
          ],
          [
            -0.08886787109076977,
            51.510141463950276
          ],
          [
            -0.08912603370845318,
            51.51019619777799
          ],
          [
            -0.08934622630476952,
            51.51027163490653
          ],
          [
            -0.08957832120358944,
            51.510329470038414
          ],
          [
            -0.08983908221125603,
            51.51035847142339
          ],
          [
            -0.09005500003695488,
            51.51036886498332
          ],
          [
            -0.09027603082358837,
            51.51041521690786
          ],
          [
            -0.0905113946646452,
            51.51045109145343
          ],
          [
            -0.09077793918550014,
            51.5104615688324
          ],
          [
            -0.0910031609237194,
            51.51054513640702
          ],
          [
            -0.09122813120484352,
            51.510598696768284
          ],
          [
            -0.0914414506405592,
            51.510644210502505
          ],
          [
            -0.09165418334305286,
            51.51067798957229
          ],
          [
            -0.09186297655105591,
            51.510719396173954
          ],
          [
            -0.09207009337842464,
            51.510759042575955
          ],
          [
            -0.09228425100445747,
            51.51079785078764
          ],
          [
            -0.09257384575903416,
            51.510847471654415
          ],
          [
            -0.0928343553096056,
            51.51089256629348
          ],
          [
            -0.09309075772762299,
            51.51093338616192
          ],
          [
            -0.09334808215498924,
            51.51097311638296
          ],
          [
            -0.0935929175466299,
            51.51100991293788
          ],
          [
            -0.0938302930444479,
            51.51104419492185
          ],
          [
            -0.09406649507582188,
            51.511074621230364
          ],
          [
            -0.09430630132555962,
            51.51110504753888
          ],
          [
            -0.09453730657696724,
            51.511135725304484
          ],
          [
            -0.09477459825575352,
            51.51117168366909
          ],
          [
            -0.09497065097093582,
            51.5112472884357
          ],
          [
            -0.09518229402601719,
            51.51131727732718
          ],
          [
            -0.09550122544169426,
            51.51128936558962
          ],
          [
            -0.09580045938491821,
            51.51129003614187
          ],
          [
            -0.09603406302630901,
            51.51126857846975
          ],
          [
            -0.09628920815885067,
            51.511270087212324
          ],
          [
            -0.09654871188104153,
            51.51127486489713
          ],
          [
            -0.09678960777819157,
            51.51127092540264
          ],
          [
            -0.10187331587076187,
            51.51100161485374
          ],
          [
            -0.10203056037425995,
            51.51109549216926
          ],
          [
            -0.10228344239294529,
            51.51110705919564
          ],
          [
            -0.10251210071146488,
            51.5110916364938
          ],
          [
            -0.10273841209709644,
            51.511076297611
          ],
          [
            -0.10296296328306198,
            51.51105643250048
          ],
          [
            -0.10321534238755703,
            51.51110077276826
          ],
          [
            -0.10344467125833035,
            51.51111217215657
          ],
          [
            -0.10375379584729671,
            51.51110605336726
          ],
          [
            -0.10397817939519882,
            51.511108400300145
          ],
          [
            -0.10426525957882404,
            51.51108618825674
          ],
          [
            -0.10448738001286983,
            51.51114427484572
          ],
          [
            -0.10470941662788391,
            51.51113907806575
          ],
          [
            -0.10493229143321514,
            51.51109063066542
          ],
          [
            -0.10521744377911091,
            51.511058025062084
          ],
          [
            -0.10546211153268814,
            51.511077051982284
          ],
          [
            -0.10568540543317795,
            51.51108409278095
          ],
          [
            -0.10590601712465286,
            51.51108166202903
          ],
          [
            -0.10618563741445541,
            51.51108551770449
          ],
          [
            -0.10645628906786442,
            51.511089289560914
          ],
          [
            -0.10672878473997116,
            51.511089289560914
          ],
          [
            -0.10694931261241436,
            51.51109314523637
          ],
          [
            -0.10717780329287052,
            51.5111021976918
          ],
          [
            -0.10739740915596485,
            51.511121224612
          ],
          [
            -0.10761584155261517,
            51.51113798841834
          ],
          [
            -0.10786629281938076,
            51.511163050308824
          ],
          [
            -0.10798078961670399,
            51.51104260236025
          ],
          [
            -0.10818111710250378,
            51.510967249050736
          ],
          [
            -0.10847121477127075,
            51.510968673974276
          ],
          [
            -0.10869794525206089,
            51.510971104726195
          ],
          [
            -0.10893682949244976,
            51.510971104726195
          ],
          [
            -0.10916423052549362,
            51.510971104726195
          ],
          [
            -0.10938995517790318,
            51.510971104726195
          ],
          [
            -0.1096155121922493,
            51.51097487658262
          ],
          [
            -0.10984182357788086,
            51.51097487658262
          ],
          [
            -0.1100702304393053,
            51.5109724458307
          ],
          [
            -0.11029503308236599,
            51.5109724458307
          ],
          [
            -0.11052620597183704,
            51.51097873225808
          ],
          [
            -0.11075369082391262,
            51.51098116301
          ],
          [
            -0.11098746210336685,
            51.51098116301
          ],
          [
            -0.11121922172605991,
            51.51097873225808
          ],
          [
            -0.11144553311169147,
            51.51097487658262
          ],
          [
            -0.11166907846927643,
            51.510972026735544
          ],
          [
            -0.11188776232302189,
            51.51095819659531
          ],
          [
            -0.1121725793927908,
            51.51094545610249
          ],
          [
            -0.11239084415137768,
            51.5109277702868
          ],
          [
            -0.11262394487857819,
            51.51090480387211
          ],
          [
            -0.11284413747489452,
            51.51088426820934
          ],
          [
            -0.11308008804917336,
            51.51086398400366
          ],
          [
            -0.11332182213664055,
            51.510838670656085
          ],
          [
            -0.1135606225579977,
            51.510812016204
          ],
          [
            -0.11378995142877102,
            51.51078402064741
          ],
          [
            -0.11400318704545498,
            51.51075686328113
          ],
          [
            -0.114231426268816,
            51.510723838582635
          ],
          [
            -0.11446385644376278,
            51.51069240644574
          ],
          [
            -0.11468589305877686,
            51.51065426878631
          ],
          [
            -0.11489787138998508,
            51.510619735345244
          ],
          [
            -0.11516449972987175,
            51.51057405397296
          ],
          [
            -0.11540019884705544,
            51.510525941848755
          ],
          [
            -0.11532392352819443,
            51.51065954938531
          ],
          [
            -0.1153913140296936,
            51.51080279611051
          ],
          [
            -0.1152981910854578,
            51.51094646193087
          ],
          [
            -0.11510959826409817,
            51.51101888157427
          ],
          [
            -0.11497305706143379,
            51.511135809123516
          ],
          [
            -0.11502837762236595,
            51.511275032535195
          ],
          [
            -0.11510096490383148,
            51.511434288695455
          ],
          [
            -0.11514212004840374,
            51.511570159345865
          ],
          [
            -0.11515134014189243,
            51.51171298697591
          ],
          [
            -0.11522535234689713,
            51.511850198730826
          ],
          [
            -0.11530221439898014,
            51.51198372244835
          ],
          [
            -0.11537421494722366,
            51.512123784050345
          ],
          [
            -0.11544722132384777,
            51.512255631387234
          ],
          [
            -0.11552710086107254,
            51.51238596998155
          ],
          [
            -0.11572659015655518,
            51.51245780289173
          ],
          [
            -0.1159374788403511,
            51.51251287199557
          ],
          [
            -0.11605306528508663,
            51.51254656724632
          ]
        ]
      },
      "properties": {
        "name": "2023-09-25 (Mon) 10:23",
        "source_file": "2023-09-25-092313-ELEMNT_ROAM_A974-47-0.fit",
        "date": "2023-09-25T09:23:14",
        "sport": "cycling",
        "dropbox_id": "id:JY-PzzIM9pcAAAAAAAAA9w"
      }
    },
    {
      "type": "Feature",
      "geometry": {
        "type": "LineString",
        "coordinates": [
          [
            -0.11561829596757889,
            51.51236342266202
          ],
          [
            -0.1155339740216732,
            51.51221179403365
          ],
          [
            -0.11542308144271374,
            51.51206729002297
          ],
          [
            -0.11533691547811031,
            51.511922869831324
          ],
          [
            -0.1152562815696001,
            51.511793956160545
          ],
          [
            -0.1151871308684349,
            51.511644423007965
          ],
          [
            -0.11507674120366573,
            51.511519281193614
          ],
          [
            -0.11495780199766159,
            51.511395648121834
          ],
          [
            -0.1149153895676136,
            51.51124443858862
          ],
          [
            -0.11466720141470432,
            51.511249551549554
          ],
          [
            -0.11442714370787144,
            51.511269584298134
          ],
          [
            -0.11421700939536095,
            51.511302357539535
          ],
          [
            -0.11399790644645691,
            51.51135055348277
          ],
          [
            -0.1137163583189249,
            51.511402605101466
          ],
          [
            -0.11349272914230824,
            51.511445604264736
          ],
          [
            -0.1132659986615181,
            51.51149354875088
          ],
          [
            -0.11304287239909172,
            51.51153277605772
          ],
          [
            -0.11281019076704979,
            51.51156881824136
          ],
          [
            -0.11258379556238651,
            51.51159287430346
          ],
          [
            -0.11233342811465263,
            51.5115578379482
          ],
          [
            -0.11216151528060436,
            51.511452896520495
          ],
          [
            -0.11209337040781975,
            51.511296993121505
          ],
          [
            -0.1120196096599102,
            51.511161625385284
          ],
          [
            -0.11200929991900921,
            51.51101435534656
          ],
          [
            -0.11175096966326237,
            51.5110329631716
          ],
          [
            -0.11152775958180428,
            51.511047380045056
          ],
          [
            -0.11126632802188396,
            51.5110435243696
          ],
          [
            -0.1109784934669733,
            51.51103740558028
          ],
          [
            -0.11070759035646915,
            51.511038076132536
          ],
          [
            -0.11044381186366081,
            51.5110244974494
          ],
          [
            -0.11021196842193604,
            51.51102223433554
          ],
          [
            -0.10996579192578793,
            51.511009242385626
          ],
          [
            -0.10973621159791946,
            51.51101058349013
          ],
          [
            -0.10950042866170406,
            51.51100538671017
          ],
          [
            -0.10927537456154823,
            51.51100161485374
          ],
          [
            -0.10904587805271149,
            51.51100161485374
          ],
          [
            -0.10882174596190453,
            51.51100161485374
          ],
          [
            -0.10853885672986507,
            51.51100161485374
          ],
          [
            -0.10827742516994476,
            51.51099775917828
          ],
          [
            -0.10808003135025501,
            51.51108166202903
          ],
          [
            -0.10794675908982754,
            51.51119993068278
          ],
          [
            -0.10769756510853767,
            51.51119557209313
          ],
          [
            -0.10743319988250732,
            51.51118400506675
          ],
          [
            -0.10715299285948277,
            51.51116338558495
          ],
          [
            -0.10693581774830818,
            51.51115961372852
          ],
          [
            -0.10671948082745075,
            51.511151902377605
          ],
          [
            -0.10643457993865013,
            51.51114050298929
          ],
          [
            -0.10620097629725933,
            51.51113513857126
          ],
          [
            -0.10595605708658695,
            51.51113513857126
          ],
          [
            -0.10568398050963879,
            51.511127511039376
          ],
          [
            -0.10539581067860126,
            51.5111312828958
          ],
          [
            -0.10508827865123749,
            51.5111296903342
          ],
          [
            -0.10480622760951519,
            51.51114930398762
          ],
          [
            -0.10454353876411915,
            51.51117981411517
          ],
          [
            -0.1042704563587904,
            51.511206049472094
          ],
          [
            -0.10398807004094124,
            51.51116673834622
          ],
          [
            -0.10367215611040592,
            51.511132875457406
          ],
          [
            -0.10342388413846493,
            51.511151818558574
          ],
          [
            -0.10315532796084881,
            51.51120680384338
          ],
          [
            -0.1028901245445013,
            51.511184675619006
          ],
          [
            -0.10260933078825474,
            51.511184675619006
          ],
          [
            -0.10232258588075638,
            51.511187022551894
          ],
          [
            -0.10207238607108593,
            51.511200768873096
          ],
          [
            -0.10184548795223236,
            51.511221304535866
          ],
          [
            -0.1015990599989891,
            51.51124837808311
          ],
          [
            -0.10136713273823261,
            51.51128584519029
          ],
          [
            -0.09616834111511707,
            51.51129154488444
          ],
          [
            -0.09594932198524475,
            51.51126857846975
          ],
          [
            -0.09570473805069923,
            51.51130294427276
          ],
          [
            -0.09548664093017578,
            51.51134409941733
          ],
          [
            -0.09522604756057262,
            51.511335549876094
          ],
          [
            -0.09501130320131779,
            51.511406879872084
          ],
          [
            -0.09473905898630619,
            51.51141014881432
          ],
          [
            -0.0945202074944973,
            51.51135725900531
          ],
          [
            -0.09429238736629486,
            51.511309733614326
          ],
          [
            -0.09403279982507229,
            51.511251982301474
          ],
          [
            -0.09377899579703808,
            51.51120638474822
          ],
          [
            -0.09352686814963818,
            51.511163553223014
          ],
          [
            -0.09330491535365582,
            51.511115776374936
          ],
          [
            -0.09308120235800743,
            51.511058108881116
          ],
          [
            -0.09284181520342827,
            51.51100505143404
          ],
          [
            -0.09259069338440895,
            51.51094537228346
          ],
          [
            -0.09234359487891197,
            51.510880161076784
          ],
          [
            -0.09209322743117809,
            51.51082559488714
          ],
          [
            -0.09185777977108955,
            51.51079357601702
          ],
          [
            -0.0916026346385479,
            51.510755605995655
          ],
          [
            -0.09137598797678947,
            51.51073029264808
          ],
          [
            -0.09110592305660248,
            51.51076474227011
          ],
          [
            -0.09089612402021885,
            51.51070782914758
          ],
          [
            -0.09072898887097836,
            51.51061495766044
          ],
          [
            -0.09056185372173786,
            51.510522002354264
          ],
          [
            -0.09039471857249737,
            51.51042904704809
          ],
          [
            -0.09022758342325687,
            51.51033617556095
          ],
          [
            -0.0900605320930481,
            51.51024322025478
          ],
          [
            -0.08983053267002106,
            51.510180523619056
          ],
          [
            -0.08965166285634041,
            51.510103326290846
          ],
          [
            -0.08943616412580013,
            51.510026128962636
          ],
          [
            -0.08922326378524303,
            51.50994222611189
          ],
          [
            -0.08898815140128136,
            51.50993057526648
          ],
          [
            -0.08876661770045757,
            51.509945411235094
          ],
          [
            -0.08853033185005188,
            51.50991297326982
          ],
          [
            -0.0882565788924694,
            51.509867710992694
          ],
          [
            -0.08803571574389935,
            51.50984013453126
          ],
          [
            -0.08781694807112217,
            51.50981901213527
          ],
          [
            -0.08759583346545696,
            51.50980149395764
          ],
          [
            -0.08736725896596909,
            51.50977022945881
          ],
          [
            -0.08713072165846825,
            51.509732929989696
          ],
          [
            -0.0869132112711668,
            51.50967408902943
          ],
          [
            -0.08666125126183033,
            51.50965053588152
          ],
          [
            -0.08644466288387775,
            51.509662605822086
          ],
          [
            -0.08620611391961575,
            51.50963595137
          ],
          [
            -0.0859722588211298,
            51.50961994193494
          ],
          [
            -0.08573957718908787,
            51.50959990918636
          ],
          [
            -0.08552039042115211,
            51.50952799245715
          ],
          [
            -0.08528058417141438,
            51.5094823949039
          ],
          [
            -0.08503164164721966,
            51.509463200345635
          ],
          [
            -0.08480357006192207,
            51.50944442488253
          ],
          [
            -0.08456929586827755,
            51.50942137464881
          ],
          [
            -0.08434155955910683,
            51.509404610842466
          ],
          [
            -0.08410644717514515,
            51.509387008845806
          ],
          [
            -0.08387401700019836,
            51.50936421006918
          ],
          [
            -0.08363815024495125,
            51.50933378376067
          ],
          [
            -0.0834097433835268,
            51.50930721312761
          ],
          [
            -0.0831820908933878,
            51.509286342188716
          ],
          [
            -0.08296080864965916,
            51.50926890783012
          ],
          [
            -0.0827388558536768,
            51.50923144072294
          ],
          [
            -0.08250407874584198,
            51.509197829291224
          ],
          [
            -0.08226913399994373,
            51.509174359962344
          ],
          [
            -0.08202329277992249,
            51.50916430167854
          ],
          [
            -0.08179748430848122,
            51.5091782156378
          ],
          [
            -0.08154870942234993,
            51.50920428335667
          ],
          [
            -0.08133756928145885,
            51.509263794869184
          ],
          [
            -0.08111209608614445,
            51.50933110155165
          ],
          [
            -0.0809277780354023,
            51.509409891441464
          ],
          [
            -0.08074119687080383,
            51.5094874240458
          ],
          [
            -0.08052687160670757,
            51.5095791220665
          ],
          [
            -0.08032847195863724,
            51.50965883396566
          ],
          [
            -0.0800968799740076,
            51.50972915813327
          ],
          [
            -0.07988397963345051,
            51.50976100936532
          ],
          [
            -0.07965498603880405,
            51.5097794495523
          ],
          [
            -0.07941903546452522,
            51.50978850200772
          ],
          [
            -0.07914134301245213,
            51.50977618061006
          ],
          [
            -0.07889826782047749,
            51.50976184755564
          ],
          [
            -0.07866382598876953,
            51.50975187309086
          ],
          [
            -0.07844790816307068,
            51.50970811955631
          ],
          [
            -0.07826928980648518,
            51.50962597690523
          ],
          [
            -0.07800433784723282,
            51.50956562720239
          ],
          [
            -0.0777755118906498,
            51.509544337168336
          ],
          [
            -0.07753327488899231,
            51.509554563090205
          ],
          [
            -0.07729372009634972,
            51.509567219763994
          ],
          [
            -0.0770589429885149,
            51.50957333855331
          ],
          [
            -0.07684092968702316,
            51.50959052145481
          ],
          [
            -0.07662316784262657,
            51.509615667164326
          ],
          [
            -0.07640188559889793,
            51.50965196080506
          ],
          [
            -0.07616107352077961,
            51.50968858972192
          ],
          [
            -0.07591732777655125,
            51.50972303934395
          ],
          [
            -0.07571440190076828,
            51.509778862819076
          ],
          [
            -0.0754781998693943,
            51.5098640229553
          ],
          [
            -0.07526353932917118,
            51.50993744842708
          ],
          [
            -0.07507603615522385,
            51.51000978425145
          ],
          [
            -0.07482667453587055,
            51.51008144952357
          ],
          [
            -0.07457354106009007,
            51.510082203894854
          ],
          [
            -0.07431034930050373,
            51.51009125635028
          ],
          [
            -0.07404816336929798,
            51.51013626717031
          ],
          [
            -0.07379796355962753,
            51.510153114795685
          ],
          [
            -0.0735331792384386,
            51.51017440482974
          ],
          [
            -0.07330904714763165,
            51.51017918251455
          ],
          [
            -0.07306069135665894,
            51.510226456448436
          ],
          [
            -0.0728230644017458,
            51.510252272710204
          ],
          [
            -0.07256993092596531,
            51.510267527773976
          ],
          [
            -0.07234412245452404,
            51.51029267348349
          ],
          [
            -0.07211454212665558,
            51.51032184250653
          ],
          [
            -0.0718957744538784,
            51.51035604067147
          ],
          [
            -0.07166141644120216,
            51.51043340563774
          ],
          [
            -0.07138598710298538,
            51.51049199514091
          ],
          [
            -0.07117174565792084,
            51.51053415611386
          ],
          [
            -0.07094467990100384,
            51.51057841256261
          ],
          [
            -0.07072172127664089,
            51.510626608505845
          ],
          [
            -0.07049054838716984,
            51.51067136786878
          ],
          [
            -0.07026968523859978,
            51.510716881603
          ],
          [
            -0.07005326449871063,
            51.510756611824036
          ],
          [
            -0.06977079436182976,
            51.510796090587974
          ],
          [
            -0.06954037584364414,
            51.51082685217261
          ],
          [
            -0.06931439973413944,
            51.51085342280567
          ],
          [
            -0.06903938949108124,
            51.51089407503605
          ],
          [
            -0.0688126590102911,
            51.51093288324773
          ],
          [
            -0.0685300212353468,
            51.51093673892319
          ],
          [
            -0.06825970485806465,
            51.51095660403371
          ],
          [
            -0.06804169155657291,
            51.51094604283571
          ],
          [
            -0.06776567548513412,
            51.510952580720186
          ],
          [
            -0.06748748011887074,
            51.510965740308166
          ],
          [
            -0.06720425561070442,
            51.51099055074155
          ],
          [
            -0.06692932918667793,
            51.51100605726242
          ],
          [
            -0.0666694063693285,
            51.51103053241968
          ],
          [
            -0.06641426123678684,
            51.511051738634706
          ],
          [
            -0.06615274585783482,
            51.511076213791966
          ],
          [
            -0.06587991490960121,
            51.51109775528312
          ],
          [
            -0.06560725159943104,
            51.511116698384285
          ],
          [
            -0.06534028798341751,
            51.51113731786609
          ],
          [
            -0.06506443955004215,
            51.511148884892464
          ],
          [
            -0.06479856558144093,
            51.51116179302335
          ],
          [
            -0.0645289197564125,
            51.511175371706486
          ],
          [
            -0.06426103413105011,
            51.51117327623069
          ],
          [
            -0.06400337442755699,
            51.51117704808712
          ],
          [
            -0.0637409370392561,
            51.511183083057404
          ],
          [
            -0.06346156820654869,
            51.511188531294465
          ],
          [
            -0.0632296409457922,
            51.511188531294465
          ],
          [
            -0.06299369037151337,
            51.511176377534866
          ],
          [
            -0.06276838481426239,
            51.51116338558495
          ],
          [
            -0.06254802457988262,
            51.51114444248378
          ],
          [
            -0.06232699379324913,
            51.5111312828958
          ],
          [
            -0.06204284727573395,
            51.51112508028746
          ],
          [
            -0.061797089874744415,
            51.511109909042716
          ],
          [
            -0.06157555617392063,
            51.51111057959497
          ],
          [
            -0.06135494448244572,
            51.51111217215657
          ],
          [
            -0.06112041883170605,
            51.51112977415323
          ],
          [
            -0.06085110828280449,
            51.5111312828958
          ],
          [
            -0.060589173808693886,
            51.511131869629025
          ],
          [
            -0.060329586267471313,
            51.51115802116692
          ],
          [
            -0.0600528996437788,
            51.51116791181266
          ],
          [
            -0.05978509783744812,
            51.511187022551894
          ],
          [
            -0.059567587450146675,
            51.511189956218004
          ],
          [
            -0.05932023748755455,
            51.51118626818061
          ],
          [
            -0.059081269428133965,
            51.51118090376258
          ],
          [
            -0.05885244347155094,
            51.51117864064872
          ],
          [
            -0.058623114600777626,
            51.51117704808712
          ],
          [
            -0.058396635577082634,
            51.51117101311684
          ],
          [
            -0.05816588178277016,
            51.51117168366909
          ],
          [
            -0.057930685579776764,
            51.51117159985006
          ],
          [
            -0.057700350880622864,
            51.51117159985006
          ],
          [
            -0.057477643713355064,
            51.51117017492652
          ],
          [
            -0.057229623198509216,
            51.511169420555234
          ],
          [
            -0.05698587745428085,
            51.51117168366909
          ],
          [
            -0.05675747059285641,
            51.51118685491383
          ],
          [
            -0.05653794854879379,
            51.51120973750949
          ],
          [
            -0.05627685226500034,
            51.511198254302144
          ],
          [
            -0.056014833971858025,
            51.51119993068278
          ],
          [
            -0.05573823116719723,
            51.511188531294465
          ],
          [
            -0.0554603710770607,
            51.51118626818061
          ],
          [
            -0.05519022233784199,
            51.51117327623069
          ],
          [
            -0.054909847676754,
            51.51116564869881
          ],
          [
            -0.054693007841706276,
            51.51116330176592
          ],
          [
            -0.05442881025373936,
            51.511142095550895
          ],
          [
            -0.054190848022699356,
            51.51110731065273
          ],
          [
            -0.053959088400006294,
            51.51105961762369
          ],
          [
            -0.053745852783322334,
            51.51102349162102
          ],
          [
            -0.0535289291292429,
            51.51094939559698
          ],
          [
            -0.05329448729753494,
            51.51090924628079
          ],
          [
            -0.053057530894875526,
            51.51088485494256
          ],
          [
            -0.05281931720674038,
            51.51087362319231
          ],
          [
            -0.05257129669189453,
            51.51087789796293
          ],
          [
            -0.05231061950325966,
            51.5109053067863
          ],
          [
            -0.05204734392464161,
            51.51094344444573
          ],
          [
            -0.051774512976408005,
            51.510985270142555
          ],
          [
            -0.05149908363819122,
            51.5110329631716
          ],
          [
            -0.05124108865857124,
            51.511071017012
          ],
          [
            -0.050986697897315025,
            51.511103538796306
          ],
          [
            -0.050738509744405746,
            51.511135809123516
          ],
          [
            -0.050503313541412354,
            51.51116983965039
          ],
          [
            -0.050238948315382004,
            51.511202193796635
          ],
          [
            -0.04999889060854912,
            51.51121753267944
          ],
          [
            -0.04974617622792721,
            51.51122884824872
          ],
          [
            -0.04947451874613762,
            51.51125030592084
          ],
          [
            -0.04921409301459789,
            51.5112731885165
          ],
          [
            -0.04894872196018696,
            51.5112938079983
          ],
          [
            -0.04869055934250355,
            51.51131518185139
          ],
          [
            -0.04845687188208103,
            51.51137209497392
          ],
          [
            -0.048474641516804695,
            51.51151031255722
          ],
          [
            -0.04848964512348175,
            51.51165087707341
          ],
          [
            -0.04848369397222996,
            51.51179135777056
          ],
          [
            -0.048504648730158806,
            51.511949775740504
          ],
          [
            -0.04856298677623272,
            51.512093525379896
          ],
          [
            -0.0485655851662159,
            51.512266946956515
          ],
          [
            -0.048628365620970726,
            51.51242343708873
          ],
          [
            -0.048652924597263336,
            51.51258579455316
          ],
          [
            -0.048681674525141716,
            51.512739937752485
          ],
          [
            -0.04873146302998066,
            51.51289944536984
          ],
          [
            -0.04876188933849335,
            51.5130568575114
          ],
          [
            -0.04874596372246742,
            51.513203624635935
          ],
          [
            -0.04869994707405567,
            51.51333924382925
          ],
          [
            -0.048835985362529755,
            51.51344527490437
          ],
          [
            -0.04886188544332981,
            51.51358458213508
          ],
          [
            -0.04863289184868336,
            51.51359179057181
          ],
          [
            -0.04848159849643707,
            51.51370536535978
          ],
          [
            -0.048439521342515945,
            51.5138616040349
          ],
          [
            -0.04842594265937805,
            51.51401021517813
          ],
          [
            -0.048443544656038284,
            51.514155054464936
          ],
          [
            -0.04843474365770817,
            51.51430224068463
          ],
          [
            -0.048434240743517876,
            51.51444506831467
          ],
          [
            -0.04851554520428181,
            51.51459946297109
          ],
          [
            -0.048722997307777405,
            51.51465989649296
          ],
          [
            -0.04898811690509319,
            51.514653945341706
          ],
          [
            -0.04918375052511692,
            51.51465671136975
          ]
        ]
      },
      "properties": {
        "name": "2023-09-25 (Mon) 12:35",
        "source_file": "2023-09-25-113502-ELEMNT_ROAM_A974-48-0.fit",
        "date": "2023-09-25T11:35:02",
        "sport": "cycling",
        "dropbox_id": "id:JY-PzzIM9pcAAAAAAAAA-A"
      }
    },
    {
      "type": "Feature",
      "geometry": {
        "type": "LineString",
        "coordinates": [
          [
            -0.048381686210632324,
            51.514644641429186
          ],
          [
            -0.048361653462052345,
            51.5145056694746
          ],
          [
            -0.04835679195821285,
            51.514360159635544
          ],
          [
            -0.048350170254707336,
            51.5142070222646
          ],
          [
            -0.0483548641204834,
            51.51405304670334
          ],
          [
            -0.04831337369978428,
            51.51391633786261
          ],
          [
            -0.048358216881752014,
            51.51377912610769
          ],
          [
            -0.04832351580262184,
            51.51363386772573
          ],
          [
            -0.04854974336922169,
            51.51364509947598
          ],
          [
            -0.04876130260527134,
            51.513679549098015
          ],
          [
            -0.048757949844002724,
            51.513534374535084
          ],
          [
            -0.04874495789408684,
            51.513389367610216
          ],
          [
            -0.04872668534517288,
            51.51324486359954
          ],
          [
            -0.04873163066804409,
            51.51309591718018
          ],
          [
            -0.04872668534517288,
            51.51294747367501
          ],
          [
            -0.04869542084634304,
            51.51278863660991
          ],
          [
            -0.0486652459949255,
            51.51264279149473
          ],
          [
            -0.048641860485076904,
            51.51249501854181
          ],
          [
            -0.04861864261329174,
            51.51231648400426
          ],
          [
            -0.0485819298774004,
            51.512177931144834
          ],
          [
            -0.0485432893037796,
            51.51202236302197
          ],
          [
            -0.04849869757890701,
            51.511862855404615
          ],
          [
            -0.04844488576054573,
            51.51169513352215
          ],
          [
            -0.04841336980462074,
            51.51152045466006
          ],
          [
            -0.048452094197273254,
            51.51138617657125
          ],
          [
            -0.04868108779191971,
            51.51135256513953
          ],
          [
            -0.04896816797554493,
            51.511325826868415
          ],
          [
            -0.049199508503079414,
            51.511287773028016
          ],
          [
            -0.049455827102065086,
            51.51126095093787
          ],
          [
            -0.04969814792275429,
            51.51123438030481
          ],
          [
            -0.04993787035346031,
            51.51121526956558
          ],
          [
            -0.050170887261629105,
            51.51119624264538
          ],
          [
            -0.05039619281888008,
            51.511162212118506
          ],
          [
            -0.05062359385192394,
            51.51113513857126
          ],
          [
            -0.050857700407505035,
            51.511127511039376
          ],
          [
            -0.051102787256240845,
            51.51108945719898
          ],
          [
            -0.05136874504387379,
            51.511047380045056
          ],
          [
            -0.051648784428834915,
            51.51100563816726
          ],
          [
            -0.051871491596102715,
            51.510971104726195
          ],
          [
            -0.05209067836403847,
            51.51094830594957
          ],
          [
            -0.05231891758739948,
            51.51092140004039
          ],
          [
            -0.05254271440207958,
            51.51089868508279
          ],
          [
            -0.0528167188167572,
            51.51087949052453
          ],
          [
            -0.05305887199938297,
            51.51088334619999
          ],
          [
            -0.05330932326614857,
            51.510906144976616
          ],
          [
            -0.05355793051421642,
            51.51096263900399
          ],
          [
            -0.05378558300435543,
            51.5110432729125
          ],
          [
            -0.05402153357863426,
            51.51108551770449
          ],
          [
            -0.0542646087706089,
            51.51112709194422
          ],
          [
            -0.05452067591249943,
            51.511161206290126
          ],
          [
            -0.05478696897625923,
            51.511184675619006
          ],
          [
            -0.05501638166606426,
            51.51119230315089
          ],
          [
            -0.055253421887755394,
            51.51119984686375
          ],
          [
            -0.05547688342630863,
            51.51119993068278
          ],
          [
            -0.055725742131471634,
            51.51120353490114
          ],
          [
            -0.05598289892077446,
            51.51121141389012
          ],
          [
            -0.05621558055281639,
            51.51121141389012
          ],
          [
            -0.056442227214574814,
            51.511207558214664
          ],
          [
            -0.05669343285262585,
            51.51119615882635
          ],
          [
            -0.05697405897080898,
            51.51120378635824
          ],
          [
            -0.05720095708966255,
            51.511207558214664
          ],
          [
            -0.05742810666561127,
            51.51120009832084
          ],
          [
            -0.057679396122694016,
            51.511196326464415
          ],
          [
            -0.05793730728328228,
            51.51119230315089
          ],
          [
            -0.05819002166390419,
            51.511184675619006
          ],
          [
            -0.058424798771739006,
            51.51118107140064
          ],
          [
            -0.05866091698408127,
            51.5111695881933
          ],
          [
            -0.05891027860343456,
            51.51116179302335
          ],
          [
            -0.059147654101252556,
            51.51114662177861
          ],
          [
            -0.059385448694229126,
            51.51113899424672
          ],
          [
            -0.05966196767985821,
            51.51111988350749
          ],
          [
            -0.05993823520839214,
            51.51113891042769
          ],
          [
            -0.06016245111823082,
            51.51116179302335
          ],
          [
            -0.06038004532456398,
            51.51117704808712
          ],
          [
            -0.06060652434825897,
            51.51118090376258
          ],
          [
            -0.060848258435726166,
            51.511173360049725
          ],
          [
            -0.06106124259531498,
            51.51114662177861
          ],
          [
            -0.06127707660198212,
            51.5111312828958
          ],
          [
            -0.06151118315756321,
            51.51111988350749
          ],
          [
            -0.06174545735120773,
            51.51112365536392
          ],
          [
            -0.06198526360094547,
            51.51112365536392
          ],
          [
            -0.06222020834684372,
            51.511123487725854
          ],
          [
            -0.06245230324566364,
            51.511112255975604
          ],
          [
            -0.06269697099924088,
            51.5111349709332
          ],
          [
            -0.06294423714280128,
            51.5111539978534
          ],
          [
            -0.06319460459053516,
            51.51115793734789
          ],
          [
            -0.06343801505863667,
            51.51116179302335
          ],
          [
            -0.06366248242557049,
            51.51116564869881
          ],
          [
            -0.06388611160218716,
            51.51116564869881
          ],
          [
            -0.06412130780518055,
            51.51116573251784
          ],
          [
            -0.0643622875213623,
            51.51116179302335
          ],
          [
            -0.0646127387881279,
            51.51115802116692
          ],
          [
            -0.0648779422044754,
            51.51115408167243
          ],
          [
            -0.06514633074402809,
            51.51114293374121
          ],
          [
            -0.06541463546454906,
            51.51113513857126
          ],
          [
            -0.0656647514551878,
            51.51111979968846
          ],
          [
            -0.06589542143046856,
            51.511104544624686
          ],
          [
            -0.06612483412027359,
            51.511081997305155
          ],
          [
            -0.06634100340306759,
            51.51106665842235
          ],
          [
            -0.06656790152192116,
            51.51105115190148
          ],
          [
            -0.0668148323893547,
            51.511043440550566
          ],
          [
            -0.06706243380904198,
            51.51102458126843
          ],
          [
            -0.06730014458298683,
            51.5110020339489
          ],
          [
            -0.06753710098564625,
            51.51097856462002
          ],
          [
            -0.06775293499231339,
            51.51094822213054
          ],
          [
            -0.06800657138228416,
            51.510913856327534
          ],
          [
            -0.0682420190423727,
            51.51090237312019
          ],
          [
            -0.06845408119261265,
            51.51087203063071
          ],
          [
            -0.06867729127407074,
            51.51085685938597
          ],
          [
            -0.06892514415085316,
            51.51082316413522
          ],
          [
            -0.06920099258422852,
            51.5107877086848
          ],
          [
            -0.06945915520191193,
            51.510726772248745
          ],
          [
            -0.06972955539822578,
            51.51066600345075
          ],
          [
            -0.0699806772172451,
            51.510605150833726
          ],
          [
            -0.07024378515779972,
            51.51053683832288
          ],
          [
            -0.07051334716379642,
            51.510468777269125
          ],
          [
            -0.07077301852405071,
            51.510398369282484
          ],
          [
            -0.0710082147270441,
            51.51033760048449
          ],
          [
            -0.07129127159714699,
            51.51029594242573
          ],
          [
            -0.0715352687984705,
            51.510261660441756
          ],
          [
            -0.07179854437708855,
            51.51020843535662
          ],
          [
            -0.07205729372799397,
            51.51015914976597
          ],
          [
            -0.07230481132864952,
            51.510132160037756
          ],
          [
            -0.07251829840242863,
            51.510105170309544
          ],
          [
            -0.07274880073964596,
            51.51008991524577
          ],
          [
            -0.07298198528587818,
            51.51009754277766
          ],
          [
            -0.07322665303945541,
            51.51008991524577
          ],
          [
            -0.07346972823143005,
            51.51008203625679
          ],
          [
            -0.07369084283709526,
            51.51006292551756
          ],
          [
            -0.07396501488983631,
            51.51003266684711
          ],
          [
            -0.0742263626307249,
            51.51005915366113
          ],
          [
            -0.07447035983204842,
            51.51006342843175
          ],
          [
            -0.07472030818462372,
            51.51008589193225
          ],
          [
            -0.0749445240944624,
            51.510044652968645
          ],
          [
            -0.07519874721765518,
            51.509960582479835
          ],
          [
            -0.07548549212515354,
            51.50986460968852
          ],
          [
            -0.07568372413516045,
            51.509802751243114
          ],
          [
            -0.07598656229674816,
            51.50973510928452
          ],
          [
            -0.07628537714481354,
            51.5096774417907
          ],
          [
            -0.07655535824596882,
            51.509628826752305
          ],
          [
            -0.07680932991206646,
            51.50958264246583
          ],
          [
            -0.07706698961555958,
            51.509548192843795
          ],
          [
            -0.07732615806162357,
            51.50952933356166
          ],
          [
            -0.07759395986795425,
            51.50951382704079
          ],
          [
            -0.07782982662320137,
            51.50950251147151
          ],
          [
            -0.07805806584656239,
            51.509529082104564
          ],
          [
            -0.07830348797142506,
            51.509578451514244
          ],
          [
            -0.07857313379645348,
            51.509643495082855
          ],
          [
            -0.07881562225520611,
            51.50967014953494
          ],
          [
            -0.07907428778707981,
            51.50968138128519
          ],
          [
            -0.07935281842947006,
            51.509685488417745
          ],
          [
            -0.0796383898705244,
            51.50969311594963
          ],
          [
            -0.0799089577049017,
            51.5097083710134
          ],
          [
            -0.08016158826649189,
            51.50970091111958
          ],
          [
            -0.08037951774895191,
            51.509615080431104
          ],
          [
            -0.08061613887548447,
            51.50949287228286
          ],
          [
            -0.08084312081336975,
            51.50937661528587
          ],
          [
            -0.0810448732227087,
            51.509315092116594
          ],
          [
            -0.08127420209348202,
            51.50926547124982
          ],
          [
            -0.08150252513587475,
            51.50922993198037
          ],
          [
            -0.08173445239663124,
            51.50920503772795
          ],
          [
            -0.0819721631705761,
            51.5092162694782
          ],
          [
            -0.08221523836255074,
            51.509235547855496
          ],
          [
            -0.08243568241596222,
            51.50925046764314
          ],
          [
            -0.08272862993180752,
            51.509277457371354
          ],
          [
            -0.08294597268104553,
            51.50928500108421
          ],
          [
            -0.08316976949572563,
            51.50930402800441
          ],
          [
            -0.08342944085597992,
            51.509326910600066
          ],
          [
            -0.0836819875985384,
            51.50934970937669
          ],
          [
            -0.08395356126129627,
            51.50937301106751
          ],
          [
            -0.08422119542956352,
            51.509406957775354
          ],
          [
            -0.0844922661781311,
            51.50943369604647
          ],
          [
            -0.08476082235574722,
            51.50947166606784
          ],
          [
            -0.08503583259880543,
            51.50951474905014
          ],
          [
            -0.08529416285455227,
            51.509563280269504
          ],
          [
            -0.08556288667023182,
            51.50960108265281
          ],
          [
            -0.08581015281379223,
            51.50965531356633
          ],
          [
            -0.08605725131928921,
            51.50970082730055
          ],
          [
            -0.08628247305750847,
            51.50974282063544
          ],
          [
            -0.0865118857473135,
            51.509765619412065
          ],
          [
            -0.08675571531057358,
            51.50981130078435
          ],
          [
            -0.08699133060872555,
            51.50986159220338
          ],
          [
            -0.08724848739802837,
            51.50986117310822
          ],
          [
            -0.0875416025519371,
            51.5098571497947
          ],
          [
            -0.08781066164374352,
            51.50988061912358
          ],
          [
            -0.08805013261735439,
            51.50994557887316
          ],
          [
            -0.08830192498862743,
            51.510017830878496
          ],
          [
            -0.08858573623001575,
            51.51005990803242
          ],
          [
            -0.08885127492249012,
            51.510132160037756
          ],
          [
            -0.08912351913750172,
            51.51020818389952
          ],
          [
            -0.08936977945268154,
            51.51028915308416
          ],
          [
            -0.08957178331911564,
            51.510356878861785
          ],
          [
            -0.08981921710073948,
            51.51034941896796
          ],
          [
            -0.0900785531848669,
            51.51034162379801
          ],
          [
            -0.09030302055180073,
            51.51033458299935
          ],
          [
            -0.0905212014913559,
            51.51037632487714
          ],
          [
            -0.09073938243091106,
            51.510417982935905
          ],
          [
            -0.09095756337046623,
            51.5104597248137
          ],
          [
            -0.0911757443100214,
            51.51050138287246
          ],
          [
            -0.09139384143054485,
            51.510543040931225
          ],
          [
            -0.09161202237010002,
            51.51058478280902
          ],
          [
            -0.09183020330965519,
            51.51062644086778
          ],
          [
            -0.09210655465722084,
            51.5106737986207
          ],
          [
            -0.09235708974301815,
            51.51071587577462
          ],
          [
            -0.09260167367756367,
            51.510772705078125
          ],
          [
            -0.09285924956202507,
            51.51083565317094
          ],
          [
            -0.09306100197136402,
            51.51089457795024
          ],
          [
            -0.09328940883278847,
            51.5109327994287
          ],
          [
            -0.09354036301374435,
            51.510967165231705
          ],
          [
            -0.09380640462040901,
            51.51100555434823
          ],
          [
            -0.09408753365278244,
            51.511043859645724
          ],
          [
            -0.09437302127480507,
            51.51108141057193
          ],
          [
            -0.0946645438671112,
            51.511112339794636
          ],
          [
            -0.09492245502769947,
            51.51116967201233
          ],
          [
            -0.09513929486274719,
            51.511227674782276
          ],
          [
            -0.09534691460430622,
            51.51127268560231
          ],
          [
            -0.0956038199365139,
            51.51129934005439
          ],
          [
            -0.09584194980561733,
            51.5113144274801
          ],
          [
            -0.0960911437869072,
            51.51132205501199
          ],
          [
            -0.09638786315917969,
            51.51132205501199
          ],
          [
            -0.09667687118053436,
            51.51131040416658
          ],
          [
            -0.09694341570138931,
            51.5112990885973
          ],
          [
            -0.10189167223870754,
            51.51123429648578
          ],
          [
            -0.10212049819529057,
            51.511252569034696
          ],
          [
            -0.10232719592750072,
            51.51120445691049
          ],
          [
            -0.10253339074552059,
            51.511150309816
          ],
          [
            -0.10280605405569077,
            51.511112842708826
          ],
          [
            -0.10308969765901566,
            51.51110077276826
          ],
          [
            -0.10333067737519741,
            51.511089289560914
          ],
          [
            -0.10359495878219604,
            51.511065904051065
          ],
          [
            -0.10381112806499004,
            51.51105492375791
          ],
          [
            -0.10410700924694538,
            51.51105081662536
          ],
          [
            -0.10436173528432846,
            51.511051235720515
          ],
          [
            -0.10458427481353283,
            51.51105483993888
          ],
          [
            -0.10487663559615612,
            51.511055091395974
          ],
          [
            -0.10519405826926231,
            51.51106674224138
          ],
          [
            -0.10549086146056652,
            51.51108551770449
          ],
          [
            -0.1057608425617218,
            51.51108954101801
          ],
          [
            -0.10603451170027256,
            51.51109314523637
          ],
          [
            -0.10630147531628609,
            51.51108560152352
          ],
          [
            -0.10657849721610546,
            51.51108568534255
          ],
          [
            -0.10685023851692677,
            51.511089373379946
          ],
          [
            -0.10712776333093643,
            51.51109314523637
          ],
          [
            -0.1073971576988697,
            51.51111208833754
          ],
          [
            -0.1076563261449337,
            51.511135306209326
          ],
          [
            -0.10788741521537304,
            51.511150393635035
          ],
          [
            -0.1079933624714613,
            51.51102022267878
          ],
          [
            -0.10823040269315243,
            51.51096347719431
          ],
          [
            -0.10846409015357494,
            51.51097898371518
          ],
          [
            -0.1087018009275198,
            51.51099004782736
          ],
          [
            -0.10897723026573658,
            51.510990131646395
          ],
          [
            -0.10922692716121674,
            51.51098652742803
          ],
          [
            -0.10947452858090401,
            51.510990131646395
          ],
          [
            -0.10973269119858742,
            51.510990131646395
          ],
          [
            -0.10998448356986046,
            51.510990131646395
          ],
          [
            -0.11023418046534061,
            51.510990131646395
          ],
          [
            -0.1104927621781826,
            51.510990131646395
          ],
          [
            -0.11074547655880451,
            51.510990131646395
          ],
          [
            -0.11100380681455135,
            51.510993987321854
          ],
          [
            -0.11126448400318623,
            51.51099373586476
          ],
          [
            -0.11150487698614597,
            51.51099348440766
          ],
          [
            -0.11173068545758724,
            51.510990131646395
          ],
          [
            -0.11195934377610683,
            51.510990131646395
          ],
          [
            -0.11218540370464325,
            51.510990131646395
          ],
          [
            -0.1124181691557169,
            51.51098996400833
          ],
          [
            -0.11266442947089672,
            51.510944282636046
          ],
          [
            -0.11288252659142017,
            51.51091754436493
          ],
          [
            -0.11310397647321224,
            51.51089466176927
          ],
          [
            -0.11333531700074673,
            51.5108947455883
          ],
          [
            -0.11355651542544365,
            51.510856691747904
          ],
          [
            -0.11391232721507549,
            51.51079583913088
          ],
          [
            -0.11416302993893623,
            51.51075728237629
          ],
          [
            -0.11442890390753746,
            51.510718977078795
          ],
          [
            -0.11465102434158325,
            51.510684275999665
          ],
          [
            -0.11486442759633064,
            51.510642869398
          ],
          [
            -0.11511202901601791,
            51.510596852749586
          ],
          [
            -0.11533984914422035,
            51.510562654584646
          ],
          [
            -0.11533146724104881,
            51.510699866339564
          ],
          [
            -0.11541159823536873,
            51.51084914803505
          ],
          [
            -0.11523205786943436,
            51.51097470894456
          ],
          [
            -0.11503491550683975,
            51.51106271892786
          ],
          [
            -0.11504044756293297,
            51.51120437309146
          ],
          [
            -0.11514371261000633,
            51.51137217879295
          ],
          [
            -0.11523348279297352,
            51.511516934260726
          ],
          [
            -0.11531160213053226,
            51.51168432086706
          ],
          [
            -0.11539148166775703,
            51.51184810325503
          ],
          [
            -0.11546834371984005,
            51.51200484484434
          ],
          [
            -0.11557529680430889,
            51.512146750465035
          ],
          [
            -0.11562332510948181,
            51.512286476790905
          ],
          [
            -0.11572667397558689,
            51.51242067106068
          ],
          [
            -0.1159238163381815,
            51.512485882267356
          ],
          [
            -0.11607276275753975,
            51.51260691694915
          ],
          [
            -0.11613286100327969,
            51.51276474818587
          ],
          [
            -0.11610327288508415,
            51.512820990756154
          ]
        ]
      },
      "properties": {
        "name": "2023-09-26 (Tue) 15:23",
        "source_file": "2023-09-26-142303-ELEMNT_ROAM_A974-49-0.fit",
        "date": "2023-09-26T14:23:03",
        "sport": "cycling",
        "dropbox_id": "id:JY-PzzIM9pcAAAAAAAAA-Q"
      }
    },
    {
      "type": "Feature",
      "geometry": {
        "type": "LineString",
        "coordinates": [
          [
            -0.1157016959041357,
            51.512531312182546
          ],
          [
            -0.11559055186808109,
            51.512387143447995
          ],
          [
            -0.11552584357559681,
            51.512243058532476
          ],
          [
            -0.1154489815235138,
            51.51209369301796
          ],
          [
            -0.11535569094121456,
            51.511948434636
          ],
          [
            -0.1152535155415535,
            51.511808540672064
          ],
          [
            -0.11510440148413181,
            51.51165883988142
          ],
          [
            -0.1149736437946558,
            51.511543756350875
          ],
          [
            -0.11487658135592937,
            51.511417273432016
          ],
          [
            -0.11465848423540592,
            51.511367820203304
          ],
          [
            -0.11442840099334717,
            51.511386847123504
          ],
          [
            -0.11417769826948643,
            51.51140604168177
          ],
          [
            -0.11393328197300434,
            51.51143646799028
          ],
          [
            -0.11368970386683941,
            51.51148935779929
          ],
          [
            -0.11342626065015793,
            51.51155021041632
          ],
          [
            -0.1131728757172823,
            51.51158885098994
          ],
          [
            -0.11294505558907986,
            51.511607794091105
          ],
          [
            -0.11270541697740555,
            51.51163092814386
          ],
          [
            -0.11245345696806908,
            51.51163486763835
          ],
          [
            -0.11221658438444138,
            51.511600418016315
          ],
          [
            -0.11216243728995323,
            51.511454405263066
          ],
          [
            -0.11209714226424694,
            51.511296490207314
          ],
          [
            -0.11205020360648632,
            51.5111434366554
          ],
          [
            -0.11185959912836552,
            51.5110435243696
          ],
          [
            -0.11160260997712612,
            51.511062467470765
          ],
          [
            -0.11131754145026207,
            51.511081578209996
          ],
          [
            -0.11106088757514954,
            51.51108551770449
          ],
          [
            -0.11078939773142338,
            51.51108551770449
          ],
          [
            -0.11053073219954967,
            51.51107403449714
          ],
          [
            -0.11028103530406952,
            51.51108141057193
          ],
          [
            -0.11001608334481716,
            51.5110778901726
          ],
          [
            -0.10976194404065609,
            51.511074118316174
          ],
          [
            -0.10950830765068531,
            51.5110591147095
          ],
          [
            -0.10921728797256947,
            51.511028772220016
          ],
          [
            -0.10894001461565495,
            51.51100161485374
          ],
          [
            -0.1086909044533968,
            51.51099775917828
          ],
          [
            -0.10845109820365906,
            51.510990131646395
          ],
          [
            -0.10823283344507217,
            51.51098635978997
          ],
          [
            -0.10802504606544971,
            51.51104704476893
          ],
          [
            -0.10784005746245384,
            51.51114980690181
          ],
          [
            -0.10755783878266811,
            51.51113899424672
          ],
          [
            -0.10728391818702221,
            51.511123571544886
          ],
          [
            -0.10701569728553295,
            51.51111602783203
          ],
          [
            -0.10673046112060547,
            51.51111602783203
          ],
          [
            -0.10643860325217247,
            51.511115944013
          ],
          [
            -0.10621480643749237,
            51.511108400300145
          ],
          [
            -0.10597843676805496,
            51.511108400300145
          ],
          [
            -0.10572245344519615,
            51.51110462844372
          ],
          [
            -0.10545029304921627,
            51.51109314523637
          ],
          [
            -0.10515793226659298,
            51.511089373379946
          ],
          [
            -0.10486364364624023,
            51.51110077276826
          ],
          [
            -0.10456491261720657,
            51.51111988350749
          ],
          [
            -0.10427674278616905,
            51.511146537959576
          ],
          [
            -0.10400776751339436,
            51.51116187684238
          ],
          [
            -0.10374767705798149,
            51.51113513857126
          ],
          [
            -0.10348876006901264,
            51.51113513857126
          ],
          [
            -0.10322808288037777,
            51.51113513857126
          ],
          [
            -0.10297100991010666,
            51.51114276610315
          ],
          [
            -0.10273757390677929,
            51.51116548106074
          ],
          [
            -0.10248745791614056,
            51.51119607500732
          ],
          [
            -0.10220582596957684,
            51.51117713190615
          ],
          [
            -0.10193911381065845,
            51.51116564869881
          ],
          [
            -0.10165681131184101,
            51.51118819601834
          ],
          [
            -0.10139085352420807,
            51.51122650131583
          ],
          [
            -0.09597170166671276,
            51.51127243414521
          ],
          [
            -0.0957377627491951,
            51.511331694200635
          ],
          [
            -0.09553181938827038,
            51.511402018368244
          ],
          [
            -0.0953331682831049,
            51.511487513780594
          ],
          [
            -0.0950881652534008,
            51.51154710911214
          ],
          [
            -0.09484534151852131,
            51.51161190122366
          ],
          [
            -0.09460100904107094,
            51.51146387681365
          ],
          [
            -0.0944287609308958,
            51.51136798784137
          ],
          [
            -0.09420102462172508,
            51.511284252628684
          ],
          [
            -0.09396566078066826,
            51.51121920906007
          ],
          [
            -0.09373214095830917,
            51.51118098758161
          ],
          [
            -0.09352301247417927,
            51.511143017560244
          ],
          [
            -0.0933233555406332,
            51.511089289560914
          ],
          [
            -0.0930891651660204,
            51.51106665842235
          ],
          [
            -0.09284349158406258,
            51.51100245304406
          ],
          [
            -0.09257359430193901,
            51.51094101369381
          ],
          [
            -0.09235675446689129,
            51.51088384911418
          ],
          [
            -0.09212507866322994,
            51.510830372571945
          ],
          [
            -0.09189549833536148,
            51.51076993905008
          ],
          [
            -0.09165552444756031,
            51.51072761043906
          ],
          [
            -0.09140943177044392,
            51.51069265790284
          ],
          [
            -0.0911849644035101,
            51.51063549332321
          ],
          [
            -0.09097114205360413,
            51.51059702038765
          ],
          [
            -0.09072219952940941,
            51.51054035872221
          ],
          [
            -0.0904733408242464,
            51.5104837808758
          ],
          [
            -0.0902244821190834,
            51.510427203029394
          ],
          [
            -0.08998777717351913,
            51.51039903983474
          ],
          [
            -0.08976456709206104,
            51.51030524633825
          ],
          [
            -0.08952945470809937,
            51.51020868681371
          ],
          [
            -0.08934362791478634,
            51.51011288166046
          ],
          [
            -0.08899561129510403,
            51.51002093218267
          ],
          [
            -0.08877608925104141,
            51.50996041484177
          ],
          [
            -0.08854500018060207,
            51.50994138792157
          ],
          [
            -0.08832070045173168,
            51.50989545509219
          ],
          [
            -0.08804233744740486,
            51.50989914312959
          ],
          [
            -0.08779540657997131,
            51.50991456583142
          ],
          [
            -0.08753162808716297,
            51.509887743741274
          ],
          [
            -0.08728846907615662,
            51.50986075401306
          ],
          [
            -0.08707473054528236,
            51.50983032770455
          ],
          [
            -0.08682888932526112,
            51.509788669645786
          ],
          [
            -0.08661112748086452,
            51.50975413620472
          ],
          [
            -0.08639034815132618,
            51.509712897241116
          ],
          [
            -0.0861704908311367,
            51.509670317173004
          ],
          [
            -0.08591165766119957,
            51.509628323838115
          ],
          [
            -0.0856433529406786,
            51.50960217230022
          ],
          [
            -0.08534579537808895,
            51.50956705212593
          ],
          [
            -0.08506164886057377,
            51.50954844430089
          ],
          [
            -0.08480474352836609,
            51.50951441377401
          ],
          [
            -0.0845548789948225,
            51.50947971269488
          ],
          [
            -0.08431624621152878,
            51.509452974423766
          ],
          [
            -0.08409085683524609,
            51.50942623615265
          ],
          [
            -0.08385549299418926,
            51.50939161889255
          ],
          [
            -0.08362029679119587,
            51.509361611679196
          ],
          [
            -0.08338945917785168,
            51.50932707823813
          ],
          [
            -0.08316532708704472,
            51.509292628616095
          ],
          [
            -0.08293138816952705,
            51.50927351787686
          ],
          [
            -0.08269568905234337,
            51.50925868190825
          ],
          [
            -0.08244272321462631,
            51.509220292791724
          ],
          [
            -0.0821834709495306,
            51.50920487008989
          ],
          [
            -0.08191457949578762,
            51.509193470701575
          ],
          [
            -0.08167066611349583,
            51.50920478627086
          ],
          [
            -0.08141200058162212,
            51.509270165115595
          ],
          [
            -0.08116666227579117,
            51.50936127640307
          ],
          [
            -0.08094093762338161,
            51.5094512142241
          ],
          [
            -0.08076097816228867,
            51.50957132689655
          ],
          [
            -0.08055017329752445,
            51.509658163413405
          ],
          [
            -0.08032704703509808,
            51.50973075069487
          ],
          [
            -0.0800914317369461,
            51.50977676734328
          ],
          [
            -0.07986838929355145,
            51.509788585826755
          ],
          [
            -0.07957544177770615,
            51.50978489778936
          ],
          [
            -0.07935114204883575,
            51.50977710261941
          ],
          [
            -0.07912742905318737,
            51.50976184755564
          ],
          [
            -0.07886524312198162,
            51.50973552837968
          ],
          [
            -0.0786429550498724,
            51.50972387753427
          ],
          [
            -0.07842636667191982,
            51.509689847007394
          ],
          [
            -0.07823542691767216,
            51.50962212122977
          ],
          [
            -0.07796930149197578,
            51.50956026278436
          ],
          [
            -0.07772698067128658,
            51.509546097368
          ],
          [
            -0.07746739313006401,
            51.509566716849804
          ],
          [
            -0.07721601985394955,
            51.50958616286516
          ],
          [
            -0.07697814144194126,
            51.509593622758985
          ],
          [
            -0.07675241678953171,
            51.50961642153561
          ],
          [
            -0.07646424695849419,
            51.5096462611109
          ],
          [
            -0.07622150704264641,
            51.509681046009064
          ],
          [
            -0.07598723284900188,
            51.509711388498545
          ],
          [
            -0.07575815543532372,
            51.50976100936532
          ],
          [
            -0.0755440816283226,
            51.509836530312896
          ],
          [
            -0.07535255514085293,
            51.50990802794695
          ],
          [
            -0.07514585740864277,
            51.50998153723776
          ],
          [
            -0.07491854019463062,
            51.510073905810714
          ],
          [
            -0.07468719966709614,
            51.510105170309544
          ],
          [
            -0.07445988245308399,
            51.510105170309544
          ],
          [
            -0.07419157773256302,
            51.51014272123575
          ],
          [
            -0.07392469793558121,
            51.510192174464464
          ],
          [
            -0.07364868186414242,
            51.510242046788335
          ],
          [
            -0.07340493611991405,
            51.51023542508483
          ],
          [
            -0.07314467802643776,
            51.510226875543594
          ],
          [
            -0.07286430336534977,
            51.51027272455394
          ],
          [
            -0.0725780613720417,
            51.510261576622725
          ],
          [
            -0.0723613053560257,
            51.51029099710286
          ],
          [
            -0.07212141528725624,
            51.5103146340698
          ],
          [
            -0.07188043557107449,
            51.51032636873424
          ],
          [
            -0.0716556329280138,
            51.51035629212856
          ],
          [
            -0.07143795490264893,
            51.510397866368294
          ],
          [
            -0.0712346937507391,
            51.51045880280435
          ],
          [
            -0.07101592607796192,
            51.510523930191994
          ],
          [
            -0.070783831179142,
            51.51058184914291
          ],
          [
            -0.07055031135678291,
            51.510634403675795
          ],
          [
            -0.070319389924407,
            51.510683773085475
          ],
          [
            -0.07007329724729061,
            51.510722413659096
          ],
          [
            -0.06984304636716843,
            51.51076063513756
          ],
          [
            -0.06960248574614525,
            51.51079919189215
          ],
          [
            -0.06936871446669102,
            51.51081796735525
          ],
          [
            -0.0691415648907423,
            51.51085610501468
          ],
          [
            -0.06891156546771526,
            51.5108828432858
          ],
          [
            -0.0686710886657238,
            51.510913437232375
          ],
          [
            -0.06843916140496731,
            51.51094017550349
          ],
          [
            -0.06821796298027039,
            51.51094822213054
          ],
          [
            -0.06797446869313717,
            51.510940762236714
          ],
          [
            -0.06773960776627064,
            51.51094411499798
          ],
          [
            -0.06751430220901966,
            51.51095903478563
          ],
          [
            -0.0672825425863266,
            51.510974457487464
          ],
          [
            -0.06705673411488533,
            51.510993568226695
          ],
          [
            -0.06678583100438118,
            51.51100538671017
          ],
          [
            -0.06652372889220715,
            51.51102801784873
          ],
          [
            -0.06625659763813019,
            51.5110435243696
          ],
          [
            -0.06597161293029785,
            51.511065736413
          ],
          [
            -0.06575234234333038,
            51.511088870465755
          ],
          [
            -0.06552309729158878,
            51.511100605130196
          ],
          [
            -0.06529485806822777,
            51.51111200451851
          ],
          [
            -0.06507055833935738,
            51.51111988350749
          ],
          [
            -0.06484600715339184,
            51.51113094761968
          ],
          [
            -0.06461835466325283,
            51.511138742789626
          ],
          [
            -0.06439581513404846,
            51.51114276610315
          ],
          [
            -0.06412507966160774,
            51.511150393635035
          ],
          [
            -0.06387454457581043,
            51.51115005835891
          ],
          [
            -0.06359836086630821,
            51.51115014217794
          ],
          [
            -0.06331941112875938,
            51.511157769709826
          ],
          [
            -0.06310039199888706,
            51.51116179302335
          ],
          [
            -0.06287014111876488,
            51.51116179302335
          ],
          [
            -0.06263595074415207,
            51.51115064509213
          ],
          [
            -0.062404610216617584,
            51.51113539002836
          ],
          [
            -0.062174610793590546,
            51.51111636310816
          ],
          [
            -0.06194896996021271,
            51.51110487990081
          ],
          [
            -0.06173238158226013,
            51.51110077276826
          ],
          [
            -0.06146533414721489,
            51.511104544624686
          ],
          [
            -0.06122410297393799,
            51.511104544624686
          ],
          [
            -0.060949595645070076,
            51.511108400300145
          ],
          [
            -0.06071280688047409,
            51.51111602783203
          ],
          [
            -0.06045280024409294,
            51.51111602783203
          ],
          [
            -0.060185836628079414,
            51.511116279289126
          ],
          [
            -0.059938738122582436,
            51.51111141778529
          ],
          [
            -0.05970127880573273,
            51.511138658970594
          ],
          [
            -0.05943741649389267,
            51.511157266795635
          ],
          [
            -0.05915863439440727,
            51.51116925291717
          ],
          [
            -0.05887121893465519,
            51.51116908527911
          ],
          [
            -0.0585897546261549,
            51.5111920516938
          ],
          [
            -0.05831952206790447,
            51.5111814904958
          ],
          [
            -0.05804828368127346,
            51.5111883636564
          ],
          [
            -0.05781032145023346,
            51.511188950389624
          ],
          [
            -0.05757428705692291,
            51.511188531294465
          ],
          [
            -0.05734294652938843,
            51.511188531294465
          ],
          [
            -0.05710020661354065,
            51.511188531294465
          ],
          [
            -0.056882528588175774,
            51.51118090376258
          ],
          [
            -0.05664750002324581,
            51.5111920516938
          ],
          [
            -0.05636963993310928,
            51.51119230315089
          ],
          [
            -0.05614659748971462,
            51.51118886657059
          ],
          [
            -0.05591316148638725,
            51.5111849270761
          ],
          [
            -0.05567159503698349,
            51.511173862963915
          ],
          [
            -0.05543740466237068,
            51.511173443868756
          ],
          [
            -0.05519927479326725,
            51.51117327623069
          ],
          [
            -0.05496298894286156,
            51.51116967201233
          ],
          [
            -0.05468261428177357,
            51.51116204448044
          ],
          [
            -0.05439888685941696,
            51.51113597676158
          ],
          [
            -0.05413510836660862,
            51.51108233258128
          ],
          [
            -0.05388784222304821,
            51.511040506884456
          ],
          [
            -0.05364258773624897,
            51.51097194291651
          ],
          [
            -0.053409822285175323,
            51.51089549995959
          ],
          [
            -0.053194910287857056,
            51.51086859405041
          ],
          [
            -0.05296398885548115,
            51.510845543816686
          ],
          [
            -0.0526996236294508,
            51.51084487326443
          ],
          [
            -0.052422769367694855,
            51.51087127625942
          ],
          [
            -0.05220199003815651,
            51.51090153492987
          ],
          [
            -0.05198288708925247,
            51.51093581691384
          ],
          [
            -0.05175657570362091,
            51.51097035035491
          ],
          [
            -0.051535964012145996,
            51.51100781746209
          ],
          [
            -0.05131560377776623,
            51.511042434722185
          ],
          [
            -0.05103715695440769,
            51.51107361540198
          ],
          [
            -0.05077480338513851,
            51.511104041710496
          ],
          [
            -0.05049350671470165,
            51.5111418440938
          ],
          [
            -0.050220340490341187,
            51.5111727733165
          ],
          [
            -0.04995899274945259,
            51.511199763044715
          ],
          [
            -0.04973754286766052,
            51.511218789964914
          ],
          [
            -0.04951584152877331,
            51.511237900704145
          ],
          [
            -0.04928525537252426,
            51.51125667616725
          ],
          [
            -0.049053411930799484,
            51.51127570308745
          ],
          [
            -0.048831040039658546,
            51.51129104197025
          ],
          [
            -0.048574889078736305,
            51.51130294427276
          ],
          [
            -0.04846148192882538,
            51.51144661009312
          ],
          [
            -0.04847363568842411,
            51.51158365420997
          ],
          [
            -0.04851026460528374,
            51.511725056916475
          ],
          [
            -0.048524681478738785,
            51.51187249459326
          ],
          [
            -0.04856483079493046,
            51.51202102191746
          ],
          [
            -0.04858226515352726,
            51.51219637133181
          ],
          [
            -0.04861906170845032,
            51.51233525946736
          ],
          [
            -0.04865728318691254,
            51.512501472607255
          ],
          [
            -0.04869583994150162,
            51.51263843290508
          ],
          [
            -0.04871981218457222,
            51.512796599417925
          ],
          [
            -0.04876364953815937,
            51.512946551665664
          ],
          [
            -0.048760464414954185,
            51.513099521398544
          ],
          [
            -0.048729199916124344,
            51.513257436454296
          ],
          [
            -0.04869366064667702,
            51.51339925825596
          ],
          [
            -0.04880497232079506,
            51.51352138258517
          ],
          [
            -0.048559047281742096,
            51.51355382055044
          ],
          [
            -0.04843357019126415,
            51.513669323176146
          ],
          [
            -0.04840683192014694,
            51.51382874697447
          ],
          [
            -0.04840473644435406,
            51.5139670483768
          ],
          [
            -0.048427870497107506,
            51.514103254303336
          ],
          [
            -0.04844756796956062,
            51.51427005417645
          ],
          [
            -0.048476317897439,
            51.51442503556609
          ],
          [
            -0.048506325110793114,
            51.51458119042218
          ],
          [
            -0.04868360236287117,
            51.51465989649296
          ],
          [
            -0.0489315390586853,
            51.51463760063052
          ],
          [
            -0.049163466319441795,
            51.51464078575373
          ]
        ]
      },
      "properties": {
        "name": "2023-09-26 (Tue) 20:39",
        "source_file": "2023-09-26-193959-ELEMNT_ROAM_A974-50-0.fit",
        "date": "2023-09-26T19:39:59",
        "sport": "cycling",
        "dropbox_id": "id:JY-PzzIM9pcAAAAAAAAA-g"
      }
    },
    {
      "type": "Feature",
      "geometry": {
        "type": "LineString",
        "coordinates": [
          [
            -0.049091633409261703,
            51.514686550945044
          ],
          [
            -0.04885903559625149,
            51.514686550945044
          ],
          [
            -0.04860866814851761,
            51.51469853706658
          ],
          [
            -0.048421332612633705,
            51.51458605192602
          ],
          [
            -0.04838663153350353,
            51.5144385304302
          ],
          [
            -0.04838126711547375,
            51.514277681708336
          ],
          [
            -0.048339273780584335,
            51.514105601236224
          ],
          [
            -0.04830021411180496,
            51.51394257321954
          ],
          [
            -0.04832644946873188,
            51.51379412971437
          ],
          [
            -0.04839618690311909,
            51.51363973505795
          ],
          [
            -0.04861369729042053,
            51.5136303473264
          ],
          [
            -0.048820311203598976,
            51.5136718377471
          ],
          [
            -0.04879508167505264,
            51.51353328488767
          ],
          [
            -0.048639681190252304,
            51.513438653200865
          ],
          [
            -0.048633310943841934,
            51.513301860541105
          ],
          [
            -0.04869676195085049,
            51.5131554286927
          ],
          [
            -0.048701707273721695,
            51.51300254277885
          ],
          [
            -0.04867463372647762,
            51.512834653258324
          ],
          [
            -0.0486478116363287,
            51.51269635185599
          ],
          [
            -0.048625851050019264,
            51.512559140101075
          ],
          [
            -0.048589473590254784,
            51.51242067106068
          ],
          [
            -0.0485677644610405,
            51.51227658614516
          ],
          [
            -0.04852753132581711,
            51.51213577017188
          ],
          [
            -0.04848017357289791,
            51.51195589452982
          ],
          [
            -0.0484741386026144,
            51.51178842410445
          ],
          [
            -0.048434408381581306,
            51.511651799082756
          ],
          [
            -0.048386212438344955,
            51.51148390956223
          ],
          [
            -0.04839358851313591,
            51.51134368032217
          ],
          [
            -0.04864395596086979,
            51.51129154488444
          ],
          [
            -0.048934221267700195,
            51.51129095815122
          ],
          [
            -0.0491662323474884,
            51.511268159374595
          ],
          [
            -0.0493922084569931,
            51.51124896481633
          ],
          [
            -0.049619944766163826,
            51.51123018935323
          ],
          [
            -0.04985078237950802,
            51.51121065951884
          ],
          [
            -0.05013241432607174,
            51.51118786074221
          ],
          [
            -0.050413208082318306,
            51.511153411120176
          ],
          [
            -0.05063398741185665,
            51.511126924306154
          ],
          [
            -0.05085309036076069,
            51.51110731065273
          ],
          [
            -0.05113069899380207,
            51.511073280125856
          ],
          [
            -0.05135810002684593,
            51.51104846969247
          ],
          [
            -0.051594385877251625,
            51.511019468307495
          ],
          [
            -0.051830168813467026,
            51.51097370311618
          ],
          [
            -0.05205966532230377,
            51.510931961238384
          ],
          [
            -0.05229259841144085,
            51.51089600287378
          ],
          [
            -0.05253617651760578,
            51.510867504402995
          ],
          [
            -0.05277070216834545,
            51.51085635647178
          ],
          [
            -0.052997684106230736,
            51.51085711084306
          ],
          [
            -0.053218547254800797,
            51.5108722820878
          ],
          [
            -0.0534870196133852,
            51.51091712526977
          ],
          [
            -0.053709642961621284,
            51.51100605726242
          ],
          [
            -0.053981803357601166,
            51.51104821823537
          ],
          [
            -0.05423208698630333,
            51.51109012775123
          ],
          [
            -0.05445697344839573,
            51.511123990640044
          ],
          [
            -0.054698456078767776,
            51.5111468732357
          ],
          [
            -0.054949745535850525,
            51.51116179302335
          ],
          [
            -0.05519550293684006,
            51.511165983974934
          ],
          [
            -0.055447379127144814,
            51.51117327623069
          ],
          [
            -0.05569565109908581,
            51.51117327623069
          ],
          [
            -0.05593755282461643,
            51.51117327623069
          ],
          [
            -0.056165289133787155,
            51.511181239038706
          ],
          [
            -0.056390175595879555,
            51.51118090376258
          ],
          [
            -0.05664045922458172,
            51.51117327623069
          ],
          [
            -0.05686861462891102,
            51.51117662899196
          ],
          [
            -0.057145217433571815,
            51.511169420555234
          ],
          [
            -0.05743330344557762,
            51.51116531342268
          ],
          [
            -0.05766690708696842,
            51.511162212118506
          ],
          [
            -0.0578987505286932,
            51.51116522960365
          ],
          [
            -0.058130258694291115,
            51.511150393635035
          ],
          [
            -0.058359336107969284,
            51.51114620268345
          ],
          [
            -0.05859369412064552,
            51.51113849133253
          ],
          [
            -0.05882604047656059,
            51.5111312828958
          ],
          [
            -0.059059979394078255,
            51.511127511039376
          ],
          [
            -0.05928444676101208,
            51.51111988350749
          ],
          [
            -0.059511931613087654,
            51.51111217215657
          ],
          [
            -0.059735728427767754,
            51.51111217215657
          ],
          [
            -0.05995793268084526,
            51.51111217215657
          ],
          [
            -0.06024417467415333,
            51.511108400300145
          ],
          [
            -0.0605081208050251,
            51.51110873557627
          ],
          [
            -0.060756392776966095,
            51.511108400300145
          ],
          [
            -0.06101631559431553,
            51.511088786646724
          ],
          [
            -0.06127414293587208,
            51.5110554266721
          ],
          [
            -0.06156180985271931,
            51.51107738725841
          ],
          [
            -0.06185123696923256,
            51.51106305420399
          ],
          [
            -0.06209615617990494,
            51.51107428595424
          ],
          [
            -0.06231844425201416,
            51.51107822544873
          ],
          [
            -0.06255632266402245,
            51.511105885729194
          ],
          [
            -0.06281054578721523,
            51.51113195344806
          ],
          [
            -0.06305823102593422,
            51.511146537959576
          ],
          [
            -0.06329728290438652,
            51.51115802116692
          ],
          [
            -0.06358394399285316,
            51.51115802116692
          ],
          [
            -0.06380287930369377,
            51.51115835644305
          ],
          [
            -0.06402810104191303,
            51.511161625385284
          ],
          [
            -0.06425206549465656,
            51.511150393635035
          ],
          [
            -0.0645038578659296,
            51.511146537959576
          ],
          [
            -0.06475741043686867,
            51.5111384075135
          ],
          [
            -0.0650151539593935,
            51.51113094761968
          ],
          [
            -0.065280357375741,
            51.51112709194422
          ],
          [
            -0.06555679254233837,
            51.511115692555904
          ],
          [
            -0.06583339534699917,
            51.511107897385955
          ],
          [
            -0.06610304117202759,
            51.51109255850315
          ],
          [
            -0.0663258321583271,
            51.511073699221015
          ],
          [
            -0.0665877666324377,
            51.51105115190148
          ],
          [
            -0.06686755456030369,
            51.5110276825726
          ],
          [
            -0.06709093227982521,
            51.511000441387296
          ],
          [
            -0.06731229834258556,
            51.510966243222356
          ],
          [
            -0.06758906878530979,
            51.51093556545675
          ],
          [
            -0.06786726415157318,
            51.51091427542269
          ],
          [
            -0.06811662577092648,
            51.51090966537595
          ],
          [
            -0.06836766377091408,
            51.51088636368513
          ],
          [
            -0.06863001734018326,
            51.51085551828146
          ],
          [
            -0.06884551607072353,
            51.51082961820066
          ],
          [
            -0.06907878443598747,
            51.51081779971719
          ],
          [
            -0.0693049281835556,
            51.51078695431352
          ],
          [
            -0.06953911855816841,
            51.510748229920864
          ],
          [
            -0.06976031698286533,
            51.51070984080434
          ],
          [
            -0.06997489370405674,
            51.51065234094858
          ],
          [
            -0.07019173353910446,
            51.51059567928314
          ],
          [
            -0.07041938602924347,
            51.51054630987346
          ],
          [
            -0.07066656835377216,
            51.51049207895994
          ],
          [
            -0.07089472375810146,
            51.51044690050185
          ],
          [
            -0.07112572900950909,
            51.510412618517876
          ],
          [
            -0.07134927436709404,
            51.51036693714559
          ],
          [
            -0.0715777650475502,
            51.51032527908683
          ],
          [
            -0.07180893793702126,
            51.51028244756162
          ],
          [
            -0.07201865315437317,
            51.51024171151221
          ],
          [
            -0.0722611416131258,
            51.51020365767181
          ],
          [
            -0.07250983268022537,
            51.510181445628405
          ],
          [
            -0.07276112213730812,
            51.51016501709819
          ],
          [
            -0.07300126366317272,
            51.510135009884834
          ],
          [
            -0.07322841323912144,
            51.51011656969786
          ],
          [
            -0.07349973544478416,
            51.510105170309544
          ],
          [
            -0.07377650588750839,
            51.510084718465805
          ],
          [
            -0.07400549948215485,
            51.5100712236017
          ],
          [
            -0.07423541508615017,
            51.510066194459796
          ],
          [
            -0.07446650415658951,
            51.51004054583609
          ],
          [
            -0.07475492544472218,
            51.51005077175796
          ],
          [
            -0.07498056627810001,
            51.509999725967646
          ],
          [
            -0.07519480772316456,
            51.50992034934461
          ],
          [
            -0.07542765699326992,
            51.50984348729253
          ],
          [
            -0.07566947489976883,
            51.509761177003384
          ],
          [
            -0.0759127177298069,
            51.50970376096666
          ],
          [
            -0.07613022811710835,
            51.509666461497545
          ],
          [
            -0.07638939656317234,
            51.50962413288653
          ],
          [
            -0.07664848119020462,
            51.509581385180354
          ],
          [
            -0.07691728882491589,
            51.50954358279705
          ],
          [
            -0.07714041508734226,
            51.50952463969588
          ],
          [
            -0.07737653329968452,
            51.509509552270174
          ],
          [
            -0.07760644890367985,
            51.50949480012059
          ],
          [
            -0.07784206420183182,
            51.50949513539672
          ],
          [
            -0.07806384935975075,
            51.50952271185815
          ],
          [
            -0.07833232171833515,
            51.50958406738937
          ],
          [
            -0.07853549905121326,
            51.50964039377868
          ],
          [
            -0.0787578709423542,
            51.50966679677367
          ],
          [
            -0.07899868302047253,
            51.50967450812459
          ],
          [
            -0.07924980483949184,
            51.509682051837444
          ],
          [
            -0.07949765771627426,
            51.5096895955503
          ],
          [
            -0.07973863743245602,
            51.50969353504479
          ],
          [
            -0.07997894659638405,
            51.50968029163778
          ],
          [
            -0.08021866902709007,
            51.50959915481508
          ],
          [
            -0.08044380694627762,
            51.509495470672846
          ],
          [
            -0.08069786243140697,
            51.509387930855155
          ],
          [
            -0.08096801117062569,
            51.50929673574865
          ],
          [
            -0.08118216879665852,
            51.50923613458872
          ],
          [
            -0.08141979575157166,
            51.509183747693896
          ],
          [
            -0.0816704984754324,
            51.50915055535734
          ],
          [
            -0.08194207213819027,
            51.509136222302914
          ],
          [
            -0.08220937103033066,
            51.50914150290191
          ],
          [
            -0.08245512843132019,
            51.50916061364114
          ],
          [
            -0.08268848061561584,
            51.50919120758772
          ],
          [
            -0.08290775120258331,
            51.50921802967787
          ],
          [
            -0.08322207257151604,
            51.509266812354326
          ],
          [
            -0.08343874476850033,
            51.50928986258805
          ],
          [
            -0.08366220630705357,
            51.50931308045983
          ],
          [
            -0.08388147689402103,
            51.509331688284874
          ],
          [
            -0.08409655652940273,
            51.509351301938295
          ],
          [
            -0.08440140634775162,
            51.509392876178026
          ],
          [
            -0.0846969522535801,
            51.50942338630557
          ],
          [
            -0.08498629555106163,
            51.50945800356567
          ],
          [
            -0.0852638203650713,
            51.50950410403311
          ],
          [
            -0.0855393335223198,
            51.50953704491258
          ],
          [
            -0.08578089997172356,
            51.50956504046917
          ],
          [
            -0.0860474444925785,
            51.50961390696466
          ],
          [
            -0.08629169315099716,
            51.509656151756644
          ],
          [
            -0.08655857294797897,
            51.50969009846449
          ],
          [
            -0.08684003725647926,
            51.50973158888519
          ],
          [
            -0.08716072887182236,
            51.50975212454796
          ],
          [
            -0.08742065168917179,
            51.5097913518548
          ],
          [
            -0.08762785233557224,
            51.509834602475166
          ],
          [
            -0.08786891587078571,
            51.5098693035543
          ],
          [
            -0.08809137158095837,
            51.509924959391356
          ],
          [
            -0.08826638571918011,
            51.510019758716226
          ],
          [
            -0.0884651206433773,
            51.51007717475295
          ],
          [
            -0.08871037513017654,
            51.510180439800024
          ],
          [
            -0.08896015584468842,
            51.510258223861456
          ],
          [
            -0.08913424797356129,
            51.51036333292723
          ],
          [
            -0.0893744733184576,
            51.510455030947924
          ],
          [
            -0.08967563509941101,
            51.51047095656395
          ],
          [
            -0.08990295231342316,
            51.51047992520034
          ],
          [
            -0.0901907030493021,
            51.510522002354264
          ],
          [
            -0.09040678851306438,
            51.5105511713773
          ],
          [
            -0.09062287397682667,
            51.51058042421937
          ],
          [
            -0.09083895944058895,
            51.51060967706144
          ],
          [
            -0.09105496108531952,
            51.510638846084476
          ],
          [
            -0.0912710465490818,
            51.510668098926544
          ],
          [
            -0.09148713201284409,
            51.51069726794958
          ],
          [
            -0.09170321747660637,
            51.51072652079165
          ],
          [
            -0.09191930294036865,
            51.51075568981469
          ],
          [
            -0.09215491823852062,
            51.510803969576955
          ],
          [
            -0.09243152104318142,
            51.51083456352353
          ],
          [
            -0.09265406057238579,
            51.5108759701252
          ],
          [
            -0.09293627925217152,
            51.510910503566265
          ],
          [
            -0.09317013435065746,
            51.51093799620867
          ],
          [
            -0.09340113960206509,
            51.51097219437361
          ],
          [
            -0.09365293197333813,
            51.511005805805326
          ],
          [
            -0.0939070712774992,
            51.511029694229364
          ],
          [
            -0.09416263550519943,
            51.51106028817594
          ],
          [
            -0.0944167748093605,
            51.51109431870282
          ],
          [
            -0.09466848336160183,
            51.51113597676158
          ],
          [
            -0.09490091353654861,
            51.511169923469424
          ],
          [
            -0.09515262208878994,
            51.51118811219931
          ],
          [
            -0.0954175740480423,
            51.51119121350348
          ],
          [
            -0.09569141082465649,
            51.511188531294465
          ],
          [
            -0.09590825065970421,
            51.511181658133864
          ],
          [
            -0.09619893506169319,
            51.51121619157493
          ],
          [
            -0.09646992199122906,
            51.51123077608645
          ],
          [
            -0.09672909043729305,
            51.51123429648578
          ],
          [
            -0.10183668695390224,
            51.51117327623069
          ],
          [
            -0.10212544351816177,
            51.51116782799363
          ],
          [
            -0.10237765498459339,
            51.51112231425941
          ],
          [
            -0.10265601798892021,
            51.51108828373253
          ],
          [
            -0.10287403129041195,
            51.5110659878701
          ],
          [
            -0.10312490165233612,
            51.51105777360499
          ],
          [
            -0.10339773260056973,
            51.51108124293387
          ],
          [
            -0.10363745503127575,
            51.511062467470765
          ],
          [
            -0.10390056297183037,
            51.51103246025741
          ],
          [
            -0.10421781800687313,
            51.51105794124305
          ],
          [
            -0.10444077663123608,
            51.51107504032552
          ],
          [
            -0.10475585237145424,
            51.51104276999831
          ],
          [
            -0.10503748431801796,
            51.511032124981284
          ],
          [
            -0.10527318343520164,
            51.51103673502803
          ],
          [
            -0.10550913400948048,
            51.511055678129196
          ],
          [
            -0.10580811649560928,
            51.511066406965256
          ],
          [
            -0.10608354583382607,
            51.511066406965256
          ],
          [
            -0.10636827908456326,
            51.5110728610307
          ],
          [
            -0.1066489890217781,
            51.51108166202903
          ],
          [
            -0.10692349635064602,
            51.511085852980614
          ],
          [
            -0.10719641111791134,
            51.511097671464086
          ],
          [
            -0.10745566338300705,
            51.51111703366041
          ],
          [
            -0.10768909938633442,
            51.511139161884785
          ],
          [
            -0.10796084068715572,
            51.51114821434021
          ],
          [
            -0.10800761170685291,
            51.51100832037628
          ],
          [
            -0.10827180929481983,
            51.5109655726701
          ],
          [
            -0.10850038379430771,
            51.51097127236426
          ],
          [
            -0.10876910760998726,
            51.51097529567778
          ],
          [
            -0.10901888832449913,
            51.51098208501935
          ],
          [
            -0.1092811580747366,
            51.51097487658262
          ],
          [
            -0.10953739285469055,
            51.510971523821354
          ],
          [
            -0.10979153215885162,
            51.510971104726195
          ],
          [
            -0.1100549753755331,
            51.510971104726195
          ],
          [
            -0.11031925678253174,
            51.510971607640386
          ],
          [
            -0.11057582683861256,
            51.51097487658262
          ],
          [
            -0.11083239689469337,
            51.51097487658262
          ],
          [
            -0.11109357699751854,
            51.51097487658262
          ],
          [
            -0.11135123670101166,
            51.51097487658262
          ],
          [
            -0.11161761358380318,
            51.510966662317514
          ],
          [
            -0.11186865158379078,
            51.510955514386296
          ],
          [
            -0.11211516335606575,
            51.51094386354089
          ],
          [
            -0.11236620135605335,
            51.51092877611518
          ],
          [
            -0.11263241060078144,
            51.510909497737885
          ],
          [
            -0.11287632398307323,
            51.51088250800967
          ],
          [
            -0.1131342351436615,
            51.51086339727044
          ],
          [
            -0.11339063756167889,
            51.5108328871429
          ],
          [
            -0.11364326812326908,
            51.51080187410116
          ],
          [
            -0.11388005688786507,
            51.51076801121235
          ],
          [
            -0.1141089666634798,
            51.51074177585542
          ],
          [
            -0.11439571157097816,
            51.51071445085108
          ],
          [
            -0.11463635601103306,
            51.510672038421035
          ],
          [
            -0.11487029492855072,
            51.51063029654324
          ],
          [
            -0.11509208008646965,
            51.5106082521379
          ],
          [
            -0.115302549675107,
            51.51064823381603
          ],
          [
            -0.11539215222001076,
            51.510799527168274
          ],
          [
            -0.11530883610248566,
            51.51094688102603
          ],
          [
            -0.11508738622069359,
            51.5110295265913
          ],
          [
            -0.11504564434289932,
            51.51119121350348
          ],
          [
            -0.1151468139141798,
            51.511338064447045
          ],
          [
            -0.1152301300317049,
            51.51150427758694
          ],
          [
            -0.1152742188423872,
            51.51166403666139
          ],
          [
            -0.11533549055457115,
            51.51181415654719
          ],
          [
            -0.11541897431015968,
            51.51197609491646
          ],
          [
            -0.11550446972250938,
            51.512125208973885
          ],
          [
            -0.11557437479496002,
            51.512262588366866
          ],
          [
            -0.11567085050046444,
            51.51240357197821
          ],
          [
            -0.11586531065404415,
            51.512470208108425
          ],
          [
            -0.11602196842432022,
            51.512565929442644
          ],
          [
            -0.1160953938961029,
            51.51269970461726
          ],
          [
            -0.11610017158091068,
            51.51279995217919
          ]
        ]
      },
      "properties": {
        "name": "2023-09-27 (Wed) 10:22",
        "source_file": "2023-09-27-092254-ELEMNT_ROAM_A974-51-0.fit",
        "date": "2023-09-27T09:22:54",
        "sport": "cycling",
        "dropbox_id": "id:JY-PzzIM9pcAAAAAAAAA-w"
      }
    },
    {
      "type": "Feature",
      "geometry": {
        "type": "LineString",
        "coordinates": [
          [
            -0.11587168090045452,
            51.512489318847656
          ],
          [
            -0.11566598899662495,
            51.512356381863356
          ],
          [
            -0.11552802287042141,
            51.51220710016787
          ],
          [
            -0.11541813611984253,
            51.51205597445369
          ],
          [
            -0.11530900374054909,
            51.51189588010311
          ],
          [
            -0.11518050916492939,
            51.511718183755875
          ],
          [
            -0.11503717862069607,
            51.511561777442694
          ],
          [
            -0.11496358551084995,
            51.51141853071749
          ],
          [
            -0.11484137736260891,
            51.511305291205645
          ],
          [
            -0.11457307264208794,
            51.511321384459734
          ],
          [
            -0.11432471685111523,
            51.51137645356357
          ],
          [
            -0.11410502716898918,
            51.51141123846173
          ],
          [
            -0.11385273188352585,
            51.51145256124437
          ],
          [
            -0.11361803859472275,
            51.511488100513816
          ],
          [
            -0.11334311217069626,
            51.51153763756156
          ],
          [
            -0.1131124421954155,
            51.511587258428335
          ],
          [
            -0.11285092681646347,
            51.5116149187088
          ],
          [
            -0.11260592378675938,
            51.51163008995354
          ],
          [
            -0.11236092075705528,
            51.5116149187088
          ],
          [
            -0.11225304566323757,
            51.51144493371248
          ],
          [
            -0.11219353415071964,
            51.51129732839763
          ],
          [
            -0.11211348697543144,
            51.51113119907677
          ],
          [
            -0.11187166906893253,
            51.51108082383871
          ],
          [
            -0.11162758804857731,
            51.511094653978944
          ],
          [
            -0.11135676875710487,
            51.5110969170928
          ],
          [
            -0.11108703911304474,
            51.5110969170928
          ],
          [
            -0.1108673494309187,
            51.51109239086509
          ],
          [
            -0.11064003221690655,
            51.511086942628026
          ],
          [
            -0.1104214321821928,
            51.5110969170928
          ],
          [
            -0.11019118130207062,
            51.51109314523637
          ],
          [
            -0.10996277444064617,
            51.511091720312834
          ],
          [
            -0.10972615331411362,
            51.51108417659998
          ],
          [
            -0.10948785580694675,
            51.51107151992619
          ],
          [
            -0.10922533459961414,
            51.511049810796976
          ],
          [
            -0.108998604118824,
            51.51104218326509
          ],
          [
            -0.1087796688079834,
            51.511030700057745
          ],
          [
            -0.10852745734155178,
            51.511029694229364
          ],
          [
            -0.10829653590917587,
            51.51103346608579
          ],
          [
            -0.10815571993589401,
            51.51114477775991
          ],
          [
            -0.10788967832922935,
            51.51118207722902
          ],
          [
            -0.10766537860035896,
            51.51116665452719
          ],
          [
            -0.1073884405195713,
            51.51114905253053
          ],
          [
            -0.10716523043811321,
            51.51112851686776
          ],
          [
            -0.10688561014831066,
            51.51112616993487
          ],
          [
            -0.1066097617149353,
            51.51111988350749
          ],
          [
            -0.10633139871060848,
            51.51111485436559
          ],
          [
            -0.10609754361212254,
            51.51111602783203
          ],
          [
            -0.10584717616438866,
            51.51111485436559
          ],
          [
            -0.10558348149061203,
            51.51111988350749
          ],
          [
            -0.10531626641750336,
            51.51112365536392
          ],
          [
            -0.10504008270800114,
            51.511127511039376
          ],
          [
            -0.10476339608430862,
            51.51113798841834
          ],
          [
            -0.10456382296979427,
            51.51119506917894
          ],
          [
            -0.10434974916279316,
            51.51124116964638
          ],
          [
            -0.10405520908534527,
            51.51125474832952
          ],
          [
            -0.10376594960689545,
            51.51127167977393
          ],
          [
            -0.10350778698921204,
            51.511294562369585
          ],
          [
            -0.10329178534448147,
            51.5113144274801
          ],
          [
            -0.10303177870810032,
            51.511328760534525
          ],
          [
            -0.10273950174450874,
            51.51134116575122
          ],
          [
            -0.10249961167573929,
            51.51126405224204
          ],
          [
            -0.10223801247775555,
            51.511228177696466
          ],
          [
            -0.10201823897659779,
            51.511231949552894
          ],
          [
            -0.10177876800298691,
            51.511247120797634
          ],
          [
            -0.10152781382203102,
            51.51125994510949
          ],
          [
            -0.09577170945703983,
            51.51123429648578
          ],
          [
            -0.09553282521665096,
            51.511245695874095
          ],
          [
            -0.09523727931082249,
            51.51128022931516
          ],
          [
            -0.09503116831183434,
            51.511328760534525
          ],
          [
            -0.09478616528213024,
            51.51132306084037
          ],
          [
            -0.0945812277495861,
            51.511258939281106
          ],
          [
            -0.09431309066712856,
            51.511186016723514
          ],
          [
            -0.0940503180027008,
            51.51110664010048
          ],
          [
            -0.0938101764768362,
            51.511069759726524
          ],
          [
            -0.09357020258903503,
            51.51103128679097
          ],
          [
            -0.0933440588414669,
            51.5110001899302
          ],
          [
            -0.093124620616436,
            51.51097026653588
          ],
          [
            -0.09289202280342579,
            51.51092307642102
          ],
          [
            -0.09264257736504078,
            51.51086809113622
          ],
          [
            -0.0923834927380085,
            51.51081645861268
          ],
          [
            -0.09211946278810501,
            51.510765412822366
          ],
          [
            -0.09185451082885265,
            51.51071730069816
          ],
          [
            -0.09158989414572716,
            51.51068058796227
          ],
          [
            -0.09133114479482174,
            51.51064454577863
          ],
          [
            -0.09107985533773899,
            51.51059417054057
          ],
          [
            -0.0908130593597889,
            51.51056298986077
          ],
          [
            -0.09056596085429192,
            51.51051990687847
          ],
          [
            -0.09031877852976322,
            51.51047682389617
          ],
          [
            -0.09007168002426624,
            51.51043374091387
          ],
          [
            -0.08981544524431229,
            51.51038110256195
          ],
          [
            -0.08956206031143665,
            51.51025738567114
          ],
          [
            -0.0893282052129507,
            51.5101473312825
          ],
          [
            -0.08908496238291264,
            51.51009075343609
          ],
          [
            -0.08887365460395813,
            51.510034427046776
          ],
          [
            -0.08865262381732464,
            51.50997642427683
          ],
          [
            -0.08843083865940571,
            51.50995002128184
          ],
          [
            -0.08820729330182076,
            51.50991381146014
          ],
          [
            -0.08795223198831081,
            51.509905345737934
          ],
          [
            -0.087707145139575,
            51.50988254696131
          ],
          [
            -0.08744881488382816,
            51.50984692387283
          ],
          [
            -0.08718746714293957,
            51.50982387363911
          ],
          [
            -0.08695629425346851,
            51.509806187823415
          ],
          [
            -0.08665261790156364,
            51.50978825055063
          ],
          [
            -0.08639143779873848,
            51.5097377076745
          ],
          [
            -0.08614492602646351,
            51.509674256667495
          ],
          [
            -0.0859150942414999,
            51.50962614454329
          ],
          [
            -0.08568484336137772,
            51.509579541161656
          ],
          [
            -0.08545945398509502,
            51.50957811623812
          ],
          [
            -0.08519290946424007,
            51.50954366661608
          ],
          [
            -0.08491622284054756,
            51.509508630260825
          ],
          [
            -0.08464892394840717,
            51.50948105379939
          ],
          [
            -0.08438866585493088,
            51.50943310931325
          ],
          [
            -0.08413368836045265,
            51.50939907878637
          ],
          [
            -0.08386647328734398,
            51.50936211459339
          ],
          [
            -0.08362348191440105,
            51.50933378376067
          ],
          [
            -0.08338962681591511,
            51.509308721870184
          ],
          [
            -0.08315409533679485,
            51.50928081013262
          ],
          [
            -0.08291487582027912,
            51.50925541296601
          ],
          [
            -0.08267674595117569,
            51.50921945460141
          ],
          [
            -0.08244473487138748,
            51.5091887768358
          ],
          [
            -0.08221356198191643,
            51.5091560035944
          ],
          [
            -0.08198012597858906,
            51.5091385692358
          ],
          [
            -0.08176303468644619,
            51.50914686731994
          ],
          [
            -0.08149665780365467,
            51.50917352177203
          ],
          [
            -0.08125190623104572,
            51.50922205299139
          ],
          [
            -0.0810263492166996,
            51.50929179042578
          ],
          [
            -0.08084814995527267,
            51.509371250867844
          ],
          [
            -0.08066810667514801,
            51.509455321356654
          ],
          [
            -0.08046249859035015,
            51.509547187015414
          ],
          [
            -0.08024951443076134,
            51.50963402353227
          ],
          [
            -0.0800107978284359,
            51.50969596579671
          ],
          [
            -0.07974249310791492,
            51.50972127914429
          ],
          [
            -0.0794515572488308,
            51.50974030606449
          ],
          [
            -0.07917260751128197,
            51.509720692411065
          ],
          [
            -0.07891989313066006,
            51.509699234738946
          ],
          [
            -0.0786957610398531,
            51.50968414731324
          ],
          [
            -0.07846475578844547,
            51.509665958583355
          ],
          [
            -0.07826216518878937,
            51.50959387421608
          ],
          [
            -0.07799847051501274,
            51.5095273219049
          ],
          [
            -0.07775363512337208,
            51.509506199508905
          ],
          [
            -0.07749446667730808,
            51.509526735171676
          ],
          [
            -0.07723772898316383,
            51.50953821837902
          ],
          [
            -0.07698300294578075,
            51.50955104269087
          ],
          [
            -0.07673380896449089,
            51.509579038247466
          ],
          [
            -0.07649064995348454,
            51.50961457751691
          ],
          [
            -0.07623307406902313,
            51.509655648842454
          ],
          [
            -0.0759737379848957,
            51.50969160720706
          ],
          [
            -0.0757292378693819,
            51.509751537814736
          ],
          [
            -0.0755141582340002,
            51.50982898660004
          ],
          [
            -0.07530075497925282,
            51.509908866137266
          ],
          [
            -0.07509171031415462,
            51.50999260134995
          ],
          [
            -0.07485651411116123,
            51.510054459795356
          ],
          [
            -0.07462391629815102,
            51.510057896375656
          ],
          [
            -0.07437782362103462,
            51.51005353778601
          ],
          [
            -0.07411932572722435,
            51.51011019945145
          ],
          [
            -0.073898546397686,
            51.51011682115495
          ],
          [
            -0.07362395524978638,
            51.51011908426881
          ],
          [
            -0.07339621894061565,
            51.51011656969786
          ],
          [
            -0.07313847541809082,
            51.51013090275228
          ],
          [
            -0.07291325367987156,
            51.5101869776845
          ],
          [
            -0.07268560118973255,
            51.510218577459455
          ],
          [
            -0.0724457111209631,
            51.51024129241705
          ],
          [
            -0.07218293845653534,
            51.51026434265077
          ],
          [
            -0.07191857323050499,
            51.51029409840703
          ],
          [
            -0.07168077863752842,
            51.510334834456444
          ],
          [
            -0.07145605981349945,
            51.51037523522973
          ],
          [
            -0.07122572511434555,
            51.51043131016195
          ],
          [
            -0.07098700851202011,
            51.51047447696328
          ],
          [
            -0.07074091583490372,
            51.510529797524214
          ],
          [
            -0.0704788975417614,
            51.510585620999336
          ],
          [
            -0.07022442296147346,
            51.51063851080835
          ],
          [
            -0.06996165029704571,
            51.510690562427044
          ],
          [
            -0.06969954818487167,
            51.51072509586811
          ],
          [
            -0.06943694315850735,
            51.51076700538397
          ],
          [
            -0.0691786129027605,
            51.51080849580467
          ],
          [
            -0.06895397789776325,
            51.51084562763572
          ],
          [
            -0.06871936842799187,
            51.51088242419064
          ],
          [
            -0.06849481724202633,
            51.510897763073444
          ],
          [
            -0.06827663630247116,
            51.510910000652075
          ],
          [
            -0.06801914423704147,
            51.510905055329204
          ],
          [
            -0.06775637157261372,
            51.51092282496393
          ],
          [
            -0.06749829277396202,
            51.51094738394022
          ],
          [
            -0.06724842824041843,
            51.51097311638296
          ],
          [
            -0.06700560450553894,
            51.51100069284439
          ],
          [
            -0.06677208468317986,
            51.511019468307495
          ],
          [
            -0.0665370561182499,
            51.51104251854122
          ],
          [
            -0.06627780385315418,
            51.5110641438514
          ],
          [
            -0.0660100020468235,
            51.511080572381616
          ],
          [
            -0.06573708727955818,
            51.51109976693988
          ],
          [
            -0.06546995602548122,
            51.51111745275557
          ],
          [
            -0.06519469432532787,
            51.511130444705486
          ],
          [
            -0.06493460386991501,
            51.511146537959576
          ],
          [
            -0.06467493250966072,
            51.511152824386954
          ],
          [
            -0.06442154757678509,
            51.511160619556904
          ],
          [
            -0.06417620927095413,
            51.51117084547877
          ],
          [
            -0.0639402586966753,
            51.51117176748812
          ],
          [
            -0.0636946689337492,
            51.51116422377527
          ],
          [
            -0.06344681605696678,
            51.511166989803314
          ],
          [
            -0.06319200620055199,
            51.51116564869881
          ],
          [
            -0.06293409503996372,
            51.51116179302335
          ],
          [
            -0.06267492659389973,
            51.511147543787956
          ],
          [
            -0.062418775632977486,
            51.51112851686776
          ],
          [
            -0.06216195411980152,
            51.51111460290849
          ],
          [
            -0.061905719339847565,
            51.51111217215657
          ],
          [
            -0.06166272796690464,
            51.511110831052065
          ],
          [
            -0.0614458043128252,
            51.511108400300145
          ],
          [
            -0.06121245212852955,
            51.511108400300145
          ],
          [
            -0.060962168499827385,
            51.51111602783203
          ],
          [
            -0.06067718379199505,
            51.51111988350749
          ],
          [
            -0.06043712608516216,
            51.51111988350749
          ],
          [
            -0.060195308178663254,
            51.51112365536392
          ],
          [
            -0.0599532388150692,
            51.51112508028746
          ],
          [
            -0.05970488302409649,
            51.51112223044038
          ],
          [
            -0.05943414755165577,
            51.51111745275557
          ],
          [
            -0.05915670655667782,
            51.511130444705486
          ],
          [
            -0.058889323845505714,
            51.51114326901734
          ],
          [
            -0.05862923339009285,
            51.51116321794689
          ],
          [
            -0.05836444906890392,
            51.51117327623069
          ],
          [
            -0.05809396505355835,
            51.51118232868612
          ],
          [
            -0.05782943218946457,
            51.51118325069547
          ],
          [
            -0.0575742032378912,
            51.51118090376258
          ],
          [
            -0.057316459715366364,
            51.51117327623069
          ],
          [
            -0.05706894211471081,
            51.51117327623069
          ],
          [
            -0.05683416500687599,
            51.51117327623069
          ],
          [
            -0.05660491995513439,
            51.51117453351617
          ],
          [
            -0.056367041543126106,
            51.51117704808712
          ],
          [
            -0.056130168959498405,
            51.51117855682969
          ],
          [
            -0.055896565318107605,
            51.51117553934455
          ],
          [
            -0.05565851926803589,
            51.51117327623069
          ],
          [
            -0.0554206408560276,
            51.51117327623069
          ],
          [
            -0.055144960060715675,
            51.51117327623069
          ],
          [
            -0.054882271215319633,
            51.51117327623069
          ],
          [
            -0.05460583604872227,
            51.511159194633365
          ],
          [
            -0.05433392710983753,
            51.51112717576325
          ],
          [
            -0.05407308228313923,
            51.51107638143003
          ],
          [
            -0.05379647947847843,
            51.511026844382286
          ],
          [
            -0.05359640344977379,
            51.510962303727865
          ],
          [
            -0.0533949863165617,
            51.510898349806666
          ],
          [
            -0.053166914731264114,
            51.510876724496484
          ],
          [
            -0.05293817259371281,
            51.510859206318855
          ],
          [
            -0.05270892754197121,
            51.51085409335792
          ],
          [
            -0.052475156262516975,
            51.51087060570717
          ],
          [
            -0.05223526619374752,
            51.51089868508279
          ],
          [
            -0.051990682259202003,
            51.510940762236714
          ],
          [
            -0.051741404458880424,
            51.510979905724525
          ],
          [
            -0.05150000564754009,
            51.51102181524038
          ],
          [
            -0.05126128904521465,
            51.511059030890465
          ],
          [
            -0.05103388801217079,
            51.5110881999135
          ],
          [
            -0.0508106779307127,
            51.511112339794636
          ],
          [
            -0.05059836432337761,
            51.511141592636704
          ],
          [
            -0.05036769434809685,
            51.51116841472685
          ],
          [
            -0.05012445151805878,
            51.51119129732251
          ],
          [
            -0.0498860701918602,
            51.51121015660465
          ],
          [
            -0.04964240826666355,
            51.51123044081032
          ],
          [
            -0.04938994534313679,
            51.511244690045714
          ],
          [
            -0.04914033226668835,
            51.51126757264137
          ],
          [
            -0.04889625124633312,
            51.511290371418
          ],
          [
            -0.048652589321136475,
            51.51131677441299
          ],
          [
            -0.04843784496188164,
            51.51138994842768
          ],
          [
            -0.04846014082431793,
            51.511530596762896
          ],
          [
            -0.04849023185670376,
            51.51169706135988
          ],
          [
            -0.04852962680160999,
            51.511840810999274
          ],
          [
            -0.04857547581195831,
            51.51198875159025
          ],
          [
            -0.04857790656387806,
            51.51214255951345
          ],
          [
            -0.048631466925144196,
            51.512329056859016
          ],
          [
            -0.04867128096520901,
            51.51251588948071
          ],
          [
            -0.048697181046009064,
            51.512697860598564
          ],
          [
            -0.048731882125139236,
            51.51286046952009
          ],
          [
            -0.04874613136053085,
            51.513026263564825
          ],
          [
            -0.04873649217188358,
            51.51317403651774
          ],
          [
            -0.04868435673415661,
            51.51333136484027
          ],
          [
            -0.04881519824266434,
            51.513443011790514
          ],
          [
            -0.04858293570578098,
            51.513500176370144
          ],
          [
            -0.04842217080295086,
            51.513624899089336
          ],
          [
            -0.04840507172048092,
            51.51379714719951
          ],
          [
            -0.04840230569243431,
            51.51394709944725
          ],
          [
            -0.048427702859044075,
            51.514097386971116
          ],
          [
            -0.04845502786338329,
            51.5142485126853
          ],
          [
            -0.04847112111747265,
            51.51440357789397
          ],
          [
            -0.048488471657037735,
            51.514542046934366
          ],
          [
            -0.04865317605435848,
            51.514636846259236
          ],
          [
            -0.048895664513111115,
            51.514644641429186
          ],
          [
            -0.04913588985800743,
            51.51465352624655
          ],
          [
            -0.04916924983263016,
            51.514657298102975
          ]
        ]
      },
      "properties": {
        "name": "2023-09-27 (Wed) 12:35",
        "source_file": "2023-09-27-113505-ELEMNT_ROAM_A974-52-0.fit",
        "date": "2023-09-27T11:35:05",
        "sport": "cycling",
        "dropbox_id": "id:JY-PzzIM9pcAAAAAAAAA_A"
      }
    },
    {
      "type": "Feature",
      "geometry": {
        "type": "LineString",
        "coordinates": [
          [
            -0.04914167337119579,
            51.514667524024844
          ],
          [
            -0.048921313136816025,
            51.51467892341316
          ],
          [
            -0.04870329983532429,
            51.51471094228327
          ],
          [
            -0.04848796874284744,
            51.51466894894838
          ],
          [
            -0.04845276474952698,
            51.51450617238879
          ],
          [
            -0.048435330390930176,
            51.51434205472469
          ],
          [
            -0.04842778667807579,
            51.514203418046236
          ],
          [
            -0.04837263375520706,
            51.514029912650585
          ],
          [
            -0.04835695959627628,
            51.513857413083315
          ],
          [
            -0.04839124158024788,
            51.513707963749766
          ],
          [
            -0.048537421971559525,
            51.51360704563558
          ],
          [
            -0.04875753074884415,
            51.51364518329501
          ],
          [
            -0.04880807362496853,
            51.51351258158684
          ],
          [
            -0.04867689684033394,
            51.51340185664594
          ],
          [
            -0.04877454601228237,
            51.513245617970824
          ],
          [
            -0.0487856101244688,
            51.513076135888696
          ],
          [
            -0.04874671809375286,
            51.51291252113879
          ],
          [
            -0.04869307391345501,
            51.51273817755282
          ],
          [
            -0.04865250550210476,
            51.51256467215717
          ],
          [
            -0.048616547137498856,
            51.512389155104756
          ],
          [
            -0.04859986715018749,
            51.5122108720243
          ],
          [
            -0.048555443063378334,
            51.51205312460661
          ],
          [
            -0.0485389307141304,
            51.51189680211246
          ],
          [
            -0.04850565455853939,
            51.51173687539995
          ],
          [
            -0.04846508614718914,
            51.51159186847508
          ],
          [
            -0.048418985679745674,
            51.511420207098126
          ],
          [
            -0.04847397096455097,
            51.51127872057259
          ],
          [
            -0.04872601479291916,
            51.51127620600164
          ],
          [
            -0.04900529980659485,
            51.511264806613326
          ],
          [
            -0.04922524094581604,
            51.511258352547884
          ],
          [
            -0.04945574328303337,
            51.51123664341867
          ],
          [
            -0.04968758672475815,
            51.511219795793295
          ],
          [
            -0.04992026835680008,
            51.511204708367586
          ],
          [
            -0.05019628442823887,
            51.51118199340999
          ],
          [
            -0.05041136406362057,
            51.5111574344337
          ],
          [
            -0.050686877220869064,
            51.511113764718175
          ],
          [
            -0.05095392465591431,
            51.51106749661267
          ],
          [
            -0.05120663903653622,
            51.51103975251317
          ],
          [
            -0.05146765150129795,
            51.51100857183337
          ],
          [
            -0.05173553712666035,
            51.51097093708813
          ],
          [
            -0.05195547826588154,
            51.510932547971606
          ],
          [
            -0.052170222625136375,
            51.51089667342603
          ],
          [
            -0.052396198734641075,
            51.51086373254657
          ],
          [
            -0.052625276148319244,
            51.51084001176059
          ],
          [
            -0.05285628139972687,
            51.510831378400326
          ],
          [
            -0.05308435298502445,
            51.51083900593221
          ],
          [
            -0.05336824804544449,
            51.51084814220667
          ],
          [
            -0.05361744202673435,
            51.51091603562236
          ],
          [
            -0.05387032404541969,
            51.51099809445441
          ],
          [
            -0.054146843031048775,
            51.51104176416993
          ],
          [
            -0.05436343140900135,
            51.51108618825674
          ],
          [
            -0.0545929279178381,
            51.511120134964585
          ],
          [
            -0.05482862703502178,
            51.5111365634948
          ],
          [
            -0.055060889571905136,
            51.51114419102669
          ],
          [
            -0.05529005080461502,
            51.51114804670215
          ],
          [
            -0.05551761947572231,
            51.51115173473954
          ],
          [
            -0.05574552342295647,
            51.51115274056792
          ],
          [
            -0.05598013289272785,
            51.511148884892464
          ],
          [
            -0.05621155723929405,
            51.511150393635035
          ],
          [
            -0.05647717975080013,
            51.511150393635035
          ],
          [
            -0.056697288528084755,
            51.51114519685507
          ],
          [
            -0.05695469677448273,
            51.511149387806654
          ],
          [
            -0.057220570743083954,
            51.51116179302335
          ],
          [
            -0.057493653148412704,
            51.511148968711495
          ],
          [
            -0.05778199061751366,
            51.511146537959576
          ],
          [
            -0.0580071285367012,
            51.511146537959576
          ],
          [
            -0.05823318846523762,
            51.51114276610315
          ],
          [
            -0.05845924839377403,
            51.51113371364772
          ],
          [
            -0.0586806982755661,
            51.511126002296805
          ],
          [
            -0.0589055847376585,
            51.51111988350749
          ],
          [
            -0.05912879481911659,
            51.51111988350749
          ],
          [
            -0.059410929679870605,
            51.5111175365746
          ],
          [
            -0.05968954414129257,
            51.5111109148711
          ],
          [
            -0.05996371619403362,
            51.511106891557574
          ],
          [
            -0.06023126654326916,
            51.511108400300145
          ],
          [
            -0.06049429066479206,
            51.51111351326108
          ],
          [
            -0.060727559030056,
            51.511108400300145
          ],
          [
            -0.06098505109548569,
            51.511090379208326
          ],
          [
            -0.061207422986626625,
            51.51107151992619
          ],
          [
            -0.06148737855255604,
            51.5110435243696
          ],
          [
            -0.06173036992549896,
            51.51103531010449
          ],
          [
            -0.061963386833667755,
            51.51103874668479
          ],
          [
            -0.062195565551519394,
            51.51105626486242
          ],
          [
            -0.06242749281227589,
            51.511057522147894
          ],
          [
            -0.06266252137720585,
            51.511063976213336
          ],
          [
            -0.06290635094046593,
            51.51109599508345
          ],
          [
            -0.06314230151474476,
            51.511104544624686
          ],
          [
            -0.06337146274745464,
            51.51109951548278
          ],
          [
            -0.06358855403959751,
            51.5110918879509
          ],
          [
            -0.06385115906596184,
            51.51109314523637
          ],
          [
            -0.06408744491636753,
            51.511104544624686
          ],
          [
            -0.06435382179915905,
            51.511095659807324
          ],
          [
            -0.06457828916609287,
            51.51108677498996
          ],
          [
            -0.06482052616775036,
            51.51107646524906
          ],
          [
            -0.06505421362817287,
            51.51106506586075
          ],
          [
            -0.06529418751597404,
            51.51105375029147
          ],
          [
            -0.06555360741913319,
            51.51103338226676
          ],
          [
            -0.06581109948456287,
            51.51101175695658
          ],
          [
            -0.06605124101042747,
            51.510992646217346
          ],
          [
            -0.06631619296967983,
            51.510981330648065
          ],
          [
            -0.06657402031123638,
            51.510957358404994
          ],
          [
            -0.06685950793325901,
            51.51093673892319
          ],
          [
            -0.06714901886880398,
            51.510918801650405
          ],
          [
            -0.06736736744642258,
            51.510896338149905
          ],
          [
            -0.06759560666978359,
            51.510874377563596
          ],
          [
            -0.06787723861634731,
            51.510848980396986
          ],
          [
            -0.0681467168033123,
            51.510840095579624
          ],
          [
            -0.06836858578026295,
            51.51081947609782
          ],
          [
            -0.06864703260362148,
            51.51080572977662
          ],
          [
            -0.06887904368340969,
            51.510794246569276
          ],
          [
            -0.06911474280059338,
            51.510777650400996
          ],
          [
            -0.06932873278856277,
            51.51074077002704
          ],
          [
            -0.06954607553780079,
            51.510707661509514
          ],
          [
            -0.06982502527534962,
            51.51066835038364
          ],
          [
            -0.07004211656749249,
            51.51062484830618
          ],
          [
            -0.07027546875178814,
            51.51057413779199
          ],
          [
            -0.07050789892673492,
            51.510545052587986
          ],
          [
            -0.07073672488331795,
            51.510506831109524
          ],
          [
            -0.07097150199115276,
            51.510454611852765
          ],
          [
            -0.07118674926459789,
            51.51042150333524
          ],
          [
            -0.07146385498344898,
            51.51036836206913
          ],
          [
            -0.071724783629179,
            51.51029845699668
          ],
          [
            -0.07192905060946941,
            51.51022193022072
          ],
          [
            -0.07216592319309711,
            51.510217571631074
          ],
          [
            -0.07242056541144848,
            51.510217068716884
          ],
          [
            -0.0726679153740406,
            51.51019033044577
          ],
          [
            -0.0729303527623415,
            51.51015839539468
          ],
          [
            -0.07319136522710323,
            51.51011908426881
          ],
          [
            -0.07344617508351803,
            51.510114306584
          ],
          [
            -0.07367122918367386,
            51.510075917467475
          ],
          [
            -0.07393534295260906,
            51.51004540733993
          ],
          [
            -0.07417171262204647,
            51.510078432038426
          ],
          [
            -0.07440783083438873,
            51.510059321299195
          ],
          [
            -0.07462936453521252,
            51.5100606624037
          ],
          [
            -0.07486741058528423,
            51.510045072063804
          ],
          [
            -0.07509942166507244,
            51.50996804237366
          ],
          [
            -0.07534928619861603,
            51.50987718254328
          ],
          [
            -0.07560979574918747,
            51.509782215580344
          ],
          [
            -0.07587064057588577,
            51.50970937684178
          ],
          [
            -0.07613182067871094,
            51.50965724140406
          ],
          [
            -0.0763815175741911,
            51.509619019925594
          ],
          [
            -0.07660833187401295,
            51.509582474827766
          ],
          [
            -0.07682123221457005,
            51.50955582037568
          ],
          [
            -0.07703865878283978,
            51.509535452350974
          ],
          [
            -0.07726815529167652,
            51.50952011346817
          ],
          [
            -0.0774962268769741,
            51.50950494222343
          ],
          [
            -0.07775455713272095,
            51.50949094444513
          ],
          [
            -0.07797231897711754,
            51.509503768756986
          ],
          [
            -0.07822444662451744,
            51.50955338962376
          ],
          [
            -0.07845872081816196,
            51.50961440987885
          ],
          [
            -0.07871763780713081,
            51.50965631939471
          ],
          [
            -0.07894537411630154,
            51.509666461497545
          ],
          [
            -0.07918409071862698,
            51.50966771878302
          ],
          [
            -0.07944082841277122,
            51.50968171656132
          ],
          [
            -0.07969035767018795,
            51.50968682952225
          ],
          [
            -0.0799623504281044,
            51.50969697162509
          ],
          [
            -0.08022344671189785,
            51.5096687246114
          ],
          [
            -0.08044447749853134,
            51.509583396837115
          ],
          [
            -0.08066374808549881,
            51.50947912596166
          ],
          [
            -0.0808891374617815,
            51.509386003017426
          ],
          [
            -0.0811461266130209,
            51.50929732248187
          ],
          [
            -0.08144334889948368,
            51.50922096334398
          ],
          [
            -0.08165457285940647,
            51.509188106283545
          ],
          [
            -0.08188004605472088,
            51.50916673243046
          ],
          [
            -0.08210618980228901,
            51.50918592698872
          ],
          [
            -0.08232420310378075,
            51.50921140797436
          ],
          [
            -0.08260323666036129,
            51.509238397702575
          ],
          [
            -0.08286852389574051,
            51.509257508441806
          ],
          [
            -0.0831091683357954,
            51.50931601412594
          ],
          [
            -0.08334805257618427,
            51.50936144404113
          ],
          [
            -0.08359129540622234,
            51.50940142571926
          ],
          [
            -0.08384032174944878,
            51.5094427485019
          ],
          [
            -0.08410351350903511,
            51.50947225280106
          ],
          [
            -0.08438028395175934,
            51.50949379429221
          ],
          [
            -0.08462880738079548,
            51.50947091169655
          ],
          [
            -0.0848810188472271,
            51.50949915871024
          ],
          [
            -0.08514278568327427,
            51.509524304419756
          ],
          [
            -0.08540966548025608,
            51.50954844430089
          ],
          [
            -0.08568685501813889,
            51.50951768271625
          ],
          [
            -0.08593278005719185,
            51.5095495339483
          ],
          [
            -0.08616202510893345,
            51.50962354615331
          ],
          [
            -0.08642345666885376,
            51.509663946926594
          ],
          [
            -0.08666837587952614,
            51.50968833826482
          ],
          [
            -0.0869469903409481,
            51.50970074348152
          ],
          [
            -0.08718905970454216,
            51.50968666188419
          ],
          [
            -0.08742517791688442,
            51.509714405983686
          ],
          [
            -0.08767512626945972,
            51.50975313037634
          ],
          [
            -0.0879042036831379,
            51.509838458150625
          ],
          [
            -0.08813152089715004,
            51.50988254696131
          ],
          [
            -0.08841516450047493,
            51.50995630770922
          ],
          [
            -0.08867550641298294,
            51.510020177811384
          ],
          [
            -0.08892813697457314,
            51.5100780967623
          ],
          [
            -0.08915277197957039,
            51.51013827882707
          ],
          [
            -0.08938578888773918,
            51.510195191949606
          ],
          [
            -0.08964160457253456,
            51.51023634709418
          ],
          [
            -0.08987520821392536,
            51.51025151833892
          ],
          [
            -0.09014217182993889,
            51.51028965599835
          ],
          [
            -0.09157497435808182,
            51.510711684823036
          ],
          [
            -0.09181310422718525,
            51.51065024547279
          ],
          [
            -0.09204327128827572,
            51.510672960430384
          ],
          [
            -0.0922958180308342,
            51.51074906811118
          ],
          [
            -0.09250989183783531,
            51.51079776696861
          ],
          [
            -0.09277995675802231,
            51.51084956713021
          ],
          [
            -0.09301473386585712,
            51.51088234037161
          ],
          [
            -0.09324280545115471,
            51.51091704145074
          ],
          [
            -0.0934785045683384,
            51.51095626875758
          ],
          [
            -0.09372551925480366,
            51.51098250411451
          ],
          [
            -0.09396691806614399,
            51.51099817827344
          ],
          [
            -0.09422013536095619,
            51.51103237643838
          ],
          [
            -0.09447352029383183,
            51.51105768978596
          ],
          [
            -0.09472749195992947,
            51.51108769699931
          ],
          [
            -0.09498364292085171,
            51.51111368089914
          ],
          [
            -0.09526443667709827,
            51.51111829094589
          ],
          [
            -0.09555562399327755,
            51.51113706640899
          ],
          [
            -0.09578285738825798,
            51.5111762098968
          ],
          [
            -0.09605091065168381,
            51.51120143942535
          ],
          [
            -0.09633631445467472,
            51.51123312301934
          ],
          [
            -0.09661107324063778,
            51.51123806834221
          ],
          [
            -0.09687133133411407,
            51.511233961209655
          ],
          [
            -0.10220331139862537,
            51.51111602783203
          ],
          [
            -0.10243129916489124,
            51.511089289560914
          ],
          [
            -0.1026766374707222,
            51.511075124144554
          ],
          [
            -0.10290001519024372,
            51.51105442084372
          ],
          [
            -0.10316815227270126,
            51.51109901256859
          ],
          [
            -0.10345414280891418,
            51.51112667284906
          ],
          [
            -0.10369009338319302,
            51.511125918477774
          ],
          [
            -0.10393752716481686,
            51.511146537959576
          ],
          [
            -0.10421412996947765,
            51.511177802458405
          ],
          [
            -0.10451361536979675,
            51.511176796630025
          ],
          [
            -0.10475660674273968,
            51.51112332008779
          ],
          [
            -0.10505114682018757,
            51.511108400300145
          ],
          [
            -0.10532909072935581,
            51.511109825223684
          ],
          [
            -0.10559085756540298,
            51.51111988350749
          ],
          [
            -0.10583443567156792,
            51.51111443527043
          ],
          [
            -0.10606644675135612,
            51.51109926402569
          ],
          [
            -0.10629099793732166,
            51.511089289560914
          ],
          [
            -0.10651613585650921,
            51.51108551770449
          ],
          [
            -0.10673272423446178,
            51.51108551770449
          ],
          [
            -0.10695752687752247,
            51.511089289560914
          ],
          [
            -0.10720018297433853,
            51.51109071448445
          ],
          [
            -0.10744971223175526,
            51.51110965758562
          ],
          [
            -0.10771416127681732,
            51.51113270781934
          ],
          [
            -0.10796804912388325,
            51.51113145053387
          ],
          [
            -0.10799562558531761,
            51.51097437366843
          ],
          [
            -0.10823124088346958,
            51.51094822213054
          ],
          [
            -0.10845663025975227,
            51.51095584966242
          ],
          [
            -0.10868101380765438,
            51.51096347719431
          ],
          [
            -0.10891889221966267,
            51.51096347719431
          ],
          [
            -0.1091565191745758,
            51.51096347719431
          ],
          [
            -0.10938853025436401,
            51.510967249050736
          ],
          [
            -0.10962565429508686,
            51.510967249050736
          ],
          [
            -0.10986453853547573,
            51.510967249050736
          ],
          [
            -0.1100979745388031,
            51.51096842251718
          ],
          [
            -0.11032956652343273,
            51.510967249050736
          ],
          [
            -0.11054607108235359,
            51.510971104726195
          ],
          [
            -0.11083231307566166,
            51.51097487658262
          ],
          [
            -0.11105602607131004,
            51.51097487658262
          ],
          [
            -0.11127697303891182,
            51.510971104726195
          ],
          [
            -0.11156396940350533,
            51.510971104726195
          ],
          [
            -0.11182447895407677,
            51.51096833869815
          ],
          [
            -0.11209605261683464,
            51.51096205227077
          ],
          [
            -0.11238187551498413,
            51.51093531399965
          ],
          [
            -0.11265303008258343,
            51.51090731844306
          ],
          [
            -0.11289727874100208,
            51.51088192127645
          ],
          [
            -0.11317254044115543,
            51.51086155325174
          ],
          [
            -0.11341888457536697,
            51.510837664827704
          ],
          [
            -0.11368542909622192,
            51.51080128736794
          ],
          [
            -0.11392934247851372,
            51.51076599955559
          ],
          [
            -0.11416261084377766,
            51.51073808781803
          ],
          [
            -0.11438573710620403,
            51.51070456020534
          ],
          [
            -0.11461867019534111,
            51.510667679831386
          ],
          [
            -0.11483400128781796,
            51.51063121855259
          ],
          [
            -0.11509861797094345,
            51.51060347445309
          ],
          [
            -0.11530699208378792,
            51.51064882054925
          ],
          [
            -0.11537304148077965,
            51.51079583913088
          ],
          [
            -0.11525921523571014,
            51.51094503700733
          ],
          [
            -0.11503256857395172,
            51.51103732176125
          ],
          [
            -0.11500448919832706,
            51.51119154877961
          ],
          [
            -0.11506391689181328,
            51.511322893202305
          ],
          [
            -0.11513776145875454,
            51.51148977689445
          ],
          [
            -0.11522158049046993,
            51.51164215989411
          ],
          [
            -0.1152976043522358,
            51.5118067804724
          ],
          [
            -0.11535736732184887,
            51.511946925893426
          ],
          [
            -0.11542852967977524,
            51.51210894808173
          ],
          [
            -0.11549759656190872,
            51.51224062778056
          ],
          [
            -0.11559264734387398,
            51.51238580234349
          ],
          [
            -0.11577285826206207,
            51.5124973654747
          ],
          [
            -0.11598349548876286,
            51.51258822530508
          ],
          [
            -0.11608399450778961,
            51.51272225193679
          ],
          [
            -0.11608080938458443,
            51.512784445658326
          ]
        ]
      },
      "properties": {
        "name": "2023-09-28 (Thu) 10:10",
        "source_file": "2023-09-28-091056-ELEMNT_ROAM_A974-53-0.fit",
        "date": "2023-09-28T09:10:56",
        "sport": "cycling",
        "dropbox_id": "id:JY-PzzIM9pcAAAAAAAAA_Q"
      }
    },
    {
      "type": "Feature",
      "geometry": {
        "type": "LineString",
        "coordinates": [
          [
            -0.11573832482099533,
            51.51220324449241
          ],
          [
            -0.11565182358026505,
            51.51203200221062
          ],
          [
            -0.1155655737966299,
            51.51189940050244
          ],
          [
            -0.11547010391950607,
            51.51173863559961
          ],
          [
            -0.11536373756825924,
            51.51154744438827
          ],
          [
            -0.11529508978128433,
            51.51141551323235
          ],
          [
            -0.11520439758896828,
            51.51126145385206
          ],
          [
            -0.11510557495057583,
            51.51112021878362
          ],
          [
            -0.11492930352687836,
            51.511028269305825
          ],
          [
            -0.11470668017864227,
            51.51107361540198
          ],
          [
            -0.11443929746747017,
            51.51115651242435
          ],
          [
            -0.11422790586948395,
            51.5112108271569
          ],
          [
            -0.11396815069019794,
            51.511274948716164
          ],
          [
            -0.11376254260540009,
            51.51132515631616
          ],
          [
            -0.1135176233947277,
            51.511374693363905
          ],
          [
            -0.11327052488923073,
            51.51141517795622
          ],
          [
            -0.11302879080176353,
            51.511456249281764
          ],
          [
            -0.11278781108558178,
            51.511476282030344
          ],
          [
            -0.11255068704485893,
            51.511524729430676
          ],
          [
            -0.11231121607124805,
            51.511506624519825
          ],
          [
            -0.11214315891265869,
            51.51138584129512
          ],
          [
            -0.11208264157176018,
            51.51124058291316
          ],
          [
            -0.11204282753169537,
            51.511105885729194
          ],
          [
            -0.11199857108294964,
            51.51097278110683
          ],
          [
            -0.11175373569130898,
            51.51095702312887
          ],
          [
            -0.11146673932671547,
            51.51098124682903
          ],
          [
            -0.1112180482596159,
            51.511000357568264
          ],
          [
            -0.11097036302089691,
            51.51100161485374
          ],
          [
            -0.11071580462157726,
            51.51099901646376
          ],
          [
            -0.11044397950172424,
            51.51099775917828
          ],
          [
            -0.11017056182026863,
            51.51100161485374
          ],
          [
            -0.10989907197654247,
            51.51099901646376
          ],
          [
            -0.10963009670376778,
            51.51100161485374
          ],
          [
            -0.10935869067907333,
            51.51099775917828
          ],
          [
            -0.10909734293818474,
            51.510993987321854
          ],
          [
            -0.10884387418627739,
            51.51099138893187
          ],
          [
            -0.10860549286007881,
            51.510990131646395
          ],
          [
            -0.10838613845407963,
            51.510993987321854
          ],
          [
            -0.10816611349582672,
            51.510993987321854
          ],
          [
            -0.10804826393723488,
            51.511121559888124
          ],
          [
            -0.1077946275472641,
            51.51117956265807
          ],
          [
            -0.10752649046480656,
            51.511150477454066
          ],
          [
            -0.10730965062975883,
            51.51113647967577
          ],
          [
            -0.1070802379399538,
            51.51111854240298
          ],
          [
            -0.10684671811759472,
            51.51111602783203
          ],
          [
            -0.10661487467586994,
            51.51111351326108
          ],
          [
            -0.10637372732162476,
            51.51111217215657
          ],
          [
            -0.1061017345637083,
            51.511108400300145
          ],
          [
            -0.1058027520775795,
            51.511108400300145
          ],
          [
            -0.10547887533903122,
            51.511104544624686
          ],
          [
            -0.10524577461183071,
            51.511108400300145
          ],
          [
            -0.1050066389143467,
            51.511108400300145
          ],
          [
            -0.1047714427113533,
            51.51111342944205
          ],
          [
            -0.1045280322432518,
            51.51113077998161
          ],
          [
            -0.10429057292640209,
            51.511151818558574
          ],
          [
            -0.10406367480754852,
            51.511163134127855
          ],
          [
            -0.10377936065196991,
            51.51112482883036
          ],
          [
            -0.10353771038353443,
            51.51113270781934
          ],
          [
            -0.10330896824598312,
            51.51115844026208
          ],
          [
            -0.10308022610843182,
            51.511212000623345
          ],
          [
            -0.10282508097589016,
            51.511226668953896
          ],
          [
            -0.10259675793349743,
            51.51121024042368
          ],
          [
            -0.10236307047307491,
            51.511190962046385
          ],
          [
            -0.10214455425739288,
            51.511184675619006
          ],
          [
            -0.101872393861413,
            51.511207642033696
          ],
          [
            -0.10159268975257874,
            51.51124066673219
          ],
          [
            -0.09627831168472767,
            51.511226668953896
          ],
          [
            -0.09602274745702744,
            51.51127243414521
          ],
          [
            -0.09574388153851032,
            51.511271176859736
          ],
          [
            -0.09551329538226128,
            51.511251982301474
          ],
          [
            -0.09520878084003925,
            51.511254496872425
          ],
          [
            -0.09498003870248795,
            51.51126639917493
          ],
          [
            -0.09474014863371849,
            51.511200685054064
          ],
          [
            -0.09444242343306541,
            51.511129857972264
          ],
          [
            -0.09415324777364731,
            51.51108895428479
          ],
          [
            -0.09387857280671597,
            51.51104821823537
          ],
          [
            -0.09361496195197105,
            51.51101276278496
          ],
          [
            -0.09335520677268505,
            51.5109848510474
          ],
          [
            -0.09310919791460037,
            51.51095953769982
          ],
          [
            -0.09284868836402893,
            51.51089692488313
          ],
          [
            -0.09258650243282318,
            51.51084906421602
          ],
          [
            -0.09231082163751125,
            51.51079550385475
          ],
          [
            -0.09203547611832619,
            51.51073180139065
          ],
          [
            -0.09175811894237995,
            51.51068109087646
          ],
          [
            -0.09148377925157547,
            51.51064697653055
          ],
          [
            -0.0912274606525898,
            51.510616382583976
          ],
          [
            -0.09096904657781124,
            51.51058679446578
          ],
          [
            -0.09070836938917637,
            51.51052434928715
          ],
          [
            -0.09045288898050785,
            51.51044891215861
          ],
          [
            -0.09019740857183933,
            51.510373475030065
          ],
          [
            -0.08994192816317081,
            51.51029803790152
          ],
          [
            -0.0896864477545023,
            51.51022260077298
          ],
          [
            -0.08945058099925518,
            51.510124364867806
          ],
          [
            -0.08924614638090134,
            51.51004247367382
          ],
          [
            -0.08900969289243221,
            51.50997935794294
          ],
          [
            -0.08879486471414566,
            51.50992722250521
          ],
          [
            -0.08856939151883125,
            51.50986963883042
          ],
          [
            -0.08836730383336544,
            51.50979797355831
          ],
          [
            -0.08812783285975456,
            51.509749945253134
          ],
          [
            -0.08786958642303944,
            51.509738713502884
          ],
          [
            -0.08761209435760975,
            51.50972245261073
          ],
          [
            -0.08738603442907333,
            51.50970577262342
          ],
          [
            -0.08710289373993874,
            51.50967844761908
          ],
          [
            -0.08683760650455952,
            51.50963461026549
          ],
          [
            -0.08660794235765934,
            51.509666880592704
          ],
          [
            -0.08634299039840698,
            51.50966880843043
          ],
          [
            -0.08609840646386147,
            51.509630838409066
          ],
          [
            -0.08586145006120205,
            51.50962715037167
          ],
          [
            -0.0855813268572092,
            51.509593706578016
          ],
          [
            -0.0853100884705782,
            51.5095495339483
          ],
          [
            -0.08504597470164299,
            51.50948842987418
          ],
          [
            -0.08479761891067028,
            51.50945909321308
          ],
          [
            -0.08454767055809498,
            51.50940511375666
          ],
          [
            -0.08429923094809055,
            51.5093751065433
          ],
          [
            -0.08406579494476318,
            51.50934568606317
          ],
          [
            -0.08385222405195236,
            51.50932179763913
          ],
          [
            -0.08362884633243084,
            51.50929329916835
          ],
          [
            -0.0834004394710064,
            51.50928114540875
          ],
          [
            -0.08316717110574245,
            51.509276032447815
          ],
          [
            -0.08293130435049534,
            51.50926069356501
          ],
          [
            -0.08267993107438087,
            51.509206714108586
          ],
          [
            -0.08244272321462631,
            51.50916136801243
          ],
          [
            -0.08220878429710865,
            51.509151477366686
          ],
          [
            -0.08198859170079231,
            51.509137311950326
          ],
          [
            -0.08169933222234249,
            51.50912096723914
          ],
          [
            -0.08147369138896465,
            51.50914711877704
          ],
          [
            -0.08121393620967865,
            51.50919766165316
          ],
          [
            -0.08100044913589954,
            51.50926496833563
          ],
          [
            -0.08079810999333858,
            51.50936312042177
          ],
          [
            -0.08062443695962429,
            51.50944643653929
          ],
          [
            -0.0804365985095501,
            51.509517850354314
          ],
          [
            -0.08023107424378395,
            51.50959865190089
          ],
          [
            -0.0799906812608242,
            51.50968079455197
          ],
          [
            -0.07970871403813362,
            51.50971985422075
          ],
          [
            -0.0794842466711998,
            51.50972245261073
          ],
          [
            -0.07923932746052742,
            51.50970962829888
          ],
          [
            -0.07899239659309387,
            51.50968523696065
          ],
          [
            -0.0787431187927723,
            51.50967140682042
          ],
          [
            -0.078514963388443,
            51.5096533857286
          ],
          [
            -0.07824665866792202,
            51.50957811623812
          ],
          [
            -0.07802135311067104,
            51.50952505879104
          ],
          [
            -0.07776226848363876,
            51.50950888171792
          ],
          [
            -0.07749103009700775,
            51.50952690280974
          ],
          [
            -0.07723177783191204,
            51.509539391845465
          ],
          [
            -0.07698685862123966,
            51.50955338962376
          ],
          [
            -0.07674428634345531,
            51.50957635603845
          ],
          [
            -0.07650917395949364,
            51.50961583480239
          ],
          [
            -0.07625017315149307,
            51.509658079594374
          ],
          [
            -0.07599988952279091,
            51.509701162576675
          ],
          [
            -0.07575279101729393,
            51.50975086726248
          ],
          [
            -0.075541902333498,
            51.509815910831094
          ],
          [
            -0.0753512978553772,
            51.509884810075164
          ],
          [
            -0.07510956376791,
            51.50997340679169
          ],
          [
            -0.07487663067877293,
            51.510040294378996
          ],
          [
            -0.07460866123437881,
            51.510054375976324
          ],
          [
            -0.07434949278831482,
            51.510060746222734
          ],
          [
            -0.07408998906612396,
            51.510133584961295
          ],
          [
            -0.07383274845778942,
            51.51020457968116
          ],
          [
            -0.07361439988017082,
            51.51022603735328
          ],
          [
            -0.0733692292124033,
            51.51023098267615
          ],
          [
            -0.07310377433896065,
            51.510225953534245
          ],
          [
            -0.07282884791493416,
            51.510238610208035
          ],
          [
            -0.07256867364048958,
            51.510248919948936
          ],
          [
            -0.07231218740344048,
            51.510273311287165
          ],
          [
            -0.07205737754702568,
            51.510297283530235
          ],
          [
            -0.07181002758443356,
            51.510309940204024
          ],
          [
            -0.07157525047659874,
            51.51035721413791
          ],
          [
            -0.07135933265089989,
            51.51041907258332
          ],
          [
            -0.07113545201718807,
            51.51047674007714
          ],
          [
            -0.07091492414474487,
            51.51053013280034
          ],
          [
            -0.070686936378479,
            51.51058000512421
          ],
          [
            -0.07046087644994259,
            51.51063306257129
          ],
          [
            -0.0702262669801712,
            51.51067363098264
          ],
          [
            -0.0699888076633215,
            51.51070925407112
          ],
          [
            -0.06976660341024399,
            51.510734651237726
          ],
          [
            -0.06954087875783443,
            51.51076918467879
          ],
          [
            -0.06926503032445908,
            51.51081210002303
          ],
          [
            -0.06899965927004814,
            51.51085400953889
          ],
          [
            -0.06875624880194664,
            51.5108897164464
          ],
          [
            -0.06848987191915512,
            51.51090773753822
          ],
          [
            -0.06821896880865097,
            51.51092148385942
          ],
          [
            -0.06798611953854561,
            51.51092793792486
          ],
          [
            -0.06775058805942535,
            51.51094436645508
          ],
          [
            -0.06752301938831806,
            51.51094696484506
          ],
          [
            -0.06728547625243664,
            51.510968673974276
          ],
          [
            -0.06703904829919338,
            51.51098895817995
          ],
          [
            -0.06681022234261036,
            51.511006727814674
          ],
          [
            -0.06658307276666164,
            51.51102961041033
          ],
          [
            -0.06635097786784172,
            51.51104888878763
          ],
          [
            -0.06610756739974022,
            51.51106514967978
          ],
          [
            -0.06585409864783287,
            51.51109063066542
          ],
          [
            -0.06560959853231907,
            51.51111736893654
          ],
          [
            -0.06536467932164669,
            51.51113396510482
          ],
          [
            -0.06512520834803581,
            51.51115550659597
          ],
          [
            -0.06489277817308903,
            51.51116439141333
          ],
          [
            -0.0646590068936348,
            51.511163050308824
          ],
          [
            -0.06442372687160969,
            51.51116824708879
          ],
          [
            -0.06420521065592766,
            51.51117201894522
          ],
          [
            -0.06391938775777817,
            51.51117453351617
          ],
          [
            -0.06369324401021004,
            51.51117704808712
          ],
          [
            -0.06345352157950401,
            51.51117704808712
          ],
          [
            -0.06321036256849766,
            51.51117704808712
          ],
          [
            -0.06295857019722462,
            51.51117453351617
          ],
          [
            -0.06270577199757099,
            51.51116179302335
          ],
          [
            -0.06244685500860214,
            51.511144107207656
          ],
          [
            -0.06219539791345596,
            51.511127511039376
          ],
          [
            -0.06194000132381916,
            51.51111728511751
          ],
          [
            -0.06169566884636879,
            51.51110974140465
          ],
          [
            -0.06147371605038643,
            51.511102030053735
          ],
          [
            -0.0612209178507328,
            51.511098174378276
          ],
          [
            -0.06096602417528629,
            51.51111602783203
          ],
          [
            -0.060690175741910934,
            51.51112239807844
          ],
          [
            -0.06041256710886955,
            51.51113513857126
          ],
          [
            -0.060194218531250954,
            51.51113756932318
          ],
          [
            -0.059933457523584366,
            51.51114393956959
          ],
          [
            -0.05970010533928871,
            51.51114779524505
          ],
          [
            -0.05943582393229008,
            51.51115416549146
          ],
          [
            -0.05917321890592575,
            51.511150393635035
          ],
          [
            -0.05892201326787472,
            51.51114393956959
          ],
          [
            -0.05865211598575115,
            51.511152908205986
          ],
          [
            -0.058404430747032166,
            51.51115802116692
          ],
          [
            -0.05816252902150154,
            51.51116179302335
          ],
          [
            -0.05792087875306606,
            51.511169420555234
          ],
          [
            -0.057681743055582047,
            51.511169420555234
          ],
          [
            -0.05739893764257431,
            51.51116564869881
          ],
          [
            -0.057126861065626144,
            51.511171935126185
          ],
          [
            -0.056878840550780296,
            51.51117327623069
          ],
          [
            -0.05660911090672016,
            51.51118090376258
          ],
          [
            -0.05632882006466389,
            51.51116816326976
          ],
          [
            -0.056110722944140434,
            51.51116816326976
          ],
          [
            -0.05588307045400143,
            51.51117327623069
          ],
          [
            -0.05565667524933815,
            51.511166989803314
          ],
          [
            -0.0554217305034399,
            51.511169420555234
          ],
          [
            -0.055174967274069786,
            51.51116179302335
          ],
          [
            -0.054929545149207115,
            51.511152908205986
          ],
          [
            -0.05464942194521427,
            51.511150393635035
          ],
          [
            -0.054362090304493904,
            51.511123487725854
          ],
          [
            -0.05408649332821369,
            51.511071268469095
          ],
          [
            -0.05380779504776001,
            51.51102206669748
          ],
          [
            -0.053606294095516205,
            51.51095760986209
          ],
          [
            -0.053398339077830315,
            51.51089591905475
          ],
          [
            -0.05316440016031265,
            51.5108706895262
          ],
          [
            -0.05292794667184353,
            51.51085660792887
          ],
          [
            -0.05269727669656277,
            51.510855350643396
          ],
          [
            -0.052462583407759666,
            51.51087697595358
          ],
          [
            -0.05222839303314686,
            51.51090639643371
          ],
          [
            -0.05199126899242401,
            51.510946713387966
          ],
          [
            -0.05175070837140083,
            51.51098610833287
          ],
          [
            -0.05151785910129547,
            51.51102659292519
          ],
          [
            -0.05128190852701664,
            51.51106012053788
          ],
          [
            -0.05106297321617603,
            51.51109448634088
          ],
          [
            -0.05084211006760597,
            51.51111711747944
          ],
          [
            -0.05060800351202488,
            51.511144023388624
          ],
          [
            -0.05037037655711174,
            51.51117201894522
          ],
          [
            -0.050135012716054916,
            51.511194901540875
          ],
          [
            -0.04989973269402981,
            51.51121275499463
          ],
          [
            -0.04965422675013542,
            51.5112316980958
          ],
          [
            -0.04940444603562355,
            51.51125080883503
          ],
          [
            -0.04915994592010975,
            51.511272517964244
          ],
          [
            -0.04891854710876942,
            51.51129271835089
          ],
          [
            -0.04867354407906532,
            51.511313086375594
          ],
          [
            -0.04845963791012764,
            51.511358516290784
          ],
          [
            -0.04849760793149471,
            51.511512491852045
          ],
          [
            -0.04855083301663399,
            51.51165163144469
          ],
          [
            -0.04858159460127354,
            51.51182245463133
          ],
          [
            -0.04860104061663151,
            51.51196067221463
          ],
          [
            -0.04860900342464447,
            51.51213216595352
          ],
          [
            -0.04863398149609566,
            51.51231522671878
          ],
          [
            -0.04866507835686207,
            51.512493593618274
          ],
          [
            -0.048695001751184464,
            51.51264815591276
          ],
          [
            -0.04871654324233532,
            51.51278997771442
          ],
          [
            -0.048763733357191086,
            51.5129292011261
          ],
          [
            -0.04877563565969467,
            51.51307697407901
          ],
          [
            -0.04876297898590565,
            51.51321318000555
          ],
          [
            -0.0487224105745554,
            51.513356091454625
          ],
          [
            -0.04879080690443516,
            51.51348718442023
          ],
          [
            -0.04853549413383007,
            51.51353454217315
          ],
          [
            -0.04842904396355152,
            51.51369740255177
          ],
          [
            -0.04839065484702587,
            51.513839391991496
          ],
          [
            -0.04839727655053139,
            51.51398112997413
          ],
          [
            -0.04844195209443569,
            51.51412504725158
          ],
          [
            -0.04847036674618721,
            51.5142760053277
          ],
          [
            -0.04849442280828953,
            51.514432076364756
          ],
          [
            -0.048537589609622955,
            51.51460130698979
          ],
          [
            -0.04877781495451927,
            51.5146560408175
          ],
          [
            -0.04901619628071785,
            51.51464983820915
          ],
          [
            -0.04915793426334858,
            51.51465847156942
          ]
        ]
      },
      "properties": {
        "name": "2023-09-28 (Thu) 17:28",
        "source_file": "2023-09-28-162849-ELEMNT_ROAM_A974-54-0.fit",
        "date": "2023-09-28T16:28:50",
        "sport": "cycling",
        "dropbox_id": "id:JY-PzzIM9pcAAAAAAAAA_g"
      }
    },
    {
      "type": "Feature",
      "geometry": {
        "type": "LineString",
        "coordinates": [
          [
            -0.04899666644632816,
            51.5146560408175
          ],
          [
            -0.04875820130109787,
            51.51467129588127
          ],
          [
            -0.04852317273616791,
            51.51468990370631
          ],
          [
            -0.048363832756876945,
            51.51457054540515
          ],
          [
            -0.048365844413638115,
            51.514395950362086
          ],
          [
            -0.04839099012315273,
            51.514247339218855
          ],
          [
            -0.04841630347073078,
            51.514101745560765
          ],
          [
            -0.0483886431902647,
            51.51393637061119
          ],
          [
            -0.048340195789933205,
            51.51379915885627
          ],
          [
            -0.048394761979579926,
            51.51366546750069
          ],
          [
            -0.048602716997265816,
            51.51360318996012
          ],
          [
            -0.04880882799625397,
            51.513656163588166
          ],
          [
            -0.048916200175881386,
            51.51353571563959
          ],
          [
            -0.048749735578894615,
            51.51344334706664
          ],
          [
            -0.048713525757193565,
            51.51330697350204
          ],
          [
            -0.048774294555187225,
            51.51315995492041
          ],
          [
            -0.048776641488075256,
            51.513013606891036
          ],
          [
            -0.048728613182902336,
            51.51285611093044
          ],
          [
            -0.048672622069716454,
            51.5126823540777
          ],
          [
            -0.048651834949851036,
            51.51252519339323
          ],
          [
            -0.04861721768975258,
            51.51235269382596
          ],
          [
            -0.04859223961830139,
            51.51218648068607
          ],
          [
            -0.04856717772781849,
            51.51202538050711
          ],
          [
            -0.04855535924434662,
            51.5118757635355
          ],
          [
            -0.04853272810578346,
            51.511715333908796
          ],
          [
            -0.0485040619969368,
            51.511549120768905
          ],
          [
            -0.048496853560209274,
            51.511400174349546
          ],
          [
            -0.04862467758357525,
            51.51126748882234
          ],
          [
            -0.04891226068139076,
            51.51124611496925
          ],
          [
            -0.049155084416270256,
            51.51123069226742
          ],
          [
            -0.049393633380532265,
            51.511215940117836
          ],
          [
            -0.049643414095044136,
            51.511200685054064
          ],
          [
            -0.049891937524080276,
            51.511181658133864
          ],
          [
            -0.05012780427932739,
            51.51116581633687
          ],
          [
            -0.050348080694675446,
            51.511143101379275
          ],
          [
            -0.05056802183389664,
            51.51111661456525
          ],
          [
            -0.050785280764102936,
            51.511094234883785
          ],
          [
            -0.050998181104660034,
            51.51105961762369
          ],
          [
            -0.05122046917676926,
            51.511029191315174
          ],
          [
            -0.0514488760381937,
            51.510999938473105
          ],
          [
            -0.051695723086595535,
            51.51096062734723
          ],
          [
            -0.05195095203816891,
            51.510926093906164
          ],
          [
            -0.05219855345785618,
            51.51088384911418
          ],
          [
            -0.05244581960141659,
            51.510853758081794
          ],
          [
            -0.05269207991659641,
            51.51083800010383
          ],
          [
            -0.052935993298888206,
            51.510833725333214
          ],
          [
            -0.05316347815096378,
            51.51084864512086
          ],
          [
            -0.053427256643772125,
            51.51088225655258
          ],
          [
            -0.05366228520870209,
            51.510961297899485
          ],
          [
            -0.05390988662838936,
            51.51102357544005
          ],
          [
            -0.0541366171091795,
            51.511050732806325
          ],
          [
            -0.05439561791718006,
            51.511092809960246
          ],
          [
            -0.054648080840706825,
            51.5111193805933
          ],
          [
            -0.05489308387041092,
            51.51113513857126
          ],
          [
            -0.05515309050679207,
            51.511138742789626
          ],
          [
            -0.055424412712454796,
            51.51114276610315
          ],
          [
            -0.05570453591644764,
            51.511135306209326
          ],
          [
            -0.05596906878054142,
            51.51113463565707
          ],
          [
            -0.05621499381959438,
            51.51113513857126
          ],
          [
            -0.05646376870572567,
            51.51113488711417
          ],
          [
            -0.056680021807551384,
            51.51114243082702
          ],
          [
            -0.05693784914910793,
            51.51115441694856
          ],
          [
            -0.0572328083217144,
            51.511150393635035
          ],
          [
            -0.057457275688648224,
            51.511146537959576
          ],
          [
            -0.05768182687461376,
            51.511146537959576
          ],
          [
            -0.05791123956441879,
            51.511150393635035
          ],
          [
            -0.05814266391098499,
            51.51114293374121
          ],
          [
            -0.058409878984093666,
            51.51113212108612
          ],
          [
            -0.058645494282245636,
            51.511120134964585
          ],
          [
            -0.05886333994567394,
            51.51111602783203
          ],
          [
            -0.05909250117838383,
            51.51111560873687
          ],
          [
            -0.05932258442044258,
            51.51112365536392
          ],
          [
            -0.059594325721263885,
            51.511116279289126
          ],
          [
            -0.059816110879182816,
            51.511108400300145
          ],
          [
            -0.06010218523442745,
            51.51110873557627
          ],
          [
            -0.06032388657331467,
            51.51110119186342
          ],
          [
            -0.060563692823052406,
            51.51109314523637
          ],
          [
            -0.060802074149250984,
            51.51108551770449
          ],
          [
            -0.06106484681367874,
            51.511062886565924
          ],
          [
            -0.061334408819675446,
            51.51105534285307
          ],
          [
            -0.061585111543536186,
            51.51105500757694
          ],
          [
            -0.06183698773384094,
            51.51105115190148
          ],
          [
            -0.06210478954017162,
            51.5110728610307
          ],
          [
            -0.06232280284166336,
            51.51108551770449
          ],
          [
            -0.06256847642362118,
            51.511092726141214
          ],
          [
            -0.0628043431788683,
            51.51111552491784
          ],
          [
            -0.06303559988737106,
            51.51113103143871
          ],
          [
            -0.06325445137917995,
            51.51113513857126
          ],
          [
            -0.06347212940454483,
            51.51113539002836
          ],
          [
            -0.06369290873408318,
            51.51113513857126
          ],
          [
            -0.06398350931704044,
            51.51113891042769
          ],
          [
            -0.06420068442821503,
            51.51113513857126
          ],
          [
            -0.06441844627261162,
            51.5111312828958
          ],
          [
            -0.06465598940849304,
            51.51112038642168
          ],
          [
            -0.06488758139312267,
            51.5111125074327
          ],
          [
            -0.06510584615170956,
            51.51109742000699
          ],
          [
            -0.06537314504384995,
            51.5110934805125
          ],
          [
            -0.06562292575836182,
            51.51106707751751
          ],
          [
            -0.06588410586118698,
            51.51105148717761
          ],
          [
            -0.0661406759172678,
            51.511040003970265
          ],
          [
            -0.06636095233261585,
            51.51102064177394
          ],
          [
            -0.06662431173026562,
            51.51099465787411
          ],
          [
            -0.06686017848551273,
            51.51097898371518
          ],
          [
            -0.06710979156196117,
            51.51096364483237
          ],
          [
            -0.0673549622297287,
            51.510933469980955
          ],
          [
            -0.06762921810150146,
            51.51089902035892
          ],
          [
            -0.06789316423237324,
            51.51087613776326
          ],
          [
            -0.0681597925722599,
            51.510860715061426
          ],
          [
            -0.06844175979495049,
            51.51084520854056
          ],
          [
            -0.06867310032248497,
            51.51082660071552
          ],
          [
            -0.06890368647873402,
            51.510792737826705
          ],
          [
            -0.0691339373588562,
            51.510773124173284
          ],
          [
            -0.06936460733413696,
            51.51074320077896
          ],
          [
            -0.06958656013011932,
            51.51070162653923
          ],
          [
            -0.06980163976550102,
            51.510655861347914
          ],
          [
            -0.0700928270816803,
            51.51059492491186
          ],
          [
            -0.0703183002769947,
            51.510553015396
          ],
          [
            -0.07053245790302753,
            51.51052569039166
          ],
          [
            -0.07079187780618668,
            51.51048361323774
          ],
          [
            -0.07104174233973026,
            51.51043399237096
          ],
          [
            -0.07129236124455929,
            51.51038110256195
          ],
          [
            -0.07155798375606537,
            51.510338941589
          ],
          [
            -0.07175680249929428,
            51.51027834042907
          ],
          [
            -0.07196534425020218,
            51.510191168636084
          ],
          [
            -0.07217883132398129,
            51.51014850474894
          ],
          [
            -0.07242115214467049,
            51.51014305651188
          ],
          [
            -0.07267956621944904,
            51.51013241149485
          ],
          [
            -0.07292197085916996,
            51.51009863242507
          ],
          [
            -0.07313931360840797,
            51.5100934356451
          ],
          [
            -0.0733616016805172,
            51.51010106317699
          ],
          [
            -0.07361775264143944,
            51.510085724294186
          ],
          [
            -0.07383769378066063,
            51.510033421218395
          ],
          [
            -0.07406534627079964,
            51.51002529077232
          ],
          [
            -0.07428796961903572,
            51.51001011952758
          ],
          [
            -0.07457773201167583,
            51.51000936515629
          ],
          [
            -0.07484578527510166,
            51.51001053862274
          ],
          [
            -0.0750943087041378,
            51.50993677787483
          ],
          [
            -0.0753720011562109,
            51.50984097272158
          ],
          [
            -0.07566000334918499,
            51.509753968566656
          ],
          [
            -0.07595311850309372,
            51.509684063494205
          ],
          [
            -0.07625478319823742,
            51.50963695719838
          ],
          [
            -0.07652895525097847,
            51.509595047682524
          ],
          [
            -0.07678091526031494,
            51.50956017896533
          ],
          [
            -0.0770246610045433,
            51.50953000411391
          ],
          [
            -0.07728852331638336,
            51.50951424613595
          ],
          [
            -0.07756001316010952,
            51.509495470672846
          ],
          [
            -0.07783410139381886,
            51.5094945486635
          ],
          [
            -0.07808958180248737,
            51.5095236338675
          ],
          [
            -0.07832201197743416,
            51.50957677513361
          ],
          [
            -0.07854245603084564,
            51.5096343588084
          ],
          [
            -0.07877086289227009,
            51.50966218672693
          ],
          [
            -0.0790121778845787,
            51.509666461497545
          ],
          [
            -0.07926128804683685,
            51.509669898077846
          ],
          [
            -0.07951769046485424,
            51.50967408902943
          ],
          [
            -0.07976478897035122,
            51.50966998189688
          ],
          [
            -0.07998439483344555,
            51.50966671295464
          ],
          [
            -0.08023434318602085,
            51.509611727669835
          ],
          [
            -0.08043232373893261,
            51.509526651352644
          ],
          [
            -0.08060415275394917,
            51.50942472741008
          ],
          [
            -0.08078419603407383,
            51.50933629833162
          ],
          [
            -0.08101402781903744,
            51.509257508441806
          ],
          [
            -0.08127009496092796,
            51.50918399915099
          ],
          [
            -0.08155876770615578,
            51.50913706049323
          ],
          [
            -0.08186864666640759,
            51.50910973548889
          ],
          [
            -0.08217441849410534,
            51.50912415236235
          ],
          [
            -0.08245554752647877,
            51.509153908118606
          ],
          [
            -0.08273080922663212,
            51.5091887768358
          ],
          [
            -0.08298687636852264,
            51.50923814624548
          ],
          [
            -0.08324428461492062,
            51.50928441435099
          ],
          [
            -0.08348350413143635,
            51.509323893114924
          ],
          [
            -0.08376270532608032,
            51.509371669963
          ],
          [
            -0.08403142914175987,
            51.50939832441509
          ],
          [
            -0.08428565226495266,
            51.50941793806851
          ],
          [
            -0.08455965667963028,
            51.50943713262677
          ],
          [
            -0.0848244410008192,
            51.509467139840126
          ],
          [
            -0.08510825224220753,
            51.50949438102543
          ],
          [
            -0.08538074791431427,
            51.5095323510468
          ],
          [
            -0.08564041927456856,
            51.50955188088119
          ],
          [
            -0.08587737567722797,
            51.50958348065615
          ],
          [
            -0.0861688144505024,
            51.50963134132326
          ],
          [
            -0.08641105145215988,
            51.50965464301407
          ],
          [
            -0.08666334673762321,
            51.509681046009064
          ],
          [
            -0.08692553266882896,
            51.50970912538469
          ],
          [
            -0.0871789176017046,
            51.50973670184612
          ],
          [
            -0.08741294033825397,
            51.509747011587024
          ],
          [
            -0.08764260448515415,
            51.509795878082514
          ],
          [
            -0.08784879930317402,
            51.509848264977336
          ],
          [
            -0.08806010708212852,
            51.50989486835897
          ],
          [
            -0.08830804377794266,
            51.50994373485446
          ],
          [
            -0.08852194994688034,
            51.509992349892855
          ],
          [
            -0.08873560465872288,
            51.51004968211055
          ],
          [
            -0.08896359242498875,
            51.51010651141405
          ],
          [
            -0.0892083439975977,
            51.51016895659268
          ],
          [
            -0.08945200592279434,
            51.510222516953945
          ],
          [
            -0.08968150243163109,
            51.510274233296514
          ],
          [
            -0.08995148353278637,
            51.51032553054392
          ],
          [
            -0.09014376439154148,
            51.510257218033075
          ],
          [
            -0.090377451851964,
            51.51030524633825
          ],
          [
            -0.0906110554933548,
            51.51035327464342
          ],
          [
            -0.09084474295377731,
            51.510401386767626
          ],
          [
            -0.09107843041419983,
            51.5104494150728
          ],
          [
            -0.09131203405559063,
            51.51049744337797
          ],
          [
            -0.09154572151601315,
            51.510545555502176
          ],
          [
            -0.09177932515740395,
            51.51059358380735
          ],
          [
            -0.09207596071064472,
            51.510645635426044
          ],
          [
            -0.09233521297574043,
            51.51068368926644
          ],
          [
            -0.09255205281078815,
            51.51071579195559
          ],
          [
            -0.09275900200009346,
            51.51075745001435
          ],
          [
            -0.09295840747654438,
            51.510810758918524
          ],
          [
            -0.09316720068454742,
            51.51087747886777
          ],
          [
            -0.09340264834463596,
            51.51092357933521
          ],
          [
            -0.09364111348986626,
            51.51095853187144
          ],
          [
            -0.09391159750521183,
            51.51099666953087
          ],
          [
            -0.0941831711679697,
            51.511027347296476
          ],
          [
            -0.09443680755794048,
            51.51105433702469
          ],
          [
            -0.09464920498430729,
            51.51110337115824
          ],
          [
            -0.09489169344305992,
            51.51111200451851
          ],
          [
            -0.09511465206742287,
            51.51107478886843
          ],
          [
            -0.09536736644804478,
            51.51109783910215
          ],
          [
            -0.09557012468576431,
            51.51115894317627
          ],
          [
            -0.09586525149643421,
            51.51118442416191
          ],
          [
            -0.09612400084733963,
            51.511191967874765
          ],
          [
            -0.0964151881635189,
            51.51122205890715
          ],
          [
            -0.09672137908637524,
            51.51124142110348
          ],
          [
            -0.10184833779931068,
            51.51131819933653
          ],
          [
            -0.10210247710347176,
            51.51119079440832
          ],
          [
            -0.10233834385871887,
            51.511135809123516
          ],
          [
            -0.1025671698153019,
            51.51110135950148
          ],
          [
            -0.10282172821462154,
            51.51107478886843
          ],
          [
            -0.10307712480425835,
            51.51109674945474
          ],
          [
            -0.10332690551877022,
            51.51109314523637
          ],
          [
            -0.10357283055782318,
            51.511096665635705
          ],
          [
            -0.10380366817116737,
            51.51108954101801
          ],
          [
            -0.10402176529169083,
            51.51109649799764
          ],
          [
            -0.10433298535645008,
            51.51109314523637
          ],
          [
            -0.10461562313139439,
            51.51111200451851
          ],
          [
            -0.1048645656555891,
            51.511093731969595
          ],
          [
            -0.10510554537177086,
            51.511089289560914
          ],
          [
            -0.10533923283219337,
            51.511078057810664
          ],
          [
            -0.10557560250163078,
            51.51107403449714
          ],
          [
            -0.10579956695437431,
            51.511055091395974
          ],
          [
            -0.10601682588458061,
            51.51106263510883
          ],
          [
            -0.10629158467054367,
            51.51107772253454
          ],
          [
            -0.10657640174031258,
            51.51108166202903
          ],
          [
            -0.10685836896300316,
            51.51108551770449
          ],
          [
            -0.10714603587985039,
            51.511096665635705
          ],
          [
            -0.10742582380771637,
            51.51111208833754
          ],
          [
            -0.1077025942504406,
            51.511142095550895
          ],
          [
            -0.10793762281537056,
            51.51115416549146
          ],
          [
            -0.10797861032187939,
            51.51100714690983
          ],
          [
            -0.10818270966410637,
            51.51095165871084
          ],
          [
            -0.10844020172953606,
            51.51096347719431
          ],
          [
            -0.1086751464754343,
            51.51096347719431
          ],
          [
            -0.10891218669712543,
            51.510963309556246
          ],
          [
            -0.10914495214819908,
            51.510963225737214
          ],
          [
            -0.10943303816020489,
            51.51096347719431
          ],
          [
            -0.10965490713715553,
            51.51096347719431
          ],
          [
            -0.10987778194248676,
            51.510967249050736
          ],
          [
            -0.1100968848913908,
            51.510971104726195
          ],
          [
            -0.11032143607735634,
            51.510967249050736
          ],
          [
            -0.11054967530071735,
            51.510970601812005
          ],
          [
            -0.11078369803726673,
            51.510982336476445
          ],
          [
            -0.11101109907031059,
            51.51098635978997
          ],
          [
            -0.11127823032438755,
            51.510990131646395
          ],
          [
            -0.11156623251736164,
            51.510978899896145
          ],
          [
            -0.11179338209331036,
            51.510963812470436
          ],
          [
            -0.1120157539844513,
            51.5109483897686
          ],
          [
            -0.11223921552300453,
            51.51092969812453
          ],
          [
            -0.11246871203184128,
            51.51091041974723
          ],
          [
            -0.11268630623817444,
            51.510883681476116
          ],
          [
            -0.11290951631963253,
            51.51086448691785
          ],
          [
            -0.11312652379274368,
            51.51084923185408
          ],
          [
            -0.11341108940541744,
            51.510822493582964
          ],
          [
            -0.11368501000106335,
            51.51079215109348
          ],
          [
            -0.1139597687870264,
            51.51075426489115
          ],
          [
            -0.11422094888985157,
            51.510727694258094
          ],
          [
            -0.1144754234701395,
            51.51068930514157
          ],
          [
            -0.11474498547613621,
            51.51064773090184
          ],
          [
            -0.11500021442770958,
            51.510602217167616
          ],
          [
            -0.11523708701133728,
            51.51057455688715
          ],
          [
            -0.11535711586475372,
            51.510700872167945
          ],
          [
            -0.11539416387677193,
            51.51086582802236
          ],
          [
            -0.11525946669280529,
            51.510974038392305
          ],
          [
            -0.11504145339131355,
            51.51105307973921
          ],
          [
            -0.11507523246109486,
            51.51121183298528
          ],
          [
            -0.11512753553688526,
            51.511344937607646
          ],
          [
            -0.11518050916492939,
            51.511487010866404
          ],
          [
            -0.11524471454322338,
            51.511644925922155
          ],
          [
            -0.115334652364254,
            51.511783730238676
          ],
          [
            -0.1154245063662529,
            51.51191490702331
          ],
          [
            -0.1154892984777689,
            51.512075839564204
          ],
          [
            -0.11557345278561115,
            51.51222017593682
          ],
          [
            -0.11563321575522423,
            51.512372978031635
          ],
          [
            -0.11583521962165833,
            51.51243911124766
          ],
          [
            -0.11596530675888062,
            51.51254874654114
          ],
          [
            -0.11606287211179733,
            51.51268947869539
          ],
          [
            -0.11607334949076176,
            51.51278964243829
          ]
        ]
      },
      "properties": {
        "name": "2023-09-29 (Fri) 08:20",
        "source_file": "2023-09-29-072007-ELEMNT_ROAM_A974-55-0.fit",
        "date": "2023-09-29T07:20:07",
        "sport": "cycling",
        "dropbox_id": "id:JY-PzzIM9pcAAAAAAAAA_w"
      }
    },
    {
      "type": "Feature",
      "geometry": {
        "type": "LineString",
        "coordinates": [
          [
            -0.1149899885058403,
            51.51211925782263
          ],
          [
            -0.1149251963943243,
            51.5119708981365
          ],
          [
            -0.11487046256661415,
            51.51178993284702
          ],
          [
            -0.11481103487312794,
            51.51160519570112
          ],
          [
            -0.11471380479633808,
            51.5114388987422
          ],
          [
            -0.11459888890385628,
            51.511291125789285
          ],
          [
            -0.11448690667748451,
            51.51113245636225
          ],
          [
            -0.11444642208516598,
            51.51097898371518
          ],
          [
            -0.1143447495996952,
            51.51085660792887
          ],
          [
            -0.11413687840104103,
            51.51093875057995
          ],
          [
            -0.11389967054128647,
            51.51101536117494
          ],
          [
            -0.1137218065559864,
            51.511114267632365
          ],
          [
            -0.1134996023029089,
            51.51120345108211
          ],
          [
            -0.11322878301143646,
            51.5112660638988
          ],
          [
            -0.113009512424469,
            51.51130420155823
          ],
          [
            -0.11278211139142513,
            51.51132708415389
          ],
          [
            -0.11252646334469318,
            51.51134795509279
          ],
          [
            -0.11229805648326874,
            51.51136907748878
          ],
          [
            -0.11207140982151031,
            51.51136555708945
          ],
          [
            -0.11188767850399017,
            51.511241337284446
          ],
          [
            -0.11182942427694798,
            51.51109431870282
          ],
          [
            -0.11204718612134457,
            51.5111143514514
          ],
          [
            -0.11197468265891075,
            51.510982336476445
          ],
          [
            -0.1117206271737814,
            51.51101326569915
          ],
          [
            -0.1114472933113575,
            51.51103011332452
          ],
          [
            -0.1112093310803175,
            51.511029191315174
          ],
          [
            -0.11094002053141594,
            51.51101686991751
          ],
          [
            -0.11067884042859077,
            51.511009242385626
          ],
          [
            -0.11042092926800251,
            51.51101008057594
          ],
          [
            -0.11016134172677994,
            51.511003375053406
          ],
          [
            -0.10990602895617485,
            51.51099868118763
          ],
          [
            -0.10965323075652122,
            51.51100161485374
          ],
          [
            -0.10939892381429672,
            51.510991053655744
          ],
          [
            -0.10914687998592854,
            51.51098635978997
          ],
          [
            -0.10889684781432152,
            51.51097873225808
          ],
          [
            -0.10866240598261356,
            51.51097579859197
          ],
          [
            -0.10844028554856777,
            51.510972026735544
          ],
          [
            -0.10816125199198723,
            51.51096347719431
          ],
          [
            -0.10804331861436367,
            51.51110664010048
          ],
          [
            -0.10784248821437359,
            51.51115885935724
          ],
          [
            -0.10762221179902554,
            51.51114737614989
          ],
          [
            -0.10738274082541466,
            51.51113304309547
          ],
          [
            -0.10711661539971828,
            51.51111787185073
          ],
          [
            -0.10687320493161678,
            51.511109322309494
          ],
          [
            -0.10662032291293144,
            51.511101610958576
          ],
          [
            -0.10637096129357815,
            51.5110969170928
          ],
          [
            -0.10609838180243969,
            51.511089289560914
          ],
          [
            -0.10581599548459053,
            51.511089289560914
          ],
          [
            -0.10551005601882935,
            51.51108551770449
          ],
          [
            -0.10519422590732574,
            51.511089289560914
          ],
          [
            -0.10497621260583401,
            51.51108551770449
          ],
          [
            -0.10475895367562771,
            51.511090379208326
          ],
          [
            -0.104586286470294,
            51.511172857135534
          ],
          [
            -0.10432938113808632,
            51.51127620600164
          ],
          [
            -0.1040248665958643,
            51.511342423036695
          ],
          [
            -0.10391774587333202,
            51.51120378635824
          ],
          [
            -0.10370593518018723,
            51.51115802116692
          ],
          [
            -0.10341466404497623,
            51.51115416549146
          ],
          [
            -0.10316169820725918,
            51.511143604293466
          ],
          [
            -0.10291158221662045,
            51.51112365536392
          ],
          [
            -0.10269423946738243,
            51.51113513857126
          ],
          [
            -0.1024425309151411,
            51.51111795566976
          ],
          [
            -0.10215905494987965,
            51.511126421391964
          ],
          [
            -0.10191631503403187,
            51.51113404892385
          ],
          [
            -0.10166812688112259,
            51.511166486889124
          ],
          [
            -0.10143980383872986,
            51.511189453303814
          ],
          [
            -0.09611997753381729,
            51.51095584966242
          ],
          [
            -0.09586701169610023,
            51.510999854654074
          ],
          [
            -0.09565209969878197,
            51.51103254407644
          ],
          [
            -0.09541614912450314,
            51.51105006225407
          ],
          [
            -0.0951861497014761,
            51.51107738725841
          ],
          [
            -0.09498003870248795,
            51.511020390316844
          ],
          [
            -0.0947527214884758,
            51.51102013885975
          ],
          [
            -0.09452087804675102,
            51.51100245304406
          ],
          [
            -0.09424989111721516,
            51.51106548495591
          ],
          [
            -0.0940159521996975,
            51.511089289560914
          ],
          [
            -0.0937851145863533,
            51.51104704476893
          ],
          [
            -0.09355905465781689,
            51.510964315384626
          ],
          [
            -0.09330290369689465,
            51.51094721630216
          ],
          [
            -0.09305144660174847,
            51.51095283217728
          ],
          [
            -0.09282312355935574,
            51.51088686659932
          ],
          [
            -0.09256630204617977,
            51.510824924334884
          ],
          [
            -0.09229120798408985,
            51.51075325906277
          ],
          [
            -0.09200915694236755,
            51.5106981061399
          ],
          [
            -0.09172593243420124,
            51.51063457131386
          ],
          [
            -0.09143952280282974,
            51.51058151386678
          ],
          [
            -0.0912160612642765,
            51.51048956438899
          ],
          [
            -0.0909568089991808,
            51.51042812503874
          ],
          [
            -0.0906709861010313,
            51.51034883223474
          ],
          [
            -0.09038516320288181,
            51.51026953943074
          ],
          [
            -0.09009925648570061,
            51.510190246626735
          ],
          [
            -0.08981343358755112,
            51.51011095382273
          ],
          [
            -0.08955954574048519,
            51.510028559714556
          ],
          [
            -0.08934798650443554,
            51.509937113150954
          ],
          [
            -0.08916283026337624,
            51.50986569933593
          ],
          [
            -0.08897180669009686,
            51.50974349118769
          ],
          [
            -0.08878262713551521,
            51.50966168381274
          ],
          [
            -0.08854391053318977,
            51.509596053510904
          ],
          [
            -0.08833268657326698,
            51.50955682620406
          ],
          [
            -0.08809187449514866,
            51.509546265006065
          ],
          [
            -0.08787277154624462,
            51.50956445373595
          ],
          [
            -0.08758845739066601,
            51.509549198672175
          ],
          [
            -0.0873341504484415,
            51.509589264169335
          ],
          [
            -0.08706207387149334,
            51.50955766439438
          ],
          [
            -0.08680173195898533,
            51.50950594805181
          ],
          [
            -0.08657961152493954,
            51.509449956938624
          ],
          [
            -0.0863496121019125,
            51.509418776258826
          ],
          [
            -0.08609279058873653,
            51.50935943238437
          ],
          [
            -0.08585155941545963,
            51.5093336161226
          ],
          [
            -0.08562524802982807,
            51.50930310599506
          ],
          [
            -0.08535895496606827,
            51.50931064970791
          ],
          [
            -0.0850694440305233,
            51.50930721312761
          ],
          [
            -0.08479954674839973,
            51.509279469028115
          ],
          [
            -0.08454406633973122,
            51.509254490956664
          ],
          [
            -0.08429545909166336,
            51.50921274907887
          ],
          [
            -0.08404307998716831,
            51.50918399915099
          ],
          [
            -0.08378533646464348,
            51.50916874408722
          ],
          [
            -0.08352432399988174,
            51.50914669968188
          ],
          [
            -0.08326314389705658,
            51.509131444618106
          ],
          [
            -0.08300129324197769,
            51.50912289507687
          ],
          [
            -0.0827639177441597,
            51.50910194031894
          ],
          [
            -0.08249284699559212,
            51.50905701331794
          ],
          [
            -0.0822041742503643,
            51.5090265031904
          ],
          [
            -0.08192438632249832,
            51.509008314460516
          ],
          [
            -0.08166882209479809,
            51.50900546461344
          ],
          [
            -0.08141962811350822,
            51.50903035886586
          ],
          [
            -0.08119113743305206,
            51.50907604023814
          ],
          [
            -0.08097639307379723,
            51.50915541686118
          ],
          [
            -0.08079048246145248,
            51.50926957838237
          ],
          [
            -0.08061404339969158,
            51.50935825891793
          ],
          [
            -0.08038630709052086,
            51.509422129020095
          ],
          [
            -0.08014842867851257,
            51.50948801077902
          ],
          [
            -0.07987509481608868,
            51.509541319683194
          ],
          [
            -0.07962808012962341,
            51.50958867743611
          ],
          [
            -0.07936966605484486,
            51.50963016785681
          ],
          [
            -0.07912097498774529,
            51.50964173488319
          ],
          [
            -0.0788760557770729,
            51.50964357890189
          ],
          [
            -0.0786228384822607,
            51.50963888503611
          ],
          [
            -0.07838135585188866,
            51.50959479622543
          ],
          [
            -0.07813886739313602,
            51.50953687727451
          ],
          [
            -0.07786771282553673,
            51.50950435549021
          ],
          [
            -0.07758130319416523,
            51.50951583869755
          ],
          [
            -0.07730101235210896,
            51.50953478179872
          ],
          [
            -0.07702583447098732,
            51.509547270834446
          ],
          [
            -0.0767659954726696,
            51.5095756854862
          ],
          [
            -0.07650481536984444,
            51.50961281731725
          ],
          [
            -0.07622762583196163,
            51.509659588336945
          ],
          [
            -0.07595613598823547,
            51.509704515337944
          ],
          [
            -0.07570317015051842,
            51.509766625240445
          ],
          [
            -0.07548758760094643,
            51.5098468400538
          ],
          [
            -0.07526127621531487,
            51.50992579758167
          ],
          [
            -0.07507888600230217,
            51.51000970043242
          ],
          [
            -0.07483748719096184,
            51.510063176974654
          ],
          [
            -0.07456599734723568,
            51.510059321299195
          ],
          [
            -0.07434697821736336,
            51.51009460911155
          ],
          [
            -0.07413935847580433,
            51.51015839539468
          ],
          [
            -0.07390466518700123,
            51.51016317307949
          ],
          [
            -0.07365941070020199,
            51.510090585798025
          ],
          [
            -0.07341692224144936,
            51.510078432038426
          ],
          [
            -0.07319312542676926,
            51.51009863242507
          ],
          [
            -0.07300017401576042,
            51.510169710963964
          ],
          [
            -0.07273153401911259,
            51.51020717807114
          ],
          [
            -0.0724691804498434,
            51.510235760360956
          ],
          [
            -0.07220137864351273,
            51.51025679893792
          ],
          [
            -0.07191739976406097,
            51.510281693190336
          ],
          [
            -0.07163543254137039,
            51.510295858606696
          ],
          [
            -0.07136662490665913,
            51.510322680696845
          ],
          [
            -0.07109689526259899,
            51.510375989601016
          ],
          [
            -0.07082381285727024,
            51.510441871359944
          ],
          [
            -0.07057847455143929,
            51.510498030111194
          ],
          [
            -0.07032735273241997,
            51.510551422834396
          ],
          [
            -0.07007740437984467,
            51.51062208227813
          ],
          [
            -0.06983382627367973,
            51.51068109087646
          ],
          [
            -0.06959544494748116,
            51.51072702370584
          ],
          [
            -0.06936670280992985,
            51.510768849402666
          ],
          [
            -0.0691573228687048,
            51.510807909071445
          ],
          [
            -0.06891692988574505,
            51.510836658999324
          ],
          [
            -0.0686307717114687,
            51.510866079479456
          ],
          [
            -0.06836372427642345,
            51.510881250724196
          ],
          [
            -0.0681281927973032,
            51.5109053067863
          ],
          [
            -0.06787916645407677,
            51.510923244059086
          ],
          [
            -0.06762259639799595,
            51.510946126654744
          ],
          [
            -0.06736518815159798,
            51.510969093069434
          ],
          [
            -0.06710543297231197,
            51.510990131646395
          ],
          [
            -0.06684626452624798,
            51.511025335639715
          ],
          [
            -0.06659757345914841,
            51.51104914024472
          ],
          [
            -0.06634670309722424,
            51.511069256812334
          ],
          [
            -0.06608250550925732,
            51.51108166202903
          ],
          [
            -0.0658215768635273,
            51.511092223227024
          ],
          [
            -0.06556743755936623,
            51.511108400300145
          ],
          [
            -0.06531505845487118,
            51.51112172752619
          ],
          [
            -0.06505664438009262,
            51.51113798841834
          ],
          [
            -0.06480401381850243,
            51.51115609332919
          ],
          [
            -0.0645560771226883,
            51.51116841472685
          ],
          [
            -0.06431275047361851,
            51.511169420555234
          ],
          [
            -0.06407671608030796,
            51.51117327623069
          ],
          [
            -0.06382710300385952,
            51.511168498545885
          ],
          [
            -0.06356843747198582,
            51.51116564869881
          ],
          [
            -0.06330298259854317,
            51.511169420555234
          ],
          [
            -0.06301741115748882,
            51.51116372086108
          ],
          [
            -0.06272907368838787,
            51.51114469394088
          ],
          [
            -0.0624395627528429,
            51.511125499382615
          ],
          [
            -0.06214904598891735,
            51.51109976693988
          ],
          [
            -0.06186414510011673,
            51.51107981801033
          ],
          [
            -0.06161218509078026,
            51.51106087490916
          ],
          [
            -0.061388639733195305,
            51.51106171309948
          ],
          [
            -0.0611354224383831,
            51.511072274297476
          ],
          [
            -0.06088019348680973,
            51.51109792292118
          ],
          [
            -0.060653211548924446,
            51.51111125014722
          ],
          [
            -0.0604149978607893,
            51.5111246611923
          ],
          [
            -0.060156164690852165,
            51.51111988350749
          ],
          [
            -0.059904204681515694,
            51.51113027706742
          ],
          [
            -0.05963279865682125,
            51.511127511039376
          ],
          [
            -0.05934605374932289,
            51.5111312828958
          ],
          [
            -0.059054698795080185,
            51.5111312828958
          ],
          [
            -0.05875144153833389,
            51.51113513857126
          ],
          [
            -0.058453381061553955,
            51.511145532131195
          ],
          [
            -0.058154063299298286,
            51.51115315966308
          ],
          [
            -0.05786857567727566,
            51.51116179302335
          ],
          [
            -0.057602450251579285,
            51.51116564869881
          ],
          [
            -0.05734906531870365,
            51.51116179302335
          ],
          [
            -0.05713189020752907,
            51.5111590269953
          ],
          [
            -0.056881941854953766,
            51.51115693151951
          ],
          [
            -0.05661053583025932,
            51.51116179302335
          ],
          [
            -0.056327562779188156,
            51.51115802116692
          ],
          [
            -0.05610753782093525,
            51.511150393635035
          ],
          [
            -0.055817607790231705,
            51.51117252185941
          ],
          [
            -0.055568329989910126,
            51.511183585971594
          ],
          [
            -0.05531955510377884,
            51.511178221553564
          ],
          [
            -0.05507371388375759,
            51.51116673834622
          ],
          [
            -0.054824938997626305,
            51.51116179302335
          ],
          [
            -0.054570212960243225,
            51.51114494539797
          ],
          [
            -0.05433032289147377,
            51.51112214662135
          ],
          [
            -0.05410811863839626,
            51.51107386685908
          ],
          [
            -0.0538948830217123,
            51.511049307882786
          ],
          [
            -0.05365926772356033,
            51.51097680442035
          ],
          [
            -0.05346648395061493,
            51.510903630405664
          ],
          [
            -0.05321921780705452,
            51.51087697595358
          ],
          [
            -0.05293716676533222,
            51.510853841900826
          ],
          [
            -0.05266156978905201,
            51.510851830244064
          ],
          [
            -0.052380356937646866,
            51.51087982580066
          ],
          [
            -0.05216016434133053,
            51.51091067120433
          ],
          [
            -0.05193301476538181,
            51.510945204645395
          ],
          [
            -0.05170376971364021,
            51.510986192151904
          ],
          [
            -0.05147242918610573,
            51.51102818548679
          ],
          [
            -0.051243770867586136,
            51.511063389480114
          ],
          [
            -0.05101896822452545,
            51.51108333840966
          ],
          [
            -0.05079776979982853,
            51.511105382815
          ],
          [
            -0.05058176815509796,
            51.51114226318896
          ],
          [
            -0.05030281841754913,
            51.51116841472685
          ],
          [
            -0.050029316917061806,
            51.511178808286786
          ],
          [
            -0.04980652593076229,
            51.511197835206985
          ],
          [
            -0.049570659175515175,
            51.511220801621675
          ],
          [
            -0.04933219403028488,
            51.51123706251383
          ],
          [
            -0.049099596217274666,
            51.51125902310014
          ],
          [
            -0.04887278191745281,
            51.51127427816391
          ],
          [
            -0.048656612634658813,
            51.51130495592952
          ],
          [
            -0.048447735607624054,
            51.51136471889913
          ],
          [
            -0.04848930984735489,
            51.51152011938393
          ],
          [
            -0.048465421423316,
            51.51168314740062
          ],
          [
            -0.04848252050578594,
            51.51185078546405
          ],
          [
            -0.04852023907005787,
            51.512002078816295
          ],
          [
            -0.04851697012782097,
            51.51213811710477
          ],
          [
            -0.048561980947852135,
            51.5123195014894
          ],
          [
            -0.04862534813582897,
            51.51249283924699
          ],
          [
            -0.0486772321164608,
            51.5126509219408
          ],
          [
            -0.04870749078691006,
            51.51279819197953
          ],
          [
            -0.04875786602497101,
            51.51293548755348
          ],
          [
            -0.04877001978456974,
            51.51308611035347
          ],
          [
            -0.04873582161962986,
            51.51325701735914
          ],
          [
            -0.04870329983532429,
            51.51340034790337
          ],
          [
            -0.048876386135816574,
            51.51348877698183
          ],
          [
            -0.04862266592681408,
            51.51348718442023
          ],
          [
            -0.04843549802899361,
            51.513584246858954
          ],
          [
            -0.04839099012315273,
            51.51376177556813
          ],
          [
            -0.04839610308408737,
            51.513933101668954
          ],
          [
            -0.04843851551413536,
            51.51406662538648
          ],
          [
            -0.04845854826271534,
            51.51420442387462
          ],
          [
            -0.04847749136388302,
            51.51433987542987
          ],
          [
            -0.048502301797270775,
            51.514475578442216
          ],
          [
            -0.04856491461396217,
            51.51461446657777
          ],
          [
            -0.048780832439661026,
            51.514663668349385
          ],
          [
            -0.048999181017279625,
            51.51467029005289
          ],
          [
            -0.04916916601359844,
            51.51467515155673
          ]
        ]
      },
      "properties": {
        "name": "2023-09-29 (Fri) 17:45",
        "source_file": "2023-09-29-164538-ELEMNT_ROAM_A974-56-0.fit",
        "date": "2023-09-29T16:45:38",
        "sport": "cycling",
        "dropbox_id": "id:JY-PzzIM9pcAAAAAAAABAA"
      }
    }
  ]
}