{
  "type": "FeatureCollection",
  "features": [
    {
      "type": "Feature",
      "geometry": {
        "type": "LineString",
        "coordinates": [
          [
            -0.04910663701593876,
            51.51462175883353
          ],
          [
            -0.04888476803898811,
            51.51466375216842
          ],
          [
            -0.04867102950811386,
            51.514690574258566
          ],
          [
            -0.04844848997890949,
            51.51467909105122
          ],
          [
            -0.04835662432014942,
            51.514514554291964
          ],
          [
            -0.048361653462052345,
            51.514358231797814
          ],
          [
            -0.04836156964302063,
            51.51418657042086
          ],
          [
            -0.048318151384592056,
            51.5140413120389
          ],
          [
            -0.0482933409512043,
            51.51390049606562
          ],
          [
            -0.048328377306461334,
            51.51373260654509
          ],
          [
            -0.04831002093851566,
            51.513595562428236
          ],
          [
            -0.048531219363212585,
            51.513629760593176
          ],
          [
            -0.048747723922133446,
            51.51366027072072
          ],
          [
            -0.04870707169175148,
            51.513523645699024
          ],
          [
            -0.04877496510744095,
            51.513378554955125
          ],
          [
            -0.04878007806837559,
            51.51324084028602
          ],
          [
            -0.04871453158557415,
            51.51310471817851
          ],
          [
            -0.04870858043432236,
            51.512945210561156
          ],
          [
            -0.048665329813957214,
            51.51278469711542
          ],
          [
            -0.048635322600603104,
            51.51262057945132
          ],
          [
            -0.04859240725636482,
            51.51245034299791
          ],
          [
            -0.048565249890089035,
            51.51230223476887
          ],
          [
            -0.048534488305449486,
            51.51216619648039
          ],
          [
            -0.04846676252782345,
            51.51201012544334
          ],
          [
            -0.04844228737056255,
            51.511818431317806
          ],
          [
            -0.0484152976423502,
            51.51167828589678
          ],
          [
            -0.0483755674213171,
            51.51151425205171
          ],
          [
            -0.0483417883515358,
            51.511359019204974
          ],
          [
            -0.04856156185269356,
            51.51131400838494
          ],
          [
            -0.04883657209575176,
            51.5113371424377
          ],
          [
            -0.04910353571176529,
            51.51132607832551
          ],
          [
            -0.0493932981044054,
            51.5112887788564
          ],
          [
            -0.049671074375510216,
            51.51125407777727
          ],
          [
            -0.04993133246898651,
            51.511227590963244
          ],
          [
            -0.05017549730837345,
            51.511204708367586
          ],
          [
            -0.05041463300585747,
            51.51117419824004
          ],
          [
            -0.05065184086561203,
            51.5111468732357
          ],
          [
            -0.05087857134640217,
            51.511108819395304
          ],
          [
            -0.05110052414238453,
            51.511078141629696
          ],
          [
            -0.051326751708984375,
            51.51104863733053
          ],
          [
            -0.051572928205132484,
            51.51100228540599
          ],
          [
            -0.05181876942515373,
            51.51096045970917
          ],
          [
            -0.052056899294257164,
            51.51092575863004
          ],
          [
            -0.052292682230472565,
            51.51089407503605
          ],
          [
            -0.05254623480141163,
            51.510868426412344
          ],
          [
            -0.05279115401208401,
            51.51085300371051
          ],
          [
            -0.05303816869854927,
            51.510856272652745
          ],
          [
            -0.053286608308553696,
            51.510875383391976
          ],
          [
            -0.0535077229142189,
            51.51091268286109
          ],
          [
            -0.053748954087495804,
            51.51100077666342
          ],
          [
            -0.054024551063776016,
            51.51105056516826
          ],
          [
            -0.054238541051745415,
            51.511087361723185
          ],
          [
            -0.05447113886475563,
            51.5111228171736
          ],
          [
            -0.05473751574754715,
            51.51114628650248
          ],
          [
            -0.055016130208969116,
            51.5111693367362
          ],
          [
            -0.05524042993783951,
            51.51117327623069
          ],
          [
            -0.05547914654016495,
            51.51117327623069
          ],
          [
            -0.05571635439991951,
            51.51117704808712
          ],
          [
            -0.0559673085808754,
            51.511173360049725
          ],
          [
            -0.05621692165732384,
            51.51118090376258
          ],
          [
            -0.05643761716783047,
            51.51116179302335
          ],
          [
            -0.056683458387851715,
            51.511161625385284
          ],
          [
            -0.05695603787899017,
            51.5111693367362
          ],
          [
            -0.057184863835573196,
            51.51117327623069
          ],
          [
            -0.057417964562773705,
            51.51118090376258
          ],
          [
            -0.05765961483120918,
            51.51118090376258
          ],
          [
            -0.057909898459911346,
            51.51118107140064
          ],
          [
            -0.058157164603471756,
            51.511184675619006
          ],
          [
            -0.05840887315571308,
            51.51117361150682
          ],
          [
            -0.058673908933997154,
            51.511162128299475
          ],
          [
            -0.05893198773264885,
            51.51115416549146
          ],
          [
            -0.059174057096242905,
            51.51115802116692
          ],
          [
            -0.059399865567684174,
            51.51115802116692
          ],
          [
            -0.05963481031358242,
            51.511150393635035
          ],
          [
            -0.05985533818602562,
            51.511150393635035
          ],
          [
            -0.060077207162976265,
            51.51116531342268
          ],
          [
            -0.06034492515027523,
            51.511199343949556
          ],
          [
            -0.060590263456106186,
            51.51120018213987
          ],
          [
            -0.06080936640501022,
            51.51119255460799
          ],
          [
            -0.061088819056749344,
            51.511143017560244
          ],
          [
            -0.06131739355623722,
            51.51113513857126
          ],
          [
            -0.06156172603368759,
            51.51113513857126
          ],
          [
            -0.06182122975587845,
            51.511120134964585
          ],
          [
            -0.06208634935319424,
            51.511108400300145
          ],
          [
            -0.062336716800928116,
            51.51111586019397
          ],
          [
            -0.06258968263864517,
            51.51113077998161
          ],
          [
            -0.06283946335315704,
            51.511149890720844
          ],
          [
            -0.06309016607701778,
            51.51116916909814
          ],
          [
            -0.06333349272608757,
            51.511158188804984
          ],
          [
            -0.06356382742524147,
            51.51116154156625
          ],
          [
            -0.06378946825861931,
            51.51116179302335
          ],
          [
            -0.06401427090167999,
            51.51115802116692
          ],
          [
            -0.06424150429666042,
            51.51114293374121
          ],
          [
            -0.06448072381317616,
            51.5111315343529
          ],
          [
            -0.06473544985055923,
            51.511123990640044
          ],
          [
            -0.06499042734503746,
            51.51111636310816
          ],
          [
            -0.06525244563817978,
            51.51110127568245
          ],
          [
            -0.06550708785653114,
            51.51108962483704
          ],
          [
            -0.06577614694833755,
            51.51106674224138
          ],
          [
            -0.06603581830859184,
            51.51105148717761
          ],
          [
            -0.06629406474530697,
            51.511047380045056
          ],
          [
            -0.06653487682342529,
            51.511032627895474
          ],
          [
            -0.06676496006548405,
            51.51101385243237
          ],
          [
            -0.06700602360069752,
            51.51099088601768
          ],
          [
            -0.06724289618432522,
            51.510964231565595
          ],
          [
            -0.06746686063706875,
            51.510922238230705
          ],
          [
            -0.06768210791051388,
            51.51089910417795
          ],
          [
            -0.06796181201934814,
            51.510868426412344
          ],
          [
            -0.0682174600660801,
            51.51083800010383
          ],
          [
            -0.06847989745438099,
            51.51080715470016
          ],
          [
            -0.06873814389109612,
            51.510814698413014
          ],
          [
            -0.06902572698891163,
            51.510814698413014
          ],
          [
            -0.0692493561655283,
            51.51080338284373
          ],
          [
            -0.06945915520191193,
            51.51076558046043
          ],
          [
            -0.06967565976083279,
            51.51072752662003
          ],
          [
            -0.06988663226366043,
            51.51068947277963
          ],
          [
            -0.07016072049736977,
            51.51062836870551
          ],
          [
            -0.07038426585495472,
            51.51059743948281
          ],
          [
            -0.07059574127197266,
            51.51056734845042
          ],
          [
            -0.07081660442054272,
            51.51052912697196
          ],
          [
            -0.07106948643922806,
            51.51049786247313
          ],
          [
            -0.071346340700984,
            51.510505909100175
          ],
          [
            -0.07160022854804993,
            51.510502053424716
          ],
          [
            -0.07185361348092556,
            51.510490737855434
          ],
          [
            -0.07212367840111256,
            51.510456623509526
          ],
          [
            -0.07236306555569172,
            51.51042954996228
          ],
          [
            -0.07263178937137127,
            51.51038412004709
          ],
          [
            -0.07281174883246422,
            51.51030859909952
          ],
          [
            -0.0730539858341217,
            51.510262079536915
          ],
          [
            -0.07332036271691322,
            51.51024246588349
          ],
          [
            -0.0735777709633112,
            51.51024246588349
          ],
          [
            -0.07383073680102825,
            51.51023886166513
          ],
          [
            -0.07405931130051613,
            51.51023115031421
          ],
          [
            -0.07431261241436005,
            51.51022385805845
          ],
          [
            -0.07456876337528229,
            51.51016996242106
          ],
          [
            -0.07484192959964275,
            51.51015143841505
          ],
          [
            -0.07507368922233582,
            51.51009142398834
          ],
          [
            -0.07533101364970207,
            51.50997458025813
          ],
          [
            -0.07553955540060997,
            51.50988170877099
          ],
          [
            -0.07576469331979752,
            51.50980107486248
          ],
          [
            -0.07597709074616432,
            51.50974391028285
          ],
          [
            -0.07627188228070736,
            51.509678615257144
          ],
          [
            -0.07655317895114422,
            51.50962522253394
          ],
          [
            -0.07681419141590595,
            51.50957182981074
          ],
          [
            -0.0770709291100502,
            51.50954073294997
          ],
          [
            -0.07733521051704884,
            51.50952162221074
          ],
          [
            -0.07760896347463131,
            51.50950636714697
          ],
          [
            -0.07786964066326618,
            51.50950242765248
          ],
          [
            -0.07808631286025047,
            51.50953620672226
          ],
          [
            -0.07833056151866913,
            51.509597059339285
          ],
          [
            -0.07857983931899071,
            51.50965439155698
          ],
          [
            -0.07879667915403843,
            51.50966629385948
          ],
          [
            -0.07904553785920143,
            51.50968146510422
          ],
          [
            -0.0793040357530117,
            51.50969311594963
          ],
          [
            -0.07956555113196373,
            51.50970057584345
          ],
          [
            -0.0798327662050724,
            51.50973058305681
          ],
          [
            -0.08009805344045162,
            51.509772911667824
          ],
          [
            -0.0803761649876833,
            51.50976897217333
          ],
          [
            -0.0806119479238987,
            51.50966914370656
          ],
          [
            -0.08083406835794449,
            51.50953662581742
          ],
          [
            -0.08100883103907108,
            51.509446604177356
          ],
          [
            -0.08120915852487087,
            51.50937728583813
          ],
          [
            -0.0814227294176817,
            51.509323976933956
          ],
          [
            -0.0816596020013094,
            51.509281815961
          ],
          [
            -0.08189831860363483,
            51.50926614180207
          ],
          [
            -0.08214181289076805,
            51.5092733502388
          ],
          [
            -0.08237105794250965,
            51.50928458198905
          ],
          [
            -0.08259376510977745,
            51.509299920871854
          ],
          [
            -0.0829017162322998,
            51.50934954173863
          ],
          [
            -0.08311520330607891,
            51.50939463637769
          ],
          [
            -0.08332877419888973,
            51.50942539796233
          ],
          [
            -0.08364586159586906,
            51.509464122354984
          ],
          [
            -0.08394559845328331,
            51.509505696594715
          ],
          [
            -0.08424617350101471,
            51.50955875404179
          ],
          [
            -0.08456292562186718,
            51.50959379039705
          ],
          [
            -0.08478647097945213,
            51.509594125673175
          ],
          [
            -0.08508947677910328,
            51.509623881429434
          ],
          [
            -0.08537865243852139,
            51.509662605822086
          ],
          [
            -0.08559591136872768,
            51.50968532077968
          ],
          [
            -0.08584778755903244,
            51.50973418727517
          ],
          [
            -0.08608516305685043,
            51.50977676734328
          ],
          [
            -0.08630367927253246,
            51.50987885892391
          ],
          [
            -0.08659964427351952,
            51.509898975491524
          ],
          [
            -0.08688571862876415,
            51.50993677787483
          ],
          [
            -0.08712007664144039,
            51.50994507595897
          ],
          [
            -0.08740740828216076,
            51.509916074573994
          ],
          [
            -0.08764092810451984,
            51.509895622730255
          ],
          [
            -0.08790881372988224,
            51.5099673718214
          ],
          [
            -0.08816370740532875,
            51.51003576815128
          ],
          [
            -0.08841399103403091,
            51.51008790358901
          ],
          [
            -0.088668717071414,
            51.51015345007181
          ],
          [
            -0.08890961296856403,
            51.51020776480436
          ],
          [
            -0.08913240395486355,
            51.51027121581137
          ],
          [
            -0.08938461542129517,
            51.510329553857446
          ],
          [
            -0.08964043110609055,
            51.51040549390018
          ],
          [
            -0.08991384878754616,
            51.51045586913824
          ],
          [
            -0.09013311937451363,
            51.510486379265785
          ],
          [
            -0.09035088121891022,
            51.510492246598005
          ],
          [
            -0.09057518094778061,
            51.51047238148749
          ],
          [
            -0.09080140851438046,
            51.510456120595336
          ],
          [
            -0.09097449481487274,
            51.51054765097797
          ],
          [
            -0.09119770489633083,
            51.51063121855259
          ],
          [
            -0.09143466129899025,
            51.510642869398
          ],
          [
            -0.09171780198812485,
            51.51066198013723
          ],
          [
            -0.09201175533235073,
            51.51073297485709
          ],
          [
            -0.09229824878275394,
            51.510780081152916
          ],
          [
            -0.0925844069570303,
            51.51082224212587
          ],
          [
            -0.0928572379052639,
            51.5108897164464
          ],
          [
            -0.09313828311860561,
            51.51093598455191
          ],
          [
            -0.09340801276266575,
            51.511000860482454
          ],
          [
            -0.09367464110255241,
            51.511035561561584
          ],
          [
            -0.09393087588250637,
            51.51106204837561
          ],
          [
            -0.09420831687748432,
            51.5111037902534
          ],
          [
            -0.09447561576962471,
            51.51113488711417
          ],
          [
            -0.09475171566009521,
            51.511168917641044
          ],
          [
            -0.0950249657034874,
            51.51120345108211
          ],
          [
            -0.09526309557259083,
            51.51125282049179
          ],
          [
            -0.09550424292683601,
            51.51127243414521
          ],
          [
            -0.09572326205670834,
            51.511291209608316
          ],
          [
            -0.09601528756320477,
            51.511321887373924
          ],
          [
            -0.09628468193113804,
            51.511360025033355
          ],
          [
            -0.09655005298554897,
            51.51138659566641
          ],
          [
            -0.09681525640189648,
            51.51138701476157
          ],
          [
            -0.09709269739687443,
            51.51144384406507
          ],
          [
            -0.1018283050507307,
            51.511245695874095
          ],
          [
            -0.10204941965639591,
            51.51121577247977
          ],
          [
            -0.10230825282633305,
            51.51117059402168
          ],
          [
            -0.10257999412715435,
            51.51114284992218
          ],
          [
            -0.10287394747138023,
            51.51110177859664
          ],
          [
            -0.10315482504665852,
            51.51113413274288
          ],
          [
            -0.10338474065065384,
            51.511198841035366
          ],
          [
            -0.10361306369304657,
            51.51123748160899
          ],
          [
            -0.10391950607299805,
            51.511200685054064
          ],
          [
            -0.10413005948066711,
            51.511167073622346
          ],
          [
            -0.10440909303724766,
            51.51117310859263
          ],
          [
            -0.10464873164892197,
            51.51118576526642
          ],
          [
            -0.10488694533705711,
            51.5111886151135
          ],
          [
            -0.10518735274672508,
            51.51114318519831
          ],
          [
            -0.10548021644353867,
            51.51111988350749
          ],
          [
            -0.10573435574769974,
            51.51111988350749
          ],
          [
            -0.10597734712064266,
            51.51111602783203
          ],
          [
            -0.10620743036270142,
            51.51111217215657
          ],
          [
            -0.10643902234733105,
            51.511108400300145
          ],
          [
            -0.10667329654097557,
            51.511093312874436
          ],
          [
            -0.10691385716199875,
            51.51109314523637
          ],
          [
            -0.1071564294397831,
            51.5110969170928
          ],
          [
            -0.1073845848441124,
            51.51110814884305
          ],
          [
            -0.10761994868516922,
            51.51113463565707
          ],
          [
            -0.10784617625176907,
            51.51115022599697
          ],
          [
            -0.10800786316394806,
            51.51101930066943
          ],
          [
            -0.10821908712387085,
            51.51095610111952
          ],
          [
            -0.10845336131751537,
            51.51095584966242
          ],
          [
            -0.10871102102100849,
            51.51095962151885
          ],
          [
            -0.10896214284002781,
            51.51095962151885
          ],
          [
            -0.1092011108994484,
            51.510963225737214
          ],
          [
            -0.10943035595119,
            51.51096347719431
          ],
          [
            -0.10966932401061058,
            51.51095962151885
          ],
          [
            -0.1099193561822176,
            51.51096314191818
          ],
          [
            -0.11016419157385826,
            51.51096347719431
          ],
          [
            -0.11041698977351189,
            51.51096347719431
          ],
          [
            -0.11067397892475128,
            51.51096347719431
          ],
          [
            -0.1109381765127182,
            51.51097093708813
          ],
          [
            -0.11119524948298931,
            51.5109708532691
          ],
          [
            -0.11144746094942093,
            51.5109674166888
          ],
          [
            -0.11169665493071079,
            51.510967249050736
          ],
          [
            -0.1119471900165081,
            51.51096347719431
          ],
          [
            -0.11220568791031837,
            51.51095232926309
          ],
          [
            -0.11247214861214161,
            51.51092190295458
          ],
          [
            -0.11271773837506771,
            51.51090295985341
          ],
          [
            -0.11296726763248444,
            51.51087990961969
          ],
          [
            -0.11323532089591026,
            51.51084956713021
          ],
          [
            -0.11349080130457878,
            51.510819057002664
          ],
          [
            -0.11374393478035927,
            51.51079240255058
          ],
          [
            -0.11398985981941223,
            51.51075820438564
          ],
          [
            -0.11423704214394093,
            51.51072735898197
          ],
          [
            -0.11449092999100685,
            51.51069316081703
          ],
          [
            -0.11473920196294785,
            51.51065125130117
          ],
          [
            -0.1149627473205328,
            51.510616885498166
          ],
          [
            -0.1151936687529087,
            51.510582184419036
          ],
          [
            -0.11534278281033039,
            51.51069961488247
          ],
          [
            -0.11536549776792526,
            51.51085903868079
          ],
          [
            -0.11522769927978516,
            51.51098946109414
          ],
          [
            -0.11504782363772392,
            51.51107302866876
          ],
          [
            -0.11505645699799061,
            51.51123278774321
          ],
          [
            -0.11510565876960754,
            51.51138123124838
          ],
          [
            -0.11515854857861996,
            51.51152313686907
          ],
          [
            -0.11522149667143822,
            51.51165347546339
          ],
          [
            -0.1152573712170124,
            51.51178792119026
          ],
          [
            -0.11531445197761059,
            51.511919936165214
          ],
          [
            -0.11543205007910728,
            51.51207206770778
          ],
          [
            -0.11550631374120712,
            51.512232245877385
          ],
          [
            -0.1155644841492176,
            51.512370463460684
          ],
          [
            -0.11558996513485909,
            51.512416396290064
          ]
        ]
      },
      "properties": {
        "name": "2024-02-01 (Thu) 09:55",
        "source_file": "2024-02-01-095540-ELEMNT_ROAM_A974-111-0.fit",
        "date": "2024-02-01T09:55:41",
        "sport": "cycling",
        "dropbox_id": "id:JY-PzzIM9pcAAAAAAAAApA"
      }
    },
    {
      "type": "Feature",
      "geometry": {
        "type": "LineString",
        "coordinates": [
          [
            -0.04911334253847599,
            51.51467129588127
          ],
          [
            -0.048860376700758934,
            51.514684623107314
          ],
          [
            -0.048640770837664604,
            51.514701806008816
          ],
          [
            -0.0484283734112978,
            51.51463508605957
          ],
          [
            -0.04838285967707634,
            51.5144747402519
          ],
          [
            -0.0483537744730711,
            51.514322524890304
          ],
          [
            -0.048315804451704025,
            51.514152539893985
          ],
          [
            -0.048270458355546,
            51.513982973992825
          ],
          [
            -0.048276325687766075,
            51.513830004259944
          ],
          [
            -0.0483238510787487,
            51.51369455270469
          ],
          [
            -0.048510683700442314,
            51.51361735537648
          ],
          [
            -0.048732468858361244,
            51.51365046389401
          ],
          [
            -0.04865753464400768,
            51.51351752690971
          ],
          [
            -0.04866247996687889,
            51.5133763756603
          ],
          [
            -0.04869198426604271,
            51.51320982724428
          ],
          [
            -0.048681674525141716,
            51.51306699961424
          ],
          [
            -0.04866717383265495,
            51.51290380395949
          ],
          [
            -0.048616714775562286,
            51.51273130439222
          ],
          [
            -0.04858754575252533,
            51.51259208098054
          ],
          [
            -0.04856717772781849,
            51.51245126500726
          ],
          [
            -0.04854479804635048,
            51.51230324059725
          ],
          [
            -0.04849257878959179,
            51.512150187045336
          ],
          [
            -0.048469528555870056,
            51.5120139811188
          ],
          [
            -0.0484207458794117,
            51.511866794899106
          ],
          [
            -0.04839509725570679,
            51.511729918420315
          ],
          [
            -0.04835469648241997,
            51.511564711108804
          ],
          [
            -0.04835670813918114,
            51.51142758317292
          ],
          [
            -0.04858369007706642,
            51.51134770363569
          ],
          [
            -0.048843780532479286,
            51.51135633699596
          ],
          [
            -0.049127088859677315,
            51.51133446022868
          ],
          [
            -0.049408385530114174,
            51.51131643913686
          ],
          [
            -0.04969068802893162,
            51.51128986850381
          ],
          [
            -0.049973493441939354,
            51.51126195676625
          ],
          [
            -0.05024808458983898,
            51.51123907417059
          ],
          [
            -0.05046257749199867,
            51.511218287050724
          ],
          [
            -0.050738006830215454,
            51.51118299923837
          ],
          [
            -0.05101318471133709,
            51.51114100590348
          ],
          [
            -0.05129632540047169,
            51.51111141778529
          ],
          [
            -0.051576029509305954,
            51.51106280274689
          ],
          [
            -0.051792701706290245,
            51.51103128679097
          ],
          [
            -0.05200526677072048,
            51.51099591515958
          ],
          [
            -0.05222713574767113,
            51.51096649467945
          ],
          [
            -0.05245286040008068,
            51.51093891821802
          ],
          [
            -0.05268135108053684,
            51.51092634536326
          ],
          [
            -0.05290430970489979,
            51.510928105562925
          ],
          [
            -0.05316624417901039,
            51.5109433606267
          ],
          [
            -0.05339205265045166,
            51.510978480800986
          ],
          [
            -0.053605539724230766,
            51.511050229892135
          ],
          [
            -0.05385615862905979,
            51.51110504753888
          ],
          [
            -0.05409948527812958,
            51.51114083826542
          ],
          [
            -0.054332418367266655,
            51.511178808286786
          ],
          [
            -0.05455688573420048,
            51.511202696710825
          ],
          [
            -0.054802391678094864,
            51.51122088544071
          ],
          [
            -0.05503574386239052,
            51.511212419718504
          ],
          [
            -0.05529968999326229,
            51.51121040806174
          ],
          [
            -0.055574532598257065,
            51.51121141389012
          ],
          [
            -0.055859098210930824,
            51.51121904142201
          ],
          [
            -0.05613846704363823,
            51.51122381910682
          ],
          [
            -0.056397635489702225,
            51.51122557930648
          ],
          [
            -0.056635597720742226,
            51.511226668953896
          ],
          [
            -0.05690239369869232,
            51.51123320683837
          ],
          [
            -0.05712015554308891,
            51.511222226545215
          ],
          [
            -0.05734194070100784,
            51.511212503537536
          ],
          [
            -0.057570431381464005,
            51.51121409609914
          ],
          [
            -0.05779825150966644,
            51.51121518574655
          ],
          [
            -0.05802188068628311,
            51.51120722293854
          ],
          [
            -0.058243079110980034,
            51.51119993068278
          ],
          [
            -0.0585260521620512,
            51.51120646856725
          ],
          [
            -0.058794356882572174,
            51.5112179517746
          ],
          [
            -0.059068696573376656,
            51.51121417991817
          ],
          [
            -0.05933842621743679,
            51.5112179517746
          ],
          [
            -0.05958627909421921,
            51.51125122793019
          ],
          [
            -0.05985190160572529,
            51.51125164702535
          ],
          [
            -0.0600703340023756,
            51.51123161427677
          ],
          [
            -0.060289688408374786,
            51.5112316980958
          ],
          [
            -0.06051432341337204,
            51.5112369786948
          ],
          [
            -0.06080232560634613,
            51.51122490875423
          ],
          [
            -0.06103106774389744,
            51.511207139119506
          ],
          [
            -0.061257630586624146,
            51.51120261289179
          ],
          [
            -0.0614942517131567,
            51.51121141389012
          ],
          [
            -0.061722323298454285,
            51.51121417991817
          ],
          [
            -0.06195039488375187,
            51.511235972866416
          ],
          [
            -0.062176454812288284,
            51.511229099705815
          ],
          [
            -0.062412070110440254,
            51.51122926734388
          ],
          [
            -0.06264123134315014,
            51.51124854572117
          ],
          [
            -0.06287324242293835,
            51.51125332340598
          ],
          [
            -0.0630967877805233,
            51.51125332340598
          ],
          [
            -0.06338286213576794,
            51.51124837808311
          ],
          [
            -0.06360129453241825,
            51.51125223375857
          ],
          [
            -0.06381947547197342,
            51.51125332340598
          ],
          [
            -0.06403631530702114,
            51.51124435476959
          ],
          [
            -0.06425759755074978,
            51.511232955381274
          ],
          [
            -0.06448893807828426,
            51.51123044081032
          ],
          [
            -0.06472237408161163,
            51.51121744886041
          ],
          [
            -0.06494767963886261,
            51.511210072785616
          ],
          [
            -0.06517784669995308,
            51.51119993068278
          ],
          [
            -0.06540860049426556,
            51.51118962094188
          ],
          [
            -0.06563449278473854,
            51.511170510202646
          ],
          [
            -0.06591956131160259,
            51.51115257292986
          ],
          [
            -0.0661390833556652,
            51.51112977415323
          ],
          [
            -0.06636170670390129,
            51.51111711747944
          ],
          [
            -0.06660033948719501,
            51.51109633035958
          ],
          [
            -0.06684106774628162,
            51.51107235811651
          ],
          [
            -0.06707333028316498,
            51.51105718687177
          ],
          [
            -0.067312465980649,
            51.51104084216058
          ],
          [
            -0.06752754561603069,
            51.51101133786142
          ],
          [
            -0.06779149174690247,
            51.51100262068212
          ],
          [
            -0.06803314201533794,
            51.51098367758095
          ],
          [
            -0.06826356053352356,
            51.51095090433955
          ],
          [
            -0.06849657744169235,
            51.51093405671418
          ],
          [
            -0.06871551275253296,
            51.510922657325864
          ],
          [
            -0.06896127015352249,
            51.510895416140556
          ],
          [
            -0.06922177970409393,
            51.51085987687111
          ],
          [
            -0.06947952322661877,
            51.510815285146236
          ],
          [
            -0.06972427479922771,
            51.510762982070446
          ],
          [
            -0.06996273994445801,
            51.51070883497596
          ],
          [
            -0.07020413875579834,
            51.51066826656461
          ],
          [
            -0.0704462081193924,
            51.510637421160936
          ],
          [
            -0.07068551145493984,
            51.51060045696795
          ],
          [
            -0.07091710343956947,
            51.510569946840405
          ],
          [
            -0.07113084197044373,
            51.510530803352594
          ],
          [
            -0.07136411033570766,
            51.51050113141537
          ],
          [
            -0.07159779779613018,
            51.5104615688324
          ],
          [
            -0.07184263318777084,
            51.5104097686708
          ],
          [
            -0.07208654657006264,
            51.5103717148304
          ],
          [
            -0.07232777774333954,
            51.51032569818199
          ],
          [
            -0.07250279188156128,
            51.51023215614259
          ],
          [
            -0.07273698225617409,
            51.51019209064543
          ],
          [
            -0.07296312600374222,
            51.51015588082373
          ],
          [
            -0.07324609905481339,
            51.510158563032746
          ],
          [
            -0.07347475737333298,
            51.51016132906079
          ],
          [
            -0.07369763217866421,
            51.51015034876764
          ],
          [
            -0.07395420223474503,
            51.51012419722974
          ],
          [
            -0.0741821900010109,
            51.51016996242106
          ],
          [
            -0.07442199625074863,
            51.510148169472814
          ],
          [
            -0.07465668953955173,
            51.510144397616386
          ],
          [
            -0.07487327791750431,
            51.51010299101472
          ],
          [
            -0.07509908638894558,
            51.51001204736531
          ],
          [
            -0.07533696480095387,
            51.50991833768785
          ],
          [
            -0.07559412159025669,
            51.50983426719904
          ],
          [
            -0.07585354149341583,
            51.50975966826081
          ],
          [
            -0.07612310349941254,
            51.509705018252134
          ],
          [
            -0.07638411596417427,
            51.509655732661486
          ],
          [
            -0.07662643678486347,
            51.50961340405047
          ],
          [
            -0.0768552627414465,
            51.50958113372326
          ],
          [
            -0.07711920887231827,
            51.509551629424095
          ],
          [
            -0.07737720385193825,
            51.509534027427435
          ],
          [
            -0.07761776447296143,
            51.50951609015465
          ],
          [
            -0.07786578498780727,
            51.50951273739338
          ],
          [
            -0.07807784713804722,
            51.50955473072827
          ],
          [
            -0.07833274081349373,
            51.509614158421755
          ],
          [
            -0.07853935472667217,
            51.50965925306082
          ],
          [
            -0.07876482792198658,
            51.50968171656132
          ],
          [
            -0.0790115911513567,
            51.50969311594963
          ],
          [
            -0.07928567938506603,
            51.509699653834105
          ],
          [
            -0.07955490611493587,
            51.50971013121307
          ],
          [
            -0.07980896160006523,
            51.509753968566656
          ],
          [
            -0.08004826493561268,
            51.50982052087784
          ],
          [
            -0.08022495545446873,
            51.5099139790982
          ],
          [
            -0.08045705035328865,
            51.509865866973996
          ],
          [
            -0.08066492155194283,
            51.50977819226682
          ],
          [
            -0.08089969865977764,
            51.50969076901674
          ],
          [
            -0.08117948658764362,
            51.50958649814129
          ],
          [
            -0.08138484321534634,
            51.509541403502226
          ],
          [
            -0.08159707300364971,
            51.5095014218241
          ],
          [
            -0.08190443739295006,
            51.50948331691325
          ],
          [
            -0.08220677264034748,
            51.50949362665415
          ],
          [
            -0.08248580619692802,
            51.509510055184364
          ],
          [
            -0.08275117725133896,
            51.50952145457268
          ],
          [
            -0.08302551694214344,
            51.50954584591091
          ],
          [
            -0.0832888763397932,
            51.50958281010389
          ],
          [
            -0.08355877362191677,
            51.50962228886783
          ],
          [
            -0.08383428677916527,
            51.50964944623411
          ],
          [
            -0.08409932255744934,
            51.509689847007394
          ],
          [
            -0.08436762727797031,
            51.50970619171858
          ],
          [
            -0.08463534526526928,
            51.50973184034228
          ],
          [
            -0.08491337299346924,
            51.50975958444178
          ],
          [
            -0.08518930524587631,
            51.509785233065486
          ],
          [
            -0.0854544248431921,
            51.50981213897467
          ],
          [
            -0.08567830547690392,
            51.509827226400375
          ],
          [
            -0.08591744117438793,
            51.50986636988819
          ],
          [
            -0.08611341007053852,
            51.50994750671089
          ],
          [
            -0.08634609170258045,
            51.509997295215726
          ],
          [
            -0.08659268729388714,
            51.51005353778601
          ],
          [
            -0.08681564591825008,
            51.51011095382273
          ],
          [
            -0.08709333837032318,
            51.51013568043709
          ],
          [
            -0.0874103419482708,
            51.510149762034416
          ],
          [
            -0.08770563639700413,
            51.510190749540925
          ],
          [
            -0.0879804790019989,
            51.510234167799354
          ],
          [
            -0.08824769407510757,
            51.51027599349618
          ],
          [
            -0.08850577287375927,
            51.51032770983875
          ],
          [
            -0.08875555358827114,
            51.51039325632155
          ],
          [
            -0.08900340646505356,
            51.5104597248137
          ],
          [
            -0.0892361719161272,
            51.510549411177635
          ],
          [
            -0.08947312831878662,
            51.510624680668116
          ],
          [
            -0.08970069698989391,
            51.510694082826376
          ],
          [
            -0.08992860093712807,
            51.510735992342234
          ],
          [
            -0.09020721539855003,
            51.510777566581964
          ],
          [
            -0.0905141606926918,
            51.51079969480634
          ],
          [
            -0.09082102216780186,
            51.51082182303071
          ],
          [
            -0.09112796746194363,
            51.51084386743605
          ],
          [
            -0.0914349127560854,
            51.510865995660424
          ],
          [
            -0.09171495214104652,
            51.51090061292052
          ],
          [
            -0.0919636432081461,
            51.51095073670149
          ],
          [
            -0.09221493266522884,
            51.51094436645508
          ],
          [
            -0.09245063178241253,
            51.51093355379999
          ],
          [
            -0.09268557652831078,
            51.51095031760633
          ],
          [
            -0.09292328730225563,
            51.510994071140885
          ],
          [
            -0.09315932169556618,
            51.51103866286576
          ],
          [
            -0.09340843185782433,
            51.51107671670616
          ],
          [
            -0.09366944432258606,
            51.51110479608178
          ],
          [
            -0.09393774904310703,
            51.511137653142214
          ],
          [
            -0.09420965798199177,
            51.51115165092051
          ],
          [
            -0.09449020028114319,
            51.51115810498595
          ],
          [
            -0.09477401152253151,
            51.511193895712495
          ],
          [
            -0.09501163847744465,
            51.5112229809165
          ],
          [
            -0.09524809196591377,
            51.51128643192351
          ],
          [
            -0.09548488073050976,
            51.51131761260331
          ],
          [
            -0.0958020519465208,
            51.511352732777596
          ],
          [
            -0.09608544409275055,
            51.51137041859329
          ],
          [
            -0.09634578600525856,
            51.51138307526708
          ],
          [
            -0.09661165997385979,
            51.51139698922634
          ],
          [
            -0.09686772711575031,
            51.51142054237425
          ],
          [
            -0.09710879065096378,
            51.511467983946204
          ],
          [
            -0.10165002197027206,
            51.51119993068278
          ],
          [
            -0.10188018903136253,
            51.51114276610315
          ],
          [
            -0.10212351568043232,
            51.51113245636225
          ],
          [
            -0.1023559458553791,
            51.511110663414
          ],
          [
            -0.10262215510010719,
            51.51108576916158
          ],
          [
            -0.1029287651181221,
            51.511066406965256
          ],
          [
            -0.10320193134248257,
            51.51107403449714
          ],
          [
            -0.1034999918192625,
            51.51107428595424
          ],
          [
            -0.10372395627200603,
            51.51108711026609
          ],
          [
            -0.1039426401257515,
            51.51109314523637
          ],
          [
            -0.10421857237815857,
            51.51111636310816
          ],
          [
            -0.10444295592606068,
            51.51111602783203
          ],
          [
            -0.10469759814441204,
            51.51110043749213
          ],
          [
            -0.1049587782472372,
            51.51109549216926
          ],
          [
            -0.10526622645556927,
            51.51108811609447
          ],
          [
            -0.10552246123552322,
            51.511082919314504
          ],
          [
            -0.10577584616839886,
            51.51109054684639
          ],
          [
            -0.10602034628391266,
            51.511089289560914
          ],
          [
            -0.10626208037137985,
            51.5110918879509
          ],
          [
            -0.10650590993463993,
            51.5110969170928
          ],
          [
            -0.10675795376300812,
            51.511108400300145
          ],
          [
            -0.1070285215973854,
            51.51111217215657
          ],
          [
            -0.10727302171289921,
            51.51112508028746
          ],
          [
            -0.10750050656497478,
            51.51114419102669
          ],
          [
            -0.10772245936095715,
            51.511156763881445
          ],
          [
            -0.1079721562564373,
            51.51114628650248
          ],
          [
            -0.10801289230585098,
            51.51099641807377
          ],
          [
            -0.10825060307979584,
            51.51098635978997
          ],
          [
            -0.10847926139831543,
            51.51098635978997
          ],
          [
            -0.10871848091483116,
            51.51098635978997
          ],
          [
            -0.10895166546106339,
            51.51098510250449
          ],
          [
            -0.10917864739894867,
            51.51098635978997
          ],
          [
            -0.10940554551780224,
            51.51098635978997
          ],
          [
            -0.10963705368340015,
            51.51098895817995
          ],
          [
            -0.10987241752445698,
            51.510993987321854
          ],
          [
            -0.11010442860424519,
            51.510990131646395
          ],
          [
            -0.11033174581825733,
            51.510990131646395
          ],
          [
            -0.11056291870772839,
            51.51099273003638
          ],
          [
            -0.11079107411205769,
            51.511000357568264
          ],
          [
            -0.11103272438049316,
            51.51100161485374
          ],
          [
            -0.11126674711704254,
            51.51100161485374
          ],
          [
            -0.11148844845592976,
            51.51100161485374
          ],
          [
            -0.11171601712703705,
            51.510995076969266
          ],
          [
            -0.11197267100214958,
            51.510990131646395
          ],
          [
            -0.11225832626223564,
            51.510962303727865
          ],
          [
            -0.11253886856138706,
            51.51094822213054
          ],
          [
            -0.1128070056438446,
            51.510929111391306
          ],
          [
            -0.11306458152830601,
            51.51090103201568
          ],
          [
            -0.11334529146552086,
            51.510860128328204
          ],
          [
            -0.11356372386217117,
            51.51083615608513
          ],
          [
            -0.11384007520973682,
            51.51080824434757
          ],
          [
            -0.11409941129386425,
            51.510782930999994
          ],
          [
            -0.11437534354627132,
            51.510748313739896
          ],
          [
            -0.11460006237030029,
            51.51071512140334
          ],
          [
            -0.11480969376862049,
            51.51067706756294
          ],
          [
            -0.11504371650516987,
            51.51064429432154
          ],
          [
            -0.11526592075824738,
            51.51063800789416
          ],
          [
            -0.11535946279764175,
            51.5107879601419
          ],
          [
            -0.11531596072018147,
            51.51093816384673
          ],
          [
            -0.11516030877828598,
            51.51104821823537
          ],
          [
            -0.11505402624607086,
            51.51118735782802
          ],
          [
            -0.1151027251034975,
            51.511337561532855
          ],
          [
            -0.11520104482769966,
            51.511482652276754
          ],
          [
            -0.11526835151016712,
            51.51163402944803
          ],
          [
            -0.11532995849847794,
            51.51178942993283
          ],
          [
            -0.1153934933245182,
            51.511934185400605
          ],
          [
            -0.11545082554221153,
            51.51209176518023
          ],
          [
            -0.11552123352885246,
            51.51224800385535
          ],
          [
            -0.11559323407709599,
            51.51238446123898
          ],
          [
            -0.11579691432416439,
            51.5124526899308
          ],
          [
            -0.11598408222198486,
            51.51253089308739
          ],
          [
            -0.11612263508141041,
            51.51264287531376
          ],
          [
            -0.11612146161496639,
            51.51278235018253
          ],
          [
            -0.11610126122832298,
            51.51281394995749
          ]
        ]
      },
      "properties": {
        "name": "2024-02-05 (Mon) 08:50",
        "source_file": "2024-02-05-085057-ELEMNT_ROAM_A974-112-0.fit",
        "date": "2024-02-05T08:50:58",
        "sport": "cycling",
        "dropbox_id": "id:JY-PzzIM9pcAAAAAAAAApQ"
      }
    },
    {
      "type": "Feature",
      "geometry": {
        "type": "LineString",
        "coordinates": [
          [
            -0.11572667397558689,
            51.512393932789564
          ],
          [
            -0.11561376973986626,
            51.51224414817989
          ],
          [
            -0.11552726849913597,
            51.51209922507405
          ],
          [
            -0.11543347500264645,
            51.511932592839
          ],
          [
            -0.11534529738128185,
            51.511782221496105
          ],
          [
            -0.11526742950081825,
            51.51165490038693
          ],
          [
            -0.11515251360833645,
            51.51151374913752
          ],
          [
            -0.1150357536971569,
            51.511358013376594
          ],
          [
            -0.11482587084174156,
            51.51129338890314
          ],
          [
            -0.11457751505076885,
            51.51129531674087
          ],
          [
            -0.11434768326580524,
            51.51130663231015
          ],
          [
            -0.11409597471356392,
            51.511325826868415
          ],
          [
            -0.11384175159037113,
            51.51134669780731
          ],
          [
            -0.11357394978404045,
            51.511331694200635
          ],
          [
            -0.113301957026124,
            51.51134108193219
          ],
          [
            -0.11303792707622051,
            51.511361030861735
          ],
          [
            -0.11279418133199215,
            51.511404030025005
          ],
          [
            -0.11252629570662975,
            51.51143797673285
          ],
          [
            -0.11229420080780983,
            51.511425487697124
          ],
          [
            -0.11215422302484512,
            51.51129975914955
          ],
          [
            -0.112112732604146,
            51.51115651242435
          ],
          [
            -0.11206286028027534,
            51.51102206669748
          ],
          [
            -0.11182372458279133,
            51.511009158566594
          ],
          [
            -0.1115850917994976,
            51.51104159653187
          ],
          [
            -0.11135903187096119,
            51.51105685159564
          ],
          [
            -0.11113112792372704,
            51.511064479127526
          ],
          [
            -0.11089878156781197,
            51.511064479127526
          ],
          [
            -0.11064045131206512,
            51.51106263510883
          ],
          [
            -0.11039645411074162,
            51.51105877943337
          ],
          [
            -0.11008481495082378,
            51.511034052819014
          ],
          [
            -0.10979077778756618,
            51.51100739836693
          ],
          [
            -0.10951593518257141,
            51.51099968701601
          ],
          [
            -0.10926908813416958,
            51.51097487658262
          ],
          [
            -0.10903322137892246,
            51.51097487658262
          ],
          [
            -0.10879333131015301,
            51.51097672060132
          ],
          [
            -0.10855712927877903,
            51.51097487658262
          ],
          [
            -0.10829184204339981,
            51.51097487658262
          ],
          [
            -0.10806921869516373,
            51.51098242029548
          ],
          [
            -0.10803342796862125,
            51.51112365536392
          ],
          [
            -0.10780736804008484,
            51.511148465797305
          ],
          [
            -0.10754023678600788,
            51.51113706640899
          ],
          [
            -0.107257766649127,
            51.511129355058074
          ],
          [
            -0.10697873309254646,
            51.51113513857126
          ],
          [
            -0.10669626295566559,
            51.51112566702068
          ],
          [
            -0.10641287080943584,
            51.511108400300145
          ],
          [
            -0.10618756525218487,
            51.51110655628145
          ],
          [
            -0.10593828745186329,
            51.511095156893134
          ],
          [
            -0.10566721670329571,
            51.51108752936125
          ],
          [
            -0.10537351481616497,
            51.51108367368579
          ],
          [
            -0.10506254620850086,
            51.51108166202903
          ],
          [
            -0.10475928895175457,
            51.51110236532986
          ],
          [
            -0.10444840416312218,
            51.51112977415323
          ],
          [
            -0.10422603227198124,
            51.51114326901734
          ],
          [
            -0.10393660515546799,
            51.51113706640899
          ],
          [
            -0.10371331125497818,
            51.511120051145554
          ],
          [
            -0.10342069901525974,
            51.51109490543604
          ],
          [
            -0.10318399406969547,
            51.511127511039376
          ],
          [
            -0.10289917699992657,
            51.51115986518562
          ],
          [
            -0.10266515426337719,
            51.51117327623069
          ],
          [
            -0.10242241434752941,
            51.511184675619006
          ],
          [
            -0.1021696999669075,
            51.51117151603103
          ],
          [
            -0.10194615460932255,
            51.51116179302335
          ],
          [
            -0.1017221063375473,
            51.51116564869881
          ],
          [
            -0.10154751129448414,
            51.51128911413252
          ],
          [
            -0.10147282853722572,
            51.51143244467676
          ],
          [
            -0.09617337025702,
            51.511249551549554
          ],
          [
            -0.09597631171345711,
            51.51116908527911
          ],
          [
            -0.09570716880261898,
            51.511189034208655
          ],
          [
            -0.09547742083668709,
            51.51125114411116
          ],
          [
            -0.09520811028778553,
            51.51128257624805
          ],
          [
            -0.09499697014689445,
            51.51131870225072
          ],
          [
            -0.09476328268647194,
            51.51137477718294
          ],
          [
            -0.09454065933823586,
            51.51140042580664
          ],
          [
            -0.09427218697965145,
            51.51143487542868
          ],
          [
            -0.09405157528817654,
            51.51141886599362
          ],
          [
            -0.09382534772157669,
            51.51136706583202
          ],
          [
            -0.09361269883811474,
            51.51132322847843
          ],
          [
            -0.09337515570223331,
            51.51129154488444
          ],
          [
            -0.09314792230725288,
            51.51127126067877
          ],
          [
            -0.09293979965150356,
            51.51117009110749
          ],
          [
            -0.09272631257772446,
            51.51108275167644
          ],
          [
            -0.09249723516404629,
            51.51101041585207
          ],
          [
            -0.09226354770362377,
            51.510927602648735
          ],
          [
            -0.09202600456774235,
            51.510851327329874
          ],
          [
            -0.0917915627360344,
            51.51078628376126
          ],
          [
            -0.09155410341918468,
            51.51073741726577
          ],
          [
            -0.09130239486694336,
            51.51070782914758
          ],
          [
            -0.09106535464525223,
            51.510749319568276
          ],
          [
            -0.09077584370970726,
            51.51073884218931
          ],
          [
            -0.09048247709870338,
            51.5106756426394
          ],
          [
            -0.0901890266686678,
            51.51061235927045
          ],
          [
            -0.08989566005766392,
            51.51054907590151
          ],
          [
            -0.08960229344666004,
            51.51048579253256
          ],
          [
            -0.08937187492847443,
            51.51043390855193
          ],
          [
            -0.08916869759559631,
            51.51035805232823
          ],
          [
            -0.08894741535186768,
            51.510305078700185
          ],
          [
            -0.0887253787368536,
            51.51023316197097
          ],
          [
            -0.08850225247442722,
            51.51015345007181
          ],
          [
            -0.08835104294121265,
            51.51004767045379
          ],
          [
            -0.08826085366308689,
            51.509910710155964
          ],
          [
            -0.08805574849247932,
            51.509836530312896
          ],
          [
            -0.08780462667346,
            51.50982663966715
          ],
          [
            -0.08754570968449116,
            51.50981976650655
          ],
          [
            -0.08727346546947956,
            51.50984952226281
          ],
          [
            -0.08703131228685379,
            51.509884810075164
          ],
          [
            -0.08678429760038853,
            51.509896628558636
          ],
          [
            -0.08652051910758018,
            51.50982839986682
          ],
          [
            -0.08629563264548779,
            51.50976084172726
          ],
          [
            -0.08609438315033913,
            51.50969454087317
          ],
          [
            -0.08584443479776382,
            51.509652296081185
          ],
          [
            -0.08560823276638985,
            51.509593622758985
          ],
          [
            -0.08534671738743782,
            51.50953914038837
          ],
          [
            -0.08507933467626572,
            51.50947954505682
          ],
          [
            -0.0848070066422224,
            51.50944199413061
          ],
          [
            -0.08454079739749432,
            51.509412322193384
          ],
          [
            -0.08428305387496948,
            51.50935691781342
          ],
          [
            -0.08400879800319672,
            51.50931836105883
          ],
          [
            -0.08374367840588093,
            51.50929003022611
          ],
          [
            -0.08349012583494186,
            51.50925541296601
          ],
          [
            -0.08325115777552128,
            51.509218867868185
          ],
          [
            -0.08300757966935635,
            51.5091903693974
          ],
          [
            -0.08275696076452732,
            51.50916036218405
          ],
          [
            -0.08250600658357143,
            51.509116273373365
          ],
          [
            -0.08223820477724075,
            51.509107975289226
          ],
          [
            -0.08198129944503307,
            51.509108897298574
          ],
          [
            -0.08174601942300797,
            51.509122559800744
          ],
          [
            -0.08152976632118225,
            51.50914493948221
          ],
          [
            -0.08128308691084385,
            51.50919506326318
          ],
          [
            -0.08105350658297539,
            51.50924191810191
          ],
          [
            -0.08086273446679115,
            51.50933101773262
          ],
          [
            -0.08066668175160885,
            51.50941617786884
          ],
          [
            -0.08044003508985043,
            51.50950896553695
          ],
          [
            -0.08022889494895935,
            51.509590689092875
          ],
          [
            -0.08000141009688377,
            51.50965212844312
          ],
          [
            -0.07971340790390968,
            51.50968121364713
          ],
          [
            -0.07945314981043339,
            51.50969311594963
          ],
          [
            -0.07920848205685616,
            51.50968766771257
          ],
          [
            -0.07896238937973976,
            51.509683979675174
          ],
          [
            -0.07872618734836578,
            51.50967249646783
          ],
          [
            -0.07848881185054779,
            51.50965405628085
          ],
          [
            -0.07828228175640106,
            51.50959203019738
          ],
          [
            -0.0780559703707695,
            51.509534530341625
          ],
          [
            -0.0777929462492466,
            51.50949480012059
          ],
          [
            -0.07750117219984531,
            51.50951717980206
          ],
          [
            -0.07722465321421623,
            51.50952681899071
          ],
          [
            -0.0769592821598053,
            51.50954358279705
          ],
          [
            -0.07670455612242222,
            51.509574092924595
          ],
          [
            -0.07644505240023136,
            51.50961038656533
          ],
          [
            -0.07617616094648838,
            51.50965405628085
          ],
          [
            -0.07591405883431435,
            51.50969948619604
          ],
          [
            -0.07566704414784908,
            51.509765116497874
          ],
          [
            -0.07544685155153275,
            51.509839883074164
          ],
          [
            -0.07524375803768635,
            51.509907776489854
          ],
          [
            -0.07505441084504128,
            51.509980699047446
          ],
          [
            -0.07482524961233139,
            51.51002059690654
          ],
          [
            -0.07455870509147644,
            51.510025039315224
          ],
          [
            -0.0743254367262125,
            51.51003350503743
          ],
          [
            -0.07409786805510521,
            51.5100815333426
          ],
          [
            -0.07385504432022572,
            51.510116904973984
          ],
          [
            -0.07363082841038704,
            51.51013568043709
          ],
          [
            -0.0733709055930376,
            51.51011195965111
          ],
          [
            -0.07308759726583958,
            51.51011514477432
          ],
          [
            -0.07281241938471794,
            51.510163340717554
          ],
          [
            -0.07254838943481445,
            51.51018840260804
          ],
          [
            -0.07228410802781582,
            51.510215224698186
          ],
          [
            -0.0720122829079628,
            51.510243471711874
          ],
          [
            -0.07173903286457062,
            51.51027993299067
          ],
          [
            -0.07148271426558495,
            51.51031170040369
          ],
          [
            -0.07122731767594814,
            51.5103561244905
          ],
          [
            -0.07099312730133533,
            51.510410187765956
          ],
          [
            -0.0707413349300623,
            51.51046399958432
          ],
          [
            -0.07049038074910641,
            51.5105234272778
          ],
          [
            -0.07025300525128841,
            51.51058000512421
          ],
          [
            -0.07001437246799469,
            51.51063063181937
          ],
          [
            -0.06978252902626991,
            51.51067849248648
          ],
          [
            -0.06955915130674839,
            51.51071252301335
          ],
          [
            -0.06933619268238544,
            51.51075250469148
          ],
          [
            -0.06912387907505035,
            51.51079307310283
          ],
          [
            -0.06888776086270809,
            51.51082769036293
          ],
          [
            -0.06862817332148552,
            51.510846382007
          ],
          [
            -0.06838266737759113,
            51.51087898761034
          ],
          [
            -0.0680976826697588,
            51.5108947455883
          ],
          [
            -0.06785930134356022,
            51.51089265011251
          ],
          [
            -0.0676256138831377,
            51.51091167703271
          ],
          [
            -0.0673941895365715,
            51.51093229651451
          ],
          [
            -0.06716402247548103,
            51.51095291599631
          ],
          [
            -0.06692765280604362,
            51.51097437366843
          ],
          [
            -0.0667086336761713,
            51.510998932644725
          ],
          [
            -0.06649648770689964,
            51.51103137061
          ],
          [
            -0.06621083244681358,
            51.51105794124305
          ],
          [
            -0.06598686799407005,
            51.511073280125856
          ],
          [
            -0.06576214917004108,
            51.51109255850315
          ],
          [
            -0.0654817745089531,
            51.51111535727978
          ],
          [
            -0.06526200100779533,
            51.51113455183804
          ],
          [
            -0.06504214368760586,
            51.511146537959576
          ],
          [
            -0.06481952033936977,
            51.511150393635035
          ],
          [
            -0.06459924392402172,
            51.51115961372852
          ],
          [
            -0.06438248790800571,
            51.51116338558495
          ],
          [
            -0.06415332667529583,
            51.51116564869881
          ],
          [
            -0.06392642855644226,
            51.51116179302335
          ],
          [
            -0.06370238028466702,
            51.51116179302335
          ],
          [
            -0.06346307694911957,
            51.51116564869881
          ],
          [
            -0.06321799010038376,
            51.51116782799363
          ],
          [
            -0.06296686828136444,
            51.511160200461745
          ],
          [
            -0.06271909922361374,
            51.51114511303604
          ],
          [
            -0.06246252916753292,
            51.51112223044038
          ],
          [
            -0.06221819669008255,
            51.511101527139544
          ],
          [
            -0.06196271628141403,
            51.51109314523637
          ],
          [
            -0.06169600412249565,
            51.5110969170928
          ],
          [
            -0.06143113598227501,
            51.51109314523637
          ],
          [
            -0.061194682493805885,
            51.51108166202903
          ],
          [
            -0.060952696949243546,
            51.5110985096544
          ],
          [
            -0.06070584990084171,
            51.51110764592886
          ],
          [
            -0.060450537130236626,
            51.51112365536392
          ],
          [
            -0.06020067259669304,
            51.511132791638374
          ],
          [
            -0.05995558574795723,
            51.511141173541546
          ],
          [
            -0.059727178886532784,
            51.51114419102669
          ],
          [
            -0.05948502570390701,
            51.51115567423403
          ],
          [
            -0.05922703072428703,
            51.51117109693587
          ],
          [
            -0.05897783674299717,
            51.51118685491383
          ],
          [
            -0.05872881039977074,
            51.511188531294465
          ],
          [
            -0.05847718566656113,
            51.51120160706341
          ],
          [
            -0.05821491591632366,
            51.51120546273887
          ],
          [
            -0.05795608274638653,
            51.51120537891984
          ],
          [
            -0.05768819712102413,
            51.51120152324438
          ],
          [
            -0.05743355490267277,
            51.51120454072952
          ],
          [
            -0.0571778230369091,
            51.511194817721844
          ],
          [
            -0.05694304592907429,
            51.511184675619006
          ],
          [
            -0.056721847504377365,
            51.511188531294465
          ],
          [
            -0.05647072568535805,
            51.511190962046385
          ],
          [
            -0.05618498660624027,
            51.511193895712495
          ],
          [
            -0.05596085451543331,
            51.51119615882635
          ],
          [
            -0.05572054535150528,
            51.511188531294465
          ],
          [
            -0.055478643625974655,
            51.511187022551894
          ],
          [
            -0.0552409328520298,
            51.511175371706486
          ],
          [
            -0.055014872923493385,
            51.511164056137204
          ],
          [
            -0.05478403531014919,
            51.51116179302335
          ],
          [
            -0.05455261096358299,
            51.51114880107343
          ],
          [
            -0.054326131939888,
            51.5111262537539
          ],
          [
            -0.05411365069448948,
            51.51108266785741
          ],
          [
            -0.05384073592722416,
            51.51103489100933
          ],
          [
            -0.05364074371755123,
            51.51098049245775
          ],
          [
            -0.0534543301910162,
            51.51091117411852
          ],
          [
            -0.05323061719536781,
            51.51088007725775
          ],
          [
            -0.05298980511724949,
            51.510866498574615
          ],
          [
            -0.0527633260935545,
            51.51086423546076
          ],
          [
            -0.05254514515399933,
            51.51087345555425
          ],
          [
            -0.0523211807012558,
            51.510895835235715
          ],
          [
            -0.052091097459197044,
            51.51093380525708
          ],
          [
            -0.051855649799108505,
            51.51097185909748
          ],
          [
            -0.051618609577417374,
            51.51100999675691
          ],
          [
            -0.05139254964888096,
            51.51104846969247
          ],
          [
            -0.051108989864587784,
            51.511077051982284
          ],
          [
            -0.05084236152470112,
            51.51111141778529
          ],
          [
            -0.05056542344391346,
            51.51115098036826
          ],
          [
            -0.05034330300986767,
            51.511176293715835
          ],
          [
            -0.050119673833251,
            51.511195320636034
          ],
          [
            -0.04989738576114178,
            51.511214431375265
          ],
          [
            -0.04965841770172119,
            51.511233542114496
          ],
          [
            -0.04941659979522228,
            51.51125483214855
          ],
          [
            -0.04918048158288002,
            51.511267740279436
          ],
          [
            -0.04894612357020378,
            51.511290622875094
          ],
          [
            -0.04873121157288551,
            51.51131090708077
          ],
          [
            -0.04849224351346493,
            51.511337561532855
          ],
          [
            -0.04847983829677105,
            51.51148156262934
          ],
          [
            -0.04851093515753746,
            51.5116254799068
          ],
          [
            -0.04853700287640095,
            51.5117911901325
          ],
          [
            -0.0485666748136282,
            51.5119672100991
          ],
          [
            -0.048555945977568626,
            51.51211213320494
          ],
          [
            -0.04860682412981987,
            51.51226778514683
          ],
          [
            -0.04865577444434166,
            51.512421844527125
          ],
          [
            -0.04867664538323879,
            51.51256098411977
          ],
          [
            -0.048699863255023956,
            51.51270439848304
          ],
          [
            -0.0487431138753891,
            51.51284362189472
          ],
          [
            -0.048781922087073326,
            51.51297848671675
          ],
          [
            -0.04876716993749142,
            51.513144029304385
          ],
          [
            -0.048724422231316566,
            51.51328559964895
          ],
          [
            -0.04871168173849583,
            51.51342323049903
          ],
          [
            -0.04890630953013897,
            51.51349866762757
          ],
          [
            -0.048640184104442596,
            51.513519287109375
          ],
          [
            -0.04844597540795803,
            51.51360712945461
          ],
          [
            -0.04841471090912819,
            51.513770995661616
          ],
          [
            -0.04840306006371975,
            51.51393695734441
          ],
          [
            -0.04843038506805897,
            51.5141137316823
          ],
          [
            -0.048448238521814346,
            51.514250272884965
          ],
          [
            -0.04847237840294838,
            51.51442444883287
          ],
          [
            -0.04849660210311413,
            51.51457138359547
          ],
          [
            -0.04871796816587448,
            51.51465989649296
          ],
          [
            -0.04895727150142193,
            51.514658303931355
          ],
          [
            -0.04919171333312988,
            51.514655370265245
          ],
          [
            -0.04921484738588333,
            51.51466433890164
          ]
        ]
      },
      "properties": {
        "name": "2024-02-05 (Mon) 12:28",
        "source_file": "2024-02-05-122803-ELEMNT_ROAM_A974-113-0.fit",
        "date": "2024-02-05T12:28:04",
        "sport": "cycling",
        "dropbox_id": "id:JY-PzzIM9pcAAAAAAAAApg"
      }
    },
    {
      "type": "Feature",
      "geometry": {
        "type": "LineString",
        "coordinates": [
          [
            -0.04897831007838249,
            51.514701806008816
          ],
          [
            -0.048731882125139236,
            51.51471278630197
          ],
          [
            -0.048507917672395706,
            51.514693005010486
          ],
          [
            -0.04842937923967838,
            51.51454992592335
          ],
          [
            -0.04840901121497154,
            51.51440156623721
          ],
          [
            -0.048400210216641426,
            51.514226803556085
          ],
          [
            -0.04837816581130028,
            51.514063104987144
          ],
          [
            -0.04834522493183613,
            51.51391642168164
          ],
          [
            -0.048367688432335854,
            51.513752304017544
          ],
          [
            -0.04848671145737171,
            51.51363814249635
          ],
          [
            -0.04871050827205181,
            51.51368164457381
          ],
          [
            -0.0488089956343174,
            51.51353185996413
          ],
          [
            -0.04872685298323631,
            51.51340487413108
          ],
          [
            -0.048762308433651924,
            51.513254921883345
          ],
          [
            -0.04873380996286869,
            51.51309348642826
          ],
          [
            -0.0487077422440052,
            51.5129307936877
          ],
          [
            -0.04867454990744591,
            51.51277329772711
          ],
          [
            -0.048642950132489204,
            51.51262988336384
          ],
          [
            -0.048626018688082695,
            51.51246082037687
          ],
          [
            -0.04859760403633118,
            51.512296786531806
          ],
          [
            -0.04856206476688385,
            51.51215337216854
          ],
          [
            -0.048545971512794495,
            51.51200073771179
          ],
          [
            -0.0485171377658844,
            51.511831507086754
          ],
          [
            -0.04846860654652119,
            51.51167401112616
          ],
          [
            -0.04840683192014694,
            51.51153654791415
          ],
          [
            -0.04838453605771065,
            51.5113905351609
          ],
          [
            -0.04861596040427685,
            51.511325826868415
          ],
          [
            -0.04890664480626583,
            51.51131493039429
          ],
          [
            -0.04914351738989353,
            51.51128894649446
          ],
          [
            -0.0493834912776947,
            51.51126204058528
          ],
          [
            -0.049623968079686165,
            51.51123915798962
          ],
          [
            -0.04985891282558441,
            51.51121677830815
          ],
          [
            -0.050091175362467766,
            51.51119657792151
          ],
          [
            -0.05032192915678024,
            51.511174868792295
          ],
          [
            -0.0505541916936636,
            51.51114821434021
          ],
          [
            -0.050772372633218765,
            51.511117201298475
          ],
          [
            -0.05099122412502766,
            51.5110866073519
          ],
          [
            -0.0512043759226799,
            51.51105928234756
          ],
          [
            -0.051424065604805946,
            51.51103740558028
          ],
          [
            -0.051643336191773415,
            51.51100312359631
          ],
          [
            -0.05186771973967552,
            51.51096498593688
          ],
          [
            -0.05209277383983135,
            51.51093045249581
          ],
          [
            -0.05232025869190693,
            51.51089617051184
          ],
          [
            -0.052551599219441414,
            51.5108690969646
          ],
          [
            -0.0527807604521513,
            51.51086046360433
          ],
          [
            -0.05301050841808319,
            51.51086373254657
          ],
          [
            -0.05323723889887333,
            51.51087856851518
          ],
          [
            -0.05350646562874317,
            51.510918801650405
          ],
          [
            -0.05373143590986729,
            51.51100253686309
          ],
          [
            -0.05399596877396107,
            51.51105400174856
          ],
          [
            -0.05427433177828789,
            51.511106472462416
          ],
          [
            -0.05449553020298481,
            51.511133797466755
          ],
          [
            -0.05472837947309017,
            51.51114980690181
          ],
          [
            -0.05495477467775345,
            51.51116179302335
          ],
          [
            -0.05517270416021347,
            51.51116875000298
          ],
          [
            -0.05540396086871624,
            51.511169420555234
          ],
          [
            -0.05563647486269474,
            51.51115852408111
          ],
          [
            -0.05586513318121433,
            51.511150896549225
          ],
          [
            -0.05608708597719669,
            51.511149890720844
          ],
          [
            -0.056353211402893066,
            51.51114276610315
          ],
          [
            -0.056612128391861916,
            51.511145951226354
          ],
          [
            -0.056875403970479965,
            51.511146537959576
          ],
          [
            -0.05715242587029934,
            51.5111537463963
          ],
          [
            -0.05743062123656273,
            51.51115416549146
          ],
          [
            -0.05765324458479881,
            51.51115852408111
          ],
          [
            -0.05787167698144913,
            51.51115458458662
          ],
          [
            -0.05809010937809944,
            51.511150393635035
          ],
          [
            -0.058373501524329185,
            51.51114318519831
          ],
          [
            -0.05859453231096268,
            51.511139245703816
          ],
          [
            -0.05881371907889843,
            51.51113891042769
          ],
          [
            -0.05903458222746849,
            51.51113513857126
          ],
          [
            -0.05929425358772278,
            51.511146537959576
          ],
          [
            -0.05956021137535572,
            51.51113513857126
          ],
          [
            -0.059784092009067535,
            51.51110923849046
          ],
          [
            -0.06002658046782017,
            51.51110119186342
          ],
          [
            -0.06024308502674103,
            51.511114770546556
          ],
          [
            -0.06048792041838169,
            51.51111644692719
          ],
          [
            -0.060704927891492844,
            51.5111193805933
          ],
          [
            -0.060953451320528984,
            51.5111019462347
          ],
          [
            -0.06122619844973087,
            51.51107487268746
          ],
          [
            -0.061507076025009155,
            51.511092307046056
          ],
          [
            -0.06172919645905495,
            51.51109314523637
          ],
          [
            -0.06195198744535446,
            51.511104544624686
          ],
          [
            -0.06222850643098354,
            51.51112583465874
          ],
          [
            -0.06251349113881588,
            51.51113849133253
          ],
          [
            -0.06273862905800343,
            51.51117227040231
          ],
          [
            -0.06297466345131397,
            51.51117763482034
          ],
          [
            -0.06320969201624393,
            51.511180233210325
          ],
          [
            -0.06345662288367748,
            51.51117746718228
          ],
          [
            -0.06372031755745411,
            51.51117327623069
          ],
          [
            -0.06399591453373432,
            51.5111764613539
          ],
          [
            -0.06428374908864498,
            51.511169420555234
          ],
          [
            -0.06452246569097042,
            51.511166067793965
          ],
          [
            -0.06476998329162598,
            51.511155255138874
          ],
          [
            -0.06501012481749058,
            51.5111400000751
          ],
          [
            -0.06526392884552479,
            51.511127930134535
          ],
          [
            -0.06551857106387615,
            51.511108819395304
          ],
          [
            -0.06576860323548317,
            51.51108275167644
          ],
          [
            -0.06601662375032902,
            51.511060036718845
          ],
          [
            -0.0662555918097496,
            51.51104419492185
          ],
          [
            -0.06648383103311062,
            51.51102500036359
          ],
          [
            -0.06671483628451824,
            51.511006224900484
          ],
          [
            -0.06695372052490711,
            51.510991053655744
          ],
          [
            -0.06719126366078854,
            51.51097194291651
          ],
          [
            -0.06741480901837349,
            51.510949060320854
          ],
          [
            -0.06763399578630924,
            51.51092994958162
          ],
          [
            -0.06790800020098686,
            51.510914359241724
          ],
          [
            -0.06815820001065731,
            51.510917292907834
          ],
          [
            -0.06837235763669014,
            51.51089516468346
          ],
          [
            -0.06863655522465706,
            51.510872365906835
          ],
          [
            -0.06894509308040142,
            51.510831294581294
          ],
          [
            -0.06920266896486282,
            51.51078552938998
          ],
          [
            -0.0694687943905592,
            51.51074764318764
          ],
          [
            -0.06973986513912678,
            51.51070162653923
          ],
          [
            -0.07000699639320374,
            51.51064488105476
          ],
          [
            -0.07021327503025532,
            51.51059861294925
          ],
          [
            -0.07042466662824154,
            51.51056483387947
          ],
          [
            -0.07064578123390675,
            51.51052569039166
          ],
          [
            -0.07086471654474735,
            51.510495180264115
          ],
          [
            -0.07107158191502094,
            51.51044983416796
          ],
          [
            -0.07128682918846607,
            51.51040784083307
          ],
          [
            -0.07151104509830475,
            51.51038068346679
          ],
          [
            -0.07173526100814342,
            51.51034355163574
          ],
          [
            -0.07195553742349148,
            51.510298289358616
          ],
          [
            -0.07217707112431526,
            51.51027020998299
          ],
          [
            -0.07243188098073006,
            51.51024338789284
          ],
          [
            -0.07269993424415588,
            51.510204160586
          ],
          [
            -0.07295256480574608,
            51.51014565490186
          ],
          [
            -0.07323763333261013,
            51.51013182476163
          ],
          [
            -0.07345782592892647,
            51.51012495160103
          ],
          [
            -0.07373032160103321,
            51.51011279784143
          ],
          [
            -0.0739507656544447,
            51.51008438318968
          ],
          [
            -0.0741712935268879,
            51.51004792191088
          ],
          [
            -0.07440472953021526,
            51.51004993356764
          ],
          [
            -0.07461880333721638,
            51.51007759384811
          ],
          [
            -0.0748999323695898,
            51.51006116531789
          ],
          [
            -0.07512507028877735,
            51.509985979646444
          ],
          [
            -0.07537912577390671,
            51.509884390980005
          ],
          [
            -0.07564675994217396,
            51.50979906320572
          ],
          [
            -0.07592118345201015,
            51.50973326526582
          ],
          [
            -0.07618613541126251,
            51.50967945344746
          ],
          [
            -0.07641571573913097,
            51.509644920006394
          ],
          [
            -0.0766440387815237,
            51.50961013510823
          ],
          [
            -0.07688728161156178,
            51.50957576930523
          ],
          [
            -0.0771673209965229,
            51.5095495339483
          ],
          [
            -0.07739882916212082,
            51.50953830219805
          ],
          [
            -0.07765422575175762,
            51.50951810181141
          ],
          [
            -0.07790266536176205,
            51.50952103547752
          ],
          [
            -0.07813090458512306,
            51.50955389253795
          ],
          [
            -0.0783500075340271,
            51.50961047038436
          ],
          [
            -0.07857413962483406,
            51.509657660499215
          ],
          [
            -0.07881436496973038,
            51.509669898077846
          ],
          [
            -0.07905710488557816,
            51.50968171656132
          ],
          [
            -0.07930898107588291,
            51.50969311594963
          ],
          [
            -0.07956622168421745,
            51.5096964687109
          ],
          [
            -0.07981675677001476,
            51.50971448980272
          ],
          [
            -0.08004038594663143,
            51.50971306487918
          ],
          [
            -0.08031338453292847,
            51.50965011678636
          ],
          [
            -0.08052435703575611,
            51.50954886339605
          ],
          [
            -0.0807393528521061,
            51.50945163331926
          ],
          [
            -0.08093448355793953,
            51.50938432663679
          ],
          [
            -0.0811608787626028,
            51.50931349955499
          ],
          [
            -0.08141778409481049,
            51.50925030000508
          ],
          [
            -0.08168340660631657,
            51.5092215500772
          ],
          [
            -0.081953639164567,
            51.509230099618435
          ],
          [
            -0.08222294971346855,
            51.50925667025149
          ],
          [
            -0.08247231133282185,
            51.509298495948315
          ],
          [
            -0.08268688805401325,
            51.50933294557035
          ],
          [
            -0.08299173787236214,
            51.50937091559172
          ],
          [
            -0.08319835178554058,
            51.50941215455532
          ],
          [
            -0.08341602981090546,
            51.50945062749088
          ],
          [
            -0.08362909778952599,
            51.5094821434468
          ],
          [
            -0.0839264877140522,
            51.509519862011075
          ],
          [
            -0.084213986992836,
            51.50955489836633
          ],
          [
            -0.08449436165392399,
            51.50957769714296
          ],
          [
            -0.08478001691401005,
            51.509603932499886
          ],
          [
            -0.08504924364387989,
            51.50965346954763
          ],
          [
            -0.08531855419278145,
            51.509688505902886
          ],
          [
            -0.08554578758776188,
            51.50970786809921
          ],
          [
            -0.08576765656471252,
            51.50968121364713
          ],
          [
            -0.08599874563515186,
            51.50974575430155
          ],
          [
            -0.086204269900918,
            51.50982546620071
          ],
          [
            -0.08647073060274124,
            51.50987131521106
          ],
          [
            -0.08669855073094368,
            51.50993149727583
          ],
          [
            -0.08691933006048203,
            51.50996661745012
          ],
          [
            -0.08714555762708187,
            51.50997583754361
          ],
          [
            -0.08743464946746826,
            51.51000081561506
          ],
          [
            -0.08761351928114891,
            51.51008346118033
          ],
          [
            -0.0878742802888155,
            51.51017742231488
          ],
          [
            -0.08810754865407944,
            51.510224947705865
          ],
          [
            -0.08833830244839191,
            51.51028621941805
          ],
          [
            -0.08858464658260345,
            51.510318322107196
          ],
          [
            -0.08883233182132244,
            51.510340785607696
          ],
          [
            -0.08907322771847248,
            51.510390071198344
          ],
          [
            -0.08928822353482246,
            51.51046073064208
          ],
          [
            -0.08952409029006958,
            51.51050565764308
          ],
          [
            -0.08975392207503319,
            51.510510267689824
          ],
          [
            -0.08998995646834373,
            51.510476069524884
          ],
          [
            -0.09204000234603882,
            51.51064303703606
          ],
          [
            -0.09226019494235516,
            51.51073188520968
          ],
          [
            -0.09251249022781849,
            51.51082140393555
          ],
          [
            -0.09272782132029533,
            51.51087077334523
          ],
          [
            -0.09294834919273853,
            51.51091670617461
          ],
          [
            -0.09316946379840374,
            51.51095165871084
          ],
          [
            -0.09339745156466961,
            51.51098543778062
          ],
          [
            -0.0936337374150753,
            51.51101242750883
          ],
          [
            -0.09387035854160786,
            51.511038579046726
          ],
          [
            -0.0941112544387579,
            51.51107302866876
          ],
          [
            -0.09436908178031445,
            51.51110362261534
          ],
          [
            -0.09462548419833183,
            51.511137653142214
          ],
          [
            -0.09486093185842037,
            51.51116875000298
          ],
          [
            -0.09510970674455166,
            51.51124779134989
          ],
          [
            -0.09532126598060131,
            51.511301854625344
          ],
          [
            -0.09553978219628334,
            51.51132121682167
          ],
          [
            -0.09584194980561733,
            51.511355163529515
          ],
          [
            -0.0961292814463377,
            51.51137486100197
          ],
          [
            -0.09640035219490528,
            51.51140168309212
          ],
          [
            -0.09666739962995052,
            51.511405957862735
          ],
          [
            -0.09695406071841717,
            51.51139791123569
          ],
          [
            -0.10169997811317444,
            51.51115802116692
          ],
          [
            -0.10194355621933937,
            51.51113891042769
          ],
          [
            -0.1022143755108118,
            51.51111636310816
          ],
          [
            -0.1024436205625534,
            51.51109742000699
          ],
          [
            -0.10269423946738243,
            51.51108233258128
          ],
          [
            -0.10296531021595001,
            51.511062970384955
          ],
          [
            -0.10319656692445278,
            51.51102893985808
          ],
          [
            -0.10343184694647789,
            51.511038579046726
          ],
          [
            -0.10368296876549721,
            51.5110435243696
          ],
          [
            -0.10391171090304852,
            51.511047380045056
          ],
          [
            -0.10423424653708935,
            51.51103614829481
          ],
          [
            -0.10455653071403503,
            51.51102474890649
          ],
          [
            -0.10478845797479153,
            51.51099826209247
          ],
          [
            -0.10507570579648018,
            51.51104226708412
          ],
          [
            -0.10529656894505024,
            51.51106171309948
          ],
          [
            -0.10558465495705605,
            51.51107730343938
          ],
          [
            -0.10583619587123394,
            51.511100102216005
          ],
          [
            -0.10608354583382607,
            51.511115776374936
          ],
          [
            -0.10631765238940716,
            51.51111217215657
          ],
          [
            -0.10655628517270088,
            51.51111954823136
          ],
          [
            -0.10679030790925026,
            51.51111988350749
          ],
          [
            -0.10707462206482887,
            51.51112340390682
          ],
          [
            -0.10730160400271416,
            51.511138239875436
          ],
          [
            -0.10752489790320396,
            51.5111574344337
          ],
          [
            -0.10774022899568081,
            51.5111730247736
          ],
          [
            -0.10795790702104568,
            51.5111521538347
          ],
          [
            -0.10799436829984188,
            51.51099231094122
          ],
          [
            -0.10826485231518745,
            51.51098225265741
          ],
          [
            -0.10851019062101841,
            51.51098250411451
          ],
          [
            -0.1087655033916235,
            51.51097873225808
          ],
          [
            -0.10901243425905704,
            51.51098250411451
          ],
          [
            -0.10925148613750935,
            51.510989712551236
          ],
          [
            -0.10950042866170406,
            51.510990131646395
          ],
          [
            -0.10975146666169167,
            51.51098250411451
          ],
          [
            -0.1100015826523304,
            51.51097873225808
          ],
          [
            -0.1102515310049057,
            51.51097831316292
          ],
          [
            -0.11051438748836517,
            51.51098979637027
          ],
          [
            -0.11077598668634892,
            51.51098979637027
          ],
          [
            -0.11103222146630287,
            51.510990131646395
          ],
          [
            -0.11128946207463741,
            51.510986778885126
          ],
          [
            -0.11153765022754669,
            51.5109880361706
          ],
          [
            -0.11176932603120804,
            51.510983258485794
          ],
          [
            -0.11199580505490303,
            51.51096389628947
          ],
          [
            -0.11224634014070034,
            51.510941516608
          ],
          [
            -0.1125031616538763,
            51.510922238230705
          ],
          [
            -0.11275277473032475,
            51.51090279221535
          ],
          [
            -0.11299744248390198,
            51.51088418439031
          ],
          [
            -0.11324797756969929,
            51.51086188852787
          ],
          [
            -0.11349566280841827,
            51.51083548553288
          ],
          [
            -0.11375583708286285,
            51.51080614887178
          ],
          [
            -0.11400695890188217,
            51.51077019050717
          ],
          [
            -0.11425020173192024,
            51.5107393451035
          ],
          [
            -0.11448841542005539,
            51.51070145890117
          ],
          [
            -0.11472688056528568,
            51.510667093098164
          ],
          [
            -0.11494439095258713,
            51.51063281111419
          ],
          [
            -0.11518905870616436,
            51.510605569928885
          ],
          [
            -0.1153727900236845,
            51.51071906089783
          ],
          [
            -0.11538427323102951,
            51.51087462902069
          ],
          [
            -0.11523415334522724,
            51.510987281799316
          ],
          [
            -0.1150792557746172,
            51.51109071448445
          ],
          [
            -0.11509191244840622,
            51.511227590963244
          ],
          [
            -0.11513692326843739,
            51.51136899366975
          ],
          [
            -0.11520892381668091,
            51.51150436140597
          ],
          [
            -0.11523742228746414,
            51.511646853759885
          ],
          [
            -0.1153101772069931,
            51.511810971423984
          ],
          [
            -0.1153815072029829,
            51.51197391562164
          ],
          [
            -0.11549390852451324,
            51.512127723544836
          ],
          [
            -0.11558426544070244,
            51.51227977126837
          ],
          [
            -0.11570882052183151,
            51.51239896193147
          ],
          [
            -0.11590671725571156,
            51.512502478435636
          ],
          [
            -0.1160523109138012,
            51.51263809762895
          ],
          [
            -0.11608919128775597,
            51.51278402656317
          ],
          [
            -0.1160409115254879,
            51.51284756138921
          ]
        ]
      },
      "properties": {
        "name": "2024-02-07 (Wed) 07:59",
        "source_file": "2024-02-07-075923-ELEMNT_ROAM_A974-114-0.fit",
        "date": "2024-02-07T07:59:23",
        "sport": "cycling",
        "dropbox_id": "id:JY-PzzIM9pcAAAAAAAAApw"
      }
    },
    {
      "type": "Feature",
      "geometry": {
        "type": "LineString",
        "coordinates": [
          [
            -0.11570664122700691,
            51.51254271157086
          ],
          [
            -0.1156112551689148,
            51.512419413775206
          ],
          [
            -0.11559809558093548,
            51.5122452378273
          ],
          [
            -0.11555568315088749,
            51.51209260337055
          ],
          [
            -0.11547345668077469,
            51.511935694143176
          ],
          [
            -0.11539550498127937,
            51.51177811436355
          ],
          [
            -0.11530313640832901,
            51.51162162423134
          ],
          [
            -0.11521990410983562,
            51.51149497367442
          ],
          [
            -0.11513910256326199,
            51.51135046966374
          ],
          [
            -0.11489409953355789,
            51.511308308690786
          ],
          [
            -0.11468916200101376,
            51.5113627910614
          ],
          [
            -0.11447148397564888,
            51.511424481868744
          ],
          [
            -0.1142608467489481,
            51.511468067765236
          ],
          [
            -0.11408591642975807,
            51.51136329397559
          ],
          [
            -0.11383932083845139,
            51.51139606721699
          ],
          [
            -0.11359507218003273,
            51.511433785781264
          ],
          [
            -0.11334210634231567,
            51.511483239009976
          ],
          [
            -0.11312727816402912,
            51.511525148525834
          ],
          [
            -0.11293097399175167,
            51.51159547269344
          ],
          [
            -0.11272033676505089,
            51.511642495170236
          ],
          [
            -0.11247240006923676,
            51.51160980574787
          ],
          [
            -0.11232571676373482,
            51.51150134392083
          ],
          [
            -0.11227576062083244,
            51.511336555704474
          ],
          [
            -0.1122619304805994,
            51.511162631213665
          ],
          [
            -0.11210736818611622,
            51.51105944998562
          ],
          [
            -0.11188960634171963,
            51.51104897260666
          ],
          [
            -0.1116449385881424,
            51.51105877943337
          ],
          [
            -0.11136909015476704,
            51.51105500757694
          ],
          [
            -0.11108653619885445,
            51.51105115190148
          ],
          [
            -0.11086894199252129,
            51.51103438809514
          ],
          [
            -0.11064841412007809,
            51.5110244974494
          ],
          [
            -0.11043165810406208,
            51.51102064177394
          ],
          [
            -0.11015337891876698,
            51.51101829484105
          ],
          [
            -0.10988892987370491,
            51.51102064177394
          ],
          [
            -0.10961576364934444,
            51.51101930066943
          ],
          [
            -0.10939490050077438,
            51.511011589318514
          ],
          [
            -0.10911687277257442,
            51.51100161485374
          ],
          [
            -0.10885435156524181,
            51.511009242385626
          ],
          [
            -0.10862686671316624,
            51.51101443916559
          ],
          [
            -0.10840080678462982,
            51.51101829484105
          ],
          [
            -0.10829418897628784,
            51.51115986518562
          ],
          [
            -0.10807257145643234,
            51.511183083057404
          ],
          [
            -0.10780351236462593,
            51.51116724126041
          ],
          [
            -0.1075446791946888,
            51.511160200461745
          ],
          [
            -0.10727000422775745,
            51.51114335283637
          ],
          [
            -0.10704964399337769,
            51.511131869629025
          ],
          [
            -0.1068302895873785,
            51.51111988350749
          ],
          [
            -0.10659953579306602,
            51.51111057959497
          ],
          [
            -0.1063423790037632,
            51.51110672391951
          ],
          [
            -0.1060614176094532,
            51.51110077276826
          ],
          [
            -0.10577970184385777,
            51.51109918020666
          ],
          [
            -0.10546647012233734,
            51.51110622100532
          ],
          [
            -0.10515323840081692,
            51.511102952063084
          ],
          [
            -0.10485534556210041,
            51.5111125074327
          ],
          [
            -0.10463121347129345,
            51.511174868792295
          ],
          [
            -0.10440490208566189,
            51.5112385712564
          ],
          [
            -0.10417850688099861,
            51.5113022737205
          ],
          [
            -0.10395219549536705,
            51.51136597618461
          ],
          [
            -0.10372588410973549,
            51.51142959482968
          ],
          [
            -0.10334542952477932,
            51.51140813715756
          ],
          [
            -0.1030354667454958,
            51.511362539604306
          ],
          [
            -0.10278023779392242,
            51.5112695004791
          ],
          [
            -0.10255535133183002,
            51.511242762207985
          ],
          [
            -0.10237681679427624,
            51.511146537959576
          ],
          [
            -0.10215980932116508,
            51.51115952990949
          ],
          [
            -0.10188572108745575,
            51.51117704808712
          ],
          [
            -0.10163191705942154,
            51.51122197508812
          ],
          [
            -0.10156494565308094,
            51.5113818179816
          ],
          [
            -0.09620664641261101,
            51.51123806834221
          ],
          [
            -0.09606331586837769,
            51.51134108193219
          ],
          [
            -0.09582191705703735,
            51.51133588515222
          ],
          [
            -0.09559015743434429,
            51.5113318618387
          ],
          [
            -0.0954551249742508,
            51.511444011703134
          ],
          [
            -0.09519042447209358,
            51.51152414269745
          ],
          [
            -0.0949444156140089,
            51.5114925429225
          ],
          [
            -0.09466135874390602,
            51.511336555704474
          ],
          [
            -0.09443303570151329,
            51.51130202226341
          ],
          [
            -0.09415710344910622,
            51.511266231536865
          ],
          [
            -0.09388603270053864,
            51.51121434755623
          ],
          [
            -0.09362468495965004,
            51.51115491986275
          ],
          [
            -0.09339476935565472,
            51.5111125074327
          ],
          [
            -0.09314683265984058,
            51.511060958728194
          ],
          [
            -0.09286654181778431,
            51.51100412942469
          ],
          [
            -0.09260251186788082,
            51.51092726737261
          ],
          [
            -0.09233320131897926,
            51.510868426412344
          ],
          [
            -0.09207394905388355,
            51.51081830263138
          ],
          [
            -0.09180120192468166,
            51.51079407893121
          ],
          [
            -0.09152510203421116,
            51.510776560753584
          ],
          [
            -0.09131010621786118,
            51.51070707477629
          ],
          [
            -0.09107658639550209,
            51.51058838702738
          ],
          [
            -0.09084315039217472,
            51.510469699278474
          ],
          [
            -0.09060963056981564,
            51.510351011529565
          ],
          [
            -0.09037619456648827,
            51.510232323780656
          ],
          [
            -0.0901427585631609,
            51.51011363603175
          ],
          [
            -0.08990923874080181,
            51.50999494828284
          ],
          [
            -0.08967731148004532,
            51.50993409566581
          ],
          [
            -0.08945426903665066,
            51.50985429994762
          ],
          [
            -0.0891729723662138,
            51.50980317033827
          ],
          [
            -0.08892260491847992,
            51.509752459824085
          ],
          [
            -0.08868355304002762,
            51.5096999052912
          ],
          [
            -0.08844022639095783,
            51.50964911095798
          ],
          [
            -0.0881863385438919,
            51.509622959420085
          ],
          [
            -0.08793437853455544,
            51.50960468687117
          ],
          [
            -0.08767370134592056,
            51.50960460305214
          ],
          [
            -0.08740128949284554,
            51.5096153318882
          ],
          [
            -0.08714715018868446,
            51.50960083119571
          ],
          [
            -0.08689150214195251,
            51.509576523676515
          ],
          [
            -0.08665437810122967,
            51.50953385978937
          ],
          [
            -0.08639856241643429,
            51.509529082104564
          ],
          [
            -0.08612061850726604,
            51.50953193195164
          ],
          [
            -0.0858987495303154,
            51.509546684101224
          ],
          [
            -0.08564209565520287,
            51.50952246040106
          ],
          [
            -0.08542617782950401,
            51.50947124697268
          ],
          [
            -0.0851696077734232,
            51.50946043431759
          ],
          [
            -0.08492661640048027,
            51.509447526186705
          ],
          [
            -0.08469577878713608,
            51.50942548178136
          ],
          [
            -0.08445580489933491,
            51.509398743510246
          ],
          [
            -0.0842172559350729,
            51.509365886449814
          ],
          [
            -0.08398172445595264,
            51.5093391481787
          ],
          [
            -0.08375683799386024,
            51.509310230612755
          ],
          [
            -0.08352717384696007,
            51.50929489172995
          ],
          [
            -0.08330203592777252,
            51.50927737355232
          ],
          [
            -0.08307807147502899,
            51.509261364117265
          ],
          [
            -0.08284639567136765,
            51.5092300157994
          ],
          [
            -0.0826153066009283,
            51.509205624461174
          ],
          [
            -0.0823795236647129,
            51.50917888619006
          ],
          [
            -0.08214307017624378,
            51.50916136801243
          ],
          [
            -0.08190460503101349,
            51.509151477366686
          ],
          [
            -0.08166597224771976,
            51.50915457867086
          ],
          [
            -0.08143404498696327,
            51.50917360559106
          ],
          [
            -0.08121829479932785,
            51.50920931249857
          ],
          [
            -0.08097521960735321,
            51.50927368551493
          ],
          [
            -0.08082057349383831,
            51.50937200523913
          ],
          [
            -0.08063038811087608,
            51.50947795249522
          ],
          [
            -0.08040022104978561,
            51.50954836048186
          ],
          [
            -0.08016536012291908,
            51.509624384343624
          ],
          [
            -0.07991926744580269,
            51.50968322530389
          ],
          [
            -0.07963201962411404,
            51.50970770046115
          ],
          [
            -0.07941082119941711,
            51.50971599854529
          ],
          [
            -0.07918492890894413,
            51.509703090414405
          ],
          [
            -0.07896775379776955,
            51.509685488417745
          ],
          [
            -0.07871562615036964,
            51.50967643596232
          ],
          [
            -0.0784910749644041,
            51.509666461497545
          ],
          [
            -0.07824850268661976,
            51.509597981348634
          ],
          [
            -0.07804339751601219,
            51.5095497854054
          ],
          [
            -0.07781381718814373,
            51.50951097719371
          ],
          [
            -0.07756219245493412,
            51.5095114801079
          ],
          [
            -0.07731199264526367,
            51.50952681899071
          ],
          [
            -0.07707260549068451,
            51.50953293778002
          ],
          [
            -0.07685048505663872,
            51.509552551433444
          ],
          [
            -0.07662677206099033,
            51.509579541161656
          ],
          [
            -0.07638889364898205,
            51.50961751118302
          ],
          [
            -0.07613793946802616,
            51.50965732522309
          ],
          [
            -0.0758898351341486,
            51.50969906710088
          ],
          [
            -0.07565120235085487,
            51.50975564494729
          ],
          [
            -0.07542388513684273,
            51.50983728468418
          ],
          [
            -0.07520603947341442,
            51.50991062633693
          ],
          [
            -0.07500889711081982,
            51.50998765602708
          ],
          [
            -0.07479214109480381,
            51.5100487601012
          ],
          [
            -0.07453263737261295,
            51.51005018502474
          ],
          [
            -0.07430003955960274,
            51.510066194459796
          ],
          [
            -0.0740564614534378,
            51.51009754277766
          ],
          [
            -0.07378991693258286,
            51.510112043470144
          ],
          [
            -0.07347844541072845,
            51.5101074334234
          ],
          [
            -0.07325347512960434,
            51.51013182476163
          ],
          [
            -0.07299925200641155,
            51.510143307968974
          ],
          [
            -0.07272063754498959,
            51.510179936885834
          ],
          [
            -0.07245962508022785,
            51.5102110337466
          ],
          [
            -0.0722312182188034,
            51.510226372629404
          ],
          [
            -0.07197950966656208,
            51.5102453995496
          ],
          [
            -0.07172411307692528,
            51.51026979088783
          ],
          [
            -0.0714754220098257,
            51.51030784472823
          ],
          [
            -0.07123494520783424,
            51.51037422940135
          ],
          [
            -0.07100570015609264,
            51.51043533347547
          ],
          [
            -0.07077109068632126,
            51.51047355495393
          ],
          [
            -0.07052918896079063,
            51.510524516925216
          ],
          [
            -0.07029851898550987,
            51.5105841960758
          ],
          [
            -0.07006960920989513,
            51.51064085774124
          ],
          [
            -0.0698265340179205,
            51.51068008504808
          ],
          [
            -0.06960290484130383,
            51.510722329840064
          ],
          [
            -0.06935630924999714,
            51.51076918467879
          ],
          [
            -0.06911206059157848,
            51.51080480776727
          ],
          [
            -0.06886244751513004,
            51.51084437035024
          ],
          [
            -0.06861643865704536,
            51.510886028409004
          ],
          [
            -0.06837721914052963,
            51.51090136729181
          ],
          [
            -0.06814277730882168,
            51.51090731844306
          ],
          [
            -0.0679043959826231,
            51.51089860126376
          ],
          [
            -0.06767380982637405,
            51.510911509394646
          ],
          [
            -0.06743911653757095,
            51.5109293628484
          ],
          [
            -0.06719830445945263,
            51.51095090433955
          ],
          [
            -0.06695682182908058,
            51.510966243222356
          ],
          [
            -0.0667134951800108,
            51.51099465787411
          ],
          [
            -0.0664837472140789,
            51.511019468307495
          ],
          [
            -0.06626506336033344,
            51.511045368388295
          ],
          [
            -0.06604629568755627,
            51.511068334802985
          ],
          [
            -0.06580699235200882,
            51.511085852980614
          ],
          [
            -0.06557389162480831,
            51.511114770546556
          ],
          [
            -0.0653462391346693,
            51.5111418440938
          ],
          [
            -0.06510928273200989,
            51.51116330176592
          ],
          [
            -0.06487417034804821,
            51.51117327623069
          ],
          [
            -0.0646535586565733,
            51.51117327623069
          ],
          [
            -0.064436886459589,
            51.511169420555234
          ],
          [
            -0.06421711295843124,
            51.51116715744138
          ],
          [
            -0.06399993784725666,
            51.51117327623069
          ],
          [
            -0.06371570751070976,
            51.51117553934455
          ],
          [
            -0.0634278729557991,
            51.511169420555234
          ],
          [
            -0.06320415996015072,
            51.51117470115423
          ],
          [
            -0.0629742443561554,
            51.51117327623069
          ],
          [
            -0.06273351609706879,
            51.51116028428078
          ],
          [
            -0.062494296580553055,
            51.51113983243704
          ],
          [
            -0.062250131741166115,
            51.51111988350749
          ],
          [
            -0.062003955245018005,
            51.51111217215657
          ],
          [
            -0.06177647039294243,
            51.511106975376606
          ],
          [
            -0.06154471077024937,
            51.51109775528312
          ],
          [
            -0.061276741325855255,
            51.51109314523637
          ],
          [
            -0.061019668355584145,
            51.511089289560914
          ],
          [
            -0.060740383341908455,
            51.51110370643437
          ],
          [
            -0.06052102893590927,
            51.51111510582268
          ],
          [
            -0.060289520770311356,
            51.511127511039376
          ],
          [
            -0.06004694849252701,
            51.51113212108612
          ],
          [
            -0.05981368012726307,
            51.51111602783203
          ],
          [
            -0.059561049565672874,
            51.51111988350749
          ],
          [
            -0.05931328050792217,
            51.511129857972264
          ],
          [
            -0.05905956029891968,
            51.511128935962915
          ],
          [
            -0.05880969576537609,
            51.51113748550415
          ],
          [
            -0.058557651937007904,
            51.51113891042769
          ],
          [
            -0.05832488648593426,
            51.51113740168512
          ],
          [
            -0.05809245631098747,
            51.511146537959576
          ],
          [
            -0.057857511565089226,
            51.51115416549146
          ],
          [
            -0.05762617103755474,
            51.511150393635035
          ],
          [
            -0.05740128457546234,
            51.511155590415
          ],
          [
            -0.05717857740819454,
            51.511167995631695
          ],
          [
            -0.056899795308709145,
            51.51116179302335
          ],
          [
            -0.056623779237270355,
            51.51116179302335
          ],
          [
            -0.05640702322125435,
            51.51116807945073
          ],
          [
            -0.056131090968847275,
            51.51116179302335
          ],
          [
            -0.05590829998254776,
            51.511163134127855
          ],
          [
            -0.055686431005597115,
            51.51115802116692
          ],
          [
            -0.05545961670577526,
            51.51116179302335
          ],
          [
            -0.05524168722331524,
            51.51116045191884
          ],
          [
            -0.054959217086434364,
            51.511152824386954
          ],
          [
            -0.054735252633690834,
            51.511146537959576
          ],
          [
            -0.05450173281133175,
            51.51114125736058
          ],
          [
            -0.054222531616687775,
            51.51111158542335
          ],
          [
            -0.053967637941241264,
            51.51105483993888
          ],
          [
            -0.053706374019384384,
            51.511015528813004
          ],
          [
            -0.05346606485545635,
            51.51093900203705
          ],
          [
            -0.05320907570421696,
            51.51088192127645
          ],
          [
            -0.05299181677401066,
            51.51086515747011
          ],
          [
            -0.05273139104247093,
            51.51085518300533
          ],
          [
            -0.052476916462183,
            51.51086423546076
          ],
          [
            -0.05225873552262783,
            51.51088091544807
          ],
          [
            -0.052026472985744476,
            51.5109105873853
          ],
          [
            -0.051793958991765976,
            51.5109536703676
          ],
          [
            -0.05156186409294605,
            51.51100127957761
          ],
          [
            -0.051340581849217415,
            51.51104369200766
          ],
          [
            -0.05111359991133213,
            51.511070765554905
          ],
          [
            -0.0508292019367218,
            51.51110504753888
          ],
          [
            -0.05060071125626564,
            51.51113949716091
          ],
          [
            -0.05037741735577583,
            51.51116824708879
          ],
          [
            -0.05015353672206402,
            51.51118383742869
          ],
          [
            -0.04993552342057228,
            51.511202696710825
          ],
          [
            -0.049707451835274696,
            51.51121820323169
          ],
          [
            -0.04948415793478489,
            51.511231949552894
          ],
          [
            -0.04920395091176033,
            51.511252485215664
          ],
          [
            -0.04898074083030224,
            51.51127285324037
          ],
          [
            -0.04876499064266682,
            51.51128685101867
          ],
          [
            -0.04851445555686951,
            51.51131962426007
          ],
          [
            -0.04843977279961109,
            51.5114508010447
          ],
          [
            -0.0484997034072876,
            51.51158357039094
          ],
          [
            -0.048534320667386055,
            51.511739222332835
          ],
          [
            -0.0485029723495245,
            51.511886827647686
          ],
          [
            -0.048563992604613304,
            51.5120346006006
          ],
          [
            -0.048607662320137024,
            51.51217189617455
          ],
          [
            -0.048622582107782364,
            51.512312879785895
          ],
          [
            -0.04862962290644646,
            51.51248403824866
          ],
          [
            -0.04865300841629505,
            51.512661231681705
          ],
          [
            -0.04868628457188606,
            51.51281747035682
          ],
          [
            -0.048726266250014305,
            51.51295811869204
          ],
          [
            -0.048714783042669296,
            51.51313103735447
          ],
          [
            -0.04869743250310421,
            51.51328316889703
          ],
          [
            -0.04867086187005043,
            51.513419542461634
          ],
          [
            -0.04879952408373356,
            51.5135333687067
          ],
          [
            -0.048557622358202934,
            51.513554994016886
          ],
          [
            -0.048395516350865364,
            51.513649290427566
          ],
          [
            -0.04836316220462322,
            51.513820700347424
          ],
          [
            -0.04836953245103359,
            51.51399169117212
          ],
          [
            -0.048398030921816826,
            51.51415631175041
          ],
          [
            -0.04843021742999554,
            51.514318753033876
          ],
          [
            -0.04846072755753994,
            51.514488235116005
          ],
          [
            -0.04853272810578346,
            51.51463055983186
          ],
          [
            -0.048761721700429916,
            51.51467515155673
          ],
          [
            -0.049006976187229156,
            51.51466232724488
          ],
          [
            -0.04920872859656811,
            51.51467758230865
          ]
        ]
      },
      "properties": {
        "name": "2024-02-07 (Wed) 13:52",
        "source_file": "2024-02-07-135232-ELEMNT_ROAM_A974-115-0.fit",
        "date": "2024-02-07T13:52:33",
        "sport": "cycling",
        "dropbox_id": "id:JY-PzzIM9pcAAAAAAAAAqA"
      }
    },
    {
      "type": "Feature",
      "geometry": {
        "type": "LineString",
        "coordinates": [
          [
            -0.049171680584549904,
            51.514663668349385
          ],
          [
            -0.04893489181995392,
            51.514678504318
          ],
          [
            -0.04871746525168419,
            51.5146869700402
          ],
          [
            -0.04850179888308048,
            51.51465428061783
          ],
          [
            -0.04843683913350105,
            51.51450742967427
          ],
          [
            -0.048443879932165146,
            51.51435571722686
          ],
          [
            -0.048421835526824,
            51.51418405584991
          ],
          [
            -0.04837196320295334,
            51.51402781717479
          ],
          [
            -0.0483581330627203,
            51.51388255879283
          ],
          [
            -0.04838545806705952,
            51.5137252304703
          ],
          [
            -0.04850984551012516,
            51.51359363459051
          ],
          [
            -0.04875744692981243,
            51.51363596320152
          ],
          [
            -0.0488471332937479,
            51.51350889354944
          ],
          [
            -0.04872140474617481,
            51.51338760741055
          ],
          [
            -0.048721740022301674,
            51.51322592049837
          ],
          [
            -0.04877345636487007,
            51.51308854110539
          ],
          [
            -0.04876515828073025,
            51.51293062604964
          ],
          [
            -0.048722829669713974,
            51.512754103168845
          ],
          [
            -0.04868963733315468,
            51.51261010207236
          ],
          [
            -0.04865175113081932,
            51.51245394721627
          ],
          [
            -0.04861864261329174,
            51.51230583898723
          ],
          [
            -0.048592155799269676,
            51.51215739548206
          ],
          [
            -0.04854513332247734,
            51.51197710074484
          ],
          [
            -0.04854991100728512,
            51.51182932779193
          ],
          [
            -0.0485476478934288,
            51.51168323121965
          ],
          [
            -0.04852711223065853,
            51.511521795764565
          ],
          [
            -0.04849123768508434,
            51.511382572352886
          ],
          [
            -0.04866591654717922,
            51.511292550712824
          ],
          [
            -0.04893522709608078,
            51.511274026706815
          ],
          [
            -0.04916598089039326,
            51.51125038973987
          ],
          [
            -0.049405619502067566,
            51.51123865507543
          ],
          [
            -0.049650706350803375,
            51.51121996343136
          ],
          [
            -0.04987986758351326,
            51.51120479218662
          ],
          [
            -0.05010852590203285,
            51.51118190959096
          ],
          [
            -0.05038948729634285,
            51.51115173473954
          ],
          [
            -0.05062149837613106,
            51.51112860068679
          ],
          [
            -0.0508613046258688,
            51.5111056342721
          ],
          [
            -0.051091890782117844,
            51.51107579469681
          ],
          [
            -0.05132901482284069,
            51.5110451169312
          ],
          [
            -0.051572173833847046,
            51.51101435534656
          ],
          [
            -0.05181256681680679,
            51.51097638532519
          ],
          [
            -0.05205664783716202,
            51.51093514636159
          ],
          [
            -0.05230022594332695,
            51.510896338149905
          ],
          [
            -0.052548330277204514,
            51.51086515747011
          ],
          [
            -0.05278419703245163,
            51.51084956713021
          ],
          [
            -0.05302433855831623,
            51.51084520854056
          ],
          [
            -0.05326464772224426,
            51.51085551828146
          ],
          [
            -0.05349582061171532,
            51.510881669819355
          ],
          [
            -0.05368826910853386,
            51.51095224544406
          ],
          [
            -0.05390150472521782,
            51.51101485826075
          ],
          [
            -0.05417073145508766,
            51.511061042547226
          ],
          [
            -0.054404670372605324,
            51.51109968312085
          ],
          [
            -0.054662665352225304,
            51.511126505210996
          ],
          [
            -0.05492149852216244,
            51.51113849133253
          ],
          [
            -0.05518091842532158,
            51.51114276610315
          ],
          [
            -0.055430950596928596,
            51.511146537959576
          ],
          [
            -0.055691879242658615,
            51.511146537959576
          ],
          [
            -0.05596814677119255,
            51.511149890720844
          ],
          [
            -0.0562325119972229,
            51.51115081273019
          ],
          [
            -0.056479526683688164,
            51.511146537959576
          ],
          [
            -0.05672411061823368,
            51.511146537959576
          ],
          [
            -0.056961486116051674,
            51.51115366257727
          ],
          [
            -0.05720808170735836,
            51.51115458458662
          ],
          [
            -0.057451240718364716,
            51.511150393635035
          ],
          [
            -0.057688700035214424,
            51.51114963926375
          ],
          [
            -0.05794543772935867,
            51.511150393635035
          ],
          [
            -0.0582047738134861,
            51.511146537959576
          ],
          [
            -0.05845916457474232,
            51.511131785809994
          ],
          [
            -0.05872235633432865,
            51.51112038642168
          ],
          [
            -0.05897984839975834,
            51.5111090708524
          ],
          [
            -0.059228790923953056,
            51.51110127568245
          ],
          [
            -0.059474967420101166,
            51.511089289560914
          ],
          [
            -0.05971795879304409,
            51.51108551770449
          ],
          [
            -0.059954412281513214,
            51.511070765554905
          ],
          [
            -0.06017770618200302,
            51.511070262640715
          ],
          [
            -0.060398317873477936,
            51.51108124293387
          ],
          [
            -0.06065455265343189,
            51.51108551770449
          ],
          [
            -0.06087432615458965,
            51.51108166202903
          ],
          [
            -0.06112586706876755,
            51.511066406965256
          ],
          [
            -0.06139475852251053,
            51.51105836033821
          ],
          [
            -0.06169214844703674,
            51.511066406965256
          ],
          [
            -0.06192893721163273,
            51.51106221601367
          ],
          [
            -0.06217829883098602,
            51.51107747107744
          ],
          [
            -0.062449704855680466,
            51.51109264232218
          ],
          [
            -0.06272152997553349,
            51.51113304309547
          ],
          [
            -0.0629927683621645,
            51.511146537959576
          ],
          [
            -0.06323877722024918,
            51.51114611886442
          ],
          [
            -0.0634904857724905,
            51.511145951226354
          ],
          [
            -0.06375216878950596,
            51.511146537959576
          ],
          [
            -0.06400412879884243,
            51.511146537959576
          ],
          [
            -0.06425189785659313,
            51.51113639585674
          ],
          [
            -0.06453386507928371,
            51.51113849133253
          ],
          [
            -0.0648223701864481,
            51.511131785809994
          ],
          [
            -0.06512411870062351,
            51.511113261803985
          ],
          [
            -0.06544413976371288,
            51.51110186241567
          ],
          [
            -0.06575670093297958,
            51.51107939891517
          ],
          [
            -0.066069345921278,
            51.511052157729864
          ],
          [
            -0.06636170670390129,
            51.51102550327778
          ],
          [
            -0.06662573665380478,
            51.51100639253855
          ],
          [
            -0.06687459535896778,
            51.510990634560585
          ],
          [
            -0.06713535636663437,
            51.51096490211785
          ],
          [
            -0.06739553064107895,
            51.51094168424606
          ],
          [
            -0.06764422170817852,
            51.51091871783137
          ],
          [
            -0.0679174717515707,
            51.510899271816015
          ],
          [
            -0.06816172040998936,
            51.51088393293321
          ],
          [
            -0.06844092160463333,
            51.510849902406335
          ],
          [
            -0.06871215999126434,
            51.51081947609782
          ],
          [
            -0.06895758211612701,
            51.51080271229148
          ],
          [
            -0.06921247579157352,
            51.51078184135258
          ],
          [
            -0.06946619600057602,
            51.510736495256424
          ],
          [
            -0.06970868445932865,
            51.51069374755025
          ],
          [
            -0.06991680711507797,
            51.51064546778798
          ],
          [
            -0.0701473094522953,
            51.51055259630084
          ],
          [
            -0.07035107351839542,
            51.510496186092496
          ],
          [
            -0.07057411596179008,
            51.510436590760946
          ],
          [
            -0.0707969069480896,
            51.51037816889584
          ],
          [
            -0.07101986557245255,
            51.51031756773591
          ],
          [
            -0.07125908508896828,
            51.5102784242481
          ],
          [
            -0.07147056050598621,
            51.51024120859802
          ],
          [
            -0.07173157297074795,
            51.51021673344076
          ],
          [
            -0.07198202423751354,
            51.51022276841104
          ],
          [
            -0.07220246829092503,
            51.51020172983408
          ],
          [
            -0.07245602086186409,
            51.510152611881495
          ],
          [
            -0.07274050265550613,
            51.51012495160103
          ],
          [
            -0.07298022508621216,
            51.51012704707682
          ],
          [
            -0.0732020940631628,
            51.510139452293515
          ],
          [
            -0.0734449177980423,
            51.51015043258667
          ],
          [
            -0.07370433770120144,
            51.510152695700526
          ],
          [
            -0.07391170598566532,
            51.51009419001639
          ],
          [
            -0.07415545172989368,
            51.510057896375656
          ],
          [
            -0.07437346503138542,
            51.51003325358033
          ],
          [
            -0.07462249137461185,
            51.51003367267549
          ],
          [
            -0.07485500536859035,
            51.50998271070421
          ],
          [
            -0.07509891875088215,
            51.509906854480505
          ],
          [
            -0.07536739110946655,
            51.509823286905885
          ],
          [
            -0.07566193118691444,
            51.50974600575864
          ],
          [
            -0.07595563307404518,
            51.50968867354095
          ],
          [
            -0.07624589838087559,
            51.50963796302676
          ],
          [
            -0.07651596330106258,
            51.50959253311157
          ],
          [
            -0.0767627265304327,
            51.509561855345964
          ],
          [
            -0.07702440954744816,
            51.5095339436084
          ],
          [
            -0.07728802040219307,
            51.50951818563044
          ],
          [
            -0.07754450663924217,
            51.50950309820473
          ],
          [
            -0.07777760736644268,
            51.509495470672846
          ],
          [
            -0.07804197259247303,
            51.50952799245715
          ],
          [
            -0.07825805805623531,
            51.509564789012074
          ],
          [
            -0.07849669083952904,
            51.50962614454329
          ],
          [
            -0.07876130752265453,
            51.5096549782902
          ],
          [
            -0.0789821706712246,
            51.50966587476432
          ],
          [
            -0.07921627722680569,
            51.50967786088586
          ],
          [
            -0.07945457473397255,
            51.50968171656132
          ],
          [
            -0.07969513535499573,
            51.509703593328595
          ],
          [
            -0.07993720471858978,
            51.509705102071166
          ],
          [
            -0.0801643542945385,
            51.50963746011257
          ],
          [
            -0.08036568760871887,
            51.509534949436784
          ],
          [
            -0.08058881387114525,
            51.5094303432852
          ],
          [
            -0.08083222433924675,
            51.50932758115232
          ],
          [
            -0.08112592622637749,
            51.50923605076969
          ],
          [
            -0.0813519861549139,
            51.5091887768358
          ],
          [
            -0.08158818818628788,
            51.5091541595757
          ],
          [
            -0.08183587342500687,
            51.509136725217104
          ],
          [
            -0.08208339102566242,
            51.509145107120275
          ],
          [
            -0.08234398439526558,
            51.50917259976268
          ],
          [
            -0.08258194662630558,
            51.50920344516635
          ],
          [
            -0.08279853500425816,
            51.509229680523276
          ],
          [
            -0.08310656994581223,
            51.50927527807653
          ],
          [
            -0.08341376669704914,
            51.50931433774531
          ],
          [
            -0.08372398093342781,
            51.50934124365449
          ],
          [
            -0.08402455598115921,
            51.50937493890524
          ],
          [
            -0.08432521484792233,
            51.50940913707018
          ],
          [
            -0.08461816236376762,
            51.50944299995899
          ],
          [
            -0.08490792475640774,
            51.50948482565582
          ],
          [
            -0.08517606183886528,
            51.50954500772059
          ],
          [
            -0.08546833880245686,
            51.509587755426764
          ],
          [
            -0.08572675287723541,
            51.509580966085196
          ],
          [
            -0.08598466403782368,
            51.50963972322643
          ],
          [
            -0.08624534122645855,
            51.509691858664155
          ],
          [
            -0.08651029318571091,
            51.50975522585213
          ],
          [
            -0.08678027428686619,
            51.50980543345213
          ],
          [
            -0.08704028092324734,
            51.509851617738605
          ],
          [
            -0.08734747767448425,
            51.509866286069155
          ],
          [
            -0.08762910962104797,
            51.509887827560306
          ],
          [
            -0.08790403604507446,
            51.50993233546615
          ],
          [
            -0.08816110901534557,
            51.50996167212725
          ],
          [
            -0.0884335208684206,
            51.51002160273492
          ],
          [
            -0.08869771845638752,
            51.51008698157966
          ],
          [
            -0.08895428851246834,
            51.5101542044431
          ],
          [
            -0.0892061647027731,
            51.51023701764643
          ],
          [
            -0.08944211527705193,
            51.51033399626613
          ],
          [
            -0.08966490626335144,
            51.510392585769296
          ],
          [
            -0.08988199755549431,
            51.510413540527225
          ],
          [
            -0.09171168319880962,
            51.51073833927512
          ],
          [
            -0.09195811115205288,
            51.51077480055392
          ],
          [
            -0.09223094210028648,
            51.51076792739332
          ],
          [
            -0.09244845248758793,
            51.51080137118697
          ],
          [
            -0.09265582077205181,
            51.51084277778864
          ],
          [
            -0.09288154542446136,
            51.51087395846844
          ],
          [
            -0.09311866946518421,
            51.51091963984072
          ],
          [
            -0.09336342103779316,
            51.51096096262336
          ],
          [
            -0.09358319453895092,
            51.51099616661668
          ],
          [
            -0.09380104020237923,
            51.51102256961167
          ],
          [
            -0.09404914453625679,
            51.511050229892135
          ],
          [
            -0.09428576566278934,
            51.511076213791966
          ],
          [
            -0.09452548809349537,
            51.511107394471765
          ],
          [
            -0.09476462379097939,
            51.51114469394088
          ],
          [
            -0.09503250941634178,
            51.51116129010916
          ],
          [
            -0.09526829235255718,
            51.51119087822735
          ],
          [
            -0.09551078081130981,
            51.511240163818
          ],
          [
            -0.09581118822097778,
            51.51126748882234
          ],
          [
            -0.09604739025235176,
            51.51129473000765
          ],
          [
            -0.09628887288272381,
            51.51130294427276
          ],
          [
            -0.09653940796852112,
            51.511310152709484
          ],
          [
            -0.09677913039922714,
            51.51131769642234
          ],
          [
            -0.09701935574412346,
            51.51132205501199
          ],
          [
            -0.10166502557694912,
            51.51115802116692
          ],
          [
            -0.10189259424805641,
            51.511170007288456
          ],
          [
            -0.1021343283355236,
            51.51115148328245
          ],
          [
            -0.10239047929644585,
            51.51110974140465
          ],
          [
            -0.10267965495586395,
            51.51107889600098
          ],
          [
            -0.10293136350810528,
            51.51105601340532
          ],
          [
            -0.10315239429473877,
            51.51103975251317
          ],
          [
            -0.10348725132644176,
            51.51104017160833
          ],
          [
            -0.10374650359153748,
            51.51105450466275
          ],
          [
            -0.10399544611573219,
            51.51106967590749
          ],
          [
            -0.10429032146930695,
            51.51105877943337
          ],
          [
            -0.1045857835561037,
            51.511065401136875
          ],
          [
            -0.10481276549398899,
            51.51107361540198
          ],
          [
            -0.10509339161217213,
            51.511086439713836
          ],
          [
            -0.10531668551266193,
            51.51108224876225
          ],
          [
            -0.10562220588326454,
            51.51108124293387
          ],
          [
            -0.10591213591396809,
            51.51107847690582
          ],
          [
            -0.10618530213832855,
            51.51108166202903
          ],
          [
            -0.10644740425050259,
            51.51108166202903
          ],
          [
            -0.10670757852494717,
            51.51108551770449
          ],
          [
            -0.10697915218770504,
            51.5110850147903
          ],
          [
            -0.10724913328886032,
            51.511103538796306
          ],
          [
            -0.10751517489552498,
            51.51111896149814
          ],
          [
            -0.10776001028716564,
            51.51113832369447
          ],
          [
            -0.10799369774758816,
            51.511123571544886
          ],
          [
            -0.10803485289216042,
            51.5109742898494
          ],
          [
            -0.10828220285475254,
            51.510966746136546
          ],
          [
            -0.10851471684873104,
            51.51096783578396
          ],
          [
            -0.108760641887784,
            51.510967249050736
          ],
          [
            -0.10901344008743763,
            51.510971104726195
          ],
          [
            -0.10926858521997929,
            51.510971104726195
          ],
          [
            -0.10951459407806396,
            51.510971104726195
          ],
          [
            -0.10976898483932018,
            51.510971104726195
          ],
          [
            -0.11002396233379841,
            51.51097487658262
          ],
          [
            -0.11027240194380283,
            51.510971104726195
          ],
          [
            -0.11053014546632767,
            51.51097487658262
          ],
          [
            -0.11078864336013794,
            51.51097487658262
          ],
          [
            -0.11104672215878963,
            51.51097487658262
          ],
          [
            -0.11130287311971188,
            51.510971104726195
          ],
          [
            -0.1115589402616024,
            51.51098510250449
          ],
          [
            -0.11181173846125603,
            51.5109761338681
          ],
          [
            -0.11206386610865593,
            51.51094595901668
          ],
          [
            -0.11231725104153156,
            51.5109224896878
          ],
          [
            -0.11257289908826351,
            51.51090337894857
          ],
          [
            -0.11281773447990417,
            51.51088435202837
          ],
          [
            -0.11307941749691963,
            51.51085786521435
          ],
          [
            -0.11332953348755836,
            51.510832300409675
          ],
          [
            -0.11359247379004955,
            51.51080464012921
          ],
          [
            -0.11384518817067146,
            51.51077815331519
          ],
          [
            -0.11408977210521698,
            51.510747810825706
          ],
          [
            -0.11433796025812626,
            51.51070958934724
          ],
          [
            -0.11458899825811386,
            51.51067145168781
          ],
          [
            -0.11482243426144123,
            51.51063675060868
          ],
          [
            -0.11504530906677246,
            51.51060590520501
          ],
          [
            -0.11529006063938141,
            51.510573886334896
          ],
          [
            -0.11538167484104633,
            51.51070363819599
          ],
          [
            -0.11540858075022697,
            51.51085887104273
          ],
          [
            -0.11528628878295422,
            51.51097236201167
          ],
          [
            -0.1150558702647686,
            51.511011673137546
          ],
          [
            -0.11497464962303638,
            51.51115592569113
          ],
          [
            -0.11500976979732513,
            51.51130470447242
          ],
          [
            -0.11505637317895889,
            51.511470079422
          ],
          [
            -0.11512150056660175,
            51.51161919347942
          ],
          [
            -0.11513851583003998,
            51.51179697364569
          ],
          [
            -0.11520875617861748,
            51.51192706078291
          ],
          [
            -0.11529567651450634,
            51.51207567192614
          ],
          [
            -0.11538385413587093,
            51.512224953621626
          ],
          [
            -0.11550136841833591,
            51.51235160417855
          ],
          [
            -0.11569918133318424,
            51.51243852451444
          ],
          [
            -0.1159238163381815,
            51.5124749019742
          ],
          [
            -0.11605926789343357,
            51.512591913342476
          ],
          [
            -0.11613386683166027,
            51.51272451505065
          ],
          [
            -0.11602431535720825,
            51.51285585947335
          ]
        ]
      },
      "properties": {
        "name": "2024-02-08 (Thu) 09:58",
        "source_file": "2024-02-08-095825-ELEMNT_ROAM_A974-116-0.fit",
        "date": "2024-02-08T09:58:25",
        "sport": "cycling",
        "dropbox_id": "id:JY-PzzIM9pcAAAAAAAAAqQ"
      }
    },
    {
      "type": "Feature",
      "geometry": {
        "type": "LineString",
        "coordinates": [
          [
            -0.04891670309007168,
            51.51462175883353
          ],
          [
            -0.048684440553188324,
            51.51463324204087
          ],
          [
            -0.048515042290091515,
            51.51454179547727
          ],
          [
            -0.048503223806619644,
            51.51437281630933
          ],
          [
            -0.048465169966220856,
            51.51420651935041
          ],
          [
            -0.048423176631331444,
            51.5140566509217
          ],
          [
            -0.04838336259126663,
            51.51389722712338
          ],
          [
            -0.04842309281229973,
            51.51375263929367
          ],
          [
            -0.04849651828408241,
            51.5136147569865
          ],
          [
            -0.048717716708779335,
            51.51364157907665
          ],
          [
            -0.048626773059368134,
            51.513511911034584
          ],
          [
            -0.04861336201429367,
            51.51336656883359
          ],
          [
            -0.048659881576895714,
            51.51321812532842
          ],
          [
            -0.048723332583904266,
            51.51306171901524
          ],
          [
            -0.0487001147121191,
            51.512924591079354
          ],
          [
            -0.0486717838793993,
            51.51274546980858
          ],
          [
            -0.04864663816988468,
            51.51259618811309
          ],
          [
            -0.048606572672724724,
            51.5124508459121
          ],
          [
            -0.04858830012381077,
            51.512302067130804
          ],
          [
            -0.04853859543800354,
            51.512123784050345
          ],
          [
            -0.04850171506404877,
            51.511974753811955
          ],
          [
            -0.04851663485169411,
            51.5118067804724
          ],
          [
            -0.04847497679293156,
            51.5116460993886
          ],
          [
            -0.04843340255320072,
            51.51148642413318
          ],
          [
            -0.04842652939260006,
            51.51134896092117
          ],
          [
            -0.04867664538323879,
            51.51129917241633
          ],
          [
            -0.04891720600426197,
            51.51128400117159
          ],
          [
            -0.049157096073031425,
            51.511264722794294
          ],
          [
            -0.04939757287502289,
            51.51123823598027
          ],
          [
            -0.04964165389537811,
            51.51121920906007
          ],
          [
            -0.049885064363479614,
            51.51120009832084
          ],
          [
            -0.050107184797525406,
            51.51118081994355
          ],
          [
            -0.05033165216445923,
            51.51115802116692
          ],
          [
            -0.050554778426885605,
            51.511127511039376
          ],
          [
            -0.05078335292637348,
            51.511097168549895
          ],
          [
            -0.05101276561617851,
            51.511070346459746
          ],
          [
            -0.05125701427459717,
            51.5110435243696
          ],
          [
            -0.051492964848876,
            51.51101334951818
          ],
          [
            -0.05172950215637684,
            51.510974960401654
          ],
          [
            -0.051968889310956,
            51.510936906561255
          ],
          [
            -0.052207689732313156,
            51.51089868508279
          ],
          [
            -0.052450597286224365,
            51.51086423546076
          ],
          [
            -0.0526974443346262,
            51.51084520854056
          ],
          [
            -0.052934903651475906,
            51.51083758100867
          ],
          [
            -0.053162723779678345,
            51.510848896577954
          ],
          [
            -0.053394148126244545,
            51.51087203063071
          ],
          [
            -0.053635211661458015,
            51.51096347719431
          ],
          [
            -0.05390770733356476,
            51.511024413630366
          ],
          [
            -0.054175760596990585,
            51.51107009500265
          ],
          [
            -0.05440441891551018,
            51.51110831648111
          ],
          [
            -0.054646823555231094,
            51.5111349709332
          ],
          [
            -0.054894592612981796,
            51.511146537959576
          ],
          [
            -0.05514269694685936,
            51.511146537959576
          ],
          [
            -0.05538761615753174,
            51.51115416549146
          ],
          [
            -0.05563722923398018,
            51.511161709204316
          ],
          [
            -0.05588700994849205,
            51.511172940954566
          ],
          [
            -0.05612916313111782,
            51.51117327623069
          ],
          [
            -0.056373244151473045,
            51.511163637042046
          ],
          [
            -0.05660039372742176,
            51.51116732507944
          ],
          [
            -0.05683450028300285,
            51.511172940954566
          ],
          [
            -0.0570738036185503,
            51.51117327623069
          ],
          [
            -0.05731000564992428,
            51.51117327623069
          ],
          [
            -0.05755794234573841,
            51.51117327623069
          ],
          [
            -0.057814763858914375,
            51.5111695881933
          ],
          [
            -0.05806831642985344,
            51.51116196066141
          ],
          [
            -0.05832161754369736,
            51.511150477454066
          ],
          [
            -0.05856318399310112,
            51.511146537959576
          ],
          [
            -0.05881371907889843,
            51.51113505475223
          ],
          [
            -0.05907263606786728,
            51.51111988350749
          ],
          [
            -0.05931805819272995,
            51.511104544624686
          ],
          [
            -0.059559037908911705,
            51.51109314523637
          ],
          [
            -0.05983329378068447,
            51.511104544624686
          ],
          [
            -0.06010847166180611,
            51.511108400300145
          ],
          [
            -0.06037551909685135,
            51.51114243082702
          ],
          [
            -0.06060007028281689,
            51.51113891042769
          ],
          [
            -0.060859909281134605,
            51.511127930134535
          ],
          [
            -0.061098458245396614,
            51.511108903214335
          ],
          [
            -0.06130934692919254,
            51.51115357875824
          ],
          [
            -0.06155007518827915,
            51.5111695881933
          ],
          [
            -0.06178904324769974,
            51.51116179302335
          ],
          [
            -0.06202063523232937,
            51.51117327623069
          ],
          [
            -0.06224116310477257,
            51.51119993068278
          ],
          [
            -0.062483735382556915,
            51.51123044081032
          ],
          [
            -0.06275572814047337,
            51.51123421266675
          ],
          [
            -0.06300291046500206,
            51.51123429648578
          ],
          [
            -0.06322226487100124,
            51.511215353384614
          ],
          [
            -0.06345310248434544,
            51.511207558214664
          ],
          [
            -0.06368461064994335,
            51.51120378635824
          ],
          [
            -0.06391603499650955,
            51.51119993068278
          ],
          [
            -0.06413765251636505,
            51.51118878275156
          ],
          [
            -0.06436421535909176,
            51.51117704808712
          ],
          [
            -0.06460226140916348,
            51.51116179302335
          ],
          [
            -0.06484969519078732,
            51.51115802116692
          ],
          [
            -0.06510727107524872,
            51.51115416549146
          ],
          [
            -0.06536861881613731,
            51.511146537959576
          ],
          [
            -0.06564103066921234,
            51.51111611165106
          ],
          [
            -0.06590774282813072,
            51.511089373379946
          ],
          [
            -0.06616020575165749,
            51.511070262640715
          ],
          [
            -0.06640688516199589,
            51.51105877943337
          ],
          [
            -0.06664099171757698,
            51.51103975251317
          ],
          [
            -0.06686344742774963,
            51.51101318188012
          ],
          [
            -0.0670897588133812,
            51.510990131646395
          ],
          [
            -0.06733434274792671,
            51.51095970533788
          ],
          [
            -0.06756375543773174,
            51.51093288324773
          ],
          [
            -0.06778101436793804,
            51.51091008447111
          ],
          [
            -0.06804018281400204,
            51.51091008447111
          ],
          [
            -0.0682616326957941,
            51.51092148385942
          ],
          [
            -0.06853421218693256,
            51.510894913226366
          ],
          [
            -0.06877033039927483,
            51.51087203063071
          ],
          [
            -0.06900292821228504,
            51.51084520854056
          ],
          [
            -0.06923091597855091,
            51.51080715470016
          ],
          [
            -0.06944943219423294,
            51.51080321520567
          ],
          [
            -0.06971480324864388,
            51.51076558046043
          ],
          [
            -0.06993139162659645,
            51.51072316803038
          ],
          [
            -0.07013230584561825,
            51.51066239923239
          ],
          [
            -0.0703852716833353,
            51.510650580748916
          ],
          [
            -0.07060605101287365,
            51.510624093934894
          ],
          [
            -0.07088340818881989,
            51.51057078503072
          ],
          [
            -0.07109563797712326,
            51.51052921079099
          ],
          [
            -0.07130619138479233,
            51.510479087010026
          ],
          [
            -0.07160056382417679,
            51.51046349667013
          ],
          [
            -0.0718412920832634,
            51.510459976270795
          ],
          [
            -0.07210398092865944,
            51.51044472120702
          ],
          [
            -0.0723226647824049,
            51.51042938232422
          ],
          [
            -0.07251570001244545,
            51.510357381775975
          ],
          [
            -0.07272432558238506,
            51.510303653776646
          ],
          [
            -0.0729984138160944,
            51.51025026105344
          ],
          [
            -0.07324006408452988,
            51.510204495862126
          ],
          [
            -0.073487414047122,
            51.51020801626146
          ],
          [
            -0.0737395416945219,
            51.51022712700069
          ],
          [
            -0.07397809065878391,
            51.510257720947266
          ],
          [
            -0.07419945672154427,
            51.510239113122225
          ],
          [
            -0.07442048750817776,
            51.510223438963294
          ],
          [
            -0.07463271729648113,
            51.51018915697932
          ],
          [
            -0.07487453520298004,
            51.51011288166046
          ],
          [
            -0.0751302670687437,
            51.51002109982073
          ],
          [
            -0.0753964763134718,
            51.50991825386882
          ],
          [
            -0.07567274384200573,
            51.509830662980676
          ],
          [
            -0.07597826421260834,
            51.50976947508752
          ],
          [
            -0.07626743987202644,
            51.509715830907226
          ],
          [
            -0.07648536935448647,
            51.509674256667495
          ],
          [
            -0.07673481479287148,
            51.50963595137
          ],
          [
            -0.07697369903326035,
            51.50960552506149
          ],
          [
            -0.07721769623458385,
            51.509586330503225
          ],
          [
            -0.07744870148599148,
            51.50957107543945
          ],
          [
            -0.07769730873405933,
            51.50955590419471
          ],
          [
            -0.07793770171701908,
            51.5095788706094
          ],
          [
            -0.07817423902451992,
            51.50960938073695
          ],
          [
            -0.07840356789529324,
            51.50965120643377
          ],
          [
            -0.07863440550863743,
            51.50968565605581
          ],
          [
            -0.07889248430728912,
            51.509708454832435
          ],
          [
            -0.07915961556136608,
            51.50971985422075
          ],
          [
            -0.07942968048155308,
            51.50973510928452
          ],
          [
            -0.07970293052494526,
            51.509765619412065
          ],
          [
            -0.0799868255853653,
            51.50977324694395
          ],
          [
            -0.0802193395793438,
            51.5097086224705
          ],
          [
            -0.0804376881569624,
            51.509586749598384
          ],
          [
            -0.08065788075327873,
            51.509456830099225
          ],
          [
            -0.0809343159198761,
            51.50935339741409
          ],
          [
            -0.08115140721201897,
            51.50929614901543
          ],
          [
            -0.0813786406069994,
            51.509250635281205
          ],
          [
            -0.08161232806742191,
            51.50922004133463
          ],
          [
            -0.08184509351849556,
            51.50920101441443
          ],
          [
            -0.0820745900273323,
            51.50921224616468
          ],
          [
            -0.08230777457356453,
            51.50923169218004
          ],
          [
            -0.08252469822764397,
            51.50925474241376
          ],
          [
            -0.08280934765934944,
            51.50930017232895
          ],
          [
            -0.08309911005198956,
            51.5093423333019
          ],
          [
            -0.08338426239788532,
            51.509376699104905
          ],
          [
            -0.08368601091206074,
            51.50941458530724
          ],
          [
            -0.08399228565394878,
            51.509449034929276
          ],
          [
            -0.08429227396845818,
            51.50948340073228
          ],
          [
            -0.08458362892270088,
            51.50951768271625
          ],
          [
            -0.08487808518111706,
            51.50955221615732
          ],
          [
            -0.08516751229763031,
            51.509601501747966
          ],
          [
            -0.08544956333935261,
            51.50964751839638
          ],
          [
            -0.08567537181079388,
            51.50965506210923
          ],
          [
            -0.0858998391777277,
            51.5097083710134
          ],
          [
            -0.08609396405518055,
            51.50976964272559
          ],
          [
            -0.08632035925984383,
            51.50981524027884
          ],
          [
            -0.08656787686049938,
            51.50987232103944
          ],
          [
            -0.08681313134729862,
            51.5099086984992
          ],
          [
            -0.0870803464204073,
            51.509906854480505
          ],
          [
            -0.08731638081371784,
            51.50993342511356
          ],
          [
            -0.08759834803640842,
            51.50995639152825
          ],
          [
            -0.08784368634223938,
            51.510009951889515
          ],
          [
            -0.08809723891317844,
            51.5100899990648
          ],
          [
            -0.08835959248244762,
            51.51014992967248
          ],
          [
            -0.08857743814587593,
            51.51020793244243
          ],
          [
            -0.08880022913217545,
            51.51026610285044
          ],
          [
            -0.08899125270545483,
            51.51034522801638
          ],
          [
            -0.08930163457989693,
            51.51039518415928
          ],
          [
            -0.0895585399121046,
            51.510375989601016
          ],
          [
            -0.09223169647157192,
            51.51074219495058
          ],
          [
            -0.09244434535503387,
            51.51077639311552
          ],
          [
            -0.09265623986721039,
            51.510826013982296
          ],
          [
            -0.09287718683481216,
            51.510864067822695
          ],
          [
            -0.09310123510658741,
            51.51090991683304
          ],
          [
            -0.09332939051091671,
            51.510944282636046
          ],
          [
            -0.09355134330689907,
            51.51098242029548
          ],
          [
            -0.09378477931022644,
            51.51101301424205
          ],
          [
            -0.09402106516063213,
            51.511047296226025
          ],
          [
            -0.09426061995327473,
            51.51108535006642
          ],
          [
            -0.09450159966945648,
            51.51111979968846
          ],
          [
            -0.09473050944507122,
            51.51116154156625
          ],
          [
            -0.09497475810348988,
            51.51120378635824
          ],
          [
            -0.09523903951048851,
            51.51123044081032
          ],
          [
            -0.09556316770613194,
            51.51126882992685
          ],
          [
            -0.09578520432114601,
            51.51127997785807
          ],
          [
            -0.09601579047739506,
            51.51130646467209
          ],
          [
            -0.09631100110709667,
            51.511321887373924
          ],
          [
            -0.09657813236117363,
            51.5113371424377
          ],
          [
            -0.09682640433311462,
            51.511367317289114
          ],
          [
            -0.09707476012408733,
            51.51140185073018
          ],
          [
            -0.10172830894589424,
            51.51121141389012
          ],
          [
            -0.10194850154221058,
            51.51121141389012
          ],
          [
            -0.10219082236289978,
            51.51119607500732
          ],
          [
            -0.10241109877824783,
            51.51116187684238
          ],
          [
            -0.10267261415719986,
            51.51113119907677
          ],
          [
            -0.10296120308339596,
            51.51111217215657
          ],
          [
            -0.10322137735784054,
            51.511089373379946
          ],
          [
            -0.103472750633955,
            51.5110778901726
          ],
          [
            -0.1037814561277628,
            51.511081578209996
          ],
          [
            -0.10400433093309402,
            51.51108560152352
          ],
          [
            -0.10426760651171207,
            51.511104544624686
          ],
          [
            -0.10455493815243244,
            51.511115944013
          ],
          [
            -0.1048743724822998,
            51.51111988350749
          ],
          [
            -0.10517243295907974,
            51.51111602783203
          ],
          [
            -0.10542145930230618,
            51.51111602783203
          ],
          [
            -0.10565866716206074,
            51.51111602783203
          ],
          [
            -0.10589880868792534,
            51.51111979968846
          ],
          [
            -0.10613702237606049,
            51.511112255975604
          ],
          [
            -0.10636811144649982,
            51.51111586019397
          ],
          [
            -0.1066037267446518,
            51.51111602783203
          ],
          [
            -0.10684981942176819,
            51.51111988350749
          ],
          [
            -0.10709473863244057,
            51.51111988350749
          ],
          [
            -0.10732314549386501,
            51.51113505475223
          ],
          [
            -0.10755021125078201,
            51.51115802116692
          ],
          [
            -0.10777249932289124,
            51.51117327623069
          ],
          [
            -0.1079683005809784,
            51.51110856793821
          ],
          [
            -0.10805061087012291,
            51.510975044220686
          ],
          [
            -0.10830114595592022,
            51.51097487658262
          ],
          [
            -0.10857280343770981,
            51.51097487658262
          ],
          [
            -0.10880095884203911,
            51.510990131646395
          ],
          [
            -0.1090383343398571,
            51.510990131646395
          ],
          [
            -0.1092735305428505,
            51.51098635978997
          ],
          [
            -0.1095082238316536,
            51.51098635978997
          ],
          [
            -0.10974040254950523,
            51.51098635978997
          ],
          [
            -0.10997124016284943,
            51.51098250411451
          ],
          [
            -0.11019092984497547,
            51.51097873225808
          ],
          [
            -0.11041950434446335,
            51.51097487658262
          ],
          [
            -0.11064103804528713,
            51.51097487658262
          ],
          [
            -0.11085812933743,
            51.510982336476445
          ],
          [
            -0.11108284816145897,
            51.51098250411451
          ],
          [
            -0.11130438186228275,
            51.51097487658262
          ],
          [
            -0.11153077706694603,
            51.51097487658262
          ],
          [
            -0.11176723055541515,
            51.51096347719431
          ],
          [
            -0.1119989063590765,
            51.51094822213054
          ],
          [
            -0.11221708729863167,
            51.510932967066765
          ],
          [
            -0.11246812529861927,
            51.51091771200299
          ],
          [
            -0.11275554075837135,
            51.51089114136994
          ],
          [
            -0.11299207806587219,
            51.510871946811676
          ],
          [
            -0.11323884129524231,
            51.51085291989148
          ],
          [
            -0.11347378604114056,
            51.510826516896486
          ],
          [
            -0.11370680294930935,
            51.510799610987306
          ],
          [
            -0.11392448097467422,
            51.51076516136527
          ],
          [
            -0.11416462250053883,
            51.51074219495058
          ],
          [
            -0.11440048925578594,
            51.51071587577462
          ],
          [
            -0.11462939903140068,
            51.51067765429616
          ],
          [
            -0.11485369876027107,
            51.510647060349584
          ],
          [
            -0.11512518860399723,
            51.510612443089485
          ],
          [
            -0.11532476171851158,
            51.510699866339564
          ],
          [
            -0.11538175866007805,
            51.510853841900826
          ],
          [
            -0.11522392742335796,
            51.5109708532691
          ],
          [
            -0.11502904817461967,
            51.51103178970516
          ],
          [
            -0.115042794495821,
            51.511175371706486
          ],
          [
            -0.11509501375257969,
            51.511333622038364
          ],
          [
            -0.11512652970850468,
            51.51150452904403
          ],
          [
            -0.11517648585140705,
            51.51164987124503
          ],
          [
            -0.11524488218128681,
            51.5118099655956
          ],
          [
            -0.11531478725373745,
            51.51196234859526
          ],
          [
            -0.11539818719029427,
            51.5121038351208
          ],
          [
            -0.11547303758561611,
            51.512256218120456
          ],
          [
            -0.11561569757759571,
            51.512375827878714
          ],
          [
            -0.1158552523702383,
            51.51243173517287
          ],
          [
            -0.1160044502466917,
            51.51253835298121
          ],
          [
            -0.11603814549744129,
            51.51260691694915
          ]
        ]
      },
      "properties": {
        "name": "2024-02-12 (Mon) 09:00",
        "source_file": "2024-02-12-090039-ELEMNT_ROAM_A974-117-0.fit",
        "date": "2024-02-12T09:00:40",
        "sport": "cycling",
        "dropbox_id": "id:JY-PzzIM9pcAAAAAAAAAqg"
      }
    },
    {
      "type": "Feature",
      "geometry": {
        "type": "LineString",
        "coordinates": [
          [
            -0.04881167784333229,
            51.51469803415239
          ],
          [
            -0.048600705340504646,
            51.51473131030798
          ],
          [
            -0.04846030846238136,
            51.51461949571967
          ],
          [
            -0.04842082969844341,
            51.51445428840816
          ],
          [
            -0.048410771414637566,
            51.51427726261318
          ],
          [
            -0.04838034510612488,
            51.514103673398495
          ],
          [
            -0.04833868704736233,
            51.513941483572125
          ],
          [
            -0.04834631457924843,
            51.51379371061921
          ],
          [
            -0.04838671535253525,
            51.513654654845595
          ],
          [
            -0.04861319437623024,
            51.51364124380052
          ],
          [
            -0.04884696565568447,
            51.51367091573775
          ],
          [
            -0.04877488128840923,
            51.51353286579251
          ],
          [
            -0.04871075972914696,
            51.513402024284005
          ],
          [
            -0.04872743971645832,
            51.51324679143727
          ],
          [
            -0.04874587990343571,
            51.51309390552342
          ],
          [
            -0.048714783042669296,
            51.512934817001224
          ],
          [
            -0.048685530200600624,
            51.51279425248504
          ],
          [
            -0.0486608874052763,
            51.51265569962561
          ],
          [
            -0.04863196983933449,
            51.51249057613313
          ],
          [
            -0.04859886132180691,
            51.51231120340526
          ],
          [
            -0.04857623018324375,
            51.512140380218625
          ],
          [
            -0.04856273531913757,
            51.511970395222306
          ],
          [
            -0.04854387603700161,
            51.51179328560829
          ],
          [
            -0.04848000593483448,
            51.51162371970713
          ],
          [
            -0.04842937923967838,
            51.51146731339395
          ],
          [
            -0.04852568730711937,
            51.51132624596357
          ],
          [
            -0.04879583604633808,
            51.51129028759897
          ],
          [
            -0.04904452711343765,
            51.51126698590815
          ],
          [
            -0.04930688068270683,
            51.51124401949346
          ],
          [
            -0.049551716074347496,
            51.511229602620006
          ],
          [
            -0.049784816801548004,
            51.51121518574655
          ],
          [
            -0.0500211026519537,
            51.51120294816792
          ],
          [
            -0.050242552533745766,
            51.51117914356291
          ],
          [
            -0.0504730548709631,
            51.51115248911083
          ],
          [
            -0.05069919861853123,
            51.511129857972264
          ],
          [
            -0.05094730295240879,
            51.51109934784472
          ],
          [
            -0.05116816610097885,
            51.51107504032552
          ],
          [
            -0.0513987522572279,
            51.5110416803509
          ],
          [
            -0.05164274945855141,
            51.511010248214006
          ],
          [
            -0.05189705640077591,
            51.510967249050736
          ],
          [
            -0.052146753296256065,
            51.51091863401234
          ],
          [
            -0.05239888094365597,
            51.510885106399655
          ],
          [
            -0.0526533555239439,
            51.51086230762303
          ],
          [
            -0.052894335240125656,
            51.51085660792887
          ],
          [
            -0.05313539877533913,
            51.510869013145566
          ],
          [
            -0.05336464382708073,
            51.51089005172253
          ],
          [
            -0.053570084273815155,
            51.510943779721856
          ],
          [
            -0.05376412533223629,
            51.51101427152753
          ],
          [
            -0.053992364555597305,
            51.511057019233704
          ],
          [
            -0.054228901863098145,
            51.511092223227024
          ],
          [
            -0.05447935312986374,
            51.51112667284906
          ],
          [
            -0.05472536198794842,
            51.511151399463415
          ],
          [
            -0.05497237667441368,
            51.51116279885173
          ],
          [
            -0.055225929245352745,
            51.511169420555234
          ],
          [
            -0.05547596141695976,
            51.51117327623069
          ],
          [
            -0.05573186092078686,
            51.51117704808712
          ],
          [
            -0.05598667077720165,
            51.51118593290448
          ],
          [
            -0.05622982978820801,
            51.51119900867343
          ],
          [
            -0.056455302983522415,
            51.51119615882635
          ],
          [
            -0.05672394298017025,
            51.511188531294465
          ],
          [
            -0.05693064071238041,
            51.511111333966255
          ],
          [
            -0.05716659128665924,
            51.511127511039376
          ],
          [
            -0.05741260014474392,
            51.51112273335457
          ],
          [
            -0.0576727744191885,
            51.51112080551684
          ],
          [
            -0.05794426426291466,
            51.51111787185073
          ],
          [
            -0.05822078324854374,
            51.51110261678696
          ],
          [
            -0.05849746987223625,
            51.511083506047726
          ],
          [
            -0.05876317620277405,
            51.511060455814004
          ],
          [
            -0.05902452394366264,
            51.511066406965256
          ],
          [
            -0.05927162244915962,
            51.511066406965256
          ],
          [
            -0.059522828087210655,
            51.511066406965256
          ],
          [
            -0.05974436178803444,
            51.51107596233487
          ],
          [
            -0.05996505729854107,
            51.511090295389295
          ],
          [
            -0.06019287742674351,
            51.51110177859664
          ],
          [
            -0.060419272631406784,
            51.51111694984138
          ],
          [
            -0.06063711829483509,
            51.51111694984138
          ],
          [
            -0.060922857373952866,
            51.51111988350749
          ],
          [
            -0.06114657036960125,
            51.51110177859664
          ],
          [
            -0.06136651150882244,
            51.51109398342669
          ],
          [
            -0.06160145625472069,
            51.51109406724572
          ],
          [
            -0.06185140460729599,
            51.511108400300145
          ],
          [
            -0.062089450657367706,
            51.51111988350749
          ],
          [
            -0.06230989471077919,
            51.51110077276826
          ],
          [
            -0.0625484436750412,
            51.511120554059744
          ],
          [
            -0.0628201849758625,
            51.51117034256458
          ],
          [
            -0.06308999843895435,
            51.51117327623069
          ],
          [
            -0.06334824487566948,
            51.51117327623069
          ],
          [
            -0.06360456347465515,
            51.51117704808712
          ],
          [
            -0.06386172026395798,
            51.51117704808712
          ],
          [
            -0.06412885151803493,
            51.51117126457393
          ],
          [
            -0.06438701413571835,
            51.51116179302335
          ],
          [
            -0.06465179845690727,
            51.51115709915757
          ],
          [
            -0.06492814980447292,
            51.511149471625686
          ],
          [
            -0.06520584225654602,
            51.51113421656191
          ],
          [
            -0.06548529490828514,
            51.51111795566976
          ],
          [
            -0.06574898958206177,
            51.51109901256859
          ],
          [
            -0.06601016968488693,
            51.51108082383871
          ],
          [
            -0.06626791320741177,
            51.51106087490916
          ],
          [
            -0.0665207952260971,
            51.51103883050382
          ],
          [
            -0.06677367724478245,
            51.51101971976459
          ],
          [
            -0.06703066639602184,
            51.51099918410182
          ],
          [
            -0.06728220731019974,
            51.510972110554576
          ],
          [
            -0.06751882843673229,
            51.51094721630216
          ],
          [
            -0.06779962219297886,
            51.51093112304807
          ],
          [
            -0.06806834600865841,
            51.510915867984295
          ],
          [
            -0.06830161437392235,
            51.510909078642726
          ],
          [
            -0.06853287108242512,
            51.51090145111084
          ],
          [
            -0.06875029765069485,
            51.510876808315516
          ],
          [
            -0.06900552660226822,
            51.51085493154824
          ],
          [
            -0.06928481161594391,
            51.51080631650984
          ],
          [
            -0.0695771723985672,
            51.51074504479766
          ],
          [
            -0.06983533501625061,
            51.51069073006511
          ],
          [
            -0.07008897140622139,
            51.510628033429384
          ],
          [
            -0.07033472880721092,
            51.510581178590655
          ],
          [
            -0.07059498690068722,
            51.510542118921876
          ],
          [
            -0.07084066048264503,
            51.510482020676136
          ],
          [
            -0.07108457386493683,
            51.51044656522572
          ],
          [
            -0.07133787497878075,
            51.5104095172137
          ],
          [
            -0.07157298736274242,
            51.5103664342314
          ],
          [
            -0.07182075642049313,
            51.51032553054392
          ],
          [
            -0.07207296788692474,
            51.51028253138065
          ],
          [
            -0.0723493192344904,
            51.51024833321571
          ],
          [
            -0.0726275984197855,
            51.510221511125565
          ],
          [
            -0.07290001027286053,
            51.51017968542874
          ],
          [
            -0.07313956506550312,
            51.5101576410234
          ],
          [
            -0.07338490337133408,
            51.510143307968974
          ],
          [
            -0.07365253753960133,
            51.510105170309544
          ],
          [
            -0.0739061739295721,
            51.510102236643434
          ],
          [
            -0.07417330518364906,
            51.51010533794761
          ],
          [
            -0.07446843199431896,
            51.51011078618467
          ],
          [
            -0.07469717413187027,
            51.510107181966305
          ],
          [
            -0.0749303586781025,
            51.510056806728244
          ],
          [
            -0.07515951991081238,
            51.50996519252658
          ],
          [
            -0.07542078383266926,
            51.50987818837166
          ],
          [
            -0.0756186805665493,
            51.50980208069086
          ],
          [
            -0.07589838467538357,
            51.50972303934395
          ],
          [
            -0.07615730166435242,
            51.50967048481107
          ],
          [
            -0.07641236297786236,
            51.50962958112359
          ],
          [
            -0.07666155695915222,
            51.50958750396967
          ],
          [
            -0.07690144702792168,
            51.50955975987017
          ],
          [
            -0.07715349085628986,
            51.5095357876271
          ],
          [
            -0.07742263376712799,
            51.50951969437301
          ],
          [
            -0.07768750190734863,
            51.509506199508905
          ],
          [
            -0.07794348523020744,
            51.509515419602394
          ],
          [
            -0.07817365229129791,
            51.509564369916916
          ],
          [
            -0.07839065976440907,
            51.50962161831558
          ],
          [
            -0.0786080863326788,
            51.509664449840784
          ],
          [
            -0.07884806022047997,
            51.509683560580015
          ],
          [
            -0.07910303771495819,
            51.50969311594963
          ],
          [
            -0.07937737740576267,
            51.50969697162509
          ],
          [
            -0.0796427484601736,
            51.50971013121307
          ],
          [
            -0.07990979589521885,
            51.5097017493099
          ],
          [
            -0.08015144616365433,
            51.50964634492993
          ],
          [
            -0.08033785969018936,
            51.509555485099554
          ],
          [
            -0.08056651800870895,
            51.50945154950023
          ],
          [
            -0.08082241751253605,
            51.50934769771993
          ],
          [
            -0.08112424984574318,
            51.50926781818271
          ],
          [
            -0.08133622817695141,
            51.509228674694896
          ],
          [
            -0.08157318457961082,
            51.50920771993697
          ],
          [
            -0.08182506076991558,
            51.50920579209924
          ],
          [
            -0.08207450620830059,
            51.509232530370355
          ],
          [
            -0.08230609819293022,
            51.50924946181476
          ],
          [
            -0.08261413313448429,
            51.50927351787686
          ],
          [
            -0.08289903402328491,
            51.50928013958037
          ],
          [
            -0.0831733737140894,
            51.509325904771686
          ],
          [
            -0.08345081470906734,
            51.50935624726117
          ],
          [
            -0.08373294956982136,
            51.509389858692884
          ],
          [
            -0.084030507132411,
            51.509409975260496
          ],
          [
            -0.08433803915977478,
            51.509443083778024
          ],
          [
            -0.08464322425425053,
            51.50947451591492
          ],
          [
            -0.08491965942084789,
            51.509505193680525
          ],
          [
            -0.0851778220385313,
            51.50953955948353
          ],
          [
            -0.0854348111897707,
            51.509578535333276
          ],
          [
            -0.0856978353112936,
            51.50959203019738
          ],
          [
            -0.08590579032897949,
            51.5096377953887
          ],
          [
            -0.08616747334599495,
            51.50967702269554
          ],
          [
            -0.0864013284444809,
            51.50971884839237
          ],
          [
            -0.08663644082844257,
            51.509750029072165
          ],
          [
            -0.0869126245379448,
            51.50979579426348
          ],
          [
            -0.08716684766113758,
            51.5098362788558
          ],
          [
            -0.08745468221604824,
            51.50986368767917
          ],
          [
            -0.08770136162638664,
            51.50991833768785
          ],
          [
            -0.0879538245499134,
            51.509969886392355
          ],
          [
            -0.08819153532385826,
            51.51000517420471
          ],
          [
            -0.08844567462801933,
            51.51005521416664
          ],
          [
            -0.08869830518960953,
            51.51010994799435
          ],
          [
            -0.08894992992281914,
            51.51017197407782
          ],
          [
            -0.08919233456254005,
            51.51024464517832
          ],
          [
            -0.08943138644099236,
            51.51033223606646
          ],
          [
            -0.08966926485300064,
            51.510401805862784
          ],
          [
            -0.08993715047836304,
            51.51042552664876
          ],
          [
            -0.09019799530506134,
            51.51043030433357
          ],
          [
            -0.09205668233335018,
            51.510711684823036
          ],
          [
            -0.09228802286088467,
            51.51078988797963
          ],
          [
            -0.09255029261112213,
            51.51083489879966
          ],
          [
            -0.09282639250159264,
            51.51089566759765
          ],
          [
            -0.09304256178438663,
            51.51093925349414
          ],
          [
            -0.09326367639005184,
            51.51097655296326
          ],
          [
            -0.0934926699846983,
            51.511003291234374
          ],
          [
            -0.09371956810355186,
            51.5110279340297
          ],
          [
            -0.09396331384778023,
            51.511057522147894
          ],
          [
            -0.09421778842806816,
            51.51108719408512
          ],
          [
            -0.09448978118598461,
            51.51111560873687
          ],
          [
            -0.09474987164139748,
            51.511152908205986
          ],
          [
            -0.09498372673988342,
            51.51117889210582
          ],
          [
            -0.0952345971018076,
            51.511242762207985
          ],
          [
            -0.09551857598125935,
            51.51130931451917
          ],
          [
            -0.09575838223099709,
            51.511326832696795
          ],
          [
            -0.09603708051145077,
            51.51133722625673
          ],
          [
            -0.0963024515658617,
            51.51134870946407
          ],
          [
            -0.09658752009272575,
            51.51134870946407
          ],
          [
            -0.09684786200523376,
            51.5113627910614
          ],
          [
            -0.09707467630505562,
            51.51138877496123
          ],
          [
            -0.10188664309680462,
            51.511264806613326
          ],
          [
            -0.10217146016657352,
            51.51119356043637
          ],
          [
            -0.10245703160762787,
            51.51114377193153
          ],
          [
            -0.10274402797222137,
            51.511110663414
          ],
          [
            -0.10302381590008736,
            51.51107453741133
          ],
          [
            -0.10328365489840508,
            51.51108367368579
          ],
          [
            -0.1036486029624939,
            51.51109314523637
          ],
          [
            -0.1039780955761671,
            51.51110094040632
          ],
          [
            -0.10428470559418201,
            51.51114670559764
          ],
          [
            -0.10459022596478462,
            51.511188531294465
          ],
          [
            -0.10481184348464012,
            51.51116564869881
          ],
          [
            -0.10508316569030285,
            51.511146454140544
          ],
          [
            -0.10533051565289497,
            51.511127511039376
          ],
          [
            -0.10555020533502102,
            51.511126505210996
          ],
          [
            -0.10584474541246891,
            51.51111879386008
          ],
          [
            -0.10611866600811481,
            51.51111217215657
          ],
          [
            -0.10637917555868626,
            51.511108400300145
          ],
          [
            -0.10664069093763828,
            51.511108400300145
          ],
          [
            -0.10689801536500454,
            51.511108400300145
          ],
          [
            -0.10715056210756302,
            51.51112172752619
          ],
          [
            -0.10738852433860302,
            51.511136731132865
          ],
          [
            -0.10762522928416729,
            51.51115609332919
          ],
          [
            -0.10785866528749466,
            51.51117327623069
          ],
          [
            -0.10797685012221336,
            51.51103614829481
          ],
          [
            -0.10821363888680935,
            51.510968171060085
          ],
          [
            -0.10849485173821449,
            51.51098350994289
          ],
          [
            -0.10871856473386288,
            51.510991053655744
          ],
          [
            -0.10894688777625561,
            51.510993987321854
          ],
          [
            -0.10917512699961662,
            51.5109949093312
          ],
          [
            -0.10939791798591614,
            51.51099868118763
          ],
          [
            -0.1096198707818985,
            51.51100253686309
          ],
          [
            -0.10987920686602592,
            51.51099977083504
          ],
          [
            -0.11012286879122257,
            51.5109949093312
          ],
          [
            -0.11037231422960758,
            51.51099683716893
          ],
          [
            -0.11062419041991234,
            51.510993987321854
          ],
          [
            -0.11085863225162029,
            51.51099775917828
          ],
          [
            -0.11110740713775158,
            51.51099868118763
          ],
          [
            -0.1113585289567709,
            51.510993987321854
          ],
          [
            -0.11160914786159992,
            51.51098250411451
          ],
          [
            -0.11185599491000175,
            51.510973954573274
          ],
          [
            -0.11210259050130844,
            51.510958867147565
          ],
          [
            -0.1123354397714138,
            51.51094721630216
          ],
          [
            -0.11256963014602661,
            51.51092735119164
          ],
          [
            -0.11280566453933716,
            51.5109034627676
          ],
          [
            -0.11304287239909172,
            51.51088150218129
          ],
          [
            -0.11329290457069874,
            51.510853841900826
          ],
          [
            -0.11352282017469406,
            51.51082810945809
          ],
          [
            -0.11376296170055866,
            51.510800616815686
          ],
          [
            -0.11399480514228344,
            51.51077002286911
          ],
          [
            -0.11423486284911633,
            51.510735573247075
          ],
          [
            -0.11447056196630001,
            51.51070204563439
          ],
          [
            -0.11470424942672253,
            51.51066583581269
          ],
          [
            -0.11492226272821426,
            51.51062585413456
          ],
          [
            -0.11515201069414616,
            51.510614370927215
          ],
          [
            -0.1153276115655899,
            51.510718893259764
          ],
          [
            -0.11538360267877579,
            51.5108654089272
          ],
          [
            -0.11522677727043629,
            51.51099541224539
          ],
          [
            -0.11502988636493683,
            51.511066909879446
          ],
          [
            -0.11507104150950909,
            51.51122214272618
          ],
          [
            -0.11519920080900192,
            51.511350302025676
          ],
          [
            -0.11529123410582542,
            51.5115010086447
          ],
          [
            -0.11530598625540733,
            51.51167099364102
          ],
          [
            -0.1153374183923006,
            51.511809127405286
          ],
          [
            -0.11534789577126503,
            51.511955726891756
          ],
          [
            -0.11538536287844181,
            51.51209528557956
          ],
          [
            -0.11545040644705296,
            51.51224230416119
          ],
          [
            -0.11557789519429207,
            51.51240633800626
          ],
          [
            -0.11580990627408028,
            51.51245201937854
          ],
          [
            -0.11592633090913296,
            51.51247498579323
          ]
        ]
      },
      "properties": {
        "name": "2024-02-14 (Wed) 07:53",
        "source_file": "2024-02-14-075311-ELEMNT_ROAM_A974-118-0.fit",
        "date": "2024-02-14T07:53:12",
        "sport": "cycling",
        "dropbox_id": "id:JY-PzzIM9pcAAAAAAAAAqw"
      }
    },
    {
      "type": "Feature",
      "geometry": {
        "type": "LineString",
        "coordinates": [
          [
            -0.10983201675117016,
            51.51081402786076
          ],
          [
            -0.10958927683532238,
            51.51080757379532
          ],
          [
            -0.10935022495687008,
            51.510810842737556
          ],
          [
            -0.10908979922533035,
            51.510806484147906
          ],
          [
            -0.10882887057960033,
            51.51080371811986
          ],
          [
            -0.10857665911316872,
            51.51080707088113
          ],
          [
            -0.10832997970283031,
            51.510810842737556
          ],
          [
            -0.10809319093823433,
            51.510814698413014
          ],
          [
            -0.10785439051687717,
            51.510820062831044
          ],
          [
            -0.1078218687325716,
            51.5109793189913
          ],
          [
            -0.10793309658765793,
            51.51113438419998
          ],
          [
            -0.10766001418232918,
            51.51113404892385
          ],
          [
            -0.10742808692157269,
            51.51110714301467
          ],
          [
            -0.10718031786382198,
            51.5110918879509
          ],
          [
            -0.10692290961742401,
            51.51106959208846
          ],
          [
            -0.10666935704648495,
            51.511061964556575
          ],
          [
            -0.1064071711152792,
            51.51105819270015
          ],
          [
            -0.10613232851028442,
            51.51105877943337
          ],
          [
            -0.10584130883216858,
            51.51105500757694
          ],
          [
            -0.10552346706390381,
            51.51105500757694
          ],
          [
            -0.10530386120080948,
            51.51105500757694
          ],
          [
            -0.1050757896155119,
            51.51105500757694
          ],
          [
            -0.10484210215508938,
            51.511055678129196
          ],
          [
            -0.10453867726027966,
            51.511071017012
          ],
          [
            -0.10425511747598648,
            51.5110728610307
          ],
          [
            -0.10394062846899033,
            51.51106523349881
          ],
          [
            -0.10367861017584801,
            51.5110538341105
          ],
          [
            -0.10341357439756393,
            51.51105115190148
          ],
          [
            -0.10315013118088245,
            51.51104494929314
          ],
          [
            -0.10292415507137775,
            51.51102893985808
          ],
          [
            -0.10261226445436478,
            51.511060036718845
          ],
          [
            -0.10234429500997066,
            51.511082919314504
          ],
          [
            -0.10209518484771252,
            51.511105885729194
          ],
          [
            -0.10185210965573788,
            51.51113254018128
          ],
          [
            -0.10160593315958977,
            51.511161709204316
          ],
          [
            -0.10150635614991188,
            51.51132456958294
          ],
          [
            -0.09424997493624687,
            51.511169420555234
          ],
          [
            -0.09398535825312138,
            51.51115098036826
          ],
          [
            -0.09375418536365032,
            51.51112130843103
          ],
          [
            -0.09351731278002262,
            51.51108853518963
          ],
          [
            -0.09329192340373993,
            51.511042937636375
          ],
          [
            -0.09304197505116463,
            51.510971104726195
          ],
          [
            -0.09280309081077576,
            51.51090740226209
          ],
          [
            -0.09255331009626389,
            51.51086867786944
          ],
          [
            -0.092292046174407,
            51.51080774143338
          ],
          [
            -0.09202533401548862,
            51.510747307911515
          ],
          [
            -0.09175870567560196,
            51.51070212945342
          ],
          [
            -0.0915073323994875,
            51.51066793128848
          ],
          [
            -0.09128705598413944,
            51.5106391813606
          ],
          [
            -0.08716668002307415,
            51.50975036434829
          ],
          [
            -0.08691639639437199,
            51.509727984666824
          ],
          [
            -0.08670123293995857,
            51.5096964687109
          ],
          [
            -0.0864933617413044,
            51.50965254753828
          ],
          [
            -0.08626378141343594,
            51.50959622114897
          ],
          [
            -0.08604073897004128,
            51.50957057252526
          ],
          [
            -0.08579104207456112,
            51.509550623595715
          ],
          [
            -0.08557177148759365,
            51.509516509249806
          ],
          [
            -0.08534001186490059,
            51.50949379429221
          ],
          [
            -0.085068354383111,
            51.509469989687204
          ],
          [
            -0.08478529751300812,
            51.50943176820874
          ],
          [
            -0.08447726257145405,
            51.509383572265506
          ],
          [
            -0.08425673469901085,
            51.50937108322978
          ],
          [
            -0.08400041610002518,
            51.50933671742678
          ],
          [
            -0.08372817188501358,
            51.5093061234802
          ],
          [
            -0.08347839117050171,
            51.50927636772394
          ],
          [
            -0.08325157687067986,
            51.50924149900675
          ],
          [
            -0.08298763073980808,
            51.509208139032125
          ],
          [
            -0.082722008228302,
            51.509170923382044
          ],
          [
            -0.08247985504567623,
            51.509123230353
          ],
          [
            -0.08220660500228405,
            51.509108394384384
          ],
          [
            -0.08194299414753914,
            51.509089870378375
          ],
          [
            -0.08166848681867123,
            51.50911166332662
          ],
          [
            -0.08140127174556255,
            51.50916455313563
          ],
          [
            -0.08116808719933033,
            51.509209061041474
          ],
          [
            -0.08093280717730522,
            51.50929572992027
          ],
          [
            -0.08072040975093842,
            51.509360605850816
          ],
          [
            -0.08047431707382202,
            51.50945917703211
          ],
          [
            -0.08029192686080933,
            51.50953670963645
          ],
          [
            -0.08011071011424065,
            51.5096118953079
          ],
          [
            -0.07990837097167969,
            51.50966855697334
          ],
          [
            -0.07968088611960411,
            51.50970133021474
          ],
          [
            -0.07943077012896538,
            51.5097083710134
          ],
          [
            -0.07917763665318489,
            51.50969311594963
          ],
          [
            -0.0789315439760685,
            51.50969261303544
          ],
          [
            -0.07871445268392563,
            51.50967350229621
          ],
          [
            -0.0784954335540533,
            51.50965263135731
          ],
          [
            -0.07823475636541843,
            51.50957174599171
          ],
          [
            -0.07799888961017132,
            51.50951927527785
          ],
          [
            -0.07772019132971764,
            51.50949530303478
          ],
          [
            -0.07741601206362247,
            51.50951114483178
          ],
          [
            -0.07711627520620823,
            51.509529668837786
          ],
          [
            -0.07681754417717457,
            51.509557496756315
          ],
          [
            -0.07653172127902508,
            51.50959982536733
          ],
          [
            -0.07623382844030857,
            51.50964517146349
          ],
          [
            -0.07593878544867039,
            51.50968481786549
          ],
          [
            -0.07565606385469437,
            51.509761763736606
          ],
          [
            -0.07540611550211906,
            51.50984206236899
          ],
          [
            -0.0752129964530468,
            51.509913643822074
          ],
          [
            -0.07502666674554348,
            51.50998832657933
          ],
          [
            -0.07476448081433773,
            51.510044652968645
          ],
          [
            -0.07454462349414825,
            51.51003643870354
          ],
          [
            -0.07430808618664742,
            51.5100418869406
          ],
          [
            -0.07405738346278667,
            51.51008723303676
          ],
          [
            -0.07378396578133106,
            51.51010944508016
          ],
          [
            -0.07352085784077644,
            51.510119922459126
          ],
          [
            -0.07324609905481339,
            51.510106176137924
          ],
          [
            -0.07298869080841541,
            51.51014607399702
          ],
          [
            -0.0727451965212822,
            51.510194102302194
          ],
          [
            -0.07246540859341621,
            51.51022461242974
          ],
          [
            -0.07218302227556705,
            51.51025126688182
          ],
          [
            -0.0718951877206564,
            51.51028521358967
          ],
          [
            -0.07162537425756454,
            51.51032779365778
          ],
          [
            -0.07135204039514065,
            51.51037070900202
          ],
          [
            -0.07107141427695751,
            51.51043172925711
          ],
          [
            -0.07081819698214531,
            51.51050456799567
          ],
          [
            -0.07055039517581463,
            51.510576736181974
          ],
          [
            -0.07027680985629559,
            51.510642282664776
          ],
          [
            -0.06998528726398945,
            51.51069366373122
          ],
          [
            -0.06969636306166649,
            51.51072945445776
          ],
          [
            -0.06942495703697205,
            51.51077454909682
          ],
          [
            -0.06917073391377926,
            51.510816207155585
          ],
          [
            -0.06894098594784737,
            51.51085836812854
          ],
          [
            -0.06868768483400345,
            51.510888040065765
          ],
          [
            -0.06845441646873951,
            51.5108947455883
          ],
          [
            -0.06820287555456161,
            51.51089860126376
          ],
          [
            -0.06792644038796425,
            51.51089910417795
          ],
          [
            -0.06765193305909634,
            51.51091863401234
          ],
          [
            -0.06738119758665562,
            51.510938331484795
          ],
          [
            -0.06711884401738644,
            51.51096439920366
          ],
          [
            -0.06685246713459492,
            51.510990634560585
          ],
          [
            -0.06658080965280533,
            51.51101343333721
          ],
          [
            -0.06630496121942997,
            51.51103690266609
          ],
          [
            -0.06603112444281578,
            51.511066909879446
          ],
          [
            -0.06575921550393105,
            51.51109063066542
          ],
          [
            -0.06548261269927025,
            51.511128433048725
          ],
          [
            -0.06519033573567867,
            51.511143604293466
          ],
          [
            -0.06490468047559261,
            51.51115802116692
          ],
          [
            -0.064620366320014,
            51.51115802116692
          ],
          [
            -0.06435390561819077,
            51.511162212118506
          ],
          [
            -0.06408752873539925,
            51.511169923469424
          ],
          [
            -0.06381654180586338,
            51.51116564869881
          ],
          [
            -0.06354781799018383,
            51.51116179302335
          ],
          [
            -0.0632743164896965,
            51.51115844026208
          ],
          [
            -0.06299176253378391,
            51.511160871014
          ],
          [
            -0.06270501762628555,
            51.5111418440938
          ],
          [
            -0.0624090526252985,
            51.5111193805933
          ],
          [
            -0.06213177926838398,
            51.511104544624686
          ],
          [
            -0.0618574395775795,
            51.51109415106475
          ],
          [
            -0.06159265525639057,
            51.51110077276826
          ],
          [
            -0.06135494448244572,
            51.51109264232218
          ],
          [
            -0.061138104647397995,
            51.51109364815056
          ],
          [
            -0.06088564172387123,
            51.5110969170928
          ],
          [
            -0.06061742082238197,
            51.511108819395304
          ],
          [
            -0.060360683128237724,
            51.511108400300145
          ],
          [
            -0.06010168232023716,
            51.511108400300145
          ],
          [
            -0.0598312821239233,
            51.51110504753888
          ],
          [
            -0.05957965739071369,
            51.511109322309494
          ],
          [
            -0.05928754806518555,
            51.5111193805933
          ],
          [
            -0.05900608375668526,
            51.51112415827811
          ],
          [
            -0.058724116533994675,
            51.51113606058061
          ],
          [
            -0.05844583734869957,
            51.51114276610315
          ],
          [
            -0.05817367695271969,
            51.511146537959576
          ],
          [
            -0.05789162591099739,
            51.51115081273019
          ],
          [
            -0.05761586129665375,
            51.51115751825273
          ],
          [
            -0.05735183134675026,
            51.51115416549146
          ],
          [
            -0.057086292654275894,
            51.51115081273019
          ],
          [
            -0.05683072842657566,
            51.51115416549146
          ],
          [
            -0.056553790345788,
            51.51116514578462
          ],
          [
            -0.056324880570173264,
            51.51115844026208
          ],
          [
            -0.056082308292388916,
            51.51116137392819
          ],
          [
            -0.055818697437644005,
            51.51115802116692
          ],
          [
            -0.055558858439326286,
            51.51115416549146
          ],
          [
            -0.05530019290745258,
            51.51115416549146
          ],
          [
            -0.05504446104168892,
            51.511149890720844
          ],
          [
            -0.05478445440530777,
            51.511146537959576
          ],
          [
            -0.054530901834368706,
            51.51113413274288
          ],
          [
            -0.05428447388112545,
            51.511102532967925
          ],
          [
            -0.05405992269515991,
            51.511057522147894
          ],
          [
            -0.053826235234737396,
            51.51102617383003
          ],
          [
            -0.053603947162628174,
            51.51095727458596
          ],
          [
            -0.05339356139302254,
            51.51088250800967
          ],
          [
            -0.053148726001381874,
            51.51086339727044
          ],
          [
            -0.05288922227919102,
            51.51084856130183
          ],
          [
            -0.05263449624180794,
            51.5108532551676
          ],
          [
            -0.05238320678472519,
            51.510869013145566
          ],
          [
            -0.05212797783315182,
            51.51090430095792
          ],
          [
            -0.051874006167054176,
            51.51094629429281
          ],
          [
            -0.05161718465387821,
            51.51098837144673
          ],
          [
            -0.05136614665389061,
            51.511029778048396
          ],
          [
            -0.051123155280947685,
            51.51106464676559
          ],
          [
            -0.05090564489364624,
            51.51109398342669
          ],
          [
            -0.05064144730567932,
            51.51112474501133
          ],
          [
            -0.05039870738983154,
            51.5111627150327
          ],
          [
            -0.05011950619518757,
            51.511188950389624
          ],
          [
            -0.04988221451640129,
            51.511204708367586
          ],
          [
            -0.04962061531841755,
            51.51122381910682
          ],
          [
            -0.049350885674357414,
            51.51124284602702
          ],
          [
            -0.04908408969640732,
            51.511266231536865
          ],
          [
            -0.04881897009909153,
            51.511284336447716
          ],
          [
            -0.04857187159359455,
            51.51130453683436
          ],
          [
            -0.048451339825987816,
            51.51142179965973
          ],
          [
            -0.04849584773182869,
            51.511575523763895
          ],
          [
            -0.04851856268942356,
            51.51173117570579
          ],
          [
            -0.048537589609622955,
            51.51187911629677
          ],
          [
            -0.048587461933493614,
            51.51204004883766
          ],
          [
            -0.04865116439759731,
            51.51220131665468
          ],
          [
            -0.0486870389431715,
            51.512347999960184
          ],
          [
            -0.04869542084634304,
            51.5125267021358
          ],
          [
            -0.04870053380727768,
            51.51269777677953
          ],
          [
            -0.048733726143836975,
            51.51286172680557
          ],
          [
            -0.04875996150076389,
            51.51301293633878
          ],
          [
            -0.04874546080827713,
            51.51315852999687
          ],
          [
            -0.048703886568546295,
            51.513323904946446
          ],
          [
            -0.048806145787239075,
            51.513448376208544
          ],
          [
            -0.04868318326771259,
            51.513576954603195
          ],
          [
            -0.04846382886171341,
            51.51357913389802
          ],
          [
            -0.048395516350865364,
            51.5137492865324
          ],
          [
            -0.04837539978325367,
            51.513925390318036
          ],
          [
            -0.048394761979579926,
            51.514070983976126
          ],
          [
            -0.04842636175453663,
            51.51421875692904
          ],
          [
            -0.04845620132982731,
            51.51436451822519
          ],
          [
            -0.04848889075219631,
            51.514508267864585
          ],
          [
            -0.04851546138525009,
            51.51465495117009
          ],
          [
            -0.04873867146670818,
            51.514667021110654
          ],
          [
            -0.04900018684566021,
            51.51465176604688
          ],
          [
            -0.04920504055917263,
            51.51467892341316
          ]
        ]
      },
      "properties": {
        "name": "2024-02-14 (Wed) 14:44",
        "source_file": "2024-02-14-144131-ELEMNT_ROAM_A974-119-0.fit",
        "date": "2024-02-14T14:44:19",
        "sport": "cycling",
        "dropbox_id": "id:JY-PzzIM9pcAAAAAAAAArA"
      }
    },
    {
      "type": "Feature",
      "geometry": {
        "type": "LineString",
        "coordinates": [
          [
            -0.04909004084765911,
            51.514453869313
          ],
          [
            -0.048851827159523964,
            51.51446367613971
          ],
          [
            -0.04862953908741474,
            51.51443861424923
          ],
          [
            -0.04864144138991833,
            51.51427835226059
          ],
          [
            -0.04866071976721287,
            51.51412295177579
          ],
          [
            -0.04866926930844784,
            51.51394081301987
          ],
          [
            -0.04861193709075451,
            51.51379966177046
          ],
          [
            -0.04860498011112213,
            51.513629760593176
          ],
          [
            -0.04868217743933201,
            51.51348927989602
          ],
          [
            -0.04884939640760422,
            51.51339875534177
          ],
          [
            -0.04907839000225067,
            51.51343840174377
          ],
          [
            -0.04917235113680363,
            51.51331476867199
          ],
          [
            -0.0490349717438221,
            51.513194320723414
          ],
          [
            -0.04907839000225067,
            51.513054594397545
          ],
          [
            -0.0491259153932333,
            51.51289558969438
          ],
          [
            -0.04911493510007858,
            51.51274178177118
          ],
          [
            -0.04906799644231796,
            51.51257313787937
          ],
          [
            -0.04904000088572502,
            51.512397369369864
          ],
          [
            -0.049026086926460266,
            51.51224615983665
          ],
          [
            -0.049006808549165726,
            51.51210257783532
          ],
          [
            -0.04891502670943737,
            51.51195446960628
          ],
          [
            -0.04887881688773632,
            51.51178155094385
          ],
          [
            -0.04888921044766903,
            51.5116080455482
          ],
          [
            -0.048860711976885796,
            51.511427415534854
          ],
          [
            -0.04883112385869026,
            51.511253993958235
          ],
          [
            -0.04903723485767841,
            51.51118693873286
          ],
          [
            -0.04930369555950165,
            51.51116179302335
          ],
          [
            -0.04953713156282902,
            51.511148968711495
          ],
          [
            -0.04981926642358303,
            51.51113212108612
          ],
          [
            -0.05010785534977913,
            51.5111109148711
          ],
          [
            -0.05032310262322426,
            51.511096246540546
          ],
          [
            -0.05054924637079239,
            51.511073280125856
          ],
          [
            -0.05076575092971325,
            51.51103908196092
          ],
          [
            -0.05099206231534481,
            51.51101376861334
          ],
          [
            -0.05121384747326374,
            51.510991053655744
          ],
          [
            -0.05143504589796066,
            51.510964231565595
          ],
          [
            -0.05164995789527893,
            51.51094210334122
          ],
          [
            -0.05189814604818821,
            51.510913437232375
          ],
          [
            -0.05217156372964382,
            51.51087496429682
          ],
          [
            -0.052435509860515594,
            51.51083070784807
          ],
          [
            -0.05270037800073624,
            51.510800113901496
          ],
          [
            -0.05293532274663448,
            51.510794749483466
          ],
          [
            -0.053201112896203995,
            51.510836742818356
          ],
          [
            -0.053456006571650505,
            51.510854344815016
          ],
          [
            -0.05369530990719795,
            51.51094201952219
          ],
          [
            -0.053924890235066414,
            51.51100597344339
          ],
          [
            -0.05415790714323521,
            51.51104788295925
          ],
          [
            -0.054413555189967155,
            51.51109389960766
          ],
          [
            -0.05469367839396,
            51.5111228171736
          ],
          [
            -0.054916469380259514,
            51.51113664731383
          ],
          [
            -0.05514194257557392,
            51.51114041917026
          ],
          [
            -0.055366577580571175,
            51.51113891042769
          ],
          [
            -0.05559498444199562,
            51.51114033535123
          ],
          [
            -0.0558257382363081,
            51.51114276610315
          ],
          [
            -0.05605816841125488,
            51.511146537959576
          ],
          [
            -0.0562809593975544,
            51.511146537959576
          ],
          [
            -0.05655890330672264,
            51.511146537959576
          ],
          [
            -0.056834835559129715,
            51.511150393635035
          ],
          [
            -0.057052262127399445,
            51.511150393635035
          ],
          [
            -0.05726994015276432,
            51.511150393635035
          ],
          [
            -0.05749046802520752,
            51.511146537959576
          ],
          [
            -0.05772549659013748,
            51.511150393635035
          ],
          [
            -0.057968320325016975,
            51.511146537959576
          ],
          [
            -0.05820292979478836,
            51.51113740168512
          ],
          [
            -0.058430833742022514,
            51.5111296903342
          ],
          [
            -0.0586556363850832,
            51.51111988350749
          ],
          [
            -0.058884965255856514,
            51.51111829094589
          ],
          [
            -0.05911504849791527,
            51.51110672391951
          ],
          [
            -0.05933239124715328,
            51.5110969170928
          ],
          [
            -0.05961092188954353,
            51.511089289560914
          ],
          [
            -0.05982893519103527,
            51.51108778081834
          ],
          [
            -0.060113752260804176,
            51.51108166202903
          ],
          [
            -0.06033251993358135,
            51.511079566553235
          ],
          [
            -0.06059998646378517,
            51.51108551770449
          ],
          [
            -0.06081967614591122,
            51.511083925142884
          ],
          [
            -0.06103341467678547,
            51.511055678129196
          ],
          [
            -0.06126794032752514,
            51.51104520075023
          ],
          [
            -0.06150850094854832,
            51.511058025062084
          ],
          [
            -0.06175392307341099,
            51.511075124144554
          ],
          [
            -0.06199766881763935,
            51.51108861900866
          ],
          [
            -0.06224837154150009,
            51.51110077276826
          ],
          [
            -0.06248381920158863,
            51.511117620393634
          ],
          [
            -0.06272605620324612,
            51.511142095550895
          ],
          [
            -0.0629704724997282,
            51.51115952990949
          ],
          [
            -0.06322025321424007,
            51.51116179302335
          ],
          [
            -0.06346290931105614,
            51.51115642860532
          ],
          [
            -0.06369978189468384,
            51.511150393635035
          ],
          [
            -0.06393690593540668,
            51.5111487172544
          ],
          [
            -0.064177131280303,
            51.511146537959576
          ],
          [
            -0.06443236023187637,
            51.511141089722514
          ],
          [
            -0.06469739601016045,
            51.51113354600966
          ],
          [
            -0.06496846675872803,
            51.511122062802315
          ],
          [
            -0.06524071097373962,
            51.51110680773854
          ],
          [
            -0.0655063334852457,
            51.511093731969595
          ],
          [
            -0.06576835177838802,
            51.51107093319297
          ],
          [
            -0.06603539921343327,
            51.51105341501534
          ],
          [
            -0.06628895178437233,
            51.51103287935257
          ],
          [
            -0.06653294898569584,
            51.51100815273821
          ],
          [
            -0.06677384488284588,
            51.510990131646395
          ],
          [
            -0.06701038219034672,
            51.51097018271685
          ],
          [
            -0.06725052371621132,
            51.5109465457499
          ],
          [
            -0.06748580373823643,
            51.51092978194356
          ],
          [
            -0.06770096719264984,
            51.51091234758496
          ],
          [
            -0.06797874346375465,
            51.5108947455883
          ],
          [
            -0.06821813061833382,
            51.5108947455883
          ],
          [
            -0.06849163211882114,
            51.510880161076784
          ],
          [
            -0.06874979473650455,
            51.51084973476827
          ],
          [
            -0.06902631372213364,
            51.51081922464073
          ],
          [
            -0.06929830648005009,
            51.51077630929649
          ],
          [
            -0.06950919516384602,
            51.51073833927512
          ],
          [
            -0.06973911076784134,
            51.510722413659096
          ],
          [
            -0.06996475160121918,
            51.510756108909845
          ],
          [
            -0.07020145654678345,
            51.51076951995492
          ],
          [
            -0.07046179845929146,
            51.51073574088514
          ],
          [
            -0.0707059632986784,
            51.51067757047713
          ],
          [
            -0.07099773734807968,
            51.51061017997563
          ],
          [
            -0.07126000709831715,
            51.51054664514959
          ],
          [
            -0.07150945253670216,
            51.51044907979667
          ],
          [
            -0.07175127044320107,
            51.51037992909551
          ],
          [
            -0.0720052421092987,
            51.51032720692456
          ],
          [
            -0.07224647328257561,
            51.51028638705611
          ],
          [
            -0.07247127592563629,
            51.51021455414593
          ],
          [
            -0.07270395755767822,
            51.51018370874226
          ],
          [
            -0.07294535636901855,
            51.510181445628405
          ],
          [
            -0.07317401468753815,
            51.51016308926046
          ],
          [
            -0.07339244708418846,
            51.51011623442173
          ],
          [
            -0.07364063523709774,
            51.510047083720565
          ],
          [
            -0.07386183366179466,
            51.510005006566644
          ],
          [
            -0.07413080893456936,
            51.50997315533459
          ],
          [
            -0.07442392408847809,
            51.50999151170254
          ],
          [
            -0.07466264069080353,
            51.510000647976995
          ],
          [
            -0.07489515468478203,
            51.509960582479835
          ],
          [
            -0.07513588294386864,
            51.509885899722576
          ],
          [
            -0.07538658566772938,
            51.50981339626014
          ],
          [
            -0.07564910687506199,
            51.50974533520639
          ],
          [
            -0.07592093199491501,
            51.50969060137868
          ],
          [
            -0.07617942988872528,
            51.509652798995376
          ],
          [
            -0.07643030025064945,
            51.50961457751691
          ],
          [
            -0.07666214369237423,
            51.50957937352359
          ],
          [
            -0.07688082754611969,
            51.5095548145473
          ],
          [
            -0.07711141370236874,
            51.50953142903745
          ],
          [
            -0.0773502979427576,
            51.50951617397368
          ],
          [
            -0.07758649997413158,
            51.50950242765248
          ],
          [
            -0.07784558460116386,
            51.509500248357654
          ],
          [
            -0.07810517214238644,
            51.509541319683194
          ],
          [
            -0.07830960676074028,
            51.50958850979805
          ],
          [
            -0.07852066308259964,
            51.50964290834963
          ],
          [
            -0.07877815514802933,
            51.50965883396566
          ],
          [
            -0.07906615734100342,
            51.509675597772
          ],
          [
            -0.0792903732508421,
            51.50967786088586
          ],
          [
            -0.07952087558805943,
            51.5096893440932
          ],
          [
            -0.0797494500875473,
            51.50969470851123
          ],
          [
            -0.079985735937953,
            51.50967249646783
          ],
          [
            -0.08020726963877678,
            51.50958850979805
          ],
          [
            -0.08041639812290668,
            51.50949044153094
          ],
          [
            -0.08064840920269489,
            51.509387930855155
          ],
          [
            -0.08089802227914333,
            51.50929329916835
          ],
          [
            -0.08119859732687473,
            51.509209647774696
          ],
          [
            -0.0814292673021555,
            51.50916438549757
          ],
          [
            -0.08166421204805374,
            51.50914091616869
          ],
          [
            -0.08190334774553776,
            51.509132366627455
          ],
          [
            -0.08213301189243793,
            51.50913932360709
          ],
          [
            -0.08234859444200993,
            51.5091560035944
          ],
          [
            -0.0826517678797245,
            51.5091903693974
          ],
          [
            -0.0829338189214468,
            51.509224735200405
          ],
          [
            -0.08320296183228493,
            51.509264297783375
          ],
          [
            -0.08348308503627777,
            51.509299501776695
          ],
          [
            -0.08376622572541237,
            51.50932305492461
          ],
          [
            -0.08405406028032303,
            51.50935582816601
          ],
          [
            -0.08433912880718708,
            51.5093941334635
          ],
          [
            -0.08462905883789062,
            51.509424559772015
          ],
          [
            -0.08490859530866146,
            51.50946646928787
          ],
          [
            -0.08519240655004978,
            51.509503182023764
          ],
          [
            -0.08546045981347561,
            51.509538972750306
          ],
          [
            -0.0856983382254839,
            51.50958666577935
          ],
          [
            -0.08591635152697563,
            51.50960577651858
          ],
          [
            -0.08613629266619682,
            51.509647350758314
          ],
          [
            -0.08635438978672028,
            51.509677190333605
          ],
          [
            -0.08659671060740948,
            51.50970619171858
          ],
          [
            -0.08686970919370651,
            51.50973988696933
          ],
          [
            -0.0871396902948618,
            51.509776348248124
          ],
          [
            -0.08742836304008961,
            51.50981079787016
          ],
          [
            -0.08763019926846027,
            51.509886318817735
          ],
          [
            -0.08789590559899807,
            51.509907776489854
          ],
          [
            -0.08812054060399532,
            51.509936610236764
          ],
          [
            -0.08835607208311558,
            51.50996242649853
          ],
          [
            -0.08858875371515751,
            51.51001355610788
          ],
          [
            -0.08882587775588036,
            51.5100728161633
          ],
          [
            -0.08904833346605301,
            51.51014448143542
          ],
          [
            -0.08926617912948132,
            51.51022369042039
          ],
          [
            -0.08947438560426235,
            51.510293846949935
          ],
          [
            -0.08972391486167908,
            51.510361740365624
          ],
          [
            -0.08997478522360325,
            51.51040884666145
          ],
          [
            -0.09178167209029198,
            51.51068117469549
          ],
          [
            -0.0920638907700777,
            51.51074160821736
          ],
          [
            -0.09227746166288853,
            51.51078276336193
          ],
          [
            -0.09254920296370983,
            51.510829450562596
          ],
          [
            -0.0928267277777195,
            51.51087647303939
          ],
          [
            -0.09305245243012905,
            51.510920226573944
          ],
          [
            -0.09328873828053474,
            51.51095962151885
          ],
          [
            -0.09352284483611584,
            51.51099323295057
          ],
          [
            -0.09377681650221348,
            51.511023826897144
          ],
          [
            -0.09406205266714096,
            51.51105819270015
          ],
          [
            -0.09430370293557644,
            51.5110866073519
          ],
          [
            -0.09455423802137375,
            51.51112290099263
          ],
          [
            -0.09481055662035942,
            51.511146537959576
          ],
          [
            -0.09500233456492424,
            51.51105341501534
          ],
          [
            -0.09527541697025299,
            51.511068837717175
          ],
          [
            -0.09555662982165813,
            51.51110387407243
          ],
          [
            -0.09583222679793835,
            51.511185597628355
          ],
          [
            -0.09606063365936279,
            51.511195404455066
          ],
          [
            -0.09632759727537632,
            51.51121283881366
          ],
          [
            -0.09661199524998665,
            51.511226668953896
          ],
          [
            -0.09683294221758842,
            51.51121753267944
          ],
          [
            -0.10237002745270729,
            51.51111217215657
          ],
          [
            -0.1025873702019453,
            51.511095659807324
          ],
          [
            -0.10283614508807659,
            51.51107579469681
          ],
          [
            -0.1031078863888979,
            51.51110026985407
          ],
          [
            -0.1033888477832079,
            51.51112332008779
          ],
          [
            -0.10367458686232567,
            51.51112315244973
          ],
          [
            -0.10389234870672226,
            51.511123990640044
          ],
          [
            -0.10413140058517456,
            51.51111602783203
          ],
          [
            -0.1044300477951765,
            51.51111736893654
          ],
          [
            -0.10471335612237453,
            51.511118207126856
          ],
          [
            -0.1050055492669344,
            51.51110957376659
          ],
          [
            -0.10528776794672012,
            51.51109314523637
          ],
          [
            -0.10552749037742615,
            51.51109146885574
          ],
          [
            -0.10575070045888424,
            51.511089289560914
          ],
          [
            -0.10597717948257923,
            51.51108551770449
          ],
          [
            -0.106262331828475,
            51.511089289560914
          ],
          [
            -0.10653574950993061,
            51.51109104976058
          ],
          [
            -0.10682391934096813,
            51.51109096594155
          ],
          [
            -0.10704679414629936,
            51.51109314523637
          ],
          [
            -0.10730160400271416,
            51.51110622100532
          ],
          [
            -0.10756446048617363,
            51.511127008125186
          ],
          [
            -0.10779337026178837,
            51.51114435866475
          ],
          [
            -0.10796947404742241,
            51.51105685159564
          ],
          [
            -0.10813359171152115,
            51.51095031760633
          ],
          [
            -0.10840483009815216,
            51.51094822213054
          ],
          [
            -0.10863181203603745,
            51.51095962151885
          ],
          [
            -0.10886348783969879,
            51.510967249050736
          ],
          [
            -0.10909407399594784,
            51.5109726972878
          ],
          [
            -0.10931510478258133,
            51.51096951216459
          ],
          [
            -0.10954317636787891,
            51.510971104726195
          ],
          [
            -0.1097783725708723,
            51.51097487658262
          ],
          [
            -0.11001700535416603,
            51.510971104726195
          ],
          [
            -0.11026603169739246,
            51.510967249050736
          ],
          [
            -0.11051681824028492,
            51.510976469144225
          ],
          [
            -0.11076358146965504,
            51.51097487658262
          ],
          [
            -0.11100171133875847,
            51.51097487658262
          ],
          [
            -0.11124772019684315,
            51.51097487658262
          ],
          [
            -0.11147218756377697,
            51.510967249050736
          ],
          [
            -0.11171216145157814,
            51.510960292071104
          ],
          [
            -0.1119384728372097,
            51.51094755157828
          ],
          [
            -0.1121736690402031,
            51.510946629568934
          ],
          [
            -0.11242428794503212,
            51.5109259262681
          ],
          [
            -0.11266191489994526,
            51.51090304367244
          ],
          [
            -0.11289426125586033,
            51.510885609313846
          ],
          [
            -0.11313029564917088,
            51.51086742058396
          ],
          [
            -0.11337161064147949,
            51.510836658999324
          ],
          [
            -0.11360169388353825,
            51.51081402786076
          ],
          [
            -0.11382943019270897,
            51.51078335009515
          ],
          [
            -0.11404895223677158,
            51.51074521243572
          ],
          [
            -0.11427417397499084,
            51.510718474164605
          ],
          [
            -0.11449998244643211,
            51.51068662293255
          ],
          [
            -0.11473098769783974,
            51.51064588688314
          ],
          [
            -0.1150085125118494,
            51.51060867123306
          ],
          [
            -0.11523943394422531,
            51.51058193296194
          ],
          [
            -0.11534244753420353,
            51.5107049793005
          ],
          [
            -0.11537337675690651,
            51.510848896577954
          ],
          [
            -0.1152726262807846,
            51.51096951216459
          ],
          [
            -0.11505084112286568,
            51.51105643250048
          ],
          [
            -0.11505771428346634,
            51.51119850575924
          ],
          [
            -0.11513197794556618,
            51.51135868392885
          ],
          [
            -0.11519299820065498,
            51.51150058954954
          ],
          [
            -0.11519718915224075,
            51.51164182461798
          ],
          [
            -0.1152502465993166,
            51.511787166818976
          ],
          [
            -0.11528670787811279,
            51.51193720288575
          ],
          [
            -0.11538268066942692,
            51.512068128213286
          ],
          [
            -0.11545996181666851,
            51.51223593391478
          ],
          [
            -0.11559591628611088,
            51.51235504075885
          ],
          [
            -0.11582432314753532,
            51.51238085702062
          ],
          [
            -0.11600369587540627,
            51.51246844790876
          ],
          [
            -0.11607712134718895,
            51.51261219754815
          ],
          [
            -0.11601501144468784,
            51.512741865590215
          ]
        ]
      },
      "properties": {
        "name": "2024-02-21 (Wed) 09:52",
        "source_file": "2024-02-21-095226-ELEMNT_ROAM_A974-120-0.fit",
        "date": "2024-02-21T09:52:26",
        "sport": "cycling",
        "dropbox_id": "id:JY-PzzIM9pcAAAAAAAAArQ"
      }
    },
    {
      "type": "Feature",
      "geometry": {
        "type": "LineString",
        "coordinates": [
          [
            -0.11611165478825569,
            51.51216125115752
          ],
          [
            -0.11599875055253506,
            51.51203401386738
          ],
          [
            -0.1159233134239912,
            51.51184592396021
          ],
          [
            -0.11582071892917156,
            51.51167241856456
          ],
          [
            -0.11573832482099533,
            51.51150746271014
          ],
          [
            -0.11564637534320354,
            51.511333622038364
          ],
          [
            -0.11554419994354248,
            51.51118719018996
          ],
          [
            -0.11548854410648346,
            51.511043859645724
          ],
          [
            -0.11539885774254799,
            51.510904636234045
          ],
          [
            -0.11526156216859818,
            51.511031705886126
          ],
          [
            -0.11506534181535244,
            51.511114770546556
          ],
          [
            -0.1148200873285532,
            51.5111986733973
          ],
          [
            -0.11459511704742908,
            51.511265225708485
          ],
          [
            -0.11438984423875809,
            51.51131819933653
          ],
          [
            -0.11415615677833557,
            51.51136941276491
          ],
          [
            -0.11390411294996738,
            51.51142925955355
          ],
          [
            -0.1136939786374569,
            51.511477790772915
          ],
          [
            -0.11347009800374508,
            51.511534452438354
          ],
          [
            -0.11324244551360607,
            51.51156714186072
          ],
          [
            -0.11296894401311874,
            51.51161391288042
          ],
          [
            -0.11271891184151173,
            51.51161340996623
          ],
          [
            -0.11254574172198772,
            51.51146907359362
          ],
          [
            -0.11248765513300896,
            51.511327335610986
          ],
          [
            -0.11245798319578171,
            51.511164056137204
          ],
          [
            -0.11239721439778805,
            51.511031622067094
          ],
          [
            -0.11216486804187298,
            51.51101678609848
          ],
          [
            -0.1119150873273611,
            51.5110176242888
          ],
          [
            -0.11163647286593914,
            51.511019887402654
          ],
          [
            -0.11141862720251083,
            51.5110244974494
          ],
          [
            -0.11112685315310955,
            51.511028269305825
          ],
          [
            -0.1108897291123867,
            51.511028269305825
          ],
          [
            -0.11065537109971046,
            51.511031202971935
          ],
          [
            -0.11043241247534752,
            51.511028269305825
          ],
          [
            -0.110209034755826,
            51.511028269305825
          ],
          [
            -0.10997635312378407,
            51.511021479964256
          ],
          [
            -0.10975146666169167,
            51.51101686991751
          ],
          [
            -0.10950981639325619,
            51.51101385243237
          ],
          [
            -0.10926875285804272,
            51.51100538671017
          ],
          [
            -0.10904126800596714,
            51.51100840419531
          ],
          [
            -0.10881160385906696,
            51.51100538671017
          ],
          [
            -0.10855092667043209,
            51.51099096983671
          ],
          [
            -0.10844271630048752,
            51.511115776374936
          ],
          [
            -0.10822084732353687,
            51.51117327623069
          ],
          [
            -0.10796645656228065,
            51.51116346940398
          ],
          [
            -0.10770326480269432,
            51.511143604293466
          ],
          [
            -0.10742791928350925,
            51.51112918742001
          ],
          [
            -0.10713480412960052,
            51.5111312828958
          ],
          [
            -0.10685241781175137,
            51.511127511039376
          ],
          [
            -0.10657061822712421,
            51.511127511039376
          ],
          [
            -0.10627456940710545,
            51.51112365536392
          ],
          [
            -0.10598153807222843,
            51.51112658903003
          ],
          [
            -0.10568305850028992,
            51.511120637878776
          ],
          [
            -0.10545440018177032,
            51.51111686602235
          ],
          [
            -0.10521518066525459,
            51.5110950730741
          ],
          [
            -0.10488300584256649,
            51.511111333966255
          ],
          [
            -0.10466239415109158,
            51.51110412552953
          ],
          [
            -0.10444412939250469,
            51.51109498925507
          ],
          [
            -0.10420608334243298,
            51.511092223227024
          ],
          [
            -0.10393744334578514,
            51.51111443527043
          ],
          [
            -0.10370534844696522,
            51.51113254018128
          ],
          [
            -0.10340837761759758,
            51.511146537959576
          ],
          [
            -0.10313973762094975,
            51.5111280977726
          ],
          [
            -0.10292013175785542,
            51.51112608611584
          ],
          [
            -0.10269105434417725,
            51.51116908527911
          ],
          [
            -0.10242828167974949,
            51.511194398626685
          ],
          [
            -0.10219115763902664,
            51.51120294816792
          ],
          [
            -0.10196174494922161,
            51.511210575699806
          ],
          [
            -0.1017155684530735,
            51.51123865507543
          ],
          [
            -0.10150040499866009,
            51.51127369143069
          ],
          [
            -0.09593834169209003,
            51.5113334544003
          ],
          [
            -0.09571622125804424,
            51.51133731007576
          ],
          [
            -0.09546845220029354,
            51.51131669059396
          ],
          [
            -0.09519310668110847,
            51.51134803891182
          ],
          [
            -0.09493360295891762,
            51.51135399006307
          ],
          [
            -0.09464669041335583,
            51.51126598007977
          ],
          [
            -0.094388946890831,
            51.51117889210582
          ],
          [
            -0.09416162967681885,
            51.51110999286175
          ],
          [
            -0.0939369946718216,
            51.511048721149564
          ],
          [
            -0.09370733052492142,
            51.51100412942469
          ],
          [
            -0.09346174076199532,
            51.5109880361706
          ],
          [
            -0.093222102150321,
            51.510973535478115
          ],
          [
            -0.09298732504248619,
            51.51094394735992
          ],
          [
            -0.09274919517338276,
            51.51089893653989
          ],
          [
            -0.09249983355402946,
            51.51084244251251
          ],
          [
            -0.09224594570696354,
            51.51078360155225
          ],
          [
            -0.0919843465089798,
            51.510727275162935
          ],
          [
            -0.09173640981316566,
            51.510642701759934
          ],
          [
            -0.09147799573838711,
            51.51058126240969
          ],
          [
            -0.09125788696110249,
            51.51054605841637
          ],
          [
            -0.0910401251167059,
            51.51055787689984
          ],
          [
            -0.09078699164092541,
            51.51057103648782
          ],
          [
            -0.09052271023392677,
            51.51056969538331
          ],
          [
            -0.0902810599654913,
            51.51057941839099
          ],
          [
            -0.09002767503261566,
            51.51062241755426
          ],
          [
            -0.08975408971309662,
            51.51059852913022
          ],
          [
            -0.08949676528573036,
            51.510590482503176
          ],
          [
            -0.08923055604100227,
            51.51054924353957
          ],
          [
            -0.0889742374420166,
            51.51047984138131
          ],
          [
            -0.0887253787368536,
            51.51036249473691
          ],
          [
            -0.0885140709578991,
            51.510214135050774
          ],
          [
            -0.08826856501400471,
            51.51009016670287
          ],
          [
            -0.0880354642868042,
            51.50997885502875
          ],
          [
            -0.08777830749750137,
            51.50993015617132
          ],
          [
            -0.08750924840569496,
            51.5098796132952
          ],
          [
            -0.08725401945412159,
            51.50982370600104
          ],
          [
            -0.08703600615262985,
            51.50975413620472
          ],
          [
            -0.08680332452058792,
            51.50969311594963
          ],
          [
            -0.0865511130541563,
            51.50964215397835
          ],
          [
            -0.0862788688391447,
            51.5096634440124
          ],
          [
            -0.08606278337538242,
            51.5096375439316
          ],
          [
            -0.08581300266087055,
            51.509619103744626
          ],
          [
            -0.08556464686989784,
            51.50959244929254
          ],
          [
            -0.08529894053936005,
            51.50956504046917
          ],
          [
            -0.0850286241620779,
            51.50953754782677
          ],
          [
            -0.08476694114506245,
            51.50950158946216
          ],
          [
            -0.08451271802186966,
            51.509466636925936
          ],
          [
            -0.08425924926996231,
            51.50943310931325
          ],
          [
            -0.08400896564126015,
            51.50939195416868
          ],
          [
            -0.08375097066164017,
            51.50935205630958
          ],
          [
            -0.08350630290806293,
            51.50932464748621
          ],
          [
            -0.08325853385031223,
            51.50929489172995
          ],
          [
            -0.08300573565065861,
            51.50926362723112
          ],
          [
            -0.0827519316226244,
            51.50923077017069
          ],
          [
            -0.0824976246803999,
            51.5091990865767
          ],
          [
            -0.08223158307373524,
            51.50917905382812
          ],
          [
            -0.08196663111448288,
            51.50916673243046
          ],
          [
            -0.08171182125806808,
            51.509163714945316
          ],
          [
            -0.08149431087076664,
            51.50916748680174
          ],
          [
            -0.08122256956994534,
            51.5092112403363
          ],
          [
            -0.08103154599666595,
            51.509289275854826
          ],
          [
            -0.08090279996395111,
            51.50942908599973
          ],
          [
            -0.08070322684943676,
            51.50949756614864
          ],
          [
            -0.08044623769819736,
            51.50955934077501
          ],
          [
            -0.08025705814361572,
            51.509627318009734
          ],
          [
            -0.08003678172826767,
            51.50969998911023
          ],
          [
            -0.07975355722010136,
            51.50974097661674
          ],
          [
            -0.07950847037136555,
            51.509746592491865
          ],
          [
            -0.07927629165351391,
            51.509736869484186
          ],
          [
            -0.07905140519142151,
            51.50972153060138
          ],
          [
            -0.07883087731897831,
            51.50970929302275
          ],
          [
            -0.0785961002111435,
            51.50969102047384
          ],
          [
            -0.07838227786123753,
            51.50963737629354
          ],
          [
            -0.07816895842552185,
            51.50957451201975
          ],
          [
            -0.07793208584189415,
            51.50952874682844
          ],
          [
            -0.07767409086227417,
            51.509512988850474
          ],
          [
            -0.07742028683423996,
            51.509535033255816
          ],
          [
            -0.07716941647231579,
            51.509548192843795
          ],
          [
            -0.07692835293710232,
            51.50956554338336
          ],
          [
            -0.07668410427868366,
            51.509599070996046
          ],
          [
            -0.07643105462193489,
            51.50963335298002
          ],
          [
            -0.07616803050041199,
            51.509670820087194
          ],
          [
            -0.07591674104332924,
            51.50971264578402
          ],
          [
            -0.07568146102130413,
            51.509771570563316
          ],
          [
            -0.07546797394752502,
            51.50984734296799
          ],
          [
            -0.07523495703935623,
            51.50993007235229
          ],
          [
            -0.07505558431148529,
            51.510006599128246
          ],
          [
            -0.07485299371182919,
            51.51008287444711
          ],
          [
            -0.07458762265741825,
            51.510105170309544
          ],
          [
            -0.07432091049849987,
            51.510152611881495
          ],
          [
            -0.07409434765577316,
            51.51018379256129
          ],
          [
            -0.07385185919702053,
            51.51018806733191
          ],
          [
            -0.0735886674374342,
            51.510181529447436
          ],
          [
            -0.0732897687703371,
            51.51015956886113
          ],
          [
            -0.072990283370018,
            51.51016560383141
          ],
          [
            -0.07274067029356956,
            51.51020793244243
          ],
          [
            -0.07250254042446613,
            51.510224947705865
          ],
          [
            -0.07226432673633099,
            51.51023651473224
          ],
          [
            -0.07201739586889744,
            51.51025839149952
          ],
          [
            -0.071746576577425,
            51.510279681533575
          ],
          [
            -0.07149981334805489,
            51.51028823107481
          ],
          [
            -0.07125824689865112,
            51.51033910922706
          ],
          [
            -0.07102564908564091,
            51.51041421107948
          ],
          [
            -0.07076765410602093,
            51.51049635373056
          ],
          [
            -0.07051074877381325,
            51.510546896606684
          ],
          [
            -0.07027815096080303,
            51.510611018165946
          ],
          [
            -0.0700334832072258,
            51.51066147722304
          ],
          [
            -0.06980272941291332,
            51.510676397010684
          ],
          [
            -0.06958077661693096,
            51.510725766420364
          ],
          [
            -0.0693708099424839,
            51.51076314970851
          ],
          [
            -0.06908574141561985,
            51.51080438867211
          ],
          [
            -0.06885808892548084,
            51.51084235869348
          ],
          [
            -0.06862255744636059,
            51.51086616329849
          ],
          [
            -0.06839691661298275,
            51.51087865233421
          ],
          [
            -0.06815509870648384,
            51.510888040065765
          ],
          [
            -0.06790707819163799,
            51.51088334619999
          ],
          [
            -0.06765796802937984,
            51.5108947455883
          ],
          [
            -0.06741237826645374,
            51.51091109029949
          ],
          [
            -0.06717165000736713,
            51.51094528846443
          ],
          [
            -0.06693578325212002,
            51.51096532121301
          ],
          [
            -0.06670796312391758,
            51.51099583134055
          ],
          [
            -0.06648081354796886,
            51.511025335639715
          ],
          [
            -0.06623991765081882,
            51.51104645803571
          ],
          [
            -0.06599348969757557,
            51.51106548495591
          ],
          [
            -0.0657546054571867,
            51.51109406724572
          ],
          [
            -0.06551714614033699,
            51.511108400300145
          ],
          [
            -0.06528044119477272,
            51.51112264953554
          ],
          [
            -0.06505035795271397,
            51.51113413274288
          ],
          [
            -0.06481993943452835,
            51.511150393635035
          ],
          [
            -0.06458851508796215,
            51.51115701533854
          ],
          [
            -0.06436966359615326,
            51.51115894317627
          ],
          [
            -0.06409389898180962,
            51.511160871014
          ],
          [
            -0.06382324732840061,
            51.511169420555234
          ],
          [
            -0.06353926844894886,
            51.511169420555234
          ],
          [
            -0.06325897760689259,
            51.51117704808712
          ],
          [
            -0.06303761154413223,
            51.51117704808712
          ],
          [
            -0.06280266679823399,
            51.51117034256458
          ],
          [
            -0.06256956607103348,
            51.511156260967255
          ],
          [
            -0.06233914755284786,
            51.51113706640899
          ],
          [
            -0.06211451254785061,
            51.51111602783203
          ],
          [
            -0.06188283674418926,
            51.51110555045307
          ],
          [
            -0.06165711209177971,
            51.51110555045307
          ],
          [
            -0.061415042728185654,
            51.51109783910215
          ],
          [
            -0.06119744852185249,
            51.511089289560914
          ],
          [
            -0.06095311604440212,
            51.511088367551565
          ],
          [
            -0.06066955626010895,
            51.511107394471765
          ],
          [
            -0.060428911820054054,
            51.51111879386008
          ],
          [
            -0.060169827193021774,
            51.51112080551684
          ],
          [
            -0.05993555299937725,
            51.51113421656191
          ],
          [
            -0.05971762351691723,
            51.51112172752619
          ],
          [
            -0.059446971863508224,
            51.51111125014722
          ],
          [
            -0.059188054874539375,
            51.51111896149814
          ],
          [
            -0.058925868943333626,
            51.511127511039376
          ],
          [
            -0.058651277795434,
            51.51113798841834
          ],
          [
            -0.05838892422616482,
            51.51114075444639
          ],
          [
            -0.058111902326345444,
            51.511149387806654
          ],
          [
            -0.05785323679447174,
            51.511160871014
          ],
          [
            -0.057594235986471176,
            51.51116179302335
          ],
          [
            -0.05736088380217552,
            51.51116179302335
          ],
          [
            -0.05713331513106823,
            51.5111590269953
          ],
          [
            -0.05686584860086441,
            51.51116179302335
          ],
          [
            -0.056631071493029594,
            51.511186603456736
          ],
          [
            -0.05635513924062252,
            51.511184675619006
          ],
          [
            -0.056131258606910706,
            51.51118090376258
          ],
          [
            -0.05589321255683899,
            51.51117419824004
          ],
          [
            -0.05564686842262745,
            51.51117520406842
          ],
          [
            -0.055409157648682594,
            51.511170426383615
          ],
          [
            -0.05517513491213322,
            51.511166570708156
          ],
          [
            -0.05493876524269581,
            51.51115894317627
          ],
          [
            -0.0547013059258461,
            51.51115131564438
          ],
          [
            -0.05446610972285271,
            51.51113052852452
          ],
          [
            -0.054250024259090424,
            51.511097084730864
          ],
          [
            -0.05402631126344204,
            51.51105693541467
          ],
          [
            -0.053802430629730225,
            51.5110435243696
          ],
          [
            -0.05359221249818802,
            51.51097320020199
          ],
          [
            -0.05334771238267422,
            51.51090145111084
          ],
          [
            -0.053116707131266594,
            51.510873790830374
          ],
          [
            -0.05288938991725445,
            51.51085761375725
          ],
          [
            -0.05267087370157242,
            51.51085660792887
          ],
          [
            -0.05245487205684185,
            51.5108775626868
          ],
          [
            -0.05224071443080902,
            51.5109034627676
          ],
          [
            -0.05202471278607845,
            51.510941265150905
          ],
          [
            -0.05179647356271744,
            51.51097973808646
          ],
          [
            -0.05157049745321274,
            51.51101376861334
          ],
          [
            -0.05134359933435917,
            51.511052157729864
          ],
          [
            -0.05112944170832634,
            51.51108551770449
          ],
          [
            -0.05085577256977558,
            51.51112181134522
          ],
          [
            -0.050580259412527084,
            51.51115592569113
          ],
          [
            -0.050300974398851395,
            51.511195907369256
          ],
          [
            -0.05002336576581001,
            51.51120378635824
          ],
          [
            -0.04979847930371761,
            51.51121811941266
          ],
          [
            -0.04956437274813652,
            51.51123614050448
          ],
          [
            -0.04932641051709652,
            51.511266734451056
          ],
          [
            -0.049086688086390495,
            51.51127905584872
          ],
          [
            -0.04886481910943985,
            51.51130118407309
          ],
          [
            -0.04859316162765026,
            51.51132104918361
          ],
          [
            -0.0484458077698946,
            51.51143948547542
          ],
          [
            -0.048450082540512085,
            51.511583821848035
          ],
          [
            -0.04848268814384937,
            51.51174249127507
          ],
          [
            -0.0485062412917614,
            51.511920019984245
          ],
          [
            -0.04855494014918804,
            51.51209126226604
          ],
          [
            -0.04857547581195831,
            51.51225596666336
          ],
          [
            -0.04859760403633118,
            51.51241631247103
          ],
          [
            -0.048642195761203766,
            51.512566935271025
          ],
          [
            -0.04867010749876499,
            51.51270749978721
          ],
          [
            -0.04869701340794563,
            51.51285049505532
          ],
          [
            -0.04874495789408684,
            51.51302014477551
          ],
          [
            -0.04875585436820984,
            51.51318183168769
          ],
          [
            -0.04872475750744343,
            51.513320384547114
          ],
          [
            -0.048790303990244865,
            51.5134506393224
          ],
          [
            -0.04865250550210476,
            51.51356505230069
          ],
          [
            -0.04844438284635544,
            51.513618947938085
          ],
          [
            -0.048398785293102264,
            51.513775773346424
          ],
          [
            -0.04837925545871258,
            51.51394031010568
          ],
          [
            -0.048400042578577995,
            51.51410786435008
          ],
          [
            -0.04843725822865963,
            51.51427743025124
          ],
          [
            -0.04846114665269852,
            51.51443065144122
          ],
          [
            -0.04851018078625202,
            51.51457934640348
          ],
          [
            -0.048746466636657715,
            51.51464564725757
          ],
          [
            -0.0489854346960783,
            51.51463416405022
          ],
          [
            -0.04918626509606838,
            51.51464254595339
          ]
        ]
      },
      "properties": {
        "name": "2024-02-26 (Mon) 18:26",
        "source_file": "2024-02-26-182600-ELEMNT_ROAM_A974-121-0.fit",
        "date": "2024-02-26T18:26:00",
        "sport": "cycling",
        "dropbox_id": "id:JY-PzzIM9pcAAAAAAAAArg"
      }
    }
  ]
}