{
  "type": "FeatureCollection",
  "features": [
    {
      "type": "Feature",
      "geometry": {
        "type": "LineString",
        "coordinates": [
          [
            -1.2250682897865772,
            51.71221540309489
          ],
          [
            -1.2252395320683718,
            51.712314393371344
          ],
          [
            -1.2254369258880615,
            51.712391171604395
          ],
          [
            -1.2256622314453125,
            51.71247105114162
          ],
          [
            -1.225888291373849,
            51.712525030598044
          ],
          [
            -1.2261275947093964,
            51.71256258152425
          ],
          [
            -1.2263663113117218,
            51.712551349774
          ],
          [
            -1.2265507131814957,
            51.71247658319771
          ],
          [
            -1.226711980998516,
            51.712364349514246
          ],
          [
            -1.22658122330904,
            51.71224566176534
          ],
          [
            -1.2264047004282475,
            51.71213300898671
          ],
          [
            -1.226252568885684,
            51.71200292184949
          ],
          [
            -1.2261651456356049,
            51.711874175816774
          ],
          [
            -1.2261420115828514,
            51.71172774396837
          ],
          [
            -1.2260368186980486,
            51.71160310506821
          ],
          [
            -1.2262094020843506,
            51.71150813810527
          ],
          [
            -1.2264398206025362,
            51.71155356802046
          ],
          [
            -1.226688176393509,
            51.711603440344334
          ],
          [
            -1.2269703950732946,
            51.7116329446435
          ],
          [
            -1.2272379454225302,
            51.711647948250175
          ],
          [
            -1.2274959404021502,
            51.71165741980076
          ],
          [
            -1.227763406932354,
            51.711669908836484
          ],
          [
            -1.2280262634158134,
            51.71167753636837
          ],
          [
            -1.228249054402113,
            51.71167653053999
          ],
          [
            -1.2285407446324825,
            51.711668986827135
          ],
          [
            -1.2287611048668623,
            51.71165666542947
          ],
          [
            -1.2289819680154324,
            51.71164610423148
          ],
          [
            -1.2292048428207636,
            51.7116345372051
          ],
          [
            -1.2294278014451265,
            51.711625987663865
          ],
          [
            -1.229642378166318,
            51.711601093411446
          ],
          [
            -1.2298693601042032,
            51.71155004762113
          ],
          [
            -1.2301215715706348,
            51.71148274093866
          ],
          [
            -1.230391301214695,
            51.711394311860204
          ],
          [
            -1.2306823208928108,
            51.711311331018806
          ],
          [
            -1.230965293943882,
            51.71121292747557
          ],
          [
            -1.2311338540166616,
            51.711047468706965
          ],
          [
            -1.231124298647046,
            51.710869604721665
          ],
          [
            -1.231059841811657,
            51.710709258913994
          ],
          [
            -1.2310113944113255,
            51.71056282706559
          ],
          [
            -1.230976190418005,
            51.71041605994105
          ],
          [
            -1.2309595104306936,
            51.710254875943065
          ],
          [
            -1.23096177354455,
            51.71008346602321
          ],
          [
            -1.2310823891311884,
            51.70992957428098
          ],
          [
            -1.231289841234684,
            51.70979244634509
          ],
          [
            -1.231449181213975,
            51.70964048244059
          ],
          [
            -1.2315588165074587,
            51.70948265120387
          ],
          [
            -1.2316413782536983,
            51.7093207128346
          ],
          [
            -1.23171865940094,
            51.7091634683311
          ],
          [
            -1.2317693699151278,
            51.70900722965598
          ],
          [
            -1.231805495917797,
            51.70885409228504
          ],
          [
            -1.2319420371204615,
            51.70874026603997
          ],
          [
            -1.2319920770823956,
            51.70858293771744
          ],
          [
            -1.232082936912775,
            51.70845410786569
          ],
          [
            -1.2329326942563057,
            51.70806912705302
          ],
          [
            -1.2330832332372665,
            51.70791598968208
          ],
          [
            -1.2331843189895153,
            51.707763439044356
          ],
          [
            -1.2332764361053705,
            51.70761859975755
          ],
          [
            -1.2333442457020283,
            51.70745431445539
          ],
          [
            -1.2334093730896711,
            51.707290364429355
          ],
          [
            -1.233510123565793,
            51.707161450758576
          ],
          [
            -1.2336531188338995,
            51.70704452320933
          ],
          [
            -1.2337972037494183,
            51.706929774954915
          ],
          [
            -1.2340528517961502,
            51.7068874463439
          ],
          [
            -1.2342736311256886,
            51.70686791650951
          ],
          [
            -1.2344836816191673,
            51.70682986266911
          ],
          [
            -1.2347336299717426,
            51.70676582492888
          ],
          [
            -1.234956756234169,
            51.706692231819034
          ],
          [
            -1.2351840734481812,
            51.7066146992147
          ],
          [
            -1.2354646157473326,
            51.70653968118131
          ],
          [
            -1.2356791086494923,
            51.70646240003407
          ],
          [
            -1.2358986306935549,
            51.70636525377631
          ],
          [
            -1.2361283786594868,
            51.70627808198333
          ],
          [
            -1.236345637589693,
            51.70619602315128
          ],
          [
            -1.2365455459803343,
            51.706117652356625
          ],
          [
            -1.236745873466134,
            51.70603835955262
          ],
          [
            -1.236968245357275,
            51.705959318205714
          ],
          [
            -1.2372231390327215,
            51.70603291131556
          ],
          [
            -1.2374128215014935,
            51.70611639507115
          ],
          [
            -1.2376693915575743,
            51.706092255190015
          ],
          [
            -1.237871227785945,
            51.706005753949285
          ],
          [
            -1.2380895763635635,
            51.705991588532925
          ],
          [
            -1.2381773348897696,
            51.70611999928951
          ],
          [
            -1.238230811432004,
            51.70625327154994
          ],
          [
            -1.2382992077618837,
            51.706414287909865
          ],
          [
            -1.238357126712799,
            51.706554014235735
          ],
          [
            -1.2384205777198076,
            51.70672425068915
          ],
          [
            -1.2384731322526932,
            51.70689767226577
          ],
          [
            -1.238508503884077,
            51.707032453268766
          ],
          [
            -1.238539181649685,
            51.70716698281467
          ],
          [
            -1.2385731283575296,
            51.70730779878795
          ],
          [
            -1.2386209890246391,
            51.70744601637125
          ],
          [
            -1.2386614736169577,
            51.70758482068777
          ],
          [
            -1.2386981025338173,
            51.707732090726495
          ],
          [
            -1.2387277744710445,
            51.707869386300445
          ],
          [
            -1.2387764733284712,
            51.70802210457623
          ],
          [
            -1.2388246692717075,
            51.708170464262366
          ],
          [
            -1.238863980397582,
            51.70831630937755
          ],
          [
            -1.238907314836979,
            51.708461567759514
          ],
          [
            -1.2389428541064262,
            51.7085986956954
          ],
          [
            -1.238981829956174,
            51.70874076895416
          ],
          [
            -1.239015944302082,
            51.70887923799455
          ],
          [
            -1.2390553392469883,
            51.709054755046964
          ],
          [
            -1.239094901829958,
            51.70918861404061
          ],
          [
            -1.2391434330493212,
            51.7093275859952
          ],
          [
            -1.2391860131174326,
            51.70947670005262
          ],
          [
            -1.239235633984208,
            51.70963897369802
          ],
          [
            -1.23928458429873,
            51.709806863218546
          ],
          [
            -1.2393285892903805,
            51.70997743494809
          ],
          [
            -1.2393713369965553,
            51.710161082446575
          ],
          [
            -1.2394145876169205,
            51.71034590341151
          ],
          [
            -1.2394522223621607,
            51.71052829362452
          ],
          [
            -1.2394844088703394,
            51.71070624142885
          ],
          [
            -1.2395167630165815,
            51.71087899245322
          ],
          [
            -1.2395632825791836,
            51.711033806204796
          ],
          [
            -1.2396156694740057,
            51.711215022951365
          ],
          [
            -1.2396808806806803,
            51.711377212777734
          ],
          [
            -1.2397300824522972,
            51.71151987276971
          ],
          [
            -1.2397718243300915,
            51.711655827239156
          ],
          [
            -1.2398275639861822,
            51.711827823892236
          ],
          [
            -1.239869724959135,
            51.71197065152228
          ],
          [
            -1.2399118021130562,
            51.71211188659072
          ],
          [
            -1.2399542145431042,
            51.712256306782365
          ],
          [
            -1.2399958726018667,
            51.7124065104872
          ],
          [
            -1.240038787946105,
            51.71255805529654
          ],
          [
            -1.2400937732309103,
            51.71271454542875
          ],
          [
            -1.2401481717824936,
            51.712863156571984
          ],
          [
            -1.2401932664215565,
            51.71300623565912
          ],
          [
            -1.2402402888983488,
            51.7131491471082
          ],
          [
            -1.2402827013283968,
            51.713299518451095
          ],
          [
            -1.2403152231127024,
            51.71345164999366
          ],
          [
            -1.2403648439794779,
            51.71360311098397
          ],
          [
            -1.2404194101691246,
            51.7137601878494
          ],
          [
            -1.2404812686145306,
            51.71392187476158
          ],
          [
            -1.2405500002205372,
            51.714089680463076
          ],
          [
            -1.240614876151085,
            51.71424960717559
          ],
          [
            -1.2406773213297129,
            51.71440886333585
          ],
          [
            -1.2407351564615965,
            51.71457256190479
          ],
          [
            -1.2407946679741144,
            51.714729722589254
          ],
          [
            -1.2408555205911398,
            51.71487741172314
          ],
          [
            -1.240919642150402,
            51.71504236757755
          ],
          [
            -1.240990636870265,
            51.715207574889064
          ],
          [
            -1.2410694267600775,
            51.715377643704414
          ],
          [
            -1.241144360974431,
            51.71554419212043
          ],
          [
            -1.241212673485279,
            51.715709483250976
          ],
          [
            -1.2412862665951252,
            51.71587770804763
          ],
          [
            -1.2413539923727512,
            51.716048112139106
          ],
          [
            -1.2414305191487074,
            51.71621683984995
          ],
          [
            -1.2414946407079697,
            51.71638263389468
          ],
          [
            -1.2415482010692358,
            51.716531747952104
          ],
          [
            -1.2415659707039595,
            51.716702822595835
          ],
          [
            -1.2416233867406845,
            51.71684917062521
          ],
          [
            -1.241719862446189,
            51.71697850339115
          ],
          [
            -1.241831760853529,
            51.717110350728035
          ],
          [
            -1.2418882548809052,
            51.717250077053905
          ],
          [
            -1.2419185135513544,
            51.71738871373236
          ],
          [
            -1.2420387100428343,
            51.717558363452554
          ],
          [
            -1.24214013107121,
            51.71768635511398
          ],
          [
            -1.2422377802431583,
            51.71785374172032
          ],
          [
            -1.242295280098915,
            51.718006543815136
          ],
          [
            -1.242371303960681,
            51.71816202811897
          ],
          [
            -1.2424826994538307,
            51.7183124832809
          ],
          [
            -1.242627203464508,
            51.718447767198086
          ],
          [
            -1.2427735514938831,
            51.71855346299708
          ],
          [
            -1.2429107632488012,
            51.71868480741978
          ],
          [
            -1.2430081609636545,
            51.71883014962077
          ],
          [
            -1.2430981826037169,
            51.71898781321943
          ],
          [
            -1.2432040460407734,
            51.719138603657484
          ],
          [
            -1.2433320377022028,
            51.71928042545915
          ],
          [
            -1.2434302736073732,
            51.71942526474595
          ],
          [
            -1.243528090417385,
            51.71956901438534
          ],
          [
            -1.243622386828065,
            51.71970798633993
          ],
          [
            -1.2437139172106981,
            51.71984536573291
          ],
          [
            -1.243815002962947,
            51.71999498270452
          ],
          [
            -1.2438849080353975,
            51.72012884169817
          ],
          [
            -1.2437595147639513,
            51.720258593559265
          ],
          [
            -1.243849452584982,
            51.720411563292146
          ],
          [
            -1.2439485266804695,
            51.72056729905307
          ],
          [
            -1.24382883310318,
            51.72070987522602
          ],
          [
            -1.2436380609869957,
            51.72079109586775
          ],
          [
            -1.2434477917850018,
            51.720870891585946
          ],
          [
            -1.2432402558624744,
            51.72093861736357
          ],
          [
            -1.2430346477776766,
            51.72098312526941
          ],
          [
            -1.2428323086351156,
            51.72108664177358
          ],
          [
            -1.2427665945142508,
            51.72121798619628
          ],
          [
            -1.2427731323987246,
            51.72138512134552
          ],
          [
            -1.2427616491913795,
            51.72154261730611
          ],
          [
            -1.2427651695907116,
            51.72170916572213
          ],
          [
            -1.2427333183586597,
            51.72187336720526
          ],
          [
            -1.2426894810050726,
            51.72204469330609
          ],
          [
            -1.2426762375980616,
            51.722208727151155
          ],
          [
            -1.2426928337663412,
            51.722367061302066
          ],
          [
            -1.2426978629082441,
            51.72252061776817
          ],
          [
            -1.2426784168928862,
            51.722679790109396
          ],
          [
            -1.242621336132288,
            51.72283376567066
          ],
          [
            -1.2425381876528263,
            51.72297852113843
          ],
          [
            -1.242423439398408,
            51.723114643245935
          ],
          [
            -1.2423102837055922,
            51.72324908897281
          ],
          [
            -1.2421796936541796,
            51.72337959520519
          ],
          [
            -1.242040554061532,
            51.72351161018014
          ],
          [
            -1.2419102992862463,
            51.723637003451586
          ],
          [
            -1.2418251391500235,
            51.72376826405525
          ],
          [
            -1.2417956348508596,
            51.72391469590366
          ],
          [
            -1.2417932879179716,
            51.724064983427525
          ],
          [
            -1.2417952995747328,
            51.72421719878912
          ],
          [
            -1.2418035138398409,
            51.72437301836908
          ],
          [
            -1.2417844031006098,
            51.724528754130006
          ],
          [
            -1.2417657114565372,
            51.72468340024352
          ],
          [
            -1.2417253945022821,
            51.72483419068158
          ],
          [
            -1.2416830658912659,
            51.72497182153165
          ],
          [
            -1.241630930453539,
            51.72513426281512
          ],
          [
            -1.2415734305977821,
            51.725292010232806
          ],
          [
            -1.2414994183927774,
            51.725431233644485
          ],
          [
            -1.241431524977088,
            51.7255790065974
          ],
          [
            -1.2413984164595604,
            51.72572468407452
          ],
          [
            -1.2413695827126503,
            51.725870948284864
          ],
          [
            -1.2413703370839357,
            51.72601721249521
          ],
          [
            -1.2414013501256704,
            51.72616037540138
          ],
          [
            -1.2414301838725805,
            51.726301442831755
          ],
          [
            -1.2414454389363527,
            51.726451897993684
          ],
          [
            -1.2414324469864368,
            51.7266047000885
          ],
          [
            -1.2414040323346853,
            51.72675725072622
          ],
          [
            -1.2413475383073092,
            51.72690745443106
          ],
          [
            -1.2412508111447096,
            51.72705455683172
          ],
          [
            -1.24117118306458,
            51.72720216214657
          ],
          [
            -1.2411036249250174,
            51.7273526173085
          ],
          [
            -1.241052495315671,
            51.72750634141266
          ],
          [
            -1.2410269305109978,
            51.72765176743269
          ],
          [
            -1.241006227210164,
            51.72780993394554
          ],
          [
            -1.24097915366292,
            51.72796357423067
          ],
          [
            -1.240958534181118,
            51.72812215983868
          ],
          [
            -1.2409500684589148,
            51.728275548666716
          ],
          [
            -1.2409157026559114,
            51.728420136496425
          ],
          [
            -1.2408321350812912,
            51.72856640070677
          ],
          [
            -1.2407342344522476,
            51.72870512120426
          ],
          [
            -1.2406261917203665,
            51.72886831685901
          ],
          [
            -1.2405917420983315,
            51.72902866266668
          ],
          [
            -1.240594508126378,
            51.729169730097055
          ],
          [
            -1.2405911553651094,
            51.729310965165496
          ],
          [
            -1.2405805941671133,
            51.72945664264262
          ],
          [
            -1.2405531853437424,
            51.72959947027266
          ],
          [
            -1.2405362538993359,
            51.729765767231584
          ],
          [
            -1.2405478209257126,
            51.72992795705795
          ],
          [
            -1.2405643332749605,
            51.73007992096245
          ],
          [
            -1.2406093440949917,
            51.730220736935735
          ],
          [
            -1.2406780757009983,
            51.73035300336778
          ],
          [
            -1.2407843582332134,
            51.73050287179649
          ],
          [
            -1.2408800795674324,
            51.73062642104924
          ],
          [
            -1.2409787345677614,
            51.730755837634206
          ],
          [
            -1.241078395396471,
            51.73088734969497
          ],
          [
            -1.2411824986338615,
            51.731022549793124
          ],
          [
            -1.2412732746452093,
            51.731146266683936
          ],
          [
            -1.241365224123001,
            51.73127048648894
          ],
          [
            -1.2413899507373571,
            51.73143519088626
          ],
          [
            -1.24138617888093,
            51.731610875576735
          ],
          [
            -1.2413642182946205,
            51.73175051808357
          ],
          [
            -1.2413411680608988,
            51.73189636319876
          ],
          [
            -1.241319291293621,
            51.73203927464783
          ],
          [
            -1.241300767287612,
            51.732177743688226
          ],
          [
            -1.2412923853844404,
            51.7323587089777
          ],
          [
            -1.2412938103079796,
            51.73250053077936
          ],
          [
            -1.241319878026843,
            51.732640005648136
          ],
          [
            -1.2413871847093105,
            51.732782162725925
          ],
          [
            -1.241463040933013,
            51.732918033376336
          ],
          [
            -1.2415539007633924,
            51.73304870724678
          ],
          [
            -1.241639731451869,
            51.73317929729819
          ],
          [
            -1.241709217429161,
            51.73334827646613
          ],
          [
            -1.2417367100715637,
            51.73351717181504
          ],
          [
            -1.241783481091261,
            51.733690928667784
          ],
          [
            -1.241858247667551,
            51.73385881818831
          ],
          [
            -1.2419146578758955,
            51.73399116843939
          ],
          [
            -1.2419590819627047,
            51.734133241698146
          ],
          [
            -1.2420118041336536,
            51.73430398106575
          ],
          [
            -1.242061760276556,
            51.73444555141032
          ],
          [
            -1.2421087827533484,
            51.73458410426974
          ],
          [
            -1.2421679589897394,
            51.734743025153875
          ],
          [
            -1.2422116287052631,
            51.73487680032849
          ],
          [
            -1.2422655243426561,
            51.73505491577089
          ],
          [
            -1.2422858085483313,
            51.73519816249609
          ],
          [
            -1.2423118762671947,
            51.73534761182964
          ],
          [
            -1.2423439789563417,
            51.73549488186836
          ],
          [
            -1.242372477427125,
            51.73563586547971
          ],
          [
            -1.2423993833363056,
            51.73580442555249
          ],
          [
            -1.2424174044281244,
            51.735950438305736
          ],
          [
            -1.2424621637910604,
            51.73610206693411
          ],
          [
            -1.2425202503800392,
            51.73624631948769
          ],
          [
            -1.2425923347473145,
            51.73638470470905
          ],
          [
            -1.242672298103571,
            51.736527532339096
          ],
          [
            -1.2427712883800268,
            51.73666080459952
          ],
          [
            -1.242882264778018,
            51.7367828451097
          ],
          [
            -1.2430161237716675,
            51.736892480403185
          ],
          [
            -1.2431422714143991,
            51.73701032996178
          ],
          [
            -1.243279566988349,
            51.737125078216195
          ],
          [
            -1.2434145994484425,
            51.73724317923188
          ],
          [
            -1.2435535714030266,
            51.737358095124364
          ],
          [
            -1.2436756119132042,
            51.73747954890132
          ],
          [
            -1.2437909469008446,
            51.73759890720248
          ],
          [
            -1.2438860815018415,
            51.73772153444588
          ],
          [
            -1.243967218324542,
            51.737851118668914
          ],
          [
            -1.2440480198711157,
            51.737986989319324
          ],
          [
            -1.2441463395953178,
            51.738109616562724
          ],
          [
            -1.244296794757247,
            51.73821363598108
          ],
          [
            -1.2444852199405432,
            51.73830726183951
          ],
          [
            -1.2446874752640724,
            51.73837875947356
          ],
          [
            -1.2448860425502062,
            51.738435421139
          ],
          [
            -1.2451010383665562,
            51.73846324905753
          ],
          [
            -1.245379401370883,
            51.738479090854526
          ],
          [
            -1.2456194590777159,
            51.73852519132197
          ],
          [
            -1.2458665575832129,
            51.73859836533666
          ],
          [
            -1.2460846547037363,
            51.73869685269892
          ],
          [
            -1.2462677992880344,
            51.73880875110626
          ],
          [
            -1.2463945336639881,
            51.73894830979407
          ],
          [
            -1.246518585830927,
            51.73907646909356
          ],
          [
            -1.2466424703598022,
            51.739209992811084
          ],
          [
            -1.2467733956873417,
            51.73934259451926
          ],
          [
            -1.246901135891676,
            51.739463629201055
          ],
          [
            -1.2470241822302341,
            51.739594135433435
          ],
          [
            -1.2471553590148687,
            51.73972439020872
          ],
          [
            -1.2472825963050127,
            51.73985917121172
          ],
          [
            -1.247405642643571,
            51.739995209500194
          ],
          [
            -1.247511338442564,
            51.74012395553291
          ],
          [
            -1.2476202193647623,
            51.74024566076696
          ],
          [
            -1.2477727700024843,
            51.74039343371987
          ],
          [
            -1.2478766217827797,
            51.74052653834224
          ],
          [
            -1.2479888554662466,
            51.74065629020333
          ],
          [
            -1.2480878457427025,
            51.740792160853744
          ],
          [
            -1.2481868360191584,
            51.740916380658746
          ],
          [
            -1.2482730858027935,
            51.74104504287243
          ],
          [
            -1.2483667954802513,
            51.74117697402835
          ],
          [
            -1.248451704159379,
            51.74130303785205
          ],
          [
            -1.248557148501277,
            51.74146916717291
          ],
          [
            -1.2486402969807386,
            51.74161249771714
          ],
          [
            -1.248740293085575,
            51.74174644052982
          ],
          [
            -1.248856047168374,
            51.741875521838665
          ],
          [
            -1.2489921692758799,
            51.74199119210243
          ],
          [
            -1.2491365056484938,
            51.7421034257859
          ],
          [
            -1.2492929119616747,
            51.74221783876419
          ],
          [
            -1.2494530901312828,
            51.74233082681894
          ],
          [
            -1.2495971750468016,
            51.74244163557887
          ],
          [
            -1.2497342191636562,
            51.74255512654781
          ],
          [
            -1.2498953193426132,
            51.7426972836256
          ],
          [
            -1.2500420864671469,
            51.74280867911875
          ],
          [
            -1.2501905299723148,
            51.74292250536382
          ],
          [
            -1.2503418233245611,
            51.74302903935313
          ],
          [
            -1.2505248002707958,
            51.743152756243944
          ],
          [
            -1.2506971322000027,
            51.74326607957482
          ],
          [
            -1.2508682068437338,
            51.74337345175445
          ],
          [
            -1.25102779828012,
            51.74347411841154
          ],
          [
            -1.2512244377285242,
            51.74358735792339
          ],
          [
            -1.2513898964971304,
            51.74367595463991
          ],
          [
            -1.2515718676149845,
            51.74375935457647
          ],
          [
            -1.2517583649605513,
            51.74383906647563
          ],
          [
            -1.252004038542509,
            51.74393956549466
          ],
          [
            -1.2521900329738855,
            51.74402321688831
          ],
          [
            -1.2523664720356464,
            51.744103180244565
          ],
          [
            -1.2525531370192766,
            51.74417903646827
          ],
          [
            -1.252738544717431,
            51.744253216311336
          ],
          [
            -1.2529341783374548,
            51.74432731233537
          ],
          [
            -1.2531205080449581,
            51.74441959708929
          ],
          [
            -1.253301640972495,
            51.7445073556155
          ],
          [
            -1.2534801755100489,
            51.744603496044874
          ],
          [
            -1.2536451313644648,
            51.744705671444535
          ],
          [
            -1.2538195587694645,
            51.74480751156807
          ],
          [
            -1.2540189642459154,
            51.744930977001786
          ],
          [
            -1.2541842553764582,
            51.74501965753734
          ],
          [
            -1.2543702498078346,
            51.745133232325315
          ],
          [
            -1.2545467726886272,
            51.745228031650186
          ],
          [
            -1.2546909414231777,
            51.745343366637826
          ],
          [
            -1.254793955013156,
            51.745492396876216
          ],
          [
            -1.254941811785102,
            51.74559658393264
          ],
          [
            -1.2551495991647243,
            51.74568031914532
          ],
          [
            -1.255320841446519,
            51.74577889032662
          ],
          [
            -1.2555191572755575,
            51.745863212272525
          ],
          [
            -1.255737254396081,
            51.7458972427994
          ],
          [
            -1.2559829279780388,
            51.745913503691554
          ],
          [
            -1.2562198843806982,
            51.745891543105245
          ],
          [
            -1.256449045613408,
            51.745870588347316
          ],
          [
            -1.256692036986351,
            51.74583597108722
          ],
          [
            -1.2569771893322468,
            51.745801186189055
          ],
          [
            -1.257218923419714,
            51.74582675099373
          ],
          [
            -1.2574491742998362,
            51.74586547538638
          ],
          [
            -1.2577147968113422,
            51.7459421698004
          ],
          [
            -1.2579105142503977,
            51.74600402824581
          ],
          [
            -1.2581368256360292,
            51.74609648063779
          ],
          [
            -1.258316868916154,
            51.74618692137301
          ],
          [
            -1.2584180384874344,
            51.74632572568953
          ],
          [
            -1.2585113290697336,
            51.74649470485747
          ],
          [
            -1.2586173601448536,
            51.746657732874155
          ],
          [
            -1.258725905790925,
            51.746819922700524
          ],
          [
            -1.2588752713054419,
            51.74693299457431
          ],
          [
            -1.2590568233281374,
            51.74702879972756
          ],
          [
            -1.259322026744485,
            51.74705780111253
          ],
          [
            -1.2595459911972284,
            51.747033912688494
          ],
          [
            -1.2597981188446283,
            51.747013460844755
          ],
          [
            -1.2600483186542988,
            51.746965013444424
          ],
          [
            -1.2603272683918476,
            51.74692469649017
          ],
          [
            -1.2605387438088655,
            51.74688630737364
          ],
          [
            -1.2607855070382357,
            51.746825287118554
          ],
          [
            -1.2610476091504097,
            51.74677172675729
          ],
          [
            -1.2612767703831196,
            51.74669159576297
          ],
          [
            -1.2614719849079847,
            51.74658866599202
          ],
          [
            -1.2616425566375256,
            51.74646050669253
          ],
          [
            -1.261803237721324,
            51.74631290137768
          ],
          [
            -1.2619673553854227,
            51.746208043769
          ],
          [
            -1.2621105182915926,
            51.74609270878136
          ],
          [
            -1.2622654158622026,
            51.745983492583036
          ],
          [
            -1.262453505769372,
            51.74591476097703
          ],
          [
            -1.26270798034966,
            51.745848543941975
          ],
          [
            -1.262985672801733,
            51.74580872990191
          ],
          [
            -1.2631982378661633,
            51.74584829248488
          ],
          [
            -1.2634091265499592,
            51.745905205607414
          ],
          [
            -1.2636090349406004,
            51.74595884978771
          ],
          [
            -1.2638568878173828,
            51.746006458997726
          ],
          [
            -1.264111613854766,
            51.74608524888754
          ],
          [
            -1.2642942555248737,
            51.74616286531091
          ],
          [
            -1.2644698563963175,
            51.746248276904225
          ],
          [
            -1.2646275199949741,
            51.74634978175163
          ],
          [
            -1.2647531647235155,
            51.74650157801807
          ],
          [
            -1.264778645709157,
            51.74667349085212
          ],
          [
            -1.264763893559575,
            51.74682713113725
          ],
          [
            -1.2648410070687532,
            51.746971886605024
          ],
          [
            -1.2650444358587265,
            51.74705704674125
          ],
          [
            -1.2652983237057924,
            51.74709434621036
          ],
          [
            -1.265549696981907,
            51.747107338160276
          ],
          [
            -1.265798220410943,
            51.747087221592665
          ],
          [
            -1.2660594843328,
            51.74705654382706
          ],
          [
            -1.2663299683481455,
            51.747012035921216
          ],
          [
            -1.2665729597210884,
            51.746967528015375
          ],
          [
            -1.2667802441865206,
            51.7469128780067
          ],
          [
            -1.267013093456626,
            51.746916733682156
          ],
          [
            -1.2672435119748116,
            51.746917739510536
          ],
          [
            -1.267477786168456,
            51.746943052858114
          ],
          [
            -1.2677100487053394,
            51.74697062931955
          ],
          [
            -1.2679613381624222,
            51.74695855937898
          ],
          [
            -1.2682216800749302,
            51.74694774672389
          ],
          [
            -1.2684406153857708,
            51.74701907671988
          ],
          [
            -1.2686401046812534,
            51.7471010517329
          ],
          [
            -1.268818136304617,
            51.747180595993996
          ],
          [
            -1.2690358143299818,
            51.74717749468982
          ],
          [
            -1.2692602816969156,
            51.74712418578565
          ],
          [
            -1.2695115711539984,
            51.74705721437931
          ],
          [
            -1.269706953316927,
            51.746995858848095
          ],
          [
            -1.2699094600975513,
            51.74692972563207
          ],
          [
            -1.2701527867466211,
            51.74685085192323
          ],
          [
            -1.270386641845107,
            51.74681095406413
          ],
          [
            -1.2706209160387516,
            51.746890749782324
          ],
          [
            -1.2708375044167042,
            51.74700340256095
          ],
          [
            -1.2710479740053415,
            51.74711538478732
          ],
          [
            -1.2712574377655983,
            51.74721110612154
          ],
          [
            -1.271473104134202,
            51.74731948412955
          ],
          [
            -1.2716440949589014,
            51.7474065721035
          ],
          [
            -1.2718578334897757,
            51.74751075915992
          ],
          [
            -1.2720810435712337,
            51.747596338391304
          ],
          [
            -1.2723174132406712,
            51.74766364507377
          ],
          [
            -1.2725842092186213,
            51.747732292860746
          ],
          [
            -1.272799875587225,
            51.747786523774266
          ],
          [
            -1.273020152002573,
            51.74783798865974
          ],
          [
            -1.2732485588639975,
            51.74789657816291
          ],
          [
            -1.273469589650631,
            51.7479539103806
          ],
          [
            -1.2736902013421059,
            51.74800554290414
          ],
          [
            -1.2739166803658009,
            51.74806270748377
          ],
          [
            -1.2741390522569418,
            51.748117692768574
          ],
          [
            -1.274355137720704,
            51.74816597253084
          ],
          [
            -1.274572815746069,
            51.74821911379695
          ],
          [
            -1.274797534570098,
            51.74827284179628
          ],
          [
            -1.2750182300806046,
            51.74832816235721
          ],
          [
            -1.2752368301153183,
            51.7483976483345
          ],
          [
            -1.275439253076911,
            51.7484668828547
          ],
          [
            -1.2756514828652143,
            51.74854148179293
          ],
          [
            -1.2758658081293106,
            51.74860920757055
          ],
          [
            -1.2760834861546755,
            51.74866318702698
          ],
          [
            -1.2762983981519938,
            51.74871163442731
          ],
          [
            -1.2765186745673418,
            51.74876159057021
          ],
          [
            -1.2767475005239248,
            51.74882051534951
          ],
          [
            -1.2769776675850153,
            51.748880445957184
          ],
          [
            -1.2772027216851711,
            51.74894146621227
          ],
          [
            -1.2774175498634577,
            51.74899670295417
          ],
          [
            -1.277622990310192,
            51.749051101505756
          ],
          [
            -1.2778042908757925,
            51.74913039430976
          ],
          [
            -1.2778495531529188,
            51.74927741289139
          ],
          [
            -1.277784677222371,
            51.7494563665241
          ],
          [
            -1.277711084112525,
            51.74959667958319
          ],
          [
            -1.277622152119875,
            51.74973397515714
          ],
          [
            -1.277529364451766,
            51.74986724741757
          ],
          [
            -1.2774205673485994,
            51.7500039562583
          ],
          [
            -1.277325265109539,
            51.7501350492239
          ],
          [
            -1.277206912636757,
            51.75029053352773
          ],
          [
            -1.277037849649787,
            51.75041936337948
          ],
          [
            -1.2768956925719976,
            51.75057199783623
          ],
          [
            -1.27675655297935,
            51.750684482976794
          ],
          [
            -1.2766318302601576,
            51.7508050147444
          ],
          [
            -1.276505934074521,
            51.75093241967261
          ],
          [
            -1.2763773556798697,
            51.75107952207327
          ],
          [
            -1.2762750126421452,
            51.75123408436775
          ],
          [
            -1.2762137409299612,
            51.75139778293669
          ],
          [
            -1.2761759385466576,
            51.75156634300947
          ],
          [
            -1.2761232163757086,
            51.75172300077975
          ],
          [
            -1.2760887667536736,
            51.751863565295935
          ],
          [
            -1.2760554067790508,
            51.75200748257339
          ],
          [
            -1.2760274950414896,
            51.752164056524634
          ],
          [
            -1.2760238070040941,
            51.75232842564583
          ],
          [
            -1.276287417858839,
            51.752391792833805
          ],
          [
            -1.2765444070100784,
            51.75237921997905
          ],
          [
            -1.2768050003796816,
            51.7523677367717
          ],
          [
            -1.2770710419863462,
            51.75236010923982
          ],
          [
            -1.277337670326233,
            51.75234988331795
          ],
          [
            -1.277608321979642,
            51.75234988331795
          ],
          [
            -1.2778656464070082,
            51.75234988331795
          ],
          [
            -1.2781340349465609,
            51.75234988331795
          ],
          [
            -1.2784069497138262,
            51.75235088914633
          ],
          [
            -1.2786837201565504,
            51.752358516678214
          ],
          [
            -1.278965100646019,
            51.75237385556102
          ],
          [
            -1.2792469840496778,
            51.75238911062479
          ],
          [
            -1.279527023434639,
            51.75240436568856
          ],
          [
            -1.2798006925731897,
            51.752420626580715
          ],
          [
            -1.280075954273343,
            51.752438647672534
          ],
          [
            -1.2803423311561346,
            51.752457758411765
          ],
          [
            -1.2806068640202284,
            51.75247812643647
          ],
          [
            -1.2808601651340723,
            51.75250084139407
          ],
          [
            -1.2811132986098528,
            51.752523723989725
          ],
          [
            -1.2813722155988216,
            51.752545600757
          ],
          [
            -1.281641274690628,
            51.75256957300007
          ],
          [
            -1.2819220684468746,
            51.75259253941476
          ],
          [
            -1.282202359288931,
            51.752618020400405
          ],
          [
            -1.2824974860996008,
            51.75263813696802
          ],
          [
            -1.2828009109944105,
            51.752664875239134
          ],
          [
            -1.283095283433795,
            51.7526943795383
          ],
          [
            -1.2833848781883717,
            51.75271055661142
          ],
          [
            -1.2837085034698248,
            51.75272975116968
          ],
          [
            -1.2839404307305813,
            51.75274123437703
          ],
          [
            -1.284175794571638,
            51.752760261297226
          ],
          [
            -1.2844247370958328,
            51.752776857465506
          ],
          [
            -1.2846737634390593,
            51.752799823880196
          ],
          [
            -1.284910636022687,
            51.75281382165849
          ],
          [
            -1.2851411383599043,
            51.75283016636968
          ],
          [
            -1.2853822857141495,
            51.752848103642464
          ],
          [
            -1.2856215052306652,
            51.752868136391044
          ],
          [
            -1.2858669273555279,
            51.75288364291191
          ],
          [
            -1.286105727776885,
            51.7529013287276
          ],
          [
            -1.2863415945321321,
            51.75291666761041
          ],
          [
            -1.2865733541548252,
            51.752928234636784
          ],
          [
            -1.2868033535778522,
            51.752947345376015
          ],
          [
            -1.2870217859745026,
            51.752963522449136
          ],
          [
            -1.2873274739831686,
            51.75298908725381
          ],
          [
            -1.2875778414309025,
            51.75299839116633
          ],
          [
            -1.2878494150936604,
            51.753021106123924
          ],
          [
            -1.2881037220358849,
            51.75306050106883
          ],
          [
            -1.2883682548999786,
            51.75307307392359
          ],
          [
            -1.288647036999464,
            51.75308430567384
          ],
          [
            -1.288939816877246,
            51.75311137922108
          ],
          [
            -1.2892230413854122,
            51.753129148855805
          ],
          [
            -1.289516994729638,
            51.75314448773861
          ],
          [
            -1.2897999677807093,
            51.75315974280238
          ],
          [
            -1.2900852877646685,
            51.75318899564445
          ],
          [
            -1.2903258483856916,
            51.75320693291724
          ],
          [
            -1.290587279945612,
            51.75321288406849
          ],
          [
            -1.2908613681793213,
            51.753232162445784
          ],
          [
            -1.2910801358520985,
            51.753244986757636
          ],
          [
            -1.2912962213158607,
            51.75326133146882
          ],
          [
            -1.291520269587636,
            51.75328278914094
          ],
          [
            -1.2918002251535654,
            51.753298630937934
          ],
          [
            -1.2920474912971258,
            51.75326812081039
          ],
          [
            -1.292285369709134,
            51.75322721712291
          ],
          [
            -1.292552500963211,
            51.75325336866081
          ],
          [
            -1.2928065564483404,
            51.753293350338936
          ],
          [
            -1.2930768728256226,
            51.75330089405179
          ],
          [
            -1.293332939967513,
            51.7533122934401
          ],
          [
            -1.29356830380857,
            51.753305001184344
          ],
          [
            -1.2937875743955374,
            51.75330072641373
          ],
          [
            -1.293796207755804,
            51.75344397313893
          ],
          [
            -1.293910788372159,
            51.75356131978333
          ],
          [
            -1.2941217608749866,
            51.753620244562626
          ],
          [
            -1.2942466512322426,
            51.75377287901938
          ],
          [
            -1.2943297997117043,
            51.75392149016261
          ],
          [
            -1.2945520039647818,
            51.75397387705743
          ],
          [
            -1.2947716936469078,
            51.753909504041076
          ],
          [
            -1.2950089015066624,
            51.75387111492455
          ],
          [
            -1.2951697502285242,
            51.75397077575326
          ],
          [
            -1.2952563352882862,
            51.754118045791984
          ],
          [
            -1.2953777890652418,
            51.75423748791218
          ],
          [
            -1.2956910207867622,
            51.754035986959934
          ],
          [
            -1.29541190341115,
            51.75417462363839
          ],
          [
            -1.2951416708528996,
            51.75426498055458
          ],
          [
            -1.2948990985751152,
            51.75433522090316
          ],
          [
            -1.2946845218539238,
            51.75436899997294
          ],
          [
            -1.2945194821804762,
            51.7542520724237
          ],
          [
            -1.294404650107026,
            51.75409306772053
          ],
          [
            -1.2942943442612886,
            51.75394428893924
          ],
          [
            -1.2941935937851667,
            51.753801545128226
          ],
          [
            -1.2941118702292442,
            51.75367020070553
          ],
          [
            -1.2941308971494436,
            51.75353139638901
          ],
          [
            -1.2943128682672977,
            51.75344120711088
          ],
          [
            -1.294570192694664,
            51.75340021960437
          ],
          [
            -1.2948294449597597,
            51.75334917381406
          ],
          [
            -1.294599948450923,
            51.753337774425745
          ],
          [
            -1.2943696975708008,
            51.75338622182608
          ],
          [
            -1.2941317353397608,
            51.753433076664805
          ],
          [
            -1.2939132191240788,
            51.75346601754427
          ],
          [
            -1.2934903521090746,
            51.753497030586004
          ],
          [
            -1.2932636216282845,
            51.75348026677966
          ],
          [
            -1.29303228110075,
            51.75346752628684
          ],
          [
            -1.292804293334484,
            51.75345872528851
          ],
          [
            -1.2925677560269833,
            51.753447242081165
          ],
          [
            -1.2923276983201504,
            51.753437016159296
          ],
          [
            -1.2921042367815971,
            51.7534473259002
          ],
          [
            -1.2918223533779383,
            51.75343072973192
          ],
          [
            -1.2915949523448944,
            51.75341170281172
          ],
          [
            -1.2913761008530855,
            51.75339275971055
          ],
          [
            -1.291097654029727,
            51.75337499007583
          ],
          [
            -1.2908192910254002,
            51.75335856154561
          ],
          [
            -1.2905368208885193,
            51.75334045663476
          ],
          [
            -1.2902669236063957,
            51.75332025624812
          ],
          [
            -1.290011778473854,
            51.75330868922174
          ],
          [
            -1.2897251173853874,
            51.75328589044511
          ],
          [
            -1.2894854787737131,
            51.75327063538134
          ],
          [
            -1.289242571219802,
            51.753255212679505
          ],
          [
            -1.2890238035470247,
            51.753251357004046
          ],
          [
            -1.2887404952198267,
            51.75326032564044
          ],
          [
            -1.2884924747049809,
            51.753218583762646
          ],
          [
            -1.2882673367857933,
            51.753185307607055
          ],
          [
            -1.288018561899662,
            51.75316762179136
          ],
          [
            -1.2877491675317287,
            51.75314591266215
          ],
          [
            -1.2875086907297373,
            51.75312805920839
          ],
          [
            -1.287274919450283,
            51.753107691183686
          ],
          [
            -1.2870428245514631,
            51.75307500176132
          ],
          [
            -1.2867600191384554,
            51.753050526604056
          ],
          [
            -1.286499509587884,
            51.75303007476032
          ],
          [
            -1.286225337535143,
            51.75300719216466
          ],
          [
            -1.2859404366463423,
            51.752984477207065
          ],
          [
            -1.2856484111398458,
            51.7529655341059
          ],
          [
            -1.2853458244353533,
            51.752942483872175
          ],
          [
            -1.2850434053689241,
            51.75291960127652
          ],
          [
            -1.2847461830824614,
            51.75289688631892
          ],
          [
            -1.284464132040739,
            51.75287417136133
          ],
          [
            -1.2842001859098673,
            51.752873584628105
          ],
          [
            -1.2839604634791613,
            51.75286210142076
          ],
          [
            -1.2837012950330973,
            51.75284701399505
          ],
          [
            -1.2834394443780184,
            51.75282924436033
          ],
          [
            -1.2831938546150923,
            51.75281667150557
          ],
          [
            -1.2829445768147707,
            51.752794878557324
          ],
          [
            -1.2827025074511766,
            51.75277962349355
          ],
          [
            -1.28245297819376,
            51.75276436842978
          ],
          [
            -1.2822139263153076,
            51.75274810753763
          ],
          [
            -1.281989375129342,
            51.752725057303905
          ],
          [
            -1.2817483115941286,
            51.75270217470825
          ],
          [
            -1.2815021350979805,
            51.75268172286451
          ],
          [
            -1.2812341656535864,
            51.75267283804715
          ],
          [
            -1.280984217301011,
            51.752653727307916
          ],
          [
            -1.2807213608175516,
            51.75263863988221
          ],
          [
            -1.2804714124649763,
            51.75262070260942
          ],
          [
            -1.2802268285304308,
            51.75265439786017
          ],
          [
            -1.2799774669110775,
            51.752634700387716
          ],
          [
            -1.2797615490853786,
            51.752610644325614
          ],
          [
            -1.2795188091695309,
            51.75255465321243
          ],
          [
            -1.2792966049164534,
            51.752543253824115
          ],
          [
            -1.2790511827915907,
            51.75251802429557
          ],
          [
            -1.2787873204797506,
            51.7524837423116
          ],
          [
            -1.2785548064857721,
            51.7524544056505
          ],
          [
            -1.2783103063702583,
            51.75244141370058
          ],
          [
            -1.2780546583235264,
            51.75243755802512
          ],
          [
            -1.2778090685606003,
            51.752429930493236
          ],
          [
            -1.2775759678333998,
            51.75242615863681
          ],
          [
            -1.277329372242093,
            51.75242230296135
          ],
          [
            -1.2770878057926893,
            51.75242615863681
          ],
          [
            -1.276835510507226,
            51.75242230296135
          ],
          [
            -1.2765400484204292,
            51.75243755802512
          ],
          [
            -1.276292111724615,
            51.75243655219674
          ],
          [
            -1.2760614417493343,
            51.752416100353
          ],
          [
            -1.2759504653513432,
            51.752257430925965
          ],
          [
            -1.275979382917285,
            51.752093229442835
          ],
          [
            -1.2760145869106054,
            51.751921232789755
          ],
          [
            -1.2760475277900696,
            51.751744374632835
          ],
          [
            -1.2760816421359777,
            51.751568019390106
          ],
          [
            -1.27612279728055,
            51.75139074213803
          ],
          [
            -1.2761994916945696,
            51.751224948093295
          ],
          [
            -1.2762993201613426,
            51.75107910297811
          ],
          [
            -1.2764155771583319,
            51.75094918347895
          ],
          [
            -1.2765382044017315,
            51.750822868198156
          ],
          [
            -1.2766516953706741,
            51.75069512799382
          ],
          [
            -1.2767740711569786,
            51.75055959261954
          ],
          [
            -1.2769173178821802,
            51.75042715854943
          ],
          [
            -1.2770480755716562,
            51.75028894096613
          ],
          [
            -1.2771713733673096,
            51.750144101679325
          ],
          [
            -1.2772911507636309,
            51.749995490536094
          ],
          [
            -1.2774040549993515,
            51.74984889104962
          ],
          [
            -1.2775041349232197,
            51.74971050582826
          ],
          [
            -1.2775980960577726,
            51.74956625327468
          ],
          [
            -1.277686944231391,
            51.749425353482366
          ],
          [
            -1.2777699250727892,
            51.749291913583875
          ],
          [
            -1.2778170313686132,
            51.74915302544832
          ],
          [
            -1.2776333838701248,
            51.74907046370208
          ],
          [
            -1.2774299550801516,
            51.74901849590242
          ],
          [
            -1.2772179767489433,
            51.7489642649889
          ],
          [
            -1.277004824951291,
            51.74891070462763
          ],
          [
            -1.2767597381025553,
            51.74885060638189
          ],
          [
            -1.2765479274094105,
            51.74879469908774
          ],
          [
            -1.2763196043670177,
            51.74873812124133
          ],
          [
            -1.2760553229600191,
            51.74867953173816
          ],
          [
            -1.275799423456192,
            51.74861306324601
          ],
          [
            -1.2755807396024466,
            51.74855321645737
          ],
          [
            -1.275386530905962,
            51.74848825670779
          ],
          [
            -1.2751725409179926,
            51.748405611142516
          ],
          [
            -1.2749274540692568,
            51.74833218567073
          ],
          [
            -1.274673817679286,
            51.748267225921154
          ],
          [
            -1.2744195945560932,
            51.74819824285805
          ],
          [
            -1.2742156628519297,
            51.74814644269645
          ],
          [
            -1.2739977333694696,
            51.74810713157058
          ],
          [
            -1.2737913709133863,
            51.748056169599295
          ],
          [
            -1.2735881097614765,
            51.74799649044871
          ],
          [
            -1.2733305338770151,
            51.74793119542301
          ],
          [
            -1.2731221597641706,
            51.74787570722401
          ],
          [
            -1.2728760670870543,
            51.747816698625684
          ],
          [
            -1.2726256158202887,
            51.74775651656091
          ],
          [
            -1.27238723449409,
            51.747697507962584
          ],
          [
            -1.2721347715705633,
            51.747615952044725
          ],
          [
            -1.2719359528273344,
            51.74754688516259
          ],
          [
            -1.2717512156814337,
            51.74746943637729
          ],
          [
            -1.2715595215559006,
            51.7473753914237
          ],
          [
            -1.2713708449155092,
            51.74728821963072
          ],
          [
            -1.2711819168180227,
            51.74719350412488
          ],
          [
            -1.2709840200841427,
            51.74709677696228
          ],
          [
            -1.2708013784140348,
            51.74699602648616
          ],
          [
            -1.2705762404948473,
            51.746888905763626
          ],
          [
            -1.2703696265816689,
            51.74683392047882
          ],
          [
            -1.2701549660414457,
            51.74691095016897
          ],
          [
            -1.2699049338698387,
            51.74697959795594
          ],
          [
            -1.2696782033890486,
            51.74704874865711
          ],
          [
            -1.2694793846458197,
            51.74710960127413
          ],
          [
            -1.2692708428949118,
            51.747175147756934
          ],
          [
            -1.2690742034465075,
            51.747239185497165
          ],
          [
            -1.2688365764915943,
            51.74724320881069
          ],
          [
            -1.2686370871961117,
            51.74715846776962
          ],
          [
            -1.268432317301631,
            51.74704497680068
          ],
          [
            -1.2682740669697523,
            51.746940705925226
          ],
          [
            -1.2680255435407162,
            51.74696819856763
          ],
          [
            -1.267774673178792,
            51.74697750248015
          ],
          [
            -1.267519360408187,
            51.74695344641805
          ],
          [
            -1.2672562524676323,
            51.7469075974077
          ],
          [
            -1.2670352216809988,
            51.746904915198684
          ],
          [
            -1.2668125983327627,
            51.74695218913257
          ],
          [
            -1.266568349674344,
            51.747006587684155
          ],
          [
            -1.2663193233311176,
            51.74703969620168
          ],
          [
            -1.2661007232964039,
            51.74707029014826
          ],
          [
            -1.2658592406660318,
            51.747097028419375
          ],
          [
            -1.265622116625309,
            51.74711722880602
          ],
          [
            -1.2653476931154728,
            51.74711228348315
          ],
          [
            -1.2651190347969532,
            51.74707431346178
          ],
          [
            -1.264891466125846,
            51.74699946306646
          ],
          [
            -1.2648055516183376,
            51.74686434678733
          ],
          [
            -1.2648075632750988,
            51.74671137705445
          ],
          [
            -1.264776550233364,
            51.74653351306915
          ],
          [
            -1.2646347284317017,
            51.7463792860508
          ],
          [
            -1.2644162960350513,
            51.74626571126282
          ],
          [
            -1.2641770765185356,
            51.74618256278336
          ],
          [
            -1.2639715522527695,
            51.746108969673514
          ],
          [
            -1.263758735731244,
            51.74603646621108
          ],
          [
            -1.2635439913719893,
            51.74597569741309
          ],
          [
            -1.2633311748504639,
            51.74590269103646
          ],
          [
            -1.2631159275770187,
            51.74585089087486
          ],
          [
            -1.2628237344324589,
            51.74586991779506
          ],
          [
            -1.2626051343977451,
            51.745910653844476
          ],
          [
            -1.262346301227808,
            51.74597720615566
          ],
          [
            -1.2621621508151293,
            51.74609547480941
          ],
          [
            -1.2620135396718979,
            51.74621391110122
          ],
          [
            -1.261880099773407,
            51.74633335322142
          ],
          [
            -1.2617508508265018,
            51.74644399434328
          ],
          [
            -1.2615998089313507,
            51.74656553193927
          ],
          [
            -1.261399481445551,
            51.74669033847749
          ],
          [
            -1.2611472699791193,
            51.74677415750921
          ],
          [
            -1.2609393149614334,
            51.74681858159602
          ],
          [
            -1.2606839183717966,
            51.74686174839735
          ],
          [
            -1.260430533438921,
            51.74689879640937
          ],
          [
            -1.2601945828646421,
            51.74694707617164
          ],
          [
            -1.25997019931674,
            51.74699770286679
          ],
          [
            -1.2597505934536457,
            51.74702578224242
          ],
          [
            -1.2595001421868801,
            51.74705763347447
          ],
          [
            -1.2592435721307993,
            51.74706391990185
          ],
          [
            -1.258978620171547,
            51.74700046889484
          ],
          [
            -1.2587770354002714,
            51.74687155522406
          ],
          [
            -1.2586699146777391,
            51.74674591049552
          ],
          [
            -1.2585856765508652,
            51.74661657772958
          ],
          [
            -1.2585034500807524,
            51.74648900516331
          ],
          [
            -1.2584204692393541,
            51.746335700154305
          ],
          [
            -1.2583163660019636,
            51.746212569996715
          ],
          [
            -1.2581134401261806,
            51.74610326997936
          ],
          [
            -1.2579252663999796,
            51.74602037295699
          ],
          [
            -1.2577231787145138,
            51.7459492944181
          ],
          [
            -1.2575206719338894,
            51.74589581787586
          ],
          [
            -1.2572942767292261,
            51.74583479762077
          ],
          [
            -1.2570673786103725,
            51.74581644125283
          ],
          [
            -1.256834277883172,
            51.745845107361674
          ],
          [
            -1.2565743550658226,
            51.74589799717069
          ],
          [
            -1.2563575990498066,
            51.74591828137636
          ],
          [
            -1.2561322934925556,
            51.74594367854297
          ],
          [
            -1.2558464705944061,
            51.745922304689884
          ],
          [
            -1.2556080054491758,
            51.745881736278534
          ],
          [
            -1.2554178200662136,
            51.74580663442612
          ],
          [
            -1.255189161747694,
            51.745714684948325
          ],
          [
            -1.2550008203834295,
            51.74562240019441
          ],
          [
            -1.2548512872308493,
            51.74550882540643
          ],
          [
            -1.2547307554632425,
            51.745378067716956
          ],
          [
            -1.254565380513668,
            51.74526935443282
          ],
          [
            -1.2543602753430605,
            51.745142452418804
          ],
          [
            -1.2541541643440723,
            51.74502485431731
          ],
          [
            -1.2539759650826454,
            51.744917733594775
          ],
          [
            -1.253778487443924,
            51.74480323679745
          ],
          [
            -1.2535976059734821,
            51.74468932673335
          ],
          [
            -1.2534061633050442,
            51.74458187073469
          ],
          [
            -1.253225365653634,
            51.74448950216174
          ],
          [
            -1.2530415505170822,
            51.74439872615039
          ],
          [
            -1.2528517004102468,
            51.74431172199547
          ],
          [
            -1.2526732496917248,
            51.74423050135374
          ],
          [
            -1.252448782324791,
            51.744145676493645
          ],
          [
            -1.252207299694419,
            51.74404886551201
          ],
          [
            -1.2520133424550295,
            51.743969740346074
          ],
          [
            -1.2518266774713993,
            51.74389136955142
          ],
          [
            -1.2516278587281704,
            51.7438062094152
          ],
          [
            -1.2514379248023033,
            51.74371970817447
          ],
          [
            -1.2512599769979715,
            51.74362323246896
          ],
          [
            -1.251088147982955,
            51.74351862631738
          ],
          [
            -1.2509139720350504,
            51.743410835042596
          ],
          [
            -1.2507402151823044,
            51.7433051392436
          ],
          [
            -1.2505646981298923,
            51.74319910816848
          ],
          [
            -1.2503962218761444,
            51.74308695830405
          ],
          [
            -1.2502404022961855,
            51.742977825924754
          ],
          [
            -1.250099502503872,
            51.742870789021254
          ],
          [
            -1.2499653920531273,
            51.7427630815655
          ],
          [
            -1.24982675537467,
            51.742645064368844
          ],
          [
            -1.2497076485306025,
            51.74252863973379
          ],
          [
            -1.249526096507907,
            51.74238036386669
          ],
          [
            -1.2493609730154276,
            51.74226854927838
          ],
          [
            -1.2492014653980732,
            51.74216151237488
          ],
          [
            -1.2490252777934074,
            51.742022540420294
          ],
          [
            -1.2488863058388233,
            51.74190460704267
          ],
          [
            -1.2487646006047726,
            51.74178013578057
          ],
          [
            -1.2486529536545277,
            51.74164233729243
          ],
          [
            -1.2485610879957676,
            51.7415042873472
          ],
          [
            -1.2484687194228172,
            51.74136799760163
          ],
          [
            -1.248379871249199,
            51.74123070202768
          ],
          [
            -1.2482919450849295,
            51.741096591576934
          ],
          [
            -1.2481986545026302,
            51.740952003747225
          ],
          [
            -1.2481033522635698,
            51.74081043340266
          ],
          [
            -1.2479927111417055,
            51.74067288637161
          ],
          [
            -1.2478840816766024,
            51.7405372671783
          ],
          [
            -1.2477774638682604,
            51.74040634185076
          ],
          [
            -1.2476555909961462,
            51.740274326875806
          ],
          [
            -1.2475274316966534,
            51.740144323557615
          ],
          [
            -1.2474058102816343,
            51.74000962637365
          ],
          [
            -1.247284859418869,
            51.739875013008714
          ],
          [
            -1.2471592146903276,
            51.739741237834096
          ],
          [
            -1.2470379285514355,
            51.73961182124913
          ],
          [
            -1.2469103559851646,
            51.739481734111905
          ],
          [
            -1.2467769160866737,
            51.739352736622095
          ],
          [
            -1.2466469965875149,
            51.73922005109489
          ],
          [
            -1.2465252075344324,
            51.739088203758
          ],
          [
            -1.2464085314422846,
            51.738956943154335
          ],
          [
            -1.2462816294282675,
            51.73881780356169
          ],
          [
            -1.246118601411581,
            51.738723842427135
          ],
          [
            -1.2459282483905554,
            51.738645136356354
          ],
          [
            -1.2456813175231218,
            51.738558216020465
          ],
          [
            -1.2454181257635355,
            51.738504907116294
          ],
          [
            -1.2451813369989395,
            51.738479593768716
          ],
          [
            -1.2449452187865973,
            51.73846165649593
          ],
          [
            -1.244710274040699,
            51.738397032022476
          ],
          [
            -1.2444784305989742,
            51.73831664957106
          ],
          [
            -1.2442790251225233,
            51.738220592960715
          ],
          [
            -1.2441313359886408,
            51.738109700381756
          ],
          [
            -1.2440295796841383,
            51.73797735013068
          ],
          [
            -1.243954561650753,
            51.73784910701215
          ],
          [
            -1.2438593432307243,
            51.73769370652735
          ],
          [
            -1.2437502946704626,
            51.73755230382085
          ],
          [
            -1.243634708225727,
            51.73742976039648
          ],
          [
            -1.2434680759906769,
            51.73729347065091
          ],
          [
            -1.2432970013469458,
            51.73715659417212
          ],
          [
            -1.243137577548623,
            51.7370193824172
          ],
          [
            -1.242976812645793,
            51.73687890172005
          ],
          [
            -1.2428270280361176,
            51.73673490062356
          ],
          [
            -1.2427044846117496,
            51.7365825176239
          ],
          [
            -1.242606332525611,
            51.73643013462424
          ],
          [
            -1.2425245251506567,
            51.7362769972533
          ],
          [
            -1.2424577213823795,
            51.73612863756716
          ],
          [
            -1.242417236790061,
            51.735978266224265
          ],
          [
            -1.2424029037356377,
            51.73584013246
          ],
          [
            -1.2423635926097631,
            51.73570476472378
          ],
          [
            -1.2423213478177786,
            51.73553670756519
          ],
          [
            -1.2422945257276297,
            51.735376277938485
          ],
          [
            -1.242275582626462,
            51.73522423021495
          ],
          [
            -1.242262339219451,
            51.73508048057556
          ],
          [
            -1.2422151491045952,
            51.73493094742298
          ],
          [
            -1.2421670369803905,
            51.73477437347174
          ],
          [
            -1.2421178352087736,
            51.734619392082095
          ],
          [
            -1.2420595809817314,
            51.734466003254056
          ],
          [
            -1.2420064397156239,
            51.73431118950248
          ],
          [
            -1.2419564835727215,
            51.73415285535157
          ],
          [
            -1.241905689239502,
            51.734001226723194
          ],
          [
            -1.2418433278799057,
            51.73385739326477
          ],
          [
            -1.2417859956622124,
            51.73371481709182
          ],
          [
            -1.241742242127657,
            51.73356033861637
          ],
          [
            -1.241711899638176,
            51.7333931196481
          ],
          [
            -1.241653896868229,
            51.733229169622064
          ],
          [
            -1.2415613606572151,
            51.733068991452456
          ],
          [
            -1.2414537370204926,
            51.73291040584445
          ],
          [
            -1.2413612008094788,
            51.73275240696967
          ],
          [
            -1.2413008511066437,
            51.73258895985782
          ],
          [
            -1.2412921339273453,
            51.73241998068988
          ],
          [
            -1.2412983365356922,
            51.73225016333163
          ],
          [
            -1.2413160223513842,
            51.73208453692496
          ],
          [
            -1.2413364741951227,
            51.73192335292697
          ],
          [
            -1.24136321246624,
            51.73177474178374
          ],
          [
            -1.241393806412816,
            51.73162487335503
          ],
          [
            -1.2413977459073067,
            51.73146947287023
          ],
          [
            -1.241382658481598,
            51.73131549730897
          ],
          [
            -1.2412930559366941,
            51.73117141239345
          ],
          [
            -1.2411916349083185,
            51.731028417125344
          ],
          [
            -1.2410752102732658,
            51.73090009018779
          ],
          [
            -1.2409722805023193,
            51.73075944185257
          ],
          [
            -1.2408617231994867,
            51.73062164336443
          ],
          [
            -1.2407527584582567,
            51.73047848045826
          ],
          [
            -1.2406601384282112,
            51.730331713333726
          ],
          [
            -1.2405907362699509,
            51.73019324429333
          ],
          [
            -1.2405545264482498,
            51.73004999756813
          ],
          [
            -1.2405490782111883,
            51.72990381717682
          ],
          [
            -1.2405427917838097,
            51.72976082190871
          ],
          [
            -1.2405638303607702,
            51.729586562141776
          ],
          [
            -1.240575397387147,
            51.72944323159754
          ],
          [
            -1.2405760679394007,
            51.72930576838553
          ],
          [
            -1.2405682727694511,
            51.729154139757156
          ],
          [
            -1.2405755650252104,
            51.728996224701405
          ],
          [
            -1.2406337354332209,
            51.7288651317358
          ],
          [
            -1.2407504115253687,
            51.72871367074549
          ],
          [
            -1.2408457975834608,
            51.728550558909774
          ],
          [
            -1.2409043870866299,
            51.72837655059993
          ],
          [
            -1.240928526967764,
            51.728211008012295
          ],
          [
            -1.2409564387053251,
            51.728036077693105
          ],
          [
            -1.2409804947674274,
            51.72787263058126
          ],
          [
            -1.2409972585737705,
            51.72772108577192
          ],
          [
            -1.2410288583487272,
            51.72756099142134
          ],
          [
            -1.2410806585103273,
            51.727402824908495
          ],
          [
            -1.2411469593644142,
            51.72726980410516
          ],
          [
            -1.2412065546959639,
            51.72713619656861
          ],
          [
            -1.2412969954311848,
            51.727006528526545
          ],
          [
            -1.2413713429123163,
            51.72687434591353
          ],
          [
            -1.2414174433797598,
            51.72672615386546
          ],
          [
            -1.2414376437664032,
            51.72656564041972
          ],
          [
            -1.2414411641657352,
            51.726398169994354
          ],
          [
            -1.2414133362472057,
            51.72622852027416
          ],
          [
            -1.2413715105503798,
            51.726060630753636
          ],
          [
            -1.2413660623133183,
            51.725906655192375
          ],
          [
            -1.2413952313363552,
            51.72575016506016
          ],
          [
            -1.2414326146245003,
            51.72559283673763
          ],
          [
            -1.2414969876408577,
            51.72545051202178
          ],
          [
            -1.241555828601122,
            51.72531120479107
          ],
          [
            -1.2416715826839209,
            51.72518069855869
          ],
          [
            -1.241687424480915,
            51.72503460198641
          ],
          [
            -1.241700416430831,
            51.72489646822214
          ],
          [
            -1.2417447566986084,
            51.7247015889734
          ],
          [
            -1.2417747639119625,
            51.724503273144364
          ],
          [
            -1.2417761888355017,
            51.724325492978096
          ],
          [
            -1.2417750153690577,
            51.7241576872766
          ],
          [
            -1.2417844031006098,
            51.72398770228028
          ],
          [
            -1.2418124824762344,
            51.7238244228065
          ],
          [
            -1.2418870814144611,
            51.72368067316711
          ],
          [
            -1.2420191802084446,
            51.72354329377413
          ],
          [
            -1.242160415276885,
            51.72340708784759
          ],
          [
            -1.2422969564795494,
            51.723259231075644
          ],
          [
            -1.2424223497509956,
            51.72311003319919
          ],
          [
            -1.2425505090504885,
            51.722965613007545
          ],
          [
            -1.242628125473857,
            51.722805770114064
          ],
          [
            -1.2426671851426363,
            51.72263762913644
          ],
          [
            -1.2426772434264421,
            51.722467225044966
          ],
          [
            -1.242670202627778,
            51.722300089895725
          ],
          [
            -1.242669951170683,
            51.72213630750775
          ],
          [
            -1.2427002098411322,
            51.72199884429574
          ],
          [
            -1.2427406944334507,
            51.7218454554677
          ],
          [
            -1.24275385402143,
            51.721709836274385
          ],
          [
            -1.2427500821650028,
            51.72155720181763
          ],
          [
            -1.2427623197436333,
            51.72141655348241
          ],
          [
            -1.2427567038685083,
            51.72126291319728
          ],
          [
            -1.2428406067192554,
            51.721122013404965
          ],
          [
            -1.2430101726204157,
            51.72102956101298
          ],
          [
            -1.2432310357689857,
            51.72098304145038
          ],
          [
            -1.2434364762157202,
            51.72090768814087
          ],
          [
            -1.2436352111399174,
            51.72081540338695
          ],
          [
            -1.243823803961277,
            51.72072890214622
          ],
          [
            -1.2439041025936604,
            51.72059160657227
          ],
          [
            -1.2437942158430815,
            51.72046311199665
          ],
          [
            -1.2436995841562748,
            51.720340149477124
          ],
          [
            -1.2438305094838142,
            51.7202187795192
          ],
          [
            -1.2437367998063564,
            51.720068072900176
          ],
          [
            -1.2436766177415848,
            51.719933627173305
          ],
          [
            -1.2436125800013542,
            51.719798343256116
          ],
          [
            -1.2435336224734783,
            51.7196542583406
          ],
          [
            -1.2434540782123804,
            51.71949592418969
          ],
          [
            -1.243362883105874,
            51.719351168721914
          ],
          [
            -1.2432415969669819,
            51.71920767053962
          ],
          [
            -1.243122573941946,
            51.71904933638871
          ],
          [
            -1.2430265173316002,
            51.718894271180034
          ],
          [
            -1.2429331429302692,
            51.718738954514265
          ],
          [
            -1.2427702825516462,
            51.718610376119614
          ],
          [
            -1.242582192644477,
            51.71846964396536
          ],
          [
            -1.2424554582685232,
            51.718316338956356
          ],
          [
            -1.2423490080982447,
            51.71814157627523
          ],
          [
            -1.242249934002757,
            51.71797385439277
          ],
          [
            -1.2421620916575193,
            51.71779699623585
          ],
          [
            -1.242044661194086,
            51.71761728823185
          ],
          [
            -1.2419160827994347,
            51.71745149418712
          ],
          [
            -1.2418779451400042,
            51.717276982963085
          ],
          [
            -1.2417942099273205,
            51.71710046008229
          ],
          [
            -1.2416435033082962,
            51.71694145537913
          ],
          [
            -1.2415539007633924,
            51.71677926555276
          ],
          [
            -1.2415454350411892,
            51.71661891974509
          ],
          [
            -1.2415099795907736,
            51.716457987204194
          ],
          [
            -1.2414370570331812,
            51.71627408824861
          ],
          [
            -1.2413561716675758,
            51.716092536225915
          ],
          [
            -1.241283668205142,
            51.715921964496374
          ],
          [
            -1.2412161938846111,
            51.71575323678553
          ],
          [
            -1.241148803383112,
            51.715595154091716
          ],
          [
            -1.2410804070532322,
            51.71544059179723
          ],
          [
            -1.2410084065049887,
            51.71528644859791
          ],
          [
            -1.24094202183187,
            51.71513565815985
          ],
          [
            -1.2408815883100033,
            51.71499006450176
          ],
          [
            -1.2408235017210245,
            51.71484581194818
          ],
          [
            -1.2407737132161856,
            51.714707342907786
          ],
          [
            -1.240717303007841,
            51.714568035677075
          ],
          [
            -1.240668771788478,
            51.71442034654319
          ],
          [
            -1.2406074162572622,
            51.71426838263869
          ],
          [
            -1.2405552808195353,
            51.714117508381605
          ],
          [
            -1.2404903210699558,
            51.71396101824939
          ],
          [
            -1.2404375988990068,
            51.71381089836359
          ],
          [
            -1.2403859663754702,
            51.7136653047055
          ],
          [
            -1.2403402850031853,
            51.71351761557162
          ],
          [
            -1.2402972858399153,
            51.7133716866374
          ],
          [
            -1.2402581423521042,
            51.713227266445756
          ],
          [
            -1.2402115389704704,
            51.71308133751154
          ],
          [
            -1.2401664443314075,
            51.712931552901864
          ],
          [
            -1.2401087768375874,
            51.71275972388685
          ],
          [
            -1.2400483433157206,
            51.712581776082516
          ],
          [
            -1.239993441849947,
            51.71241229400039
          ],
          [
            -1.2399439048022032,
            51.71224641613662
          ],
          [
            -1.2398907635360956,
            51.7120698094368
          ],
          [
            -1.2398400530219078,
            51.7118951305747
          ],
          [
            -1.239783726632595,
            51.7117243912071
          ],
          [
            -1.239723963662982,
            51.71155348420143
          ],
          [
            -1.2396693974733353,
            51.71137494966388
          ],
          [
            -1.2395999114960432,
            51.71118191443384
          ],
          [
            -1.2395482789725065,
            51.71100480481982
          ],
          [
            -1.2395180203020573,
            51.71086113899946
          ],
          [
            -1.2394888512790203,
            51.71071353368461
          ],
          [
            -1.2394580896943808,
            51.71057464554906
          ],
          [
            -1.239420035853982,
            51.71039485372603
          ],
          [
            -1.2393901962786913,
            51.710259234532714
          ],
          [
            -1.2393532320857048,
            51.710084890946746
          ],
          [
            -1.239308724179864,
            51.70991892926395
          ],
          [
            -1.2392634619027376,
            51.709761852398515
          ],
          [
            -1.2392214685678482,
            51.70961349271238
          ],
          [
            -1.2391731049865484,
            51.70946127735078
          ],
          [
            -1.2391294352710247,
            51.70930721797049
          ],
          [
            -1.2390843406319618,
            51.7091497220099
          ],
          [
            -1.2390366476029158,
            51.708987364545465
          ],
          [
            -1.2389901280403137,
            51.708807153627276
          ],
          [
            -1.238954085856676,
            51.70867103151977
          ],
          [
            -1.2389203906059265,
            51.70852988027036
          ],
          [
            -1.2388903833925724,
            51.7083637509495
          ],
          [
            -1.2388405948877335,
            51.70818907208741
          ],
          [
            -1.2387755513191223,
            51.70800056308508
          ],
          [
            -1.2387218233197927,
            51.707818591967225
          ],
          [
            -1.2386665865778923,
            51.707633351907134
          ],
          [
            -1.2386131100356579,
            51.70744274742901
          ],
          [
            -1.2385577894747257,
            51.70726169832051
          ],
          [
            -1.2385137006640434,
            51.7070772126317
          ],
          [
            -1.2384665943682194,
            51.7068943195045
          ],
          [
            -1.2384103517979383,
            51.70671192929149
          ],
          [
            -1.2383528519421816,
            51.70652836561203
          ],
          [
            -1.2382978666573763,
            51.706340024247766
          ],
          [
            -1.238226955756545,
            51.70615796931088
          ],
          [
            -1.238141292706132,
            51.70600541867316
          ],
          [
            -1.2378765922039747,
            51.706048334017396
          ],
          [
            -1.2376763485372066,
            51.70613349415362
          ],
          [
            -1.2374551501125097,
            51.70614573173225
          ],
          [
            -1.2372856680303812,
            51.70604866929352
          ],
          [
            -1.2370652239769697,
            51.705991085618734
          ],
          [
            -1.2368633039295673,
            51.706050178036094
          ],
          [
            -1.2366783991456032,
            51.70612293295562
          ],
          [
            -1.2364582065492868,
            51.70619996264577
          ],
          [
            -1.2362336553633213,
            51.70628998428583
          ],
          [
            -1.2359795160591602,
            51.70639643445611
          ],
          [
            -1.235792264342308,
            51.70647011138499
          ],
          [
            -1.2356103770434856,
            51.706544710323215
          ],
          [
            -1.2353439163416624,
            51.70663481578231
          ],
          [
            -1.2350952252745628,
            51.70670631341636
          ],
          [
            -1.234843684360385,
            51.706779235973954
          ],
          [
            -1.2345999386161566,
            51.70683899894357
          ],
          [
            -1.2343620602041483,
            51.70689331367612
          ],
          [
            -1.2341228406876326,
            51.706902869045734
          ],
          [
            -1.2338984571397305,
            51.706918962299824
          ],
          [
            -1.2337380275130272,
            51.707034297287464
          ],
          [
            -1.2335740774869919,
            51.707151057198644
          ],
          [
            -1.2334506958723068,
            51.70730176381767
          ],
          [
            -1.2333776894956827,
            51.70746856369078
          ],
          [
            -1.2333125621080399,
            51.70763955451548
          ],
          [
            -1.2332284078001976,
            51.70780124142766
          ],
          [
            -1.2331455945968628,
            51.707959324121475
          ],
          [
            -1.2330266553908587,
            51.70807650312781
          ],
          [
            -1.23213741928339,
            51.708535412326455
          ],
          [
            -1.2320493254810572,
            51.70868285000324
          ],
          [
            -1.2318781670182943,
            51.70879349112511
          ],
          [
            -1.2318014726042747,
            51.70893765985966
          ],
          [
            -1.231762832030654,
            51.70909473672509
          ],
          [
            -1.231705080717802,
            51.70926421880722
          ],
          [
            -1.2316107004880905,
            51.7094259057194
          ],
          [
            -1.2315174099057913,
            51.70958264730871
          ],
          [
            -1.231368463486433,
            51.70973561704159
          ],
          [
            -1.231237119063735,
            51.70985287986696
          ],
          [
            -1.231088088825345,
            51.7099544685334
          ],
          [
            -1.2309675570577383,
            51.71010701917112
          ],
          [
            -1.2309719994664192,
            51.7102893255651
          ],
          [
            -1.2310033477842808,
            51.71043206937611
          ],
          [
            -1.2310469336807728,
            51.71057187952101
          ],
          [
            -1.23111080378294,
            51.710714623332024
          ],
          [
            -1.2311813794076443,
            51.71086063608527
          ],
          [
            -1.2312033399939537,
            51.71102332882583
          ],
          [
            -1.2310792040079832,
            51.7111768014729
          ],
          [
            -1.2308499589562416,
            51.711273696273565
          ],
          [
            -1.230618953704834,
            51.711348462849855
          ],
          [
            -1.2303960788995028,
            51.711417278274894
          ],
          [
            -1.230179825797677,
            51.711490117013454
          ],
          [
            -1.2299779895693064,
            51.71156228519976
          ],
          [
            -1.2297671008855104,
            51.711613330990076
          ],
          [
            -1.2295293062925339,
            51.711640572175384
          ],
          [
            -1.2292908411473036,
            51.7116432543844
          ],
          [
            -1.2290354445576668,
            51.71165205538273
          ],
          [
            -1.2287666369229555,
            51.71167225576937
          ],
          [
            -1.2284841667860746,
            51.7116863373667
          ],
          [
            -1.2281967513263226,
            51.71169010922313
          ],
          [
            -1.227911850437522,
            51.711693881079555
          ],
          [
            -1.227631727233529,
            51.711690444499254
          ],
          [
            -1.2273605726659298,
            51.71167518943548
          ],
          [
            -1.227087825536728,
            51.71165255829692
          ],
          [
            -1.2268147431313992,
            51.711622048169374
          ],
          [
            -1.2265601847320795,
            51.7115861736238
          ],
          [
            -1.2263399921357632,
            51.7115481197834
          ],
          [
            -1.2262228969484568,
            51.71167183667421
          ],
          [
            -1.2263988330960274,
            51.71180686913431
          ],
          [
            -1.2266247253865004,
            51.71195556409657
          ],
          [
            -1.226789429783821,
            51.71205136924982
          ],
          [
            -1.2269584089517593,
            51.7121438216418
          ],
          [
            -1.2271977122873068,
            51.712279273197055
          ],
          [
            -1.2274231016635895,
            51.712427381426096
          ],
          [
            -1.2275702878832817,
            51.71253056265414
          ],
          [
            -1.2277081701904535,
            51.71263667754829
          ],
          [
            -1.2278444599360228,
            51.712746899574995
          ],
          [
            -1.2280345614999533,
            51.712916465476155
          ],
          [
            -1.2281489744782448,
            51.71303330920637
          ],
          [
            -1.22826112434268,
            51.7131525836885
          ],
          [
            -1.2283731903880835,
            51.71327579766512
          ],
          [
            -1.2285367213189602,
            51.71344636939466
          ],
          [
            -1.2286947201937437,
            51.71361777931452
          ],
          [
            -1.2288464326411486,
            51.713785752654076
          ],
          [
            -1.2289846502244473,
            51.71395439654589
          ],
          [
            -1.2290969677269459,
            51.71412639319897
          ],
          [
            -1.2291874084621668,
            51.71429621055722
          ],
          [
            -1.2292542960494757,
            51.71446032822132
          ],
          [
            -1.2293043360114098,
            51.71462352387607
          ],
          [
            -1.2293400429189205,
            51.71478806063533
          ],
          [
            -1.2293537892401218,
            51.714943125844
          ],
          [
            -1.2293588183820248,
            51.71509752050042
          ],
          [
            -1.2293511908501387,
            51.715246299281716
          ],
          [
            -1.2293273024260998,
            51.715397760272026
          ],
          [
            -1.2292888294905424,
            51.71554452739656
          ],
          [
            -1.229247422888875,
            51.7156979162246
          ],
          [
            -1.2291930243372917,
            51.71584979631007
          ],
          [
            -1.2291339319199324,
            51.71600352041423
          ],
          [
            -1.2290614284574986,
            51.716147772967815
          ],
          [
            -1.2289843149483204,
            51.7162849009037
          ],
          [
            -1.2289127334952354,
            51.71642714180052
          ],
          [
            -1.2288445048034191,
            51.716560581699014
          ],
          [
            -1.2287678942084312,
            51.716697961091995
          ],
          [
            -1.2286650482565165,
            51.71686149202287
          ],
          [
            -1.228581229224801,
            51.717019490897655
          ],
          [
            -1.2285089772194624,
            51.71714924275875
          ],
          [
            -1.2284143455326557,
            51.717317467555404
          ],
          [
            -1.2283436860889196,
            51.71744730323553
          ],
          [
            -1.2282468751072884,
            51.71761862933636
          ],
          [
            -1.228184513747692,
            51.717750392854214
          ],
          [
            -1.2280928995460272,
            51.7178822401911
          ],
          [
            -1.2280014529824257,
            51.71800754964352
          ],
          [
            -1.2279017083346844,
            51.71813336201012
          ],
          [
            -1.227783439680934,
            51.718260096386075
          ],
          [
            -1.227657375857234,
            51.718386746943
          ],
          [
            -1.2275247741490602,
            51.718519013375044
          ],
          [
            -1.2274003867059946,
            51.71864960342646
          ],
          [
            -1.2272971216589212,
            51.718775583431125
          ],
          [
            -1.227183798328042,
            51.718895779922605
          ],
          [
            -1.2270270567387342,
            51.71904020011425
          ],
          [
            -1.2269041780382395,
            51.71915486454964
          ],
          [
            -1.226720279082656,
            51.71928922645748
          ],
          [
            -1.2265199515968561,
            51.71940707601607
          ],
          [
            -1.2263327836990356,
            51.719525177031755
          ],
          [
            -1.2261969968676567,
            51.71963908709586
          ],
          [
            -1.2260474637150764,
            51.719771856442094
          ],
          [
            -1.2258895486593246,
            51.71991124749184
          ],
          [
            -1.2257121037691832,
            51.72005658969283
          ],
          [
            -1.2255337368696928,
            51.720205871388316
          ],
          [
            -1.225363165140152,
            51.720339646562934
          ],
          [
            -1.2252578046172857,
            51.720469146966934
          ],
          [
            -1.2255154643207788,
            51.72052765265107
          ],
          [
            -1.2257720343768597,
            51.72051893547177
          ],
          [
            -1.2260383274406195,
            51.72050745226443
          ],
          [
            -1.2262912932783365,
            51.72049873508513
          ],
          [
            -1.226429007947445,
            51.72062320634723
          ],
          [
            -1.2265293393284082,
            51.72077978029847
          ],
          [
            -1.2266547325998545,
            51.72094616107643
          ],
          [
            -1.2268057744950056,
            51.72107281163335
          ],
          [
            -1.2269953731447458,
            51.72118370421231
          ],
          [
            -1.2271790206432343,
            51.72128587961197
          ],
          [
            -1.2273536995053291,
            51.721379924565554
          ],
          [
            -1.2275244388729334,
            51.72147128731012
          ],
          [
            -1.227703057229519,
            51.721562733873725
          ],
          [
            -1.2278866209089756,
            51.721656611189246
          ],
          [
            -1.228059371933341,
            51.72175643965602
          ],
          [
            -1.2282431870698929,
            51.721833888441324
          ],
          [
            -1.2284595239907503,
            51.721956599503756
          ],
          [
            -1.2286685686558485,
            51.72205994836986
          ],
          [
            -1.2289268989115953,
            51.72203052788973
          ],
          [
            -1.2291938625276089,
            51.721973698586226
          ],
          [
            -1.229456551373005,
            51.72197193838656
          ],
          [
            -1.2296474073082209,
            51.72207654453814
          ],
          [
            -1.2298636604100466,
            51.722141252830625
          ],
          [
            -1.2300841882824898,
            51.722107054665685
          ],
          [
            -1.230291724205017,
            51.72205734997988
          ],
          [
            -1.2305292673408985,
            51.722075287252665
          ],
          [
            -1.2308129947632551,
            51.72203446738422
          ],
          [
            -1.231030086055398,
            51.72199649736285
          ],
          [
            -1.2312940321862698,
            51.72195978462696
          ],
          [
            -1.2314969580620527,
            51.721888706088066
          ],
          [
            -1.2312346044927835,
            51.72184118069708
          ],
          [
            -1.231088088825345,
            51.72195450402796
          ],
          [
            -1.2308778706938028,
            51.722003957256675
          ],
          [
            -1.2306610308587551,
            51.7220457829535
          ],
          [
            -1.2304400000721216,
            51.72204712405801
          ],
          [
            -1.2302002776414156,
            51.722054751589894
          ],
          [
            -1.2300124391913414,
            51.722128512337804
          ],
          [
            -1.2297425419092178,
            51.72211174853146
          ],
          [
            -1.229545148089528,
            51.72200261615217
          ],
          [
            -1.229323698207736,
            51.721940506249666
          ],
          [
            -1.2291203532367945,
            51.721997670829296
          ],
          [
            -1.2289136555045843,
            51.72204192727804
          ],
          [
            -1.228649877011776,
            51.72207562252879
          ],
          [
            -1.2284692469984293,
            51.721993731334805
          ],
          [
            -1.2282949034124613,
            51.72188216820359
          ],
          [
            -1.2281027901917696,
            51.7217764724046
          ],
          [
            -1.2278925720602274,
            51.72166859731078
          ],
          [
            -1.2276787497103214,
            51.7215621471405
          ],
          [
            -1.2274749856442213,
            51.721453266218305
          ],
          [
            -1.2272614147514105,
            51.721345726400614
          ],
          [
            -1.2270569801330566,
            51.7212360072881
          ],
          [
            -1.226835111156106,
            51.721114134415984
          ],
          [
            -1.2266650423407555,
            51.72098773531616
          ],
          [
            -1.226519700139761,
            51.72085873782635
          ],
          [
            -1.2264670617878437,
            51.72069621272385
          ],
          [
            -1.226373938843608,
            51.720547433942556
          ],
          [
            -1.2261678278446198,
            51.72049202956259
          ],
          [
            -1.2259211484342813,
            51.720520025119185
          ],
          [
            -1.2256498262286186,
            51.72051616944373
          ],
          [
            -1.22540851123631,
            51.72050619497895
          ],
          [
            -1.2251897435635328,
            51.72047878615558
          ],
          [
            -1.225230898708105,
            51.72034132294357
          ],
          [
            -1.2253928370773792,
            51.72022020444274
          ],
          [
            -1.2255791667848825,
            51.720090452581644
          ],
          [
            -1.2257425300776958,
            51.71995064243674
          ],
          [
            -1.2258934881538153,
            51.71981795690954
          ],
          [
            -1.2260586116462946,
            51.71968468464911
          ],
          [
            -1.2262207176536322,
            51.71954093500972
          ],
          [
            -1.226398330181837,
            51.71941294334829
          ],
          [
            -1.226603016257286,
            51.719288136810064
          ],
          [
            -1.226765876635909,
            51.71918336302042
          ],
          [
            -1.2269121408462524,
            51.71904992312193
          ],
          [
            -1.2270606681704521,
            51.71889904886484
          ],
          [
            -1.2272160686552525,
            51.718739876523614
          ],
          [
            -1.2273785937577486,
            51.718576680868864
          ],
          [
            -1.2275325693190098,
            51.71842974610627
          ],
          [
            -1.2276643328368664,
            51.718294797465205
          ],
          [
            -1.22778813354671,
            51.71816471032798
          ],
          [
            -1.2278985232114792,
            51.71802959404886
          ],
          [
            -1.227987790480256,
            51.71789011918008
          ],
          [
            -1.228063479065895,
            51.717744525521994
          ],
          [
            -1.2281587813049555,
            51.71760639175773
          ],
          [
            -1.2282510660588741,
            51.71744545921683
          ],
          [
            -1.2283467035740614,
            51.717274468392134
          ],
          [
            -1.2284300196915865,
            51.71708554029465
          ],
          [
            -1.2285381462424994,
            51.71690449118614
          ],
          [
            -1.2286137510091066,
            51.716777253896
          ],
          [
            -1.2286974024027586,
            51.71665194444358
          ],
          [
            -1.228785077109933,
            51.71651951037347
          ],
          [
            -1.2288585864007473,
            51.71638925559819
          ],
          [
            -1.2289284076541662,
            51.71625154092908
          ],
          [
            -1.2290036771446466,
            51.71610988676548
          ],
          [
            -1.2290688045322895,
            51.7159690707922
          ],
          [
            -1.2291273940354586,
            51.71582565642893
          ],
          [
            -1.2291789427399635,
            51.71568316407502
          ],
          [
            -1.2292189244180918,
            51.71553807333112
          ],
          [
            -1.2292476743459702,
            51.71539600007236
          ],
          [
            -1.2292630970478058,
            51.71525711193681
          ],
          [
            -1.2292699702084064,
            51.71511126682162
          ],
          [
            -1.2292631808668375,
            51.71496550552547
          ],
          [
            -1.2292496860027313,
            51.714816307649016
          ],
          [
            -1.2292161583900452,
            51.71466367319226
          ],
          [
            -1.2291628494858742,
            51.71451346948743
          ],
          [
            -1.2291086185723543,
            51.71436510980129
          ],
          [
            -1.2290484365075827,
            51.714213816449046
          ],
          [
            -1.228977357968688,
            51.71406889334321
          ],
          [
            -1.2288887612521648,
            51.71393453143537
          ],
          [
            -1.2287743482738733,
            51.713805785402656
          ],
          [
            -1.22864811681211,
            51.71368391253054
          ],
          [
            -1.2285334523767233,
            51.713558938354254
          ],
          [
            -1.2284271698445082,
            51.71343673020601
          ],
          [
            -1.2283234857022762,
            51.7133111692965
          ],
          [
            -1.2282167002558708,
            51.71319139190018
          ],
          [
            -1.2280530855059624,
            51.7130212392658
          ],
          [
            -1.2278925720602274,
            51.71286131255329
          ],
          [
            -1.2277269456535578,
            51.712715132161975
          ],
          [
            -1.2275712937116623,
            51.71257414855063
          ],
          [
            -1.2273992970585823,
            51.712464513257146
          ],
          [
            -1.2272273004055023,
            51.71236149966717
          ],
          [
            -1.2269955407828093,
            51.71227382495999
          ],
          [
            -1.2267814669758081,
            51.7123668640852
          ],
          [
            -1.2266391422599554,
            51.712474236264825
          ],
          [
            -1.2264711689203978,
            51.712573394179344
          ],
          [
            -1.2262503057718277,
            51.71260725706816
          ],
          [
            -1.2260286044329405,
            51.712585715577006
          ],
          [
            -1.2257903907448053,
            51.712534837424755
          ],
          [
            -1.2255929969251156,
            51.712454706430435
          ],
          [
            -1.2254557851701975,
            51.71232755295932
          ],
          [
            -1.2253066711127758,
            51.71220953576267
          ],
          [
            -1.2253270391374826,
            51.712110713124275
          ]
        ]
      },
      "properties": {
        "name": "2025-05-01 (Thu) 14:10",
        "source_file": "2025-05-01-131044-ELEMNT_ROAM_A974-189-0.fit",
        "date": "2025-05-01T13:10:44",
        "sport": "cycling",
        "dropbox_id": "id:JY-PzzIM9pcAAAAAAAAAPA"
      }
    },
    {
      "type": "Feature",
      "geometry": {
        "type": "LineString",
        "coordinates": [
          [
            -1.2253982853144407,
            51.71213912777603
          ],
          [
            -1.2254646699875593,
            51.71228840947151
          ],
          [
            -1.2255894765257835,
            51.71240567229688
          ],
          [
            -1.2257983535528183,
            51.712533328682184
          ],
          [
            -1.226024916395545,
            51.71259954571724
          ],
          [
            -1.2262719310820103,
            51.71263567171991
          ],
          [
            -1.2265015952289104,
            51.71262343414128
          ],
          [
            -1.226677866652608,
            51.71253751963377
          ],
          [
            -1.2268257234245539,
            51.71240475028753
          ],
          [
            -1.2266604322940111,
            51.712271897122264
          ],
          [
            -1.226474940776825,
            51.71215647831559
          ],
          [
            -1.2263345438987017,
            51.712007615715265
          ],
          [
            -1.2262695841491222,
            51.71187694184482
          ],
          [
            -1.2262482102960348,
            51.711732018738985
          ],
          [
            -1.226225746795535,
            51.71159690245986
          ],
          [
            -1.2264476995915174,
            51.71162481419742
          ],
          [
            -1.226688427850604,
            51.71163302846253
          ],
          [
            -1.2269403878599405,
            51.711663538590074
          ],
          [
            -1.2272132188081741,
            51.71169446781278
          ],
          [
            -1.2274905759841204,
            51.71172397211194
          ],
          [
            -1.2277331482619047,
            51.7117397300899
          ],
          [
            -1.2279952503740788,
            51.711746184155345
          ],
          [
            -1.2282408401370049,
            51.71174241229892
          ],
          [
            -1.2284768745303154,
            51.711737886071205
          ],
          [
            -1.2287197820842266,
            51.71173034235835
          ],
          [
            -1.228939052671194,
            51.71172589994967
          ],
          [
            -1.2292086984962225,
            51.711708046495914
          ],
          [
            -1.2294932641088963,
            51.71168843284249
          ],
          [
            -1.2297115288674831,
            51.71166094020009
          ],
          [
            -1.229948652908206,
            51.71160922385752
          ],
          [
            -1.2301949970424175,
            51.71153672039509
          ],
          [
            -1.2304659001529217,
            51.71144435182214
          ],
          [
            -1.2307515554130077,
            51.71134913340211
          ],
          [
            -1.2309692334383726,
            51.71127486974001
          ],
          [
            -1.2311383802443743,
            51.71118292026222
          ],
          [
            -1.2312180921435356,
            51.71099692583084
          ],
          [
            -1.2311767693609,
            51.71081897802651
          ],
          [
            -1.2311144918203354,
            51.710655028000474
          ],
          [
            -1.2310694810003042,
            51.710494263097644
          ],
          [
            -1.2310331873595715,
            51.710327630862594
          ],
          [
            -1.231018016114831,
            51.71015923842788
          ],
          [
            -1.231098398566246,
            51.710000317543745
          ],
          [
            -1.2313052639365196,
            51.709865033626556
          ],
          [
            -1.2314813677221537,
            51.70971943996847
          ],
          [
            -1.231607599183917,
            51.70955448411405
          ],
          [
            -1.231700386852026,
            51.70938734896481
          ],
          [
            -1.231773728504777,
            51.709220968186855
          ],
          [
            -1.2318397779017687,
            51.70905324630439
          ],
          [
            -1.231872383505106,
            51.70889834873378
          ],
          [
            -1.2320227548480034,
            51.708773793652654
          ],
          [
            -1.232052594423294,
            51.70862979255617
          ],
          [
            -1.2321421969681978,
            51.70849945396185
          ],
          [
            -1.232343027368188,
            51.70856952667236
          ],
          [
            -1.2336267158389091,
            51.70715298503637
          ],
          [
            -1.2337653525173664,
            51.70703907497227
          ],
          [
            -1.2339721340686083,
            51.706951148808
          ],
          [
            -1.2342065759003162,
            51.70695341192186
          ],
          [
            -1.2344680074602365,
            51.70690689235926
          ],
          [
            -1.2346742022782564,
            51.70685073360801
          ],
          [
            -1.2348839174956083,
            51.706792982295156
          ],
          [
            -1.235122550278902,
            51.70671662315726
          ],
          [
            -1.235361099243164,
            51.70663481578231
          ],
          [
            -1.2355964630842209,
            51.70653725042939
          ],
          [
            -1.23580701649189,
            51.706472961232066
          ],
          [
            -1.2360174022614956,
            51.706383945420384
          ],
          [
            -1.2362527661025524,
            51.7062880564481
          ],
          [
            -1.2364882975816727,
            51.70620054937899
          ],
          [
            -1.236689379438758,
            51.70613156631589
          ],
          [
            -1.236920803785324,
            51.706040538847446
          ],
          [
            -1.2371716741472483,
            51.70599510893226
          ],
          [
            -1.237385580316186,
            51.70606794767082
          ],
          [
            -1.237644413486123,
            51.706090746447444
          ],
          [
            -1.2377434875816107,
            51.70596107840538
          ],
          [
            -1.237554308027029,
            51.705838115885854
          ],
          [
            -1.2374769430607557,
            51.70568699017167
          ],
          [
            -1.237232694402337,
            51.70570408925414
          ],
          [
            -1.237023901194334,
            51.705647679045796
          ],
          [
            -1.2371795531362295,
            51.70574851334095
          ],
          [
            -1.237272173166275,
            51.70588840730488
          ],
          [
            -1.2370567582547665,
            51.705961748957634
          ],
          [
            -1.2368819117546082,
            51.7060464899987
          ],
          [
            -1.2366628088057041,
            51.706141624599695
          ],
          [
            -1.236422834917903,
            51.70624203979969
          ],
          [
            -1.2362267822027206,
            51.706333151087165
          ],
          [
            -1.236011954024434,
            51.70643256045878
          ],
          [
            -1.2357907555997372,
            51.70651604421437
          ],
          [
            -1.2355796992778778,
            51.70659575611353
          ],
          [
            -1.2353613507002592,
            51.70667144469917
          ],
          [
            -1.2351344525814056,
            51.70674000866711
          ],
          [
            -1.234922893345356,
            51.70680203475058
          ],
          [
            -1.2347080651670694,
            51.706857522949576
          ],
          [
            -1.2344888783991337,
            51.706886272877455
          ],
          [
            -1.234220489859581,
            51.70687629841268
          ],
          [
            -1.2340391892939806,
            51.706996746361256
          ],
          [
            -1.2338846269994974,
            51.70711928978562
          ],
          [
            -1.233747834339738,
            51.707257591187954
          ],
          [
            -1.2336582317948341,
            51.70741709880531
          ],
          [
            -1.2335944455116987,
            51.707581048831344
          ],
          [
            -1.2335385382175446,
            51.70772588811815
          ],
          [
            -1.2334529589861631,
            51.70787055976689
          ],
          [
            -1.2333642784506083,
            51.70800584368408
          ],
          [
            -1.2323900498449802,
            51.70847699046135
          ],
          [
            -1.2321803346276283,
            51.70857950113714
          ],
          [
            -1.2320362497121096,
            51.70868569985032
          ],
          [
            -1.231855619698763,
            51.70878695324063
          ],
          [
            -1.2318009696900845,
            51.70893816277385
          ],
          [
            -1.2317550368607044,
            51.70910571701825
          ],
          [
            -1.2316950224339962,
            51.70924695208669
          ],
          [
            -1.2316135503351688,
            51.70939036644995
          ],
          [
            -1.2315222714096308,
            51.70954207889736
          ],
          [
            -1.2313895020633936,
            51.70968046411872
          ],
          [
            -1.2312436569482088,
            51.709808288142085
          ],
          [
            -1.2310926150530577,
            51.70992437750101
          ],
          [
            -1.2309677246958017,
            51.71006217598915
          ],
          [
            -1.2309533078223467,
            51.710213385522366
          ],
          [
            -1.2309637852013111,
            51.71037532389164
          ],
          [
            -1.2310149986296892,
            51.71053315512836
          ],
          [
            -1.2310888431966305,
            51.71069769188762
          ],
          [
            -1.2311730813235044,
            51.71087320894003
          ],
          [
            -1.2311871629208326,
            51.71101352199912
          ],
          [
            -1.2311003264039755,
            51.71113866381347
          ],
          [
            -1.2309291679412127,
            51.71122298575938
          ],
          [
            -1.2306818179786205,
            51.71130571514368
          ],
          [
            -1.2304426822811365,
            51.71138131991029
          ],
          [
            -1.2302079051733017,
            51.711454410105944
          ],
          [
            -1.2299917358905077,
            51.71153496019542
          ],
          [
            -1.2297723814845085,
            51.71159849502146
          ],
          [
            -1.2295179907232523,
            51.71163219027221
          ],
          [
            -1.2292788550257683,
            51.71164375729859
          ],
          [
            -1.2290357798337936,
            51.71165850944817
          ],
          [
            -1.2287636194378138,
            51.71167032793164
          ],
          [
            -1.2284800596535206,
            51.71168139204383
          ],
          [
            -1.228205133229494,
            51.7116778716445
          ],
          [
            -1.2279861140996218,
            51.711685163900256
          ],
          [
            -1.2277643289417028,
            51.711685163900256
          ],
          [
            -1.2274872232228518,
            51.71167669817805
          ],
          [
            -1.2272057589143515,
            51.71165767125785
          ],
          [
            -1.2269846443086863,
            51.71163847669959
          ],
          [
            -1.2267688941210508,
            51.71161944977939
          ],
          [
            -1.2265196163207293,
            51.7115774564445
          ],
          [
            -1.2262859288603067,
            51.71153982169926
          ],
          [
            -1.226173946633935,
            51.711657755076885
          ],
          [
            -1.2263429258018732,
            51.71178499236703
          ],
          [
            -1.2264999188482761,
            51.711895717307925
          ],
          [
            -1.226680213585496,
            51.712013483047485
          ],
          [
            -1.2268464267253876,
            51.71211984939873
          ],
          [
            -1.2269019149243832,
            51.712283212691545
          ],
          [
            -1.2267365399748087,
            51.71238597482443
          ],
          [
            -1.2265860009938478,
            51.71249644830823
          ],
          [
            -1.2264018505811691,
            51.71258722431958
          ],
          [
            -1.2261772993952036,
            51.71260356903076
          ],
          [
            -1.2259540893137455,
            51.71256895177066
          ],
          [
            -1.2257401831448078,
            51.712522683665156
          ],
          [
            -1.2255305517464876,
            51.71241288073361
          ],
          [
            -1.2253966089338064,
            51.71227952465415
          ],
          [
            -1.2252337485551834,
            51.71218288131058
          ],
          [
            -1.2253350019454956,
            51.712120017036796
          ]
        ]
      },
      "properties": {
        "name": "2025-05-08 (Thu) 09:31",
        "source_file": "2025-05-08-083154-ELEMNT_ROAM_A974-191-0.fit",
        "date": "2025-05-08T08:31:54",
        "sport": "cycling",
        "dropbox_id": "id:JY-PzzIM9pcAAAAAAAAAPQ"
      }
    },
    {
      "type": "Feature",
      "geometry": {
        "type": "LineString",
        "coordinates": [
          [
            -1.2252932600677013,
            51.71210476197302
          ],
          [
            -1.225358135998249,
            51.712252367287874
          ],
          [
            -1.2255016341805458,
            51.71238421462476
          ],
          [
            -1.2256722897291183,
            51.71248194761574
          ],
          [
            -1.2259101681411266,
            51.71255277469754
          ],
          [
            -1.2261819932609797,
            51.71258546411991
          ],
          [
            -1.2264328636229038,
            51.71255151741207
          ],
          [
            -1.2266182713210583,
            51.712444396689534
          ],
          [
            -1.226809797808528,
            51.712321350350976
          ],
          [
            -1.2269813753664494,
            51.712223114445806
          ],
          [
            -1.227213554084301,
            51.71230408363044
          ],
          [
            -1.2273759953677654,
            51.71239913441241
          ],
          [
            -1.227545142173767,
            51.71252595260739
          ],
          [
            -1.2277097627520561,
            51.712662912905216
          ],
          [
            -1.2278769817203283,
            51.71280045993626
          ],
          [
            -1.2280337233096361,
            51.712941359728575
          ],
          [
            -1.228179568424821,
            51.71308686956763
          ],
          [
            -1.2283236533403397,
            51.713241934776306
          ],
          [
            -1.2284570932388306,
            51.71338903717697
          ],
          [
            -1.2285974901169538,
            51.71353228390217
          ],
          [
            -1.228727325797081,
            51.71365273185074
          ],
          [
            -1.2288608495146036,
            51.71378432773054
          ],
          [
            -1.2289710715413094,
            51.71392573043704
          ],
          [
            -1.229069223627448,
            51.714075012132525
          ],
          [
            -1.2291490193456411,
            51.7142232041806
          ],
          [
            -1.2292033340781927,
            51.71436687000096
          ],
          [
            -1.229257145896554,
            51.714513301849365
          ],
          [
            -1.22930190525949,
            51.71465772204101
          ],
          [
            -1.229328392073512,
            51.714833825826645
          ],
          [
            -1.2293399590998888,
            51.715004816651344
          ],
          [
            -1.2293382827192545,
            51.715183267369866
          ],
          [
            -1.2293196748942137,
            51.71536825597286
          ],
          [
            -1.229288075119257,
            51.71551628038287
          ],
          [
            -1.2292502727359533,
            51.71565902419388
          ],
          [
            -1.2292016576975584,
            51.715801265090704
          ],
          [
            -1.2291414756327868,
            51.715939147397876
          ],
          [
            -1.2290802877396345,
            51.716078873723745
          ],
          [
            -1.2290146574378014,
            51.71621382236481
          ],
          [
            -1.2289428245276213,
            51.71634776517749
          ],
          [
            -1.2288487795740366,
            51.71650995500386
          ],
          [
            -1.2287762761116028,
            51.71664507128298
          ],
          [
            -1.2286912836134434,
            51.71679753810167
          ],
          [
            -1.2285946402698755,
            51.71695017255843
          ],
          [
            -1.2285079713910818,
            51.717110350728035
          ],
          [
            -1.2284167762845755,
            51.71726977452636
          ],
          [
            -1.2283218931406736,
            51.71742592938244
          ],
          [
            -1.228244611993432,
            51.717579485848546
          ],
          [
            -1.228169845417142,
            51.717731868848205
          ],
          [
            -1.228058785200119,
            51.717872098088264
          ],
          [
            -1.2279584538191557,
            51.71802498400211
          ],
          [
            -1.227864408865571,
            51.71815565787256
          ],
          [
            -1.227751336991787,
            51.718281051144004
          ],
          [
            -1.227628206834197,
            51.71840300783515
          ],
          [
            -1.2274997122585773,
            51.71852521598339
          ],
          [
            -1.227373145520687,
            51.718651028349996
          ],
          [
            -1.227250937372446,
            51.718775667250156
          ],
          [
            -1.2271141447126865,
            51.718924613669515
          ],
          [
            -1.2269792798906565,
            51.71906559728086
          ],
          [
            -1.2268188502639532,
            51.71920096501708
          ],
          [
            -1.226643417030573,
            51.719319401308894
          ],
          [
            -1.2264565005898476,
            51.71942442655563
          ],
          [
            -1.2262813188135624,
            51.71954504214227
          ],
          [
            -1.2261373177170753,
            51.71966255642474
          ],
          [
            -1.2260002736002207,
            51.71979641541839
          ],
          [
            -1.2258481420576572,
            51.71992616727948
          ],
          [
            -1.225683018565178,
            51.72006346285343
          ],
          [
            -1.2255038134753704,
            51.72020084224641
          ],
          [
            -1.2253282126039267,
            51.72034584917128
          ],
          [
            -1.2251394521445036,
            51.72048213891685
          ],
          [
            -1.2249524518847466,
            51.72061222605407
          ],
          [
            -1.2247768510133028,
            51.72073854133487
          ],
          [
            -1.2246022559702396,
            51.720859073102474
          ],
          [
            -1.2244256492704153,
            51.72097960487008
          ],
          [
            -1.224260525777936,
            51.7210874799639
          ],
          [
            -1.224118871614337,
            51.72120055183768
          ],
          [
            -1.2240513134747744,
            51.72134949825704
          ],
          [
            -1.224007811397314,
            51.721509927883744
          ],
          [
            -1.2239729426801205,
            51.721643870696425
          ],
          [
            -1.2239552568644285,
            51.72180304303765
          ],
          [
            -1.2239900417625904,
            51.721983924508095
          ],
          [
            -1.2239967472851276,
            51.72212834469974
          ],
          [
            -1.2240050453692675,
            51.72228139825165
          ],
          [
            -1.2240133434534073,
            51.722436463460326
          ],
          [
            -1.2240215577185154,
            51.72258323058486
          ],
          [
            -1.2240233179181814,
            51.72273192554712
          ],
          [
            -1.2240285985171795,
            51.722876597195864
          ],
          [
            -1.2240332923829556,
            51.72301699407399
          ],
          [
            -1.2240332085639238,
            51.7231629230082
          ],
          [
            -1.2240227311849594,
            51.723307594656944
          ],
          [
            -1.223992807790637,
            51.72344899736345
          ],
          [
            -1.223969841375947,
            51.723593501374125
          ],
          [
            -1.2239529937505722,
            51.723742028698325
          ],
          [
            -1.2239229027181864,
            51.72389047220349
          ],
          [
            -1.2239617947489023,
            51.7240524943918
          ],
          [
            -1.2242200411856174,
            51.72410965897143
          ],
          [
            -1.2244845740497112,
            51.724140755832195
          ],
          [
            -1.2247081194072962,
            51.724241338670254
          ],
          [
            -1.2249353528022766,
            51.72434636391699
          ],
          [
            -1.2251813616603613,
            51.72431166283786
          ],
          [
            -1.2254604790359735,
            51.724253576248884
          ],
          [
            -1.2256631534546614,
            51.72420001588762
          ],
          [
            -1.2258986849337816,
            51.7241161968559
          ],
          [
            -1.2261633854359388,
            51.72405165620148
          ],
          [
            -1.2263757828623056,
            51.724004885181785
          ],
          [
            -1.2265860009938478,
            51.72394411638379
          ],
          [
            -1.2268063612282276,
            51.72387555241585
          ],
          [
            -1.2270352710038424,
            51.723806485533714
          ],
          [
            -1.2272651866078377,
            51.72372752800584
          ],
          [
            -1.2274964433163404,
            51.72365192323923
          ],
          [
            -1.2277437932789326,
            51.72359576448798
          ],
          [
            -1.2280012853443623,
            51.723542958498
          ],
          [
            -1.2282464560121298,
            51.723474729806185
          ],
          [
            -1.2285054568201303,
            51.72340624965727
          ],
          [
            -1.2287646252661943,
            51.72333810478449
          ],
          [
            -1.229023290798068,
            51.723265098407865
          ],
          [
            -1.2292867340147495,
            51.72319586388767
          ],
          [
            -1.2295605707913637,
            51.7231166549027
          ],
          [
            -1.2298234272748232,
            51.72303677536547
          ],
          [
            -1.2300831824541092,
            51.72296334989369
          ],
          [
            -1.2303690053522587,
            51.72287508845329
          ],
          [
            -1.23066077940166,
            51.722799483686686
          ],
          [
            -1.2309552356600761,
            51.722738882526755
          ],
          [
            -1.23125153593719,
            51.722682220861316
          ],
          [
            -1.231542220339179,
            51.72263201326132
          ],
          [
            -1.2318397779017687,
            51.72259404323995
          ],
          [
            -1.2321467231959105,
            51.72256026417017
          ],
          [
            -1.2324312049895525,
            51.72252606600523
          ],
          [
            -1.2327301874756813,
            51.722486754879355
          ],
          [
            -1.233047777786851,
            51.72242917120457
          ],
          [
            -1.23325833119452,
            51.7223877646029
          ],
          [
            -1.2334690522402525,
            51.722342167049646
          ],
          [
            -1.2336799409240484,
            51.72230034135282
          ],
          [
            -1.2340036500245333,
            51.722283409908414
          ],
          [
            -1.2343159597367048,
            51.72231744043529
          ],
          [
            -1.234630448743701,
            51.72235172241926
          ],
          [
            -1.2349413335323334,
            51.72237812541425
          ],
          [
            -1.235234197229147,
            51.722402181476355
          ],
          [
            -1.235486576333642,
            51.722486754879355
          ],
          [
            -1.2357230298221111,
            51.722590858116746
          ],
          [
            -1.2359343376010656,
            51.72269554808736
          ],
          [
            -1.2361437175422907,
            51.72278489917517
          ],
          [
            -1.2363515887409449,
            51.72287190333009
          ],
          [
            -1.236555352807045,
            51.722963685169816
          ],
          [
            -1.2367713544517756,
            51.72306359745562
          ],
          [
            -1.2370200455188751,
            51.72317733988166
          ],
          [
            -1.2372770346701145,
            51.72329485416412
          ],
          [
            -1.2374601792544127,
            51.72337632626295
          ],
          [
            -1.2376427371054888,
            51.723457127809525
          ],
          [
            -1.2378215231001377,
            51.723548993468285
          ],
          [
            -1.2379997223615646,
            51.72363566234708
          ],
          [
            -1.2381843756884336,
            51.72372358851135
          ],
          [
            -1.2383715435862541,
            51.723811430856586
          ],
          [
            -1.2385583762079477,
            51.7239021230489
          ],
          [
            -1.238747974857688,
            51.72398652881384
          ],
          [
            -1.2389358971267939,
            51.72407269477844
          ],
          [
            -1.2391230650246143,
            51.72416145913303
          ],
          [
            -1.239324901252985,
            51.724250726401806
          ],
          [
            -1.239525731652975,
            51.72434217296541
          ],
          [
            -1.2397309206426144,
            51.7244375590235
          ],
          [
            -1.2399411387741566,
            51.724532609805465
          ],
          [
            -1.2401519436389208,
            51.72462749294937
          ],
          [
            -1.2403459008783102,
            51.72471173107624
          ],
          [
            -1.240517981350422,
            51.72480242326856
          ],
          [
            -1.2407079990953207,
            51.72489437274635
          ],
          [
            -1.240909080952406,
            51.72497416846454
          ],
          [
            -1.2411043792963028,
            51.725056897848845
          ],
          [
            -1.2413041200488806,
            51.72514666803181
          ],
          [
            -1.2414958141744137,
            51.72523367218673
          ],
          [
            -1.2416896875947714,
            51.72532285563648
          ],
          [
            -1.2418740056455135,
            51.72541296109557
          ],
          [
            -1.2420608382672071,
            51.72549929469824
          ],
          [
            -1.2422532867640257,
            51.72558453865349
          ],
          [
            -1.242444897070527,
            51.7256722971797
          ],
          [
            -1.2426343280822039,
            51.725759636610746
          ],
          [
            -1.2428290396928787,
            51.725844042375684
          ],
          [
            -1.243015369400382,
            51.72593087889254
          ],
          [
            -1.2432043813169003,
            51.72601536847651
          ],
          [
            -1.2433842569589615,
            51.726100612431765
          ],
          [
            -1.243573185056448,
            51.726187113672495
          ],
          [
            -1.243752557784319,
            51.726269172504544
          ],
          [
            -1.2439353670924902,
            51.726355170831084
          ],
          [
            -1.244114488363266,
            51.726439241319895
          ],
          [
            -1.2443746626377106,
            51.726555498316884
          ],
          [
            -1.2446396984159946,
            51.72667753882706
          ],
          [
            -1.2449030578136444,
            51.72679580748081
          ],
          [
            -1.2451687641441822,
            51.726916087791324
          ],
          [
            -1.2454230710864067,
            51.727035362273455
          ],
          [
            -1.2456740252673626,
            51.72715027816594
          ],
          [
            -1.2459194473922253,
            51.727261086925864
          ],
          [
            -1.2461599241942167,
            51.72736971639097
          ],
          [
            -1.2463770154863596,
            51.72747599892318
          ],
          [
            -1.2465822044759989,
            51.727590495720506
          ],
          [
            -1.2467492558062077,
            51.727740531787276
          ],
          [
            -1.2469158880412579,
            51.72790766693652
          ],
          [
            -1.247091656550765,
            51.72807639464736
          ],
          [
            -1.247209757566452,
            51.728193908929825
          ],
          [
            -1.2474153656512499,
            51.728345369920135
          ],
          [
            -1.247612088918686,
            51.72848576679826
          ],
          [
            -1.2477057985961437,
            51.72865885309875
          ],
          [
            -1.2477603647857904,
            51.728825652971864
          ],
          [
            -1.2478000111877918,
            51.72899262048304
          ],
          [
            -1.24783705919981,
            51.72915824688971
          ],
          [
            -1.247871844097972,
            51.72932529821992
          ],
          [
            -1.2479052040725946,
            51.72949746251106
          ],
          [
            -1.2479336187243462,
            51.72967390157282
          ],
          [
            -1.2479532323777676,
            51.7298427131027
          ],
          [
            -1.2479821499437094,
            51.73002418130636
          ],
          [
            -1.2480201199650764,
            51.730202212929726
          ],
          [
            -1.2480437569320202,
            51.73038762062788
          ],
          [
            -1.2480712495744228,
            51.730569675564766
          ],
          [
            -1.248113913461566,
            51.73074971884489
          ],
          [
            -1.2481640372425318,
            51.73092565499246
          ],
          [
            -1.2482141610234976,
            51.73109379597008
          ],
          [
            -1.2482642009854317,
            51.731272330507636
          ],
          [
            -1.2483237963169813,
            51.73144265078008
          ],
          [
            -1.2484085373580456,
            51.73160961829126
          ],
          [
            -1.248563937842846,
            51.731760408729315
          ],
          [
            -1.2486883252859116,
            51.731917234137654
          ],
          [
            -1.2487655226141214,
            51.73207615502179
          ],
          [
            -1.2488306500017643,
            51.73222526907921
          ],
          [
            -1.2488790974020958,
            51.73235837370157
          ],
          [
            -1.2489678617566824,
            51.73248921521008
          ],
          [
            -1.2490316480398178,
            51.732656601816416
          ],
          [
            -1.249047489836812,
            51.73279322683811
          ],
          [
            -1.249138182029128,
            51.73295382410288
          ],
          [
            -1.2493328098207712,
            51.73306773416698
          ],
          [
            -1.249488377943635,
            51.73317569307983
          ],
          [
            -1.249591475352645,
            51.73332053236663
          ],
          [
            -1.2496944889426231,
            51.73346889205277
          ],
          [
            -1.249799346551299,
            51.733619682490826
          ],
          [
            -1.2499152682721615,
            51.73377122730017
          ],
          [
            -1.2500145100057125,
            51.73391648568213
          ],
          [
            -1.2501145899295807,
            51.73407138325274
          ],
          [
            -1.2502290029078722,
            51.73423902131617
          ],
          [
            -1.2503179349005222,
            51.73440456390381
          ],
          [
            -1.2504035141319036,
            51.73457723110914
          ],
          [
            -1.2504848185926676,
            51.73474436625838
          ],
          [
            -1.25056654214859,
            51.73490798100829
          ],
          [
            -1.2506532110273838,
            51.73507209867239
          ],
          [
            -1.2507423106580973,
            51.73524116165936
          ],
          [
            -1.250833086669445,
            51.73541106283665
          ],
          [
            -1.2509242817759514,
            51.73557492904365
          ],
          [
            -1.2510121241211891,
            51.73574164509773
          ],
          [
            -1.251108180731535,
            51.735911294817924
          ],
          [
            -1.2512073386460543,
            51.736084297299385
          ],
          [
            -1.2513014674186707,
            51.736250845715404
          ],
          [
            -1.2513940036296844,
            51.736420998349786
          ],
          [
            -1.2514920718967915,
            51.73659869469702
          ],
          [
            -1.2515886314213276,
            51.736762477084994
          ],
          [
            -1.251688627526164,
            51.73693413846195
          ],
          [
            -1.251787282526493,
            51.73711116425693
          ],
          [
            -1.2518872786313295,
            51.73729347065091
          ],
          [
            -1.2519892863929272,
            51.73747309483588
          ],
          [
            -1.2520943116396666,
            51.73764953389764
          ],
          [
            -1.2522106524556875,
            51.737831169739366
          ],
          [
            -1.2523269094526768,
            51.73800928518176
          ],
          [
            -1.252440819516778,
            51.73818580806255
          ],
          [
            -1.2525560706853867,
            51.738365683704615
          ],
          [
            -1.2526718247681856,
            51.738543044775724
          ],
          [
            -1.2527993973344564,
            51.738716047257185
          ],
          [
            -1.2529278919100761,
            51.73888192512095
          ],
          [
            -1.2530536204576492,
            51.73905836418271
          ],
          [
            -1.2531754933297634,
            51.73922633752227
          ],
          [
            -1.2533018086105585,
            51.73939732834697
          ],
          [
            -1.253430051729083,
            51.73956546932459
          ],
          [
            -1.253550834953785,
            51.739737717434764
          ],
          [
            -1.2536758091300726,
            51.73990208655596
          ],
          [
            -1.2538012024015188,
            51.740071987733245
          ],
          [
            -1.2539287749677896,
            51.74024096690118
          ],
          [
            -1.2540534976869822,
            51.740404749289155
          ],
          [
            -1.2541771307587624,
            51.7405769135803
          ],
          [
            -1.2542999256402254,
            51.74074019305408
          ],
          [
            -1.254418445751071,
            51.74090825021267
          ],
          [
            -1.2545373849570751,
            51.74108167178929
          ],
          [
            -1.2546512112021446,
            51.74125408753753
          ],
          [
            -1.2547548953443766,
            51.741423569619656
          ],
          [
            -1.2548497784882784,
            51.741587184369564
          ],
          [
            -1.254946505650878,
            51.741751469671726
          ],
          [
            -1.2550490163266659,
            51.7419202812016
          ],
          [
            -1.255141720175743,
            51.74209529533982
          ],
          [
            -1.2552502658218145,
            51.74228187650442
          ],
          [
            -1.2553699593991041,
            51.74246468581259
          ],
          [
            -1.2554835341870785,
            51.74264112487435
          ],
          [
            -1.2555709574371576,
            51.74282276071608
          ],
          [
            -1.2556585483253002,
            51.74300783313811
          ],
          [
            -1.2557447981089354,
            51.74319374375045
          ],
          [
            -1.255834149196744,
            51.7433794029057
          ],
          [
            -1.2559126876294613,
            51.74356355331838
          ],
          [
            -1.2559708580374718,
            51.743743093684316
          ],
          [
            -1.2560093309730291,
            51.74393084831536
          ],
          [
            -1.2560508213937283,
            51.74410586245358
          ],
          [
            -1.256090383976698,
            51.744279535487294
          ],
          [
            -1.2561275996267796,
            51.74446167424321
          ],
          [
            -1.2561590317636728,
            51.744640627875924
          ],
          [
            -1.2561886198818684,
            51.74481597729027
          ],
          [
            -1.256198426708579,
            51.74498579464853
          ],
          [
            -1.2562204711139202,
            51.74515888094902
          ],
          [
            -1.2562420964241028,
            51.745335571467876
          ],
          [
            -1.2562638893723488,
            51.745516788214445
          ],
          [
            -1.2562868557870388,
            51.745692640542984
          ],
          [
            -1.2562984228134155,
            51.745878886431456
          ],
          [
            -1.2563120014965534,
            51.74605557695031
          ],
          [
            -1.2563270051032305,
            51.74621910788119
          ],
          [
            -1.2563436012715101,
            51.74638582393527
          ],
          [
            -1.2563550844788551,
            51.74654642120004
          ],
          [
            -1.2563637178391218,
            51.746708024293184
          ],
          [
            -1.2564095668494701,
            51.74686275422573
          ],
          [
            -1.256493804976344,
            51.74702536314726
          ],
          [
            -1.256516519933939,
            51.747195264324546
          ],
          [
            -1.2564933020621538,
            51.74733532592654
          ],
          [
            -1.256500594317913,
            51.74748946912587
          ],
          [
            -1.2565251532942057,
            51.74765719100833
          ],
          [
            -1.256537139415741,
            51.74783279187977
          ],
          [
            -1.2565532326698303,
            51.74800772219896
          ],
          [
            -1.256568906828761,
            51.748178796842694
          ],
          [
            -1.2565936334431171,
            51.74834324978292
          ],
          [
            -1.2566138338297606,
            51.7485049366951
          ],
          [
            -1.2566316034644842,
            51.74866771325469
          ],
          [
            -1.256644930690527,
            51.748828729614615
          ],
          [
            -1.256674099713564,
            51.74899251200259
          ],
          [
            -1.2567071244120598,
            51.74915092997253
          ],
          [
            -1.256742412224412,
            51.7493059951812
          ],
          [
            -1.2567616906017065,
            51.74947053194046
          ],
          [
            -1.2567840702831745,
            51.74963624216616
          ],
          [
            -1.2568269856274128,
            51.749789295718074
          ],
          [
            -1.2568452581763268,
            51.74992592073977
          ],
          [
            -1.256867302581668,
            51.750083500519395
          ],
          [
            -1.2568868324160576,
            51.75022683106363
          ],
          [
            -1.256900578737259,
            51.75036488100886
          ],
          [
            -1.2569424882531166,
            51.750518856570125
          ],
          [
            -1.2569881696254015,
            51.75067434087396
          ],
          [
            -1.257089339196682,
            51.75084541551769
          ],
          [
            -1.2571579031646252,
            51.75097852014005
          ],
          [
            -1.257259575650096,
            51.75113475881517
          ],
          [
            -1.2573379464447498,
            51.75128906965256
          ],
          [
            -1.257400307804346,
            51.75143323838711
          ],
          [
            -1.2575148046016693,
            51.7515925783664
          ],
          [
            -1.2576175667345524,
            51.75173322670162
          ],
          [
            -1.2576813530176878,
            51.75186331383884
          ],
          [
            -1.257597953081131,
            51.75199524499476
          ],
          [
            -1.2573523633182049,
            51.75205618143082
          ],
          [
            -1.2571361940354109,
            51.752086859196424
          ],
          [
            -1.2569181807339191,
            51.75211393274367
          ],
          [
            -1.2566906120628119,
            51.75216003321111
          ],
          [
            -1.2564706709235907,
            51.75220160745084
          ],
          [
            -1.25622583553195,
            51.75223949365318
          ],
          [
            -1.2559673376381397,
            51.752281403169036
          ],
          [
            -1.2558566965162754,
            51.75240118056536
          ],
          [
            -1.2558634858578444,
            51.752538895234466
          ],
          [
            -1.2559005338698626,
            51.75269513390958
          ],
          [
            -1.2559491489082575,
            51.75283955410123
          ],
          [
            -1.2560507375746965,
            51.75298808142543
          ],
          [
            -1.25614570453763,
            51.75315219908953
          ],
          [
            -1.2562325410544872,
            51.75330533646047
          ],
          [
            -1.2563249096274376,
            51.75345864146948
          ],
          [
            -1.256397245451808,
            51.75363298505545
          ],
          [
            -1.2564536556601524,
            51.753785368055105
          ],
          [
            -1.2565145920962095,
            51.75392484292388
          ],
          [
            -1.2565927114337683,
            51.75407990813255
          ],
          [
            -1.25669589266181,
            51.75420915707946
          ],
          [
            -1.2567900214344263,
            51.75434569828212
          ],
          [
            -1.2570496927946806,
            51.75437930971384
          ],
          [
            -1.257321098819375,
            51.75435231998563
          ],
          [
            -1.2575396988540888,
            51.75432935357094
          ],
          [
            -1.2577553652226925,
            51.75431032665074
          ],
          [
            -1.2580276932567358,
            51.754287611693144
          ],
          [
            -1.258287113159895,
            51.75424100831151
          ],
          [
            -1.2585161067545414,
            51.75419163890183
          ],
          [
            -1.2587799690663815,
            51.754174372181296
          ],
          [
            -1.258920282125473,
            51.75430345349014
          ],
          [
            -1.259034862741828,
            51.75445784814656
          ],
          [
            -1.259130584076047,
            51.75462121143937
          ],
          [
            -1.2591734994202852,
            51.75477351062
          ],
          [
            -1.2592439912259579,
            51.75491767935455
          ],
          [
            -1.2592765130102634,
            51.75505463965237
          ],
          [
            -1.2593369465321302,
            51.75520417280495
          ],
          [
            -1.2593733239918947,
            51.755359657108784
          ],
          [
            -1.2593998946249485,
            51.755526876077056
          ],
          [
            -1.2594237830489874,
            51.75568110309541
          ],
          [
            -1.2594855576753616,
            51.75584605894983
          ],
          [
            -1.2595391180366278,
            51.75602241419256
          ],
          [
            -1.2595822848379612,
            51.75618879497051
          ],
          [
            -1.2596623320132494,
            51.756363390013576
          ],
          [
            -1.2597468215972185,
            51.756542259827256
          ],
          [
            -1.259812619537115,
            51.75671241246164
          ],
          [
            -1.2598764896392822,
            51.75688147544861
          ],
          [
            -1.259942539036274,
            51.75705950707197
          ],
          [
            -1.260007917881012,
            51.757232090458274
          ],
          [
            -1.260075056925416,
            51.75739319063723
          ],
          [
            -1.2601416930556297,
            51.75755730830133
          ],
          [
            -1.2602030485868454,
            51.75772410817444
          ],
          [
            -1.2602816708385944,
            51.75788822583854
          ],
          [
            -1.2603617180138826,
            51.75804840400815
          ],
          [
            -1.2604419328272343,
            51.758205983787775
          ],
          [
            -1.2605332117527723,
            51.758363815024495
          ],
          [
            -1.2606427632272243,
            51.75851200707257
          ],
          [
            -1.260748626664281,
            51.75865835510194
          ],
          [
            -1.2608413305133581,
            51.75881082192063
          ],
          [
            -1.2609225511550903,
            51.758969742804766
          ],
          [
            -1.2610165122896433,
            51.75913226790726
          ],
          [
            -1.261106450110674,
            51.75929521210492
          ],
          [
            -1.2611636985093355,
            51.75945471972227
          ],
          [
            -1.2612147442996502,
            51.75962386652827
          ],
          [
            -1.2613009940832853,
            51.75979762338102
          ],
          [
            -1.261415658518672,
            51.75996366888285
          ],
          [
            -1.2615146487951279,
            51.760107250884175
          ],
          [
            -1.2616055086255074,
            51.760250916704535
          ],
          [
            -1.2616837956011295,
            51.760388212278485
          ],
          [
            -1.2617441453039646,
            51.76053028553724
          ],
          [
            -1.261829137802124,
            51.76065953448415
          ],
          [
            -1.2619359232485294,
            51.760805463418365
          ],
          [
            -1.2620835285633802,
            51.76095080561936
          ],
          [
            -1.262198192998767,
            51.761110816150904
          ],
          [
            -1.2623116839677095,
            51.761278454214334
          ],
          [
            -1.2624303717166185,
            51.76143955439329
          ],
          [
            -1.262541264295578,
            51.76159864291549
          ],
          [
            -1.2626567669212818,
            51.76175915636122
          ],
          [
            -1.262785093858838,
            51.7619192507118
          ],
          [
            -1.2629101518541574,
            51.76207607612014
          ],
          [
            -1.2630418315529823,
            51.76223977468908
          ],
          [
            -1.2631764449179173,
            51.7623957619071
          ],
          [
            -1.2633033469319344,
            51.76255250349641
          ],
          [
            -1.263412144035101,
            51.76271536387503
          ],
          [
            -1.263507530093193,
            51.76288937218487
          ],
          [
            -1.263630324974656,
            51.76304896362126
          ],
          [
            -1.2637457437813282,
            51.76320780068636
          ],
          [
            -1.263824701309204,
            51.76336948759854
          ],
          [
            -1.26391782425344,
            51.763536455109715
          ],
          [
            -1.2640562932938337,
            51.76370610482991
          ],
          [
            -1.2641796749085188,
            51.76387248560786
          ],
          [
            -1.2642869632691145,
            51.76404498517513
          ],
          [
            -1.2643965985625982,
            51.76420960575342
          ],
          [
            -1.264504473656416,
            51.76437808200717
          ],
          [
            -1.2646071519702673,
            51.76454521715641
          ],
          [
            -1.264695916324854,
            51.76471134647727
          ],
          [
            -1.2647688388824463,
            51.764878649264574
          ],
          [
            -1.264836061745882,
            51.765051651746035
          ],
          [
            -1.2649013567715883,
            51.76522046327591
          ],
          [
            -1.2649558391422033,
            51.76538701169193
          ],
          [
            -1.265009231865406,
            51.76555867306888
          ],
          [
            -1.2650643847882748,
            51.7657233774662
          ],
          [
            -1.265109060332179,
            51.76588397473097
          ],
          [
            -1.2651580106467009,
            51.766044069081545
          ],
          [
            -1.2652209587395191,
            51.766207264736295
          ],
          [
            -1.2652850802987814,
            51.76636517979205
          ],
          [
            -1.2653527222573757,
            51.76653977483511
          ],
          [
            -1.265412988141179,
            51.76670883782208
          ],
          [
            -1.2654687277972698,
            51.766873793676496
          ],
          [
            -1.2655139900743961,
            51.76704310812056
          ],
          [
            -1.2655560672283173,
            51.76721979863942
          ],
          [
            -1.2655978091061115,
            51.76739590242505
          ],
          [
            -1.2656404729932547,
            51.76757326349616
          ],
          [
            -1.2656673789024353,
            51.767752552405
          ],
          [
            -1.2656852323561907,
            51.767928656190634
          ],
          [
            -1.265704007819295,
            51.76810836419463
          ],
          [
            -1.2657249625772238,
            51.76827935501933
          ],
          [
            -1.265748431906104,
            51.768452106043696
          ],
          [
            -1.2657869886606932,
            51.768621085211635
          ],
          [
            -1.265832670032978,
            51.76880213432014
          ],
          [
            -1.2658875714987516,
            51.768980668857694
          ],
          [
            -1.2659474182873964,
            51.76915534771979
          ],
          [
            -1.2660195026546717,
            51.76932843402028
          ],
          [
            -1.2660847138613462,
            51.76949984394014
          ],
          [
            -1.2661615759134293,
            51.769669158384204
          ],
          [
            -1.2662337440997362,
            51.76983746699989
          ],
          [
            -1.266319239512086,
            51.770013654604554
          ],
          [
            -1.2663956824690104,
            51.770177436992526
          ],
          [
            -1.2664659228175879,
            51.770357647910714
          ],
          [
            -1.2665375042706728,
            51.770532578229904
          ],
          [
            -1.266609588637948,
            51.770709436386824
          ],
          [
            -1.266672620549798,
            51.77088453434408
          ],
          [
            -1.2667276058346033,
            51.77105577662587
          ],
          [
            -1.2667947448790073,
            51.77122509106994
          ],
          [
            -1.2668535020202398,
            51.77139339968562
          ],
          [
            -1.2669072300195694,
            51.771567491814494
          ],
          [
            -1.2669387459754944,
            51.77174334414303
          ],
          [
            -1.2669636402279139,
            51.77192657254636
          ],
          [
            -1.2669802363961935,
            51.772108376026154
          ],
          [
            -1.2669952400028706,
            51.772292694076896
          ],
          [
            -1.2670156080275774,
            51.772472904995084
          ],
          [
            -1.2670420948415995,
            51.77265454083681
          ],
          [
            -1.2670759577304125,
            51.77282729186118
          ],
          [
            -1.2671156041324139,
            51.77300130017102
          ],
          [
            -1.267164135351777,
            51.7731732968241
          ],
          [
            -1.267221299931407,
            51.773345209658146
          ],
          [
            -1.267287265509367,
            51.773511758074164
          ],
          [
            -1.2673564162105322,
            51.7736807372421
          ],
          [
            -1.2674381397664547,
            51.77384443581104
          ],
          [
            -1.26751902513206,
            51.7740073800087
          ],
          [
            -1.2675984855741262,
            51.77416537888348
          ],
          [
            -1.267673671245575,
            51.77430057898164
          ],
          [
            -1.2677542213350534,
            51.7744458373636
          ],
          [
            -1.2678698915988207,
            51.77460266277194
          ],
          [
            -1.2679699715226889,
            51.77474984899163
          ],
          [
            -1.2680853065103292,
            51.77490843459964
          ],
          [
            -1.2682148907333612,
            51.775064673274755
          ],
          [
            -1.2683458160609007,
            51.77522384561598
          ],
          [
            -1.2684801779687405,
            51.77539089694619
          ],
          [
            -1.268609007820487,
            51.77555551752448
          ],
          [
            -1.268739765509963,
            51.775714522227645
          ],
          [
            -1.2688750494271517,
            51.7758827470243
          ],
          [
            -1.2690153624862432,
            51.77605491131544
          ],
          [
            -1.26915592700243,
            51.77623109892011
          ],
          [
            -1.2693011853843927,
            51.776412315666676
          ],
          [
            -1.2694490421563387,
            51.77658556960523
          ],
          [
            -1.2695839907974005,
            51.776758655905724
          ],
          [
            -1.269712233915925,
            51.77692118100822
          ],
          [
            -1.2698180135339499,
            51.77709024399519
          ],
          [
            -1.2699489388614893,
            51.77726039662957
          ],
          [
            -1.2701230309903622,
            51.77742535248399
          ],
          [
            -1.270268289372325,
            51.777597684413195
          ],
          [
            -1.2704083509743214,
            51.77776716649532
          ],
          [
            -1.2705540284514427,
            51.777932373806834
          ],
          [
            -1.2707168888300657,
            51.77809716202319
          ],
          [
            -1.2708820961415768,
            51.77826136350632
          ],
          [
            -1.2710479740053415,
            51.77842631936073
          ],
          [
            -1.271205134689808,
            51.77858591079712
          ],
          [
            -1.271326169371605,
            51.77874608896673
          ],
          [
            -1.2714629620313644,
            51.778921354562044
          ],
          [
            -1.271567652001977,
            51.77910768426955
          ],
          [
            -1.2716730125248432,
            51.7792914994061
          ],
          [
            -1.271772589534521,
            51.77946710027754
          ],
          [
            -1.271864539012313,
            51.77964638918638
          ],
          [
            -1.2719486933201551,
            51.77982425317168
          ],
          [
            -1.2720211129635572,
            51.78001276217401
          ],
          [
            -1.2721110507845879,
            51.78019163198769
          ],
          [
            -1.2722054310142994,
            51.78036957979202
          ],
          [
            -1.272299811244011,
            51.780555406585336
          ],
          [
            -1.2723894137889147,
            51.780741065740585
          ],
          [
            -1.2724833749234676,
            51.780929658561945
          ],
          [
            -1.2725863885134459,
            51.78110836073756
          ],
          [
            -1.2727028969675303,
            51.78128211759031
          ],
          [
            -1.2728229258209467,
            51.781411869451404
          ],
          [
            -1.2729396857321262,
            51.781556624919176
          ],
          [
            -1.273045800626278,
            51.781682185828686
          ],
          [
            -1.2731551844626665,
            51.78180732764304
          ],
          [
            -1.2732727825641632,
            51.78194931708276
          ],
          [
            -1.2734155263751745,
            51.782099017873406
          ],
          [
            -1.2735644727945328,
            51.78224285133183
          ],
          [
            -1.2737080547958612,
            51.78239582106471
          ],
          [
            -1.2738399021327496,
            51.78254493512213
          ],
          [
            -1.2739742640405893,
            51.78268935531378
          ],
          [
            -1.2741091288626194,
            51.78283394314349
          ],
          [
            -1.2742627691477537,
            51.78298280574381
          ],
          [
            -1.2744418904185295,
            51.78312052041292
          ],
          [
            -1.2746424693614244,
            51.78325027227402
          ],
          [
            -1.2748173996806145,
            51.783340042456985
          ],
          [
            -1.2750157993286848,
            51.78343802690506
          ],
          [
            -1.2752085831016302,
            51.7835359275341
          ],
          [
            -1.2753914762288332,
            51.783623518422246
          ],
          [
            -1.2755987606942654,
            51.78372980095446
          ],
          [
            -1.2757754512131214,
            51.78382309153676
          ],
          [
            -1.2759549915790558,
            51.78392241708934
          ],
          [
            -1.276134280487895,
            51.78402392193675
          ],
          [
            -1.2763108033686876,
            51.78412852808833
          ],
          [
            -1.276490930467844,
            51.78423740901053
          ],
          [
            -1.2766750808805227,
            51.7843493912369
          ],
          [
            -1.2768591474741697,
            51.7844635527581
          ],
          [
            -1.2770395260304213,
            51.78458374924958
          ],
          [
            -1.277225436642766,
            51.78470637649298
          ],
          [
            -1.2773996964097023,
            51.78483420051634
          ],
          [
            -1.2775513250380754,
            51.78495263680816
          ],
          [
            -1.2777118384838104,
            51.78509345278144
          ],
          [
            -1.2778164446353912,
            51.78522253409028
          ],
          [
            -1.277969079092145,
            51.785366870462894
          ],
          [
            -1.2781022675335407,
            51.78549997508526
          ],
          [
            -1.2782243080437183,
            51.7856153100729
          ],
          [
            -1.2783258128911257,
            51.78574103862047
          ],
          [
            -1.2784277368336916,
            51.78586710244417
          ],
          [
            -1.278562182560563,
            51.78601311519742
          ],
          [
            -1.2787394598126411,
            51.78614839911461
          ],
          [
            -1.2789806071668863,
            51.78611277602613
          ],
          [
            -1.2792037334293127,
            51.78601345047355
          ],
          [
            -1.2793828547000885,
            51.78591848351061
          ],
          [
            -1.2795677594840527,
            51.785820331424475
          ],
          [
            -1.279761716723442,
            51.78571212105453
          ],
          [
            -1.2799521535634995,
            51.78558815270662
          ],
          [
            -1.280148457735777,
            51.785451862961054
          ],
          [
            -1.280335709452629,
            51.785308197140694
          ],
          [
            -1.2805193569511175,
            51.785161681473255
          ],
          [
            -1.2807054352015257,
            51.78501223213971
          ],
          [
            -1.2808536272495985,
            51.78490628488362
          ],
          [
            -1.2810967024415731,
            51.784773180261254
          ],
          [
            -1.2813372630625963,
            51.784661868587136
          ],
          [
            -1.2815312203019857,
            51.78453194908798
          ],
          [
            -1.2817079946398735,
            51.78440496325493
          ],
          [
            -1.2818785663694143,
            51.78423841483891
          ],
          [
            -1.2819713540375233,
            51.784114027395844
          ],
          [
            -1.282066237181425,
            51.783983521163464
          ],
          [
            -1.2822174467146397,
            51.783823342993855
          ],
          [
            -1.2824751064181328,
            51.78370976820588
          ],
          [
            -1.2826989870518446,
            51.783708008006215
          ],
          [
            -1.2829066906124353,
            51.783772548660636
          ],
          [
            -1.2830551341176033,
            51.78388411179185
          ],
          [
            -1.283208355307579,
            51.78405283950269
          ],
          [
            -1.2833123747259378,
            51.78421871736646
          ],
          [
            -1.2834179867058992,
            51.784372525289655
          ],
          [
            -1.2835241854190826,
            51.78453211672604
          ],
          [
            -1.2836225889623165,
            51.784704783931375
          ],
          [
            -1.2836791668087244,
            51.784888096153736
          ],
          [
            -1.2837513349950314,
            51.78505640476942
          ],
          [
            -1.2838758062571287,
            51.78521825931966
          ],
          [
            -1.2840074859559536,
            51.785372318699956
          ],
          [
            -1.2841523252427578,
            51.785500813275576
          ],
          [
            -1.284360783174634,
            51.78558748215437
          ],
          [
            -1.2845649663358927,
            51.78553274832666
          ],
          [
            -1.2847837340086699,
            51.78541397675872
          ],
          [
            -1.2849828880280256,
            51.785335186868906
          ],
          [
            -1.2852091155946255,
            51.78525128401816
          ],
          [
            -1.2854220159351826,
            51.785186072811484
          ],
          [
            -1.2856347486376762,
            51.78511340171099
          ],
          [
            -1.2858369201421738,
            51.785056069493294
          ],
          [
            -1.286053340882063,
            51.78499865345657
          ],
          [
            -1.2863007746636868,
            51.78492623381317
          ],
          [
            -1.2866059597581625,
            51.78483763709664
          ],
          [
            -1.286840820685029,
            51.78476161323488
          ],
          [
            -1.2871014140546322,
            51.784681901335716
          ],
          [
            -1.2873757537454367,
            51.7846015188843
          ],
          [
            -1.2876449804753065,
            51.784521555528045
          ],
          [
            -1.28790901042521,
            51.7844374012202
          ],
          [
            -1.2881642393767834,
            51.78436146117747
          ],
          [
            -1.2884062249213457,
            51.78428711369634
          ],
          [
            -1.288665309548378,
            51.78421746008098
          ],
          [
            -1.2889364641159773,
            51.7841715272516
          ],
          [
            -1.2891914416104555,
            51.78414889611304
          ],
          [
            -1.2894257158041,
            51.784125259146094
          ],
          [
            -1.2896450702100992,
            51.78409575484693
          ],
          [
            -1.2898734770715237,
            51.78407262079418
          ],
          [
            -1.2900968547910452,
            51.78405744954944
          ],
          [
            -1.2903124373406172,
            51.78403791971505
          ],
          [
            -1.2905276007950306,
            51.78400724194944
          ],
          [
            -1.290739495307207,
            51.78397321142256
          ],
          [
            -1.2910492066293955,
            51.78393138572574
          ],
          [
            -1.2913491949439049,
            51.78388528525829
          ],
          [
            -1.291623618453741,
            51.783843291923404
          ],
          [
            -1.2918667774647474,
            51.7838020529598
          ],
          [
            -1.2920980341732502,
            51.78377908654511
          ],
          [
            -1.2923406902700663,
            51.78377514705062
          ],
          [
            -1.292581669986248,
            51.783763747662306
          ],
          [
            -1.2928111664950848,
            51.78375628776848
          ],
          [
            -1.2930321134626865,
            51.78373231552541
          ],
          [
            -1.2931166868656874,
            51.78355369716883
          ],
          [
            -1.2930990010499954,
            51.78338362835348
          ],
          [
            -1.2932145036756992,
            51.783244740217924
          ],
          [
            -1.2934547290205956,
            51.783180283382535
          ],
          [
            -1.2937273923307657,
            51.78312622010708
          ],
          [
            -1.2939899135380983,
            51.78305304609239
          ],
          [
            -1.2942442204803228,
            51.78298154845834
          ],
          [
            -1.2944743037223816,
            51.782877361401916
          ],
          [
            -1.2946661654859781,
            51.78276848047972
          ],
          [
            -1.2948348093777895,
            51.782655073329806
          ],
          [
            -1.2948817480355501,
            51.782514257356524
          ],
          [
            -1.294876467436552,
            51.78235441446304
          ],
          [
            -1.2948650680482388,
            51.7821891233325
          ],
          [
            -1.2949110008776188,
            51.78201419301331
          ],
          [
            -1.294956598430872,
            51.78184999153018
          ],
          [
            -1.295150388032198,
            51.78172233514488
          ],
          [
            -1.295362114906311,
            51.78165854886174
          ],
          [
            -1.2955927848815918,
            51.78158847615123
          ],
          [
            -1.2958426494151354,
            51.78150759078562
          ],
          [
            -1.2960743252187967,
            51.78145922720432
          ],
          [
            -1.2963212560862303,
            51.78142528049648
          ],
          [
            -1.29660758189857,
            51.78136761300266
          ],
          [
            -1.2969195563346148,
            51.78131774067879
          ],
          [
            -1.2971368990838528,
            51.781283374875784
          ],
          [
            -1.2973519787192345,
            51.781249595806
          ],
          [
            -1.2975658010691404,
            51.781207267194986
          ],
          [
            -1.2978529650717974,
            51.78113426081836
          ],
          [
            -1.2980879098176956,
            51.781011717393994
          ],
          [
            -1.2983099464327097,
            51.780873918905854
          ],
          [
            -1.2985265348106623,
            51.780733270570636
          ],
          [
            -1.2987714540213346,
            51.78061215206981
          ],
          [
            -1.2990058958530426,
            51.78048147819936
          ],
          [
            -1.2992182932794094,
            51.78033580072224
          ],
          [
            -1.2994088139384985,
            51.780195320025086
          ],
          [
            -1.299539990723133,
            51.78004846908152
          ],
          [
            -1.2995943054556847,
            51.77989005111158
          ],
          [
            -1.2996524758636951,
            51.779752587899566
          ],
          [
            -1.2997202016413212,
            51.779610430821776
          ],
          [
            -1.2998044397681952,
            51.779474560171366
          ],
          [
            -1.2998998258262873,
            51.77931748330593
          ],
          [
            -1.3000346906483173,
            51.779140792787075
          ],
          [
            -1.3001774344593287,
            51.779029397293925
          ],
          [
            -1.300352280959487,
            51.77893669344485
          ],
          [
            -1.3005485851317644,
            51.77886100485921
          ],
          [
            -1.3007614016532898,
            51.77880870178342
          ],
          [
            -1.3009939156472683,
            51.77878154441714
          ],
          [
            -1.301217209547758,
            51.778770480304956
          ],
          [
            -1.3015366438776255,
            51.778774252161384
          ],
          [
            -1.3018552400171757,
            51.77878204733133
          ],
          [
            -1.3020728342235088,
            51.77878967486322
          ],
          [
            -1.3023910950869322,
            51.7788009904325
          ],
          [
            -1.3027023151516914,
            51.778812473639846
          ],
          [
            -1.303012864664197,
            51.77882781252265
          ],
          [
            -1.3033136911690235,
            51.77883912809193
          ],
          [
            -1.3036117516458035,
            51.7788543831557
          ],
          [
            -1.3039073813706636,
            51.77886192686856
          ],
          [
            -1.3041848223656416,
            51.778858406469226
          ],
          [
            -1.3044820446521044,
            51.77884968928993
          ],
          [
            -1.3047683704644442,
            51.77878397516906
          ],
          [
            -1.3050233479589224,
            51.77868087776005
          ],
          [
            -1.305236080661416,
            51.778549617156386
          ],
          [
            -1.3054055627435446,
            51.778388349339366
          ],
          [
            -1.3054898846894503,
            51.778259854763746
          ],
          [
            -1.3055583648383617,
            51.7780723515898
          ],
          [
            -1.3056091591715813,
            51.77787898108363
          ],
          [
            -1.3056552596390247,
            51.77768988534808
          ],
          [
            -1.3057085685431957,
            51.77750313654542
          ],
          [
            -1.3057942315936089,
            51.777315801009536
          ],
          [
            -1.3059565052390099,
            51.77714053541422
          ],
          [
            -1.3061775360256433,
            51.776996199041605
          ],
          [
            -1.3064517080783844,
            51.77688539028168
          ],
          [
            -1.3066539634019136,
            51.776820346713066
          ],
          [
            -1.3068566378206015,
            51.776751866564155
          ],
          [
            -1.3070571329444647,
            51.776686906814575
          ],
          [
            -1.3073461409658194,
            51.77659562788904
          ],
          [
            -1.307623665779829,
            51.77649739198387
          ],
          [
            -1.307902280241251,
            51.77640569396317
          ],
          [
            -1.3081801403313875,
            51.77632556296885
          ],
          [
            -1.3084525521844625,
            51.77623336203396
          ],
          [
            -1.308711301535368,
            51.77614283747971
          ],
          [
            -1.308976085856557,
            51.77605784498155
          ],
          [
            -1.3092353381216526,
            51.77597033791244
          ],
          [
            -1.3095119409263134,
            51.775883166119456
          ],
          [
            -1.3097850233316422,
            51.77580311894417
          ],
          [
            -1.3100593630224466,
            51.775716450065374
          ],
          [
            -1.3103371392935514,
            51.775633385404944
          ],
          [
            -1.310610305517912,
            51.77555367350578
          ],
          [
            -1.3108513690531254,
            51.775479074567556
          ],
          [
            -1.3111192546784878,
            51.775390561670065
          ],
          [
            -1.311380099505186,
            51.77530833519995
          ],
          [
            -1.3116064108908176,
            51.775237089022994
          ],
          [
            -1.3118549343198538,
            51.775172632187605
          ],
          [
            -1.3120096642524004,
            51.77507322281599
          ],
          [
            -1.3119268510490656,
            51.774927377700806
          ],
          [
            -1.3118796609342098,
            51.77477164193988
          ],
          [
            -1.311821322888136,
            51.77461548708379
          ],
          [
            -1.311747645959258,
            51.774462684988976
          ],
          [
            -1.3116287905722857,
            51.77433251403272
          ],
          [
            -1.3114093523472548,
            51.774288676679134
          ],
          [
            -1.3111475016921759,
            51.774342907592654
          ],
          [
            -1.3108593318611383,
            51.77443351596594
          ],
          [
            -1.3106040190905333,
            51.774436281993985
          ],
          [
            -1.3103993330150843,
            51.77432798780501
          ],
          [
            -1.310227420181036,
            51.774165127426386
          ],
          [
            -1.3100643083453178,
            51.77400520071387
          ],
          [
            -1.3098903000354767,
            51.77384049631655
          ],
          [
            -1.3097185548394918,
            51.77369574084878
          ],
          [
            -1.3095334824174643,
            51.77355065010488
          ],
          [
            -1.3093505892902613,
            51.77341385744512
          ],
          [
            -1.3091546203941107,
            51.773283602669835
          ],
          [
            -1.308941887691617,
            51.773161478340626
          ],
          [
            -1.3087122235447168,
            51.773054860532284
          ],
          [
            -1.3084661308676004,
            51.77295100875199
          ],
          [
            -1.3082473631948233,
            51.772829219698906
          ],
          [
            -1.3080497179180384,
            51.77268446423113
          ],
          [
            -1.3078806549310684,
            51.7725324165076
          ],
          [
            -1.3077357318252325,
            51.77237793803215
          ],
          [
            -1.3076062314212322,
            51.772227650508285
          ],
          [
            -1.3074733782559633,
            51.77206244319677
          ],
          [
            -1.3073416147381067,
            51.77189773879945
          ],
          [
            -1.3072142098098993,
            51.77172741852701
          ],
          [
            -1.3070894870907068,
            51.77155994810164
          ],
          [
            -1.3069697096943855,
            51.77140555344522
          ],
          [
            -1.3068574760109186,
            51.77126222290099
          ],
          [
            -1.3067402131855488,
            51.77112760953605
          ],
          [
            -1.3066375348716974,
            51.771002719178796
          ],
          [
            -1.306524546816945,
            51.77087590098381
          ],
          [
            -1.3064033444970846,
            51.77075386047363
          ],
          [
            -1.3062858302146196,
            51.770621510222554
          ],
          [
            -1.3061199523508549,
            51.77050206810236
          ],
          [
            -1.3058920484036207,
            51.77038136869669
          ],
          [
            -1.3056652341037989,
            51.77027433179319
          ],
          [
            -1.305449903011322,
            51.77015958353877
          ],
          [
            -1.3052395172417164,
            51.770023042336106
          ],
          [
            -1.3050489965826273,
            51.76989287137985
          ],
          [
            -1.3048767484724522,
            51.76976295188069
          ],
          [
            -1.3047218509018421,
            51.769652143120766
          ],
          [
            -1.3045816216617823,
            51.76954644732177
          ],
          [
            -1.3044227007776499,
            51.76942901685834
          ],
          [
            -1.3042574934661388,
            51.76930823363364
          ],
          [
            -1.3040947169065475,
            51.76918636076152
          ],
          [
            -1.3039323594421148,
            51.769063733518124
          ],
          [
            -1.3037627097219229,
            51.768931886181235
          ],
          [
            -1.3035851810127497,
            51.76880523562431
          ],
          [
            -1.3034073170274496,
            51.768674897029996
          ],
          [
            -1.3032303750514984,
            51.768543468788266
          ],
          [
            -1.3030447158962488,
            51.768409525975585
          ],
          [
            -1.3028648402541876,
            51.76827985793352
          ],
          [
            -1.3026837073266506,
            51.76814407110214
          ],
          [
            -1.3024983834475279,
            51.76800266839564
          ],
          [
            -1.3023066893219948,
            51.76785925403237
          ],
          [
            -1.3021241314709187,
            51.76772371865809
          ],
          [
            -1.301960265263915,
            51.767597403377295
          ],
          [
            -1.3017840776592493,
            51.7674901150167
          ],
          [
            -1.3016166910529137,
            51.76738710142672
          ],
          [
            -1.30162482149899,
            51.7672379873693
          ],
          [
            -1.301526501774788,
            51.76707822829485
          ],
          [
            -1.3014123402535915,
            51.766953421756625
          ],
          [
            -1.3012964185327291,
            51.766835488379
          ],
          [
            -1.3011661637574434,
            51.76671168766916
          ],
          [
            -1.3010474760085344,
            51.76657782867551
          ],
          [
            -1.3009179756045341,
            51.76643902435899
          ],
          [
            -1.3007926661521196,
            51.76629954949021
          ],
          [
            -1.3006619922816753,
            51.766165271401405
          ],
          [
            -1.3005268760025501,
            51.76603342406452
          ],
          [
            -1.300390250980854,
            51.765905851498246
          ],
          [
            -1.3002514466643333,
            51.76576788537204
          ],
          [
            -1.3001082837581635,
            51.765632601454854
          ],
          [
            -1.299964115023613,
            51.76549061201513
          ],
          [
            -1.2998123187571764,
            51.765345353633165
          ],
          [
            -1.299680471420288,
            51.76520587876439
          ],
          [
            -1.2995483726263046,
            51.7650412581861
          ],
          [
            -1.2994261644780636,
            51.76487663760781
          ],
          [
            -1.2993049621582031,
            51.76470950245857
          ],
          [
            -1.2991744559258223,
            51.7645370028913
          ],
          [
            -1.299049397930503,
            51.764357797801495
          ],
          [
            -1.298928614705801,
            51.76418504677713
          ],
          [
            -1.2988057360053062,
            51.76402143202722
          ],
          [
            -1.2986841145902872,
            51.76385371014476
          ],
          [
            -1.2985674384981394,
            51.76368213258684
          ],
          [
            -1.2984366808086634,
            51.76350929774344
          ],
          [
            -1.2983140535652637,
            51.7633334454149
          ],
          [
            -1.2981866486370564,
            51.763162622228265
          ],
          [
            -1.2980492692440748,
            51.76298635080457
          ],
          [
            -1.2979071121662855,
            51.76280815154314
          ],
          [
            -1.2977712415158749,
            51.76262374967337
          ],
          [
            -1.297680800780654,
            51.762499613687396
          ],
          [
            -1.2975540664047003,
            51.762316385284066
          ],
          [
            -1.2974299304187298,
            51.7621420416981
          ],
          [
            -1.2973170261830091,
            51.76196459680796
          ],
          [
            -1.2972144316881895,
            51.76179184578359
          ],
          [
            -1.2971152737736702,
            51.761632254347205
          ],
          [
            -1.297029023990035,
            51.76147274672985
          ],
          [
            -1.2969363201409578,
            51.76130619831383
          ],
          [
            -1.296843532472849,
            51.761128501966596
          ],
          [
            -1.296751918271184,
            51.76094938069582
          ],
          [
            -1.2966712843626738,
            51.76077201962471
          ],
          [
            -1.2966074980795383,
            51.76059868186712
          ],
          [
            -1.2965506687760353,
            51.76041821949184
          ],
          [
            -1.296504233032465,
            51.760236667469144
          ],
          [
            -1.2964461464434862,
            51.7600576300174
          ],
          [
            -1.2963901553303003,
            51.75988043658435
          ],
          [
            -1.2963427975773811,
            51.75968681462109
          ],
          [
            -1.296306001022458,
            51.75949562340975
          ],
          [
            -1.2962767481803894,
            51.75930091179907
          ],
          [
            -1.2962634209543467,
            51.759102595970035
          ],
          [
            -1.2962566316127777,
            51.75891081802547
          ],
          [
            -1.2962603196501732,
            51.758732786402106
          ],
          [
            -1.2962838727980852,
            51.75856498070061
          ],
          [
            -1.296321926638484,
            51.758387703448534
          ],
          [
            -1.2963771633803844,
            51.75823112949729
          ],
          [
            -1.2964307237416506,
            51.75809324719012
          ],
          [
            -1.2963932566344738,
            51.75794522278011
          ],
          [
            -1.2963832821696997,
            51.75780373625457
          ],
          [
            -1.2964118644595146,
            51.75764389336109
          ],
          [
            -1.296451510861516,
            51.757504250854254
          ],
          [
            -1.2964934203773737,
            51.757358238101006
          ],
          [
            -1.2965335696935654,
            51.75720853731036
          ],
          [
            -1.2965718749910593,
            51.757059674710035
          ],
          [
            -1.2966241780668497,
            51.756914583966136
          ],
          [
            -1.2967156246304512,
            51.75678575411439
          ],
          [
            -1.2968539260327816,
            51.75665625371039
          ],
          [
            -1.2970459554344416,
            51.75655231811106
          ],
          [
            -1.297235218808055,
            51.75646120682359
          ],
          [
            -1.2974398210644722,
            51.75638509914279
          ],
          [
            -1.2974587641656399,
            51.75624830648303
          ],
          [
            -1.2976755201816559,
            51.75617588683963
          ],
          [
            -1.2978266458958387,
            51.75607278943062
          ],
          [
            -1.2976356223225594,
            51.75598083995283
          ],
          [
            -1.2974688224494457,
            51.755873719230294
          ],
          [
            -1.297325324267149,
            51.755747236311436
          ],
          [
            -1.2972353026270866,
            51.755600636824965
          ],
          [
            -1.2972299382090569,
            51.755431070923805
          ],
          [
            -1.2972332909703255,
            51.75525211729109
          ],
          [
            -1.2972283456474543,
            51.75507266074419
          ],
          [
            -1.297224909067154,
            51.75492270849645
          ],
          [
            -1.2972164433449507,
            51.75475490279496
          ],
          [
            -1.2971997633576393,
            51.75457519479096
          ],
          [
            -1.2971763778477907,
            51.75440361723304
          ],
          [
            -1.2971855979412794,
            51.75426288507879
          ],
          [
            -1.297201607376337,
            51.7540929839015
          ],
          [
            -1.297169839963317,
            51.75392450764775
          ],
          [
            -1.2971379049122334,
            51.75376307219267
          ],
          [
            -1.297104461118579,
            51.75358386710286
          ],
          [
            -1.2970680836588144,
            51.753432070836425
          ],
          [
            -1.2970397528260946,
            51.75324708223343
          ],
          [
            -1.2970331311225891,
            51.75309260375798
          ],
          [
            -1.2969896290451288,
            51.75292504951358
          ],
          [
            -1.2969296146184206,
            51.752780210226774
          ],
          [
            -1.2969172932207584,
            51.75264308229089
          ],
          [
            -1.2970905471593142,
            51.75253361463547
          ],
          [
            -1.297334125265479,
            51.75245247781277
          ],
          [
            -1.2975383084267378,
            51.75237653777003
          ],
          [
            -1.2973564211279154,
            51.752460692077875
          ],
          [
            -1.2971714325249195,
            51.752555994316936
          ],
          [
            -1.2969783134758472,
            51.752628330141306
          ],
          [
            -1.2968181353062391,
            51.75249421969056
          ],
          [
            -1.2967593781650066,
            51.75235298462212
          ],
          [
            -1.2966551911085844,
            51.75223169848323
          ],
          [
            -1.2965262774378061,
            51.752101527526975
          ],
          [
            -1.2964266166090965,
            51.75196071155369
          ],
          [
            -1.296327542513609,
            51.75179156474769
          ],
          [
            -1.2962367665022612,
            51.751652006059885
          ],
          [
            -1.296144649386406,
            51.75151018425822
          ],
          [
            -1.2960155680775642,
            51.751363752409816
          ],
          [
            -1.2959167454391718,
            51.75124171189964
          ],
          [
            -1.2957725767046213,
            51.751070888713
          ],
          [
            -1.2956323474645615,
            51.750906854867935
          ],
          [
            -1.295492621138692,
            51.75074298866093
          ],
          [
            -1.2953577563166618,
            51.75058121792972
          ],
          [
            -1.29523403942585,
            51.750429924577475
          ],
          [
            -1.2951086461544037,
            51.75028466619551
          ],
          [
            -1.2949852645397186,
            51.750149047002196
          ],
          [
            -1.2948584463447332,
            51.75001921132207
          ],
          [
            -1.294732466340065,
            51.74989624880254
          ],
          [
            -1.2946051452308893,
            51.749781081452966
          ],
          [
            -1.2944467272609472,
            51.7496376670897
          ],
          [
            -1.294284788891673,
            51.7494962643832
          ],
          [
            -1.2941188272088766,
            51.74936592578888
          ],
          [
            -1.2939873151481152,
            51.74922267906368
          ],
          [
            -1.2938292324543,
            51.749088736251
          ],
          [
            -1.293620690703392,
            51.74898572266102
          ],
          [
            -1.2934349477291107,
            51.74885940738022
          ],
          [
            -1.2932382244616747,
            51.74872965551913
          ],
          [
            -1.2930435966700315,
            51.74860015511513
          ],
          [
            -1.2928359769284725,
            51.748477444052696
          ],
          [
            -1.2926241662353277,
            51.74835540354252
          ],
          [
            -1.2924549356102943,
            51.74826521426439
          ],
          [
            -1.292271288111806,
            51.74816496670246
          ],
          [
            -1.292090993374586,
            51.74806186929345
          ],
          [
            -1.2919062562286854,
            51.74796271137893
          ],
          [
            -1.2917273864150047,
            51.747865062206984
          ],
          [
            -1.291550612077117,
            51.74776112660766
          ],
          [
            -1.291378028690815,
            51.747665237635374
          ],
          [
            -1.2912071216851473,
            51.74756146967411
          ],
          [
            -1.2910699099302292,
            51.74744026735425
          ],
          [
            -1.290901768952608,
            51.74732593819499
          ],
          [
            -1.2907027825713158,
            51.74721881747246
          ],
          [
            -1.2904993537813425,
            51.74710993655026
          ],
          [
            -1.2902981042861938,
            51.74700147472322
          ],
          [
            -1.2901040632277727,
            51.74689527601004
          ],
          [
            -1.2899011373519897,
            51.746787736192346
          ],
          [
            -1.289707599207759,
            51.746676843613386
          ],
          [
            -1.289547337219119,
            51.746546756476164
          ],
          [
            -1.2894191779196262,
            51.746405605226755
          ],
          [
            -1.2892638612538576,
            51.74626453779638
          ],
          [
            -1.2890679761767387,
            51.746134450659156
          ],
          [
            -1.2888530641794205,
            51.74601064994931
          ],
          [
            -1.2886374816298485,
            51.74589673988521
          ],
          [
            -1.288415864109993,
            51.74578433856368
          ],
          [
            -1.2882011197507381,
            51.74567386507988
          ],
          [
            -1.2879831064492464,
            51.74555961973965
          ],
          [
            -1.2877512630075216,
            51.74543824978173
          ],
          [
            -1.2875293102115393,
            51.74531134776771
          ],
          [
            -1.2873314134776592,
            51.74520431086421
          ],
          [
            -1.2870852369815111,
            51.74513247795403
          ],
          [
            -1.2868027668446302,
            51.74503315240145
          ],
          [
            -1.286590788513422,
            51.74499216489494
          ],
          [
            -1.2863762956112623,
            51.74493449740112
          ],
          [
            -1.2861881218850613,
            51.74485000781715
          ],
          [
            -1.286046551540494,
            51.744743306189775
          ],
          [
            -1.2859273608773947,
            51.7446278873831
          ],
          [
            -1.2857793364673853,
            51.74446410499513
          ],
          [
            -1.285675149410963,
            51.74431247636676
          ],
          [
            -1.285677496343851,
            51.74416990019381
          ],
          [
            -1.2857987824827433,
            51.7440218757838
          ],
          [
            -1.2859283667057753,
            51.7439079657197
          ],
          [
            -1.2860773131251335,
            51.743796821683645
          ],
          [
            -1.28622910939157,
            51.743674697354436
          ],
          [
            -1.2863531615585089,
            51.74354578368366
          ],
          [
            -1.2864316999912262,
            51.74339583143592
          ],
          [
            -1.2864467035979033,
            51.743259374052286
          ],
          [
            -1.2864451110363007,
            51.74311151728034
          ],
          [
            -1.28647536970675,
            51.7429650016129
          ],
          [
            -1.2865575961768627,
            51.74282552674413
          ],
          [
            -1.2866840790957212,
            51.74269032664597
          ],
          [
            -1.2868249788880348,
            51.74256895668805
          ],
          [
            -1.2869723327457905,
            51.74246292561293
          ],
          [
            -1.2871222011744976,
            51.74236259423196
          ],
          [
            -1.287292018532753,
            51.742248348891735
          ],
          [
            -1.2874522805213928,
            51.74214893952012
          ],
          [
            -1.2876160629093647,
            51.74203896895051
          ],
          [
            -1.2898853793740273,
            51.740650003775954
          ],
          [
            -1.290057124570012,
            51.74053156748414
          ],
          [
            -1.2902283668518066,
            51.74040600657463
          ],
          [
            -1.290377313271165,
            51.74029880203307
          ],
          [
            -1.2905541714280844,
            51.74017391167581
          ],
          [
            -1.290749805048108,
            51.7400552239269
          ],
          [
            -1.290933871641755,
            51.7399325966835
          ],
          [
            -1.2910954747349024,
            51.73982312902808
          ],
          [
            -1.2912597600370646,
            51.73971659503877
          ],
          [
            -1.291428068652749,
            51.73960796557367
          ],
          [
            -1.2915915995836258,
            51.73950201831758
          ],
          [
            -1.291755884885788,
            51.739391880109906
          ],
          [
            -1.2919369339942932,
            51.7392766289413
          ],
          [
            -1.2921120319515467,
            51.73915182240307
          ],
          [
            -1.2922969367355108,
            51.739024920389056
          ],
          [
            -1.2924788240343332,
            51.738921822980046
          ],
          [
            -1.292630536481738,
            51.73881101422012
          ],
          [
            -1.2928171176463366,
            51.73873096704483
          ],
          [
            -1.2929669860750437,
            51.73862820491195
          ],
          [
            -1.2931499630212784,
            51.738517731428146
          ],
          [
            -1.2933003343641758,
            51.738418405875564
          ],
          [
            -1.2934662122279406,
            51.73832343891263
          ],
          [
            -1.2936249654740095,
            51.73820877447724
          ],
          [
            -1.2938060145825148,
            51.73808983527124
          ],
          [
            -1.2939686235040426,
            51.73798078671098
          ],
          [
            -1.2941351719200611,
            51.73785388469696
          ],
          [
            -1.2943268660455942,
            51.73773947171867
          ],
          [
            -1.2944990303367376,
            51.737651294097304
          ],
          [
            -1.2946527544409037,
            51.737534031271935
          ],
          [
            -1.2948394194245338,
            51.73741567879915
          ],
          [
            -1.2950224801898003,
            51.73728995025158
          ],
          [
            -1.2951914593577385,
            51.73717511817813
          ],
          [
            -1.2953518889844418,
            51.73706036992371
          ],
          [
            -1.29552086815238,
            51.73695676960051
          ],
          [
            -1.2957138195633888,
            51.736847469583154
          ],
          [
            -1.2958984728902578,
            51.73672475852072
          ],
          [
            -1.2960761692374945,
            51.73661453649402
          ],
          [
            -1.2962689530104399,
            51.73649936914444
          ],
          [
            -1.296428544446826,
            51.7363890632987
          ],
          [
            -1.2966169696301222,
            51.736279763281345
          ],
          [
            -1.2967668380588293,
            51.73616015352309
          ],
          [
            -1.2969317939132452,
            51.73606099560857
          ],
          [
            -1.297126840800047,
            51.735965609550476
          ],
          [
            -1.2973007652908564,
            51.73583929426968
          ],
          [
            -1.2974720913916826,
            51.735725132748485
          ],
          [
            -1.2976515479385853,
            51.735601080581546
          ],
          [
            -1.2977996561676264,
            51.73546244390309
          ],
          [
            -1.2979356106370687,
            51.73535498790443
          ],
          [
            -1.2980848085135221,
            51.73522959463298
          ],
          [
            -1.2982149794697762,
            51.73511509783566
          ],
          [
            -1.281469026580453,
            51.72406221739948
          ],
          [
            -1.2812954373657703,
            51.72395241446793
          ],
          [
            -1.2811240274459124,
            51.723834397271276
          ],
          [
            -1.28095923922956,
            51.72372501343489
          ],
          [
            -1.2807951215654612,
            51.72361269593239
          ],
          [
            -1.2806402239948511,
            51.723510855808854
          ],
          [
            -1.2804901041090488,
            51.72341035678983
          ],
          [
            -1.280277455225587,
            51.72326887026429
          ],
          [
            -1.2800875212997198,
            51.72314406372607
          ],
          [
            -1.279911920428276,
            51.72303677536547
          ],
          [
            -1.279747635126114,
            51.7229163274169
          ],
          [
            -1.2795386742800474,
            51.72277249395847
          ],
          [
            -1.279337676241994,
            51.72261751256883
          ],
          [
            -1.2791780848056078,
            51.72247292473912
          ],
          [
            -1.2790524400770664,
            51.72235566191375
          ],
          [
            -1.2789060082286596,
            51.722213085740805
          ],
          [
            -1.27875748090446,
            51.722079645842314
          ],
          [
            -1.2785854004323483,
            51.72195844352245
          ],
          [
            -1.2783729191869497,
            51.721858782693744
          ],
          [
            -1.2781281676143408,
            51.72178627923131
          ],
          [
            -1.2778779678046703,
            51.72175593674183
          ],
          [
            -1.2776265945285559,
            51.72172928228974
          ],
          [
            -1.2773875426501036,
            51.72170631587505
          ],
          [
            -1.2771686911582947,
            51.72169114463031
          ],
          [
            -1.276947995647788,
            51.72168351709843
          ],
          [
            -1.2767229415476322,
            51.72167211771011
          ],
          [
            -1.2764911819249392,
            51.72167203389108
          ],
          [
            -1.2762561533600092,
            51.721657030284405
          ],
          [
            -1.2760487850755453,
            51.72157949768007
          ],
          [
            -1.2759544886648655,
            51.721453769132495
          ],
          [
            -1.2758448533713818,
            51.721301805227995
          ],
          [
            -1.2757363077253103,
            51.72115260735154
          ],
          [
            -1.2756565120071173,
            51.72100776806474
          ],
          [
            -1.2755979225039482,
            51.72085504978895
          ],
          [
            -1.275513432919979,
            51.72071859240532
          ],
          [
            -1.275433050468564,
            51.720584481954575
          ],
          [
            -1.2753631453961134,
            51.72045473009348
          ],
          [
            -1.2752955872565508,
            51.720322631299496
          ],
          [
            -1.2752244248986244,
            51.720183324068785
          ],
          [
            -1.2751416116952896,
            51.720039155334234
          ],
          [
            -1.275078160688281,
            51.71990546397865
          ],
          [
            -1.275018397718668,
            51.719764564186335
          ],
          [
            -1.2751432042568922,
            51.719622826203704
          ],
          [
            -1.2753288634121418,
            51.71952500939369
          ],
          [
            -1.275544110685587,
            51.719421073794365
          ],
          [
            -1.2757569272071123,
            51.719313617795706
          ],
          [
            -1.275969073176384,
            51.719200713559985
          ],
          [
            -1.2761775311082602,
            51.719077583402395
          ],
          [
            -1.2763787806034088,
            51.71895847655833
          ],
          [
            -1.2765744980424643,
            51.71883802860975
          ],
          [
            -1.2767264619469643,
            51.71873870305717
          ],
          [
            -1.2768718041479588,
            51.7186354380101
          ],
          [
            -1.2770264502614737,
            51.71853167004883
          ],
          [
            -1.2772229220718145,
            51.71840594150126
          ],
          [
            -1.277416544035077,
            51.7182847391814
          ],
          [
            -1.2776066455990076,
            51.71817669644952
          ],
          [
            -1.277791801840067,
            51.718063205480576
          ],
          [
            -1.2779963202774525,
            51.717941500246525
          ],
          [
            -1.278203185647726,
            51.71782599762082
          ],
          [
            -1.2783853244036436,
            51.7177115008235
          ],
          [
            -1.278589004650712,
            51.71760228462517
          ],
          [
            -1.2788121309131384,
            51.71749860048294
          ],
          [
            -1.27904137596488,
            51.71740279532969
          ],
          [
            -1.2792681902647018,
            51.71731126494706
          ],
          [
            -1.279461644589901,
            51.7172088380903
          ],
          [
            -1.2796453759074211,
            51.71710565686226
          ],
          [
            -1.2798242457211018,
            51.71699468046427
          ],
          [
            -1.2799956556409597,
            51.716888984665275
          ],
          [
            -1.2801829911768436,
            51.716773230582476
          ],
          [
            -1.2803668063133955,
            51.71665563248098
          ],
          [
            -1.280571911484003,
            51.7165439017117
          ],
          [
            -1.2807509489357471,
            51.71642244793475
          ],
          [
            -1.2809206824749708,
            51.71631867997348
          ],
          [
            -1.2810942716896534,
            51.71621943823993
          ],
          [
            -1.2812808528542519,
            51.716117430478334
          ],
          [
            -1.2814691103994846,
            51.7160137463361
          ],
          [
            -1.281639514490962,
            51.71592280268669
          ],
          [
            -1.2818555999547243,
            51.71580855734646
          ],
          [
            -1.282065398991108,
            51.71569732949138
          ],
          [
            -1.2822448555380106,
            51.715617533773184
          ],
          [
            -1.2824439257383347,
            51.71553706750274
          ],
          [
            -1.2826438341289759,
            51.71546087600291
          ],
          [
            -1.2828563153743744,
            51.71538468450308
          ],
          [
            -1.2830709759145975,
            51.71532165259123
          ],
          [
            -1.2832832895219326,
            51.71525149606168
          ],
          [
            -1.283494932577014,
            51.715183267369866
          ],
          [
            -1.2837102636694908,
            51.7151106800884
          ],
          [
            -1.2839208170771599,
            51.715029794722795
          ],
          [
            -1.2841436918824911,
            51.71495804563165
          ],
          [
            -1.2843840010464191,
            51.71488931402564
          ],
          [
            -1.2846157606691122,
            51.71481999568641
          ],
          [
            -1.2848456762731075,
            51.71474816277623
          ],
          [
            -1.2850898411124945,
            51.71467121690512
          ],
          [
            -1.2853351794183254,
            51.714591924101114
          ],
          [
            -1.2855587247759104,
            51.7145009804517
          ],
          [
            -1.285753771662712,
            51.714417077600956
          ],
          [
            -1.2860208190977573,
            51.714394027367234
          ],
          [
            -1.2862873636186123,
            51.71443157829344
          ],
          [
            -1.2865085620433092,
            51.714477594941854
          ],
          [
            -1.286733951419592,
            51.71451162546873
          ],
          [
            -1.2869543954730034,
            51.714542554691434
          ],
          [
            -1.2872274778783321,
            51.7145842127502
          ],
          [
            -1.2875056732445955,
            51.71463022939861
          ],
          [
            -1.2877712957561016,
            51.71468345448375
          ],
          [
            -1.2880256865173578,
            51.71472209505737
          ],
          [
            -1.2882840167731047,
            51.71476408839226
          ],
          [
            -1.288546621799469,
            51.714801555499434
          ],
          [
            -1.288831103593111,
            51.71484765596688
          ],
          [
            -1.2890429981052876,
            51.71488210558891
          ],
          [
            -1.289254305884242,
            51.714916387572885
          ],
          [
            -1.2894655298441648,
            51.71495829708874
          ],
          [
            -1.2896791845560074,
            51.71500422991812
          ],
          [
            -1.2898781709372997,
            51.715065501630306
          ],
          [
            -1.290088053792715,
            51.71513800509274
          ],
          [
            -1.2902918178588152,
            51.71522148884833
          ],
          [
            -1.290507484227419,
            51.71532860957086
          ],
          [
            -1.290728012099862,
            51.71543573029339
          ],
          [
            -1.2909314408898354,
            51.71553706750274
          ],
          [
            -1.2911335285753012,
            51.715625915676355
          ],
          [
            -1.2913115601986647,
            51.715721134096384
          ],
          [
            -1.2915342673659325,
            51.71583135612309
          ],
          [
            -1.2917719781398773,
            51.715892711654305
          ],
          [
            -1.2920484133064747,
            51.7158585973084
          ],
          [
            -1.292270701378584,
            51.71582808718085
          ],
          [
            -1.2924924027174711,
            51.71579749323428
          ],
          [
            -1.292708907276392,
            51.715770587325096
          ],
          [
            -1.2929853424429893,
            51.715728929266334
          ],
          [
            -1.2932580895721912,
            51.7156907916069
          ],
          [
            -1.2935118936002254,
            51.715652737766504
          ],
          [
            -1.2937610875815153,
            51.71559532172978
          ],
          [
            -1.294037103652954,
            51.71557621099055
          ],
          [
            -1.294283950701356,
            51.71555718407035
          ],
          [
            -1.294515710324049,
            51.71552256681025
          ],
          [
            -1.2947909720242023,
            51.715476801618934
          ],
          [
            -1.2950474582612514,
            51.715434892103076
          ],
          [
            -1.2952910363674164,
            51.715400693938136
          ],
          [
            -1.2955224607139826,
            51.71536817215383
          ],
          [
            -1.2957668770104647,
            51.71532416716218
          ],
          [
            -1.2959988042712212,
            51.71528619714081
          ],
          [
            -1.296251267194748,
            51.715290639549494
          ],
          [
            -1.296430891379714,
            51.715374710038304
          ],
          [
            -1.2966141197830439,
            51.71550806611776
          ],
          [
            -1.2967656645923853,
            51.715618623420596
          ],
          [
            -1.2969095818698406,
            51.71572473831475
          ],
          [
            -1.2970901280641556,
            51.715837055817246
          ],
          [
            -1.2972633820027113,
            51.715958677232265
          ],
          [
            -1.2974431738257408,
            51.7160985711962
          ],
          [
            -1.2976241391152143,
            51.71620611101389
          ],
          [
            -1.2978211976587772,
            51.71633611433208
          ],
          [
            -1.2979719880968332,
            51.716435104608536
          ],
          [
            -1.2982179131358862,
            51.71646502800286
          ],
          [
            -1.2983882334083319,
            51.71636871993542
          ],
          [
            -1.2985939253121614,
            51.71623201109469
          ],
          [
            -1.2987867929041386,
            51.71611768193543
          ],
          [
            -1.2988500762730837,
            51.715976698324084
          ],
          [
            -1.2988905608654022,
            51.71581568196416
          ],
          [
            -1.2990137748420238,
            51.71568542718887
          ],
          [
            -1.2992110010236502,
            51.715563805773854
          ],
          [
            -1.2993044592440128,
            51.71541360206902
          ],
          [
            -1.2993301916867495,
            51.715247221291065
          ],
          [
            -1.2993805669248104,
            51.71505996957421
          ],
          [
            -1.299473186954856,
            51.71487816609442
          ],
          [
            -1.2995991669595242,
            51.71470759436488
          ],
          [
            -1.2996835727244616,
            51.7145789321512
          ],
          [
            -1.299777701497078,
            51.71444029547274
          ],
          [
            -1.2998352013528347,
            51.71430911868811
          ],
          [
            -1.2998802959918976,
            51.71416017226875
          ],
          [
            -1.2999575771391392,
            51.71400938183069
          ],
          [
            -1.3001155760139227,
            51.71386420726776
          ],
          [
            -1.3002808671444654,
            51.71370402909815
          ],
          [
            -1.3003827910870314,
            51.71357427723706
          ],
          [
            -1.3005093578249216,
            51.71340638771653
          ],
          [
            -1.3006676081568003,
            51.71324604190886
          ],
          [
            -1.3008468970656395,
            51.71307513490319
          ],
          [
            -1.3010092545300722,
            51.7129105143249
          ],
          [
            -1.3011239189654589,
            51.71278520487249
          ],
          [
            -1.3012390863150358,
            51.71266257762909
          ],
          [
            -1.3013975881040096,
            51.712490832433105
          ],
          [
            -1.3015125039964914,
            51.712372563779354
          ],
          [
            -1.3016623724251986,
            51.71221079304814
          ],
          [
            -1.301807127892971,
            51.71206444501877
          ],
          [
            -1.3019557390362024,
            51.711913319304585
          ],
          [
            -1.3020976446568966,
            51.71176596544683
          ],
          [
            -1.302242986857891,
            51.71161886304617
          ],
          [
            -1.302381455898285,
            51.71147511340678
          ],
          [
            -1.3025294803082943,
            51.711334213614464
          ],
          [
            -1.3026983756572008,
            51.7112045455724
          ],
          [
            -1.3028937578201294,
            51.711096838116646
          ],
          [
            -1.3031084183603525,
            51.711017126217484
          ],
          [
            -1.3033511582762003,
            51.710948226973414
          ],
          [
            -1.3035970833152533,
            51.71089164912701
          ],
          [
            -1.3038352970033884,
            51.71083230525255
          ],
          [
            -1.3040770310908556,
            51.71075753867626
          ],
          [
            -1.3042963854968548,
            51.710682017728686
          ],
          [
            -1.3045149017125368,
            51.71060507185757
          ],
          [
            -1.304728388786316,
            51.71053315512836
          ],
          [
            -1.304951012134552,
            51.710463585332036
          ],
          [
            -1.3051696121692657,
            51.71039879322052
          ],
          [
            -1.3053881283849478,
            51.71033869497478
          ],
          [
            -1.3056058064103127,
            51.710277339443564
          ],
          [
            -1.3058216404169798,
            51.71021271497011
          ],
          [
            -1.3060234766453505,
            51.710143983364105
          ],
          [
            -1.3062243070453405,
            51.71008229255676
          ],
          [
            -1.306510465219617,
            51.70999512076378
          ],
          [
            -1.306782541796565,
            51.70991155318916
          ],
          [
            -1.307042632251978,
            51.70986193232238
          ],
          [
            -1.3072764873504639,
            51.70993996784091
          ],
          [
            -1.3074715342372656,
            51.710047759115696
          ],
          [
            -1.3076662458479404,
            51.71015144325793
          ],
          [
            -1.3078395836055279,
            51.71024297364056
          ],
          [
            -1.3080145977437496,
            51.7103308159858
          ],
          [
            -1.3082472793757915,
            51.71044187620282
          ],
          [
            -1.3084781169891357,
            51.71052971854806
          ],
          [
            -1.3086896762251854,
            51.710563665255904
          ],
          [
            -1.308926548808813,
            51.71053349040449
          ],
          [
            -1.3091834541410208,
            51.7104949336499
          ],
          [
            -1.309446645900607,
            51.71045302413404
          ],
          [
            -1.3097214046865702,
            51.710407342761755
          ],
          [
            -1.3099318742752075,
            51.71037289313972
          ],
          [
            -1.310163801535964,
            51.71034598723054
          ],
          [
            -1.3103991653770208,
            51.710323272272944
          ],
          [
            -1.310639725998044,
            51.710308101028204
          ],
          [
            -1.3108848966658115,
            51.71029661782086
          ],
          [
            -1.3111290615051985,
            51.710277423262596
          ],
          [
            -1.3113342504948378,
            51.71021154150367
          ],
          [
            -1.3114100228995085,
            51.71006745658815
          ],
          [
            -1.3114765752106905,
            51.70990023761988
          ],
          [
            -1.3115631602704525,
            51.70973536558449
          ],
          [
            -1.3116506673395634,
            51.70955917797983
          ],
          [
            -1.3117201533168554,
            51.7093844152987
          ],
          [
            -1.3117517530918121,
            51.70920881442726
          ],
          [
            -1.3117764797061682,
            51.709027430042624
          ],
          [
            -1.3118312135338783,
            51.708852583542466
          ],
          [
            -1.3119021244347095,
            51.70866692438722
          ],
          [
            -1.3120020367205143,
            51.70848034322262
          ],
          [
            -1.3121450319886208,
            51.70830314978957
          ],
          [
            -1.3123592734336853,
            51.708154287189245
          ],
          [
            -1.3125240616500378,
            51.708053201437
          ],
          [
            -1.3127660471946,
            51.70792328193784
          ],
          [
            -1.312993448227644,
            51.70778749510646
          ],
          [
            -1.3131770119071007,
            51.70762388035655
          ],
          [
            -1.3133182469755411,
            51.707453643903136
          ],
          [
            -1.3133550435304642,
            51.70731986872852
          ],
          [
            -1.3133499305695295,
            51.707132114097476
          ],
          [
            -1.3133466616272926,
            51.70695877633989
          ],
          [
            -1.3133569713681936,
            51.70680438168347
          ],
          [
            -1.3135085999965668,
            51.70666951686144
          ],
          [
            -1.3137627393007278,
            51.70662668533623
          ],
          [
            -1.3140442036092281,
            51.70659977942705
          ],
          [
            -1.3142627198249102,
            51.706531969830394
          ],
          [
            -1.3142115902155638,
            51.70637891627848
          ],
          [
            -1.3140570279210806,
            51.70627120882273
          ],
          [
            -1.3139003701508045,
            51.70614774338901
          ],
          [
            -1.3137323129922152,
            51.70601195655763
          ],
          [
            -1.313559478148818,
            51.705882623791695
          ],
          [
            -1.3133862242102623,
            51.70575421303511
          ],
          [
            -1.313196625560522,
            51.705623622983694
          ],
          [
            -1.312989927828312,
            51.70549496077001
          ],
          [
            -1.3127624429762363,
            51.70536839403212
          ],
          [
            -1.3125186134129763,
            51.70524610206485
          ],
          [
            -1.3122587744146585,
            51.705127162858844
          ],
          [
            -1.3120753783732653,
            51.70505155809224
          ],
          [
            -1.3118924852460623,
            51.704978132620454
          ],
          [
            -1.311691990122199,
            51.7048944812268
          ],
          [
            -1.3114971108734608,
            51.704818960279226
          ],
          [
            -1.3113013096153736,
            51.704746121540666
          ],
          [
            -1.3111060950905085,
            51.704665906727314
          ],
          [
            -1.3109022472053766,
            51.70458560809493
          ],
          [
            -1.3106888439506292,
            51.70449776574969
          ],
          [
            -1.3104685675352812,
            51.70440816320479
          ],
          [
            -1.3102332036942244,
            51.70431830920279
          ],
          [
            -1.310005970299244,
            51.70422786846757
          ],
          [
            -1.3097808323800564,
            51.70413935557008
          ],
          [
            -1.3095667585730553,
            51.7040482442826
          ],
          [
            -1.3093554507941008,
            51.70396199449897
          ],
          [
            -1.3091470766812563,
            51.70387574471533
          ],
          [
            -1.3089343439787626,
            51.70378228649497
          ],
          [
            -1.3087278977036476,
            51.70369385741651
          ],
          [
            -1.3085237983614206,
            51.70360584743321
          ],
          [
            -1.3083230517804623,
            51.70351775363088
          ],
          [
            -1.30812699906528,
            51.70343175530434
          ],
          [
            -1.3079226482659578,
            51.70334215275943
          ],
          [
            -1.307729110121727,
            51.70325129292905
          ],
          [
            -1.307537080720067,
            51.703164875507355
          ],
          [
            -1.3073389325290918,
            51.70307569205761
          ],
          [
            -1.307146567851305,
            51.70298759825528
          ],
          [
            -1.3069569692015648,
            51.70289623551071
          ],
          [
            -1.3067759200930595,
            51.70280587859452
          ],
          [
            -1.3065972179174423,
            51.70270839706063
          ],
          [
            -1.3064069487154484,
            51.70260923914611
          ],
          [
            -1.3062369637191296,
            51.702508237212896
          ],
          [
            -1.3060702476650476,
            51.702399272471666
          ],
          [
            -1.305918451398611,
            51.70229089446366
          ],
          [
            -1.3057678285986185,
            51.70217597857118
          ],
          [
            -1.3056196365505457,
            51.702056620270014
          ],
          [
            -1.3054791558533907,
            51.70193927362561
          ],
          [
            -1.3053346518427134,
            51.701816227287054
          ],
          [
            -1.3051829393953085,
            51.701695527881384
          ],
          [
            -1.305029634386301,
            51.70156451873481
          ],
          [
            -1.3048717193305492,
            51.70143133029342
          ],
          [
            -1.3047149777412415,
            51.701308032497764
          ],
          [
            -1.3045511115342379,
            51.7011852376163
          ],
          [
            -1.3043950404971838,
            51.70105976052582
          ],
          [
            -1.3042401429265738,
            51.700926488265395
          ],
          [
            -1.304088430479169,
            51.70079581439495
          ],
          [
            -1.303939400240779,
            51.70066396705806
          ],
          [
            -1.3037994224578142,
            51.7005358915776
          ],
          [
            -1.3036698382347822,
            51.70040287077427
          ],
          [
            -1.3035634718835354,
            51.70026624575257
          ],
          [
            -1.3034642301499844,
            51.700121741741896
          ],
          [
            -1.3033661618828773,
            51.699980925768614
          ],
          [
            -1.3032742962241173,
            51.699838265776634
          ],
          [
            -1.3031797483563423,
            51.69969527050853
          ],
          [
            -1.3030863739550114,
            51.69955646619201
          ],
          [
            -1.3029961846768856,
            51.69941799715161
          ],
          [
            -1.302899457514286,
            51.69927139766514
          ],
          [
            -1.3027988746762276,
            51.69913334771991
          ],
          [
            -1.3026888202875853,
            51.69899621978402
          ],
          [
            -1.3025680370628834,
            51.69886923395097
          ],
          [
            -1.3024284783750772,
            51.69874585233629
          ],
          [
            -1.3022764306515455,
            51.69862858951092
          ],
          [
            -1.3021199405193329,
            51.69851300306618
          ],
          [
            -1.3019580021500587,
            51.698398338630795
          ],
          [
            -1.3017814792692661,
            51.69829063117504
          ],
          [
            -1.3016097340732813,
            51.698183761909604
          ],
          [
            -1.3014374859631062,
            51.69807865284383
          ],
          [
            -1.3012680038809776,
            51.69796843081713
          ],
          [
            -1.301113860681653,
            51.69786365702748
          ],
          [
            -1.300941277295351,
            51.69774220325053
          ],
          [
            -1.3007849548012018,
            51.69762804172933
          ],
          [
            -1.30062117241323,
            51.69751706533134
          ],
          [
            -1.3004604913294315,
            51.69740214943886
          ],
          [
            -1.3003020733594894,
            51.69729368761182
          ],
          [
            -1.3001364469528198,
            51.697186483070254
          ],
          [
            -1.2999707367271185,
            51.69708020053804
          ],
          [
            -1.2998045235872269,
            51.69697534292936
          ],
          [
            -1.2996429204940796,
            51.69686864130199
          ],
          [
            -1.2994789704680443,
            51.69675758108497
          ],
          [
            -1.2993223126977682,
            51.69664434157312
          ],
          [
            -1.2991721089929342,
            51.69652364216745
          ],
          [
            -1.2990298680961132,
            51.696400260552764
          ],
          [
            -1.2988861184567213,
            51.696269419044256
          ],
          [
            -1.2987557798624039,
            51.696135476231575
          ],
          [
            -1.2986250221729279,
            51.696003042161465
          ],
          [
            -1.2984957732260227,
            51.69586071744561
          ],
          [
            -1.2983773369342089,
            51.69572526589036
          ],
          [
            -1.298261834308505,
            51.69558562338352
          ],
          [
            -1.2981496006250381,
            51.695440113544464
          ],
          [
            -1.2980399653315544,
            51.69529720209539
          ],
          [
            -1.2979372031986713,
            51.69515177607536
          ],
          [
            -1.2978310883045197,
            51.69500274583697
          ],
          [
            -1.2977303378283978,
            51.69485908001661
          ],
          [
            -1.2976305093616247,
            51.69471055269241
          ],
          [
            -1.2975349556654692,
            51.69456319883466
          ],
          [
            -1.2974312715232372,
            51.69441919773817
          ],
          [
            -1.2973306886851788,
            51.69427586719394
          ],
          [
            -1.297226920723915,
            51.694137901067734
          ],
          [
            -1.2971190456300974,
            51.69399901293218
          ],
          [
            -1.2970179598778486,
            51.69386473484337
          ],
          [
            -1.2969125155359507,
            51.693726601079106
          ],
          [
            -1.2968079093843699,
            51.69358595274389
          ],
          [
            -1.2967039737850428,
            51.693444130942225
          ],
          [
            -1.2966008763760328,
            51.69329962693155
          ],
          [
            -1.296502137556672,
            51.693161660805345
          ],
          [
            -1.296404069289565,
            51.693024868145585
          ],
          [
            -1.2963074259459972,
            51.69288530945778
          ],
          [
            -1.2962027359753847,
            51.692754132673144
          ],
          [
            -1.2960963696241379,
            51.69262102805078
          ],
          [
            -1.2959848064929247,
            51.69248172082007
          ],
          [
            -1.2958829663693905,
            51.69235020875931
          ],
          [
            -1.2957745883613825,
            51.69221643358469
          ],
          [
            -1.295669311657548,
            51.692082742229104
          ],
          [
            -1.2955692317336798,
            51.69194921851158
          ],
          [
            -1.295471414923668,
            51.69182013720274
          ],
          [
            -1.2953734304755926,
            51.691681081429124
          ],
          [
            -1.295276703312993,
            51.69154370203614
          ],
          [
            -1.2951845861971378,
            51.69140816666186
          ],
          [
            -1.2951016891747713,
            51.69126802124083
          ],
          [
            -1.2950176186859608,
            51.691122679039836
          ],
          [
            -1.2949416786432266,
            51.69097515754402
          ],
          [
            -1.2948678340762854,
            51.69082914479077
          ],
          [
            -1.2947934865951538,
            51.69067776761949
          ],
          [
            -1.2947232462465763,
            51.690528485924006
          ],
          [
            -1.2946416903287172,
            51.69037635438144
          ],
          [
            -1.294565498828888,
            51.6902248095721
          ],
          [
            -1.2944925762712955,
            51.69007686898112
          ],
          [
            -1.2944191507995129,
            51.68993169441819
          ],
          [
            -1.294351341202855,
            51.68978811241686
          ],
          [
            -1.2942804303020239,
            51.68965224176645
          ],
          [
            -1.2942092679440975,
            51.689512180164456
          ],
          [
            -1.2941373512148857,
            51.68936683796346
          ],
          [
            -1.2940635904669762,
            51.68922099284828
          ],
          [
            -1.29399293102324,
            51.6890746448189
          ],
          [
            -1.2939192540943623,
            51.68893273919821
          ],
          [
            -1.2938482593744993,
            51.68879309669137
          ],
          [
            -1.2937790248543024,
            51.68865345418453
          ],
          [
            -1.2937051802873611,
            51.68851506896317
          ],
          [
            -1.2936351913958788,
            51.68838162906468
          ],
          [
            -1.293567130342126,
            51.68824475258589
          ],
          [
            -1.293494962155819,
            51.68811013922095
          ],
          [
            -1.2934213690459728,
            51.687976364046335
          ],
          [
            -1.2933443393558264,
            51.68784501962364
          ],
          [
            -1.2932629510760307,
            51.68770914897323
          ],
          [
            -1.2931808084249496,
            51.687577636912465
          ],
          [
            -1.293095899745822,
            51.68744436465204
          ],
          [
            -1.2930140923708677,
            51.68731385841966
          ],
          [
            -1.2929228134453297,
            51.68717128224671
          ],
          [
            -1.2928348034620285,
            51.6870457213372
          ],
          [
            -1.2927198875695467,
            51.686870539560914
          ],
          [
            -1.2926203943789005,
            51.686733746901155
          ],
          [
            -1.2925167102366686,
            51.68659804388881
          ],
          [
            -1.2924172170460224,
            51.68647449463606
          ],
          [
            -1.292316634207964,
            51.68632504530251
          ],
          [
            -1.2921947613358498,
            51.686207950115204
          ],
          [
            -1.292067440226674,
            51.68603620491922
          ],
          [
            -1.2919161468744278,
            51.68586856685579
          ],
          [
            -1.291767954826355,
            51.68569514527917
          ],
          [
            -1.2916382867842913,
            51.68550856411457
          ],
          [
            -1.2915688008069992,
            51.685379315167665
          ],
          [
            -1.2915013264864683,
            51.68523699045181
          ],
          [
            -1.2914392165839672,
            51.68509868904948
          ],
          [
            -1.291382135823369,
            51.684956615790725
          ],
          [
            -1.2913197744637728,
            51.68482166714966
          ],
          [
            -1.291273171082139,
            51.684684036299586
          ],
          [
            -1.2912220414727926,
            51.68448831886053
          ],
          [
            -1.2911971472203732,
            51.68430316261947
          ],
          [
            -1.2911817245185375,
            51.68414415791631
          ],
          [
            -1.2911180220544338,
            51.68398632667959
          ],
          [
            -1.290943343192339,
            51.683842996135354
          ],
          [
            -1.2908422574400902,
            51.683675944805145
          ],
          [
            -1.290777800604701,
            51.68349632062018
          ],
          [
            -1.2906161975115538,
            51.68332239612937
          ],
          [
            -1.2904716935008764,
            51.683139838278294
          ],
          [
            -1.2903833482414484,
            51.68301469646394
          ],
          [
            -1.2902882974594831,
            51.68288804590702
          ],
          [
            -1.2902007065713406,
            51.68275938369334
          ],
          [
            -1.2900655902922153,
            51.68257816694677
          ],
          [
            -1.2899743113666773,
            51.68245210312307
          ],
          [
            -1.2898375187069178,
            51.682271137833595
          ],
          [
            -1.2896811123937368,
            51.68209201656282
          ],
          [
            -1.2895018234848976,
            51.68192689307034
          ],
          [
            -1.2893178407102823,
            51.68176235631108
          ],
          [
            -1.289113825187087,
            51.681610560044646
          ],
          [
            -1.288908887654543,
            51.68146790005267
          ],
          [
            -1.2887064646929502,
            51.68132004328072
          ],
          [
            -1.288521559908986,
            51.68116497807205
          ],
          [
            -1.2883429415524006,
            51.68100320734084
          ],
          [
            -1.2881935760378838,
            51.68083221651614
          ],
          [
            -1.28806684166193,
            51.680660555139184
          ],
          [
            -1.287942873314023,
            51.680505238473415
          ],
          [
            -1.2878448888659477,
            51.68036852963269
          ],
          [
            -1.2877356726676226,
            51.68020742945373
          ],
          [
            -1.2876403704285622,
            51.68006577529013
          ],
          [
            -1.2875516060739756,
            51.679916409775615
          ],
          [
            -1.2874629255384207,
            51.67975547723472
          ],
          [
            -1.2873812858015299,
            51.67959521524608
          ],
          [
            -1.287314398214221,
            51.6794456820935
          ],
          [
            -1.2872650288045406,
            51.67930251918733
          ],
          [
            -1.2872038409113884,
            51.67916597798467
          ],
          [
            -1.2871403899043798,
            51.679005548357964
          ],
          [
            -1.2870891764760017,
            51.6788327973336
          ],
          [
            -1.287053469568491,
            51.67864680290222
          ],
          [
            -1.2870333530008793,
            51.678459802642465
          ],
          [
            -1.2870283238589764,
            51.678269198164344
          ],
          [
            -1.2870332691818476,
            51.678075324743986
          ],
          [
            -1.2870433274656534,
            51.677883714437485
          ],
          [
            -1.287068221718073,
            51.67768548242748
          ],
          [
            -1.2870898470282555,
            51.677548103034496
          ],
          [
            -1.2871197704225779,
            51.677411226555705
          ],
          [
            -1.2871496099978685,
            51.67727468535304
          ],
          [
            -1.2871829699724913,
            51.67713311500847
          ],
          [
            -1.2872112169861794,
            51.67698844335973
          ],
          [
            -1.287247845903039,
            51.67684419080615
          ],
          [
            -1.287282882258296,
            51.67670245282352
          ],
          [
            -1.2873133085668087,
            51.67655970901251
          ],
          [
            -1.2873465847223997,
            51.67641872540116
          ],
          [
            -1.2873831298202276,
            51.67622216977179
          ],
          [
            -1.2873800285160542,
            51.67601756751537
          ],
          [
            -1.2873657792806625,
            51.67587473988533
          ],
          [
            -1.2873166613280773,
            51.6756706405431
          ],
          [
            -1.2872835528105497,
            51.675530495122075
          ],
          [
            -1.2872420623898506,
            51.675389343872666
          ],
          [
            -1.287147430703044,
            51.675199158489704
          ],
          [
            -1.2870457582175732,
            51.675027161836624
          ],
          [
            -1.2869409006088972,
            51.67488232254982
          ],
          [
            -1.28684526309371,
            51.67474779300392
          ],
          [
            -1.2866786308586597,
            51.67463329620659
          ],
          [
            -1.2865095678716898,
            51.67450429871678
          ],
          [
            -1.2863275967538357,
            51.67435912415385
          ],
          [
            -1.286160796880722,
            51.674198945984244
          ],
          [
            -1.28600237891078,
            51.67403491213918
          ],
          [
            -1.2858561147004366,
            51.67386936955154
          ],
          [
            -1.2857212498784065,
            51.67372092604637
          ],
          [
            -1.2855997122824192,
            51.67359134182334
          ],
          [
            -1.2854817789047956,
            51.67343753390014
          ],
          [
            -1.2853583972901106,
            51.67326746508479
          ],
          [
            -1.2852345127612352,
            51.67309110984206
          ],
          [
            -1.2851281464099884,
            51.672931434586644
          ],
          [
            -1.285003423690796,
            51.67277159169316
          ],
          [
            -1.284877024590969,
            51.67260789312422
          ],
          [
            -1.2847567442804575,
            51.672451151534915
          ],
          [
            -1.2846250645816326,
            51.672313353046775
          ],
          [
            -1.2844960670918226,
            51.6721757221967
          ],
          [
            -1.2843718472868204,
            51.672039264813066
          ],
          [
            -1.2842145189642906,
            51.67192501947284
          ],
          [
            -1.2839569430798292,
            51.671994170174
          ],
          [
            -1.2837768997997046,
            51.6721046436578
          ],
          [
            -1.2835748121142387,
            51.67222123593092
          ],
          [
            -1.2833590619266033,
            51.6723467130214
          ],
          [
            -1.2831318285316229,
            51.67247202247381
          ],
          [
            -1.2829637713730335,
            51.67255827225745
          ],
          [
            -1.2827028427273035,
            51.672665225341916
          ],
          [
            -1.2824215460568666,
            51.67273714207113
          ],
          [
            -1.2821265868842602,
            51.67275625281036
          ],
          [
            -1.2818249221891165,
            51.67271425947547
          ],
          [
            -1.281534992158413,
            51.67274912819266
          ],
          [
            -1.2812808528542519,
            51.67283604852855
          ],
          [
            -1.2810432258993387,
            51.67291911318898
          ],
          [
            -1.2808115500956774,
            51.67299572378397
          ],
          [
            -1.280591357499361,
            51.67309194803238
          ],
          [
            -1.2803621962666512,
            51.673180125653744
          ],
          [
            -1.280138734728098,
            51.67326947674155
          ],
          [
            -1.279911920428276,
            51.6733739990741
          ],
          [
            -1.2797064799815416,
            51.67348028160632
          ],
          [
            -1.279491987079382,
            51.673580864444375
          ],
          [
            -1.279287887737155,
            51.673683458939195
          ],
          [
            -1.2790977861732244,
            51.673800721764565
          ],
          [
            -1.2789266277104616,
            51.67393340729177
          ],
          [
            -1.2787737417966127,
            51.67406810447574
          ],
          [
            -1.278632590547204,
            51.674198945984244
          ],
          [
            -1.2784887570887804,
            51.67434638366103
          ],
          [
            -1.2783322669565678,
            51.67444210499525
          ],
          [
            -1.2780851684510708,
            51.674457527697086
          ],
          [
            -1.2778626289218664,
            51.67446507140994
          ],
          [
            -1.2776339706033468,
            51.67448803782463
          ],
          [
            -1.2774080783128738,
            51.67450706474483
          ],
          [
            -1.2771790847182274,
            51.674526343122125
          ],
          [
            -1.276954784989357,
            51.674548806622624
          ],
          [
            -1.2767166551202536,
            51.674571856856346
          ],
          [
            -1.2764787767082453,
            51.674606474116445
          ],
          [
            -1.2762312591075897,
            51.67463706806302
          ],
          [
            -1.2759933806955814,
            51.67467118240893
          ],
          [
            -1.2757701706141233,
            51.67471652850509
          ],
          [
            -1.275520222261548,
            51.674774112179875
          ],
          [
            -1.27528284676373,
            51.674872850999236
          ],
          [
            -1.2750914879143238,
            51.67495080269873
          ],
          [
            -1.2748743128031492,
            51.67503319680691
          ],
          [
            -1.2746497616171837,
            51.675109304487705
          ],
          [
            -1.2744425609707832,
            51.675177700817585
          ],
          [
            -1.2742162495851517,
            51.675242660567164
          ],
          [
            -1.2739693187177181,
            51.6753117274493
          ],
          [
            -1.2737228069454432,
            51.675376603379846
          ],
          [
            -1.2734749540686607,
            51.67544139549136
          ],
          [
            -1.2732342258095741,
            51.675502583384514
          ],
          [
            -1.2729898933321238,
            51.675571482628584
          ],
          [
            -1.2727344129234552,
            51.67563979513943
          ],
          [
            -1.272516567260027,
            51.67570500634611
          ],
          [
            -1.2722754199057817,
            51.67577348649502
          ],
          [
            -1.2720372900366783,
            51.675838781520724
          ],
          [
            -1.2717984896153212,
            51.675903322175145
          ],
          [
            -1.2715534027665854,
            51.675967779010534
          ],
          [
            -1.271318458020687,
            51.67603584006429
          ],
          [
            -1.2710853572934866,
            51.676109936088324
          ],
          [
            -1.2708700262010098,
            51.6762007959187
          ],
          [
            -1.2706585507839918,
            51.67629165574908
          ],
          [
            -1.2704575527459383,
            51.67637916281819
          ],
          [
            -1.2702728156000376,
            51.67646356858313
          ],
          [
            -1.2700686324387789,
            51.67653724551201
          ],
          [
            -1.2698706518858671,
            51.676636235788465
          ],
          [
            -1.2696569133549929,
            51.676727179437876
          ],
          [
            -1.2694383133202791,
            51.67682650499046
          ],
          [
            -1.2692210543900728,
            51.676922142505646
          ],
          [
            -1.2690187152475119,
            51.67701778002083
          ],
          [
            -1.2688120175153017,
            51.677103443071246
          ],
          [
            -1.2685949262231588,
            51.67718818411231
          ],
          [
            -1.2683868035674095,
            51.67728331871331
          ],
          [
            -1.2681723106652498,
            51.67738004587591
          ],
          [
            -1.2679535429924726,
            51.67747551575303
          ],
          [
            -1.2677388824522495,
            51.67755430564284
          ],
          [
            -1.2675216235220432,
            51.67763460427523
          ],
          [
            -1.2672953121364117,
            51.6777119692415
          ],
          [
            -1.2670719344168901,
            51.67779603973031
          ],
          [
            -1.2668586149811745,
            51.67788379825652
          ],
          [
            -1.2666571140289307,
            51.67798136360943
          ],
          [
            -1.2664526794105768,
            51.678081108257174
          ],
          [
            -1.2662519328296185,
            51.67818437330425
          ],
          [
            -1.2660522758960724,
            51.67828034609556
          ],
          [
            -1.2658443208783865,
            51.678378665819764
          ],
          [
            -1.2656726595014334,
            51.67846625670791
          ],
          [
            -1.265484904870391,
            51.67856985703111
          ],
          [
            -1.265292540192604,
            51.67868091724813
          ],
          [
            -1.2651047017425299,
            51.6788066457957
          ],
          [
            -1.2649711780250072,
            51.678961124271154
          ],
          [
            -1.26485844142735,
            51.67914569377899
          ],
          [
            -1.2647819984704256,
            51.67933562770486
          ],
          [
            -1.2647242471575737,
            51.679471330717206
          ],
          [
            -1.2646165397018194,
            51.67965330183506
          ],
          [
            -1.2644877098500729,
            51.67983116582036
          ],
          [
            -1.2643228378146887,
            51.679991679266095
          ],
          [
            -1.2641396932303905,
            51.68012914247811
          ],
          [
            -1.2639403715729713,
            51.6802488360554
          ],
          [
            -1.263724034652114,
            51.6803471557796
          ],
          [
            -1.263511385768652,
            51.68043843470514
          ],
          [
            -1.2633060291409492,
            51.680526277050376
          ],
          [
            -1.2630978226661682,
            51.68061093427241
          ],
          [
            -1.2628894485533237,
            51.680701710283756
          ],
          [
            -1.2626871932297945,
            51.68079039081931
          ],
          [
            -1.262492062523961,
            51.680877562612295
          ],
          [
            -1.2622825149446726,
            51.68096817098558
          ],
          [
            -1.262056790292263,
            51.68105626478791
          ],
          [
            -1.2618075124919415,
            51.68112541548908
          ],
          [
            -1.2615459132939577,
            51.68118266388774
          ],
          [
            -1.2612686399370432,
            51.68121334165335
          ],
          [
            -1.2609916180372238,
            51.68122868053615
          ],
          [
            -1.260705292224884,
            51.68122859671712
          ],
          [
            -1.260424666106701,
            51.68120169080794
          ],
          [
            -1.2601660005748272,
            51.68116363696754
          ],
          [
            -1.2599247694015503,
            51.6811069753021
          ],
          [
            -1.2596838735044003,
            51.681053498759866
          ],
          [
            -1.259432751685381,
            51.68105324730277
          ],
          [
            -1.259201830253005,
            51.68111091479659
          ],
          [
            -1.2590129859745502,
            51.681205965578556
          ],
          [
            -1.2588777020573616,
            51.68133806437254
          ],
          [
            -1.258753314614296,
            51.681474605575204
          ],
          [
            -1.2586391530930996,
            51.68162262998521
          ],
          [
            -1.2585339602082968,
            51.68176939710975
          ],
          [
            -1.258437903597951,
            51.681927563622594
          ],
          [
            -1.2583514861762524,
            51.68208732269704
          ],
          [
            -1.2582684215158224,
            51.68225093744695
          ],
          [
            -1.2581962533295155,
            51.682416228577495
          ],
          [
            -1.2581364903599024,
            51.68257934041321
          ],
          [
            -1.2580419424921274,
            51.68273507617414
          ],
          [
            -1.2578738015145063,
            51.68286197818816
          ],
          [
            -1.2576536927372217,
            51.682949401438236
          ],
          [
            -1.2574021518230438,
            51.6829873714596
          ],
          [
            -1.2571265548467636,
            51.682994831353426
          ],
          [
            -1.2568511255085468,
            51.68301000259817
          ],
          [
            -1.256575444713235,
            51.683017713949084
          ],
          [
            -1.2563109956681728,
            51.6830254253
          ],
          [
            -1.2560764700174332,
            51.68303296901286
          ],
          [
            -1.255835322663188,
            51.68306297622621
          ],
          [
            -1.2555984500795603,
            51.683093989267945
          ],
          [
            -1.2553816940635443,
            51.683082757517695
          ],
          [
            -1.2551359366625547,
            51.68308258987963
          ],
          [
            -1.2548752594739199,
            51.68309021741152
          ],
          [
            -1.2546196952462196,
            51.68310170061886
          ],
          [
            -1.2543658073991537,
            51.68310547247529
          ],
          [
            -1.2540951557457447,
            51.683116871863604
          ],
          [
            -1.2538337241858244,
            51.6831361502409
          ],
          [
            -1.2535556126385927,
            51.6831705160439
          ],
          [
            -1.2532840389758348,
            51.68323120102286
          ],
          [
            -1.253006597980857,
            51.68329205363989
          ],
          [
            -1.2527021672576666,
            51.68334980495274
          ],
          [
            -1.2524121534079313,
            51.68341476470232
          ],
          [
            -1.252122139558196,
            51.683482993394136
          ],
          [
            -1.251842100173235,
            51.683562621474266
          ],
          [
            -1.2515432853251696,
            51.68363906443119
          ],
          [
            -1.2513334024697542,
            51.68369715102017
          ],
          [
            -1.2511231005191803,
            51.68374978937209
          ],
          [
            -1.2509124632924795,
            51.68379991315305
          ],
          [
            -1.2507043406367302,
            51.6838423255831
          ],
          [
            -1.2504189368337393,
            51.683898316696286
          ],
          [
            -1.2501280009746552,
            51.68394869193435
          ],
          [
            -1.2499130889773369,
            51.684055561199784
          ],
          [
            -1.2497335486114025,
            51.68420920148492
          ],
          [
            -1.2497036252170801,
            51.68435839936137
          ],
          [
            -1.249867407605052,
            51.68449468910694
          ],
          [
            -1.2500121630728245,
            51.68465101160109
          ],
          [
            -1.2501486204564571,
            51.68482258915901
          ],
          [
            -1.2502716667950153,
            51.68500514701009
          ],
          [
            -1.2503753509372473,
            51.68518519029021
          ],
          [
            -1.2504698149859905,
            51.6853672452271
          ],
          [
            -1.2505522929131985,
            51.68555592186749
          ],
          [
            -1.250633429735899,
            51.68574166484177
          ],
          [
            -1.2507090345025063,
            51.685926569625735
          ],
          [
            -1.2507667858153582,
            51.68610041029751
          ],
          [
            -1.2508181668817997,
            51.686271065846086
          ],
          [
            -1.250859573483467,
            51.68643040582538
          ],
          [
            -1.250905254855752,
            51.686589159071445
          ],
          [
            -1.25093350186944,
            51.68674196116626
          ],
          [
            -1.2509617488831282,
            51.68689786456525
          ],
          [
            -1.250986224040389,
            51.687054773792624
          ],
          [
            -1.251011537387967,
            51.68722123838961
          ],
          [
            -1.2510435562580824,
            51.687383092939854
          ],
          [
            -1.2510818615555763,
            51.687535056844354
          ],
          [
            -1.251113461330533,
            51.6876723524183
          ],
          [
            -1.2511514313519,
            51.687808223068714
          ],
          [
            -1.2511883117258549,
            51.68795029632747
          ],
          [
            -1.2511704582720995,
            51.688088681548834
          ],
          [
            -1.25096770003438,
            51.68820921331644
          ],
          [
            -1.2507472559809685,
            51.68822480365634
          ],
          [
            -1.2504992354661226,
            51.688232431188226
          ],
          [
            -1.2502480298280716,
            51.68822857551277
          ],
          [
            -1.2499976623803377,
            51.68822857551277
          ],
          [
            -1.2497467081993818,
            51.688232431188226
          ],
          [
            -1.2494906410574913,
            51.6882439982146
          ],
          [
            -1.2492494098842144,
            51.68829035013914
          ],
          [
            -1.249059308320284,
            51.68837676756084
          ],
          [
            -1.2489248625934124,
            51.68849201872945
          ],
          [
            -1.2488288898020983,
            51.68862076476216
          ],
          [
            -1.2487343419343233,
            51.68875588104129
          ],
          [
            -1.2486424762755632,
            51.68888948857784
          ],
          [
            -1.2485469225794077,
            51.68901798315346
          ],
          [
            -1.2484421487897635,
            51.689143627882004
          ],
          [
            -1.2483183480799198,
            51.68927002698183
          ],
          [
            -1.2481890991330147,
            51.689392905682325
          ],
          [
            -1.2480572517961264,
            51.68951125815511
          ],
          [
            -1.2479231413453817,
            51.689628856256604
          ],
          [
            -1.247794395312667,
            51.68975123204291
          ],
          [
            -1.2476674932986498,
            51.689865896478295
          ],
          [
            -1.2475526612251997,
            51.689984165132046
          ],
          [
            -1.2474219035357237,
            51.690139481797814
          ],
          [
            -1.2473109271377325,
            51.6902647074312
          ],
          [
            -1.2472069915384054,
            51.690391106531024
          ],
          [
            -1.247091991826892,
            51.69051323086023
          ],
          [
            -1.246975315734744,
            51.690631499513984
          ],
          [
            -1.2468108627945185,
            51.69078522361815
          ],
          [
            -1.2466823682188988,
            51.69090743176639
          ],
          [
            -1.246547419577837,
            51.691037099808455
          ],
          [
            -1.2464106269180775,
            51.69117070734501
          ],
          [
            -1.2462873291224241,
            51.69129484333098
          ],
          [
            -1.2461864948272705,
            51.69142937287688
          ],
          [
            -1.246088007465005,
            51.69157840311527
          ],
          [
            -1.2459848262369633,
            51.69172693043947
          ],
          [
            -1.2458873447030783,
            51.691866824403405
          ],
          [
            -1.2457900308072567,
            51.69201266951859
          ],
          [
            -1.2456919625401497,
            51.6921572573483
          ],
          [
            -1.2456048745661974,
            51.69231064617634
          ],
          [
            -1.2455228995531797,
            51.69246755540371
          ],
          [
            -1.2454421818256378,
            51.69261088594794
          ],
          [
            -1.2453574407845736,
            51.69276284985244
          ],
          [
            -1.2452676706016064,
            51.69290785677731
          ],
          [
            -1.2451773136854172,
            51.693049259483814
          ],
          [
            -1.2450872082263231,
            51.69319066219032
          ],
          [
            -1.2450074963271618,
            51.693327371031046
          ],
          [
            -1.2449199054390192,
            51.693471539765596
          ],
          [
            -1.2448275368660688,
            51.69362107291818
          ],
          [
            -1.244739694520831,
            51.69377571903169
          ],
          [
            -1.2446558754891157,
            51.693918630480766
          ],
          [
            -1.2445731461048126,
            51.69406640343368
          ],
          [
            -1.2445029895752668,
            51.69421878643334
          ],
          [
            -1.2444414664059877,
            51.69437066651881
          ],
          [
            -1.2443931866437197,
            51.694519529119134
          ],
          [
            -1.2443582341074944,
            51.694671995937824
          ],
          [
            -1.2443366926163435,
            51.69482421129942
          ],
          [
            -1.244325041770935,
            51.69497701339424
          ],
          [
            -1.2443200964480639,
            51.69512880966067
          ],
          [
            -1.2443166598677635,
            51.69527901336551
          ],
          [
            -1.2443166598677635,
            51.695427456870675
          ],
          [
            -1.244315067306161,
            51.69557246379554
          ],
          [
            -1.2443102058023214,
            51.69572870247066
          ],
          [
            -1.2442931905388832,
            51.69589332304895
          ],
          [
            -1.2442667037248611,
            51.69604822061956
          ],
          [
            -1.244229655712843,
            51.69620429165661
          ],
          [
            -1.2441807892173529,
            51.69636296108365
          ],
          [
            -1.2441194336861372,
            51.69652699492872
          ],
          [
            -1.2440463434904814,
            51.6966868378222
          ],
          [
            -1.243981383740902,
            51.6968543920666
          ],
          [
            -1.2439101375639439,
            51.69701725244522
          ],
          [
            -1.2438430823385715,
            51.697185980156064
          ],
          [
            -1.2437782902270555,
            51.69735345058143
          ],
          [
            -1.243730178102851,
            51.69752033427358
          ],
          [
            -1.243698326870799,
            51.697681434452534
          ],
          [
            -1.243683323264122,
            51.69784144498408
          ],
          [
            -1.243661530315876,
            51.697995252907276
          ],
          [
            -1.2436363007873297,
            51.698151994496584
          ],
          [
            -1.2435971572995186,
            51.69830563478172
          ],
          [
            -1.243537561967969,
            51.6984689142555
          ],
          [
            -1.243453323841095,
            51.69862758368254
          ],
          [
            -1.2433441914618015,
            51.698792623355985
          ],
          [
            -1.2432079017162323,
            51.69895204715431
          ],
          [
            -1.2430323008447886,
            51.69910904020071
          ],
          [
            -1.2428535148501396,
            51.69927190057933
          ],
          [
            -1.2427282892167568,
            51.699385307729244
          ],
          [
            -1.2425923347473145,
            51.69950575567782
          ],
          [
            -1.242463504895568,
            51.69962838292122
          ],
          [
            -1.24233509413898,
            51.699748830869794
          ],
          [
            -1.242210790514946,
            51.699877912178636
          ],
          [
            -1.2421055976301432,
            51.700015207752585
          ],
          [
            -1.2420274782925844,
            51.70015191659331
          ],
          [
            -1.2419634405523539,
            51.7002943251282
          ],
          [
            -1.241913316771388,
            51.70043178834021
          ],
          [
            -1.2418751791119576,
            51.700568748638034
          ],
          [
            -1.2418533023446798,
            51.70071090571582
          ],
          [
            -1.2418532185256481,
            51.700849710032344
          ],
          [
            -1.2418766878545284,
            51.70098876580596
          ],
          [
            -1.241926895454526,
            51.70118406414986
          ],
          [
            -1.241978695616126,
            51.70134843327105
          ],
          [
            -1.2420351896435022,
            51.70150802470744
          ],
          [
            -1.2420827150344849,
            51.701669711619616
          ],
          [
            -1.2421385385096073,
            51.701839864254
          ],
          [
            -1.242184555158019,
            51.70198671519756
          ],
          [
            -1.2422264646738768,
            51.7021210771054
          ],
          [
            -1.2422616686671972,
            51.702297013252974
          ],
          [
            -1.24227499589324,
            51.70245383866131
          ],
          [
            -1.242271726951003,
            51.70260957442224
          ],
          [
            -1.2422483414411545,
            51.70277017168701
          ],
          [
            -1.2422315776348114,
            51.702945940196514
          ],
          [
            -1.242220178246498,
            51.70312363654375
          ],
          [
            -1.2422085274010897,
            51.70326772145927
          ],
          [
            -1.242181621491909,
            51.703430246561766
          ],
          [
            -1.2421749997884035,
            51.70359059236944
          ],
          [
            -1.2421682942658663,
            51.7037583142519
          ],
          [
            -1.2421517819166183,
            51.70392092317343
          ],
          [
            -1.2421317491680384,
            51.70409141108394
          ],
          [
            -1.242143316194415,
            51.704260893166065
          ],
          [
            -1.2421731557697058,
            51.70445887371898
          ],
          [
            -1.2422035820782185,
            51.704613603651524
          ],
          [
            -1.2422401271760464,
            51.70476975850761
          ],
          [
            -1.2422786839306355,
            51.704938150942326
          ],
          [
            -1.2423216830939054,
            51.70510143041611
          ],
          [
            -1.2423655204474926,
            51.705251382663846
          ],
          [
            -1.2424117047339678,
            51.70538750477135
          ],
          [
            -1.2424565479159355,
            51.70555841177702
          ],
          [
            -1.2424901593476534,
            51.70572311617434
          ],
          [
            -1.2425269559025764,
            51.70587298460305
          ],
          [
            -1.2425685301423073,
            51.706020925194025
          ],
          [
            -1.2425024807453156,
            51.70617640949786
          ],
          [
            -1.242270553484559,
            51.70610088855028
          ],
          [
            -1.242096796631813,
            51.705946661531925
          ],
          [
            -1.2418772745877504,
            51.70579478144646
          ],
          [
            -1.2416975665837526,
            51.70571171678603
          ],
          [
            -1.241505704820156,
            51.70564290136099
          ],
          [
            -1.2412259168922901,
            51.705538714304566
          ],
          [
            -1.2410287745296955,
            51.705466881394386
          ],
          [
            -1.2408076599240303,
            51.70540988445282
          ],
          [
            -1.2405651714652777,
            51.70537174679339
          ],
          [
            -1.2403286341577768,
            51.705368142575026
          ],
          [
            -1.2401081062853336,
            51.70538700185716
          ],
          [
            -1.2398857343941927,
            51.705406280234456
          ],
          [
            -1.2395630311220884,
            51.70542539097369
          ],
          [
            -1.2392652221024036,
            51.70545673929155
          ],
          [
            -1.2389999348670244,
            51.70554734766483
          ],
          [
            -1.2387365754693747,
            51.70566100627184
          ],
          [
            -1.2385436240583658,
            51.70573485083878
          ],
          [
            -1.2382981181144714,
            51.705846497789025
          ],
          [
            -1.2381204217672348,
            51.70592553913593
          ],
          [
            -1.237933337688446,
            51.706005837768316
          ],
          [
            -1.2376681342720985,
            51.70610432513058
          ],
          [
            -1.237399410456419,
            51.70610826462507
          ],
          [
            -1.2372113205492496,
            51.705989660695195
          ],
          [
            -1.2369503919035196,
            51.705978345125914
          ],
          [
            -1.2367569375783205,
            51.706054620444775
          ],
          [
            -1.2365490663796663,
            51.70613835565746
          ],
          [
            -1.236312948167324,
            51.70621505007148
          ],
          [
            -1.2360798474401236,
            51.706314207986
          ],
          [
            -1.2358189187943935,
            51.70642769895494
          ],
          [
            -1.2356061860918999,
            51.70651964843273
          ],
          [
            -1.2354145757853985,
            51.70658502727747
          ],
          [
            -1.235164375975728,
            51.706661973148584
          ],
          [
            -1.2349534034729004,
            51.70671888627112
          ],
          [
            -1.234712339937687,
            51.70678342692554
          ],
          [
            -1.2344535905867815,
            51.70684075914323
          ],
          [
            -1.2341884709894657,
            51.70687864534557
          ],
          [
            -1.2339563760906458,
            51.70686347410083
          ],
          [
            -1.2337815295904875,
            51.70694754458964
          ],
          [
            -1.233627637848258,
            51.70706975273788
          ],
          [
            -1.2334849778562784,
            51.70717628672719
          ],
          [
            -1.2334283161908388,
            51.70730981044471
          ],
          [
            -1.233371151611209,
            51.70747837051749
          ],
          [
            -1.2333006598055363,
            51.70764349400997
          ],
          [
            -1.2332205288112164,
            51.70777785591781
          ],
          [
            -1.2331421580165625,
            51.707938285544515
          ],
          [
            -1.2330067064613104,
            51.708049764856696
          ],
          [
            -1.2321765627712011,
            51.708473302423954
          ],
          [
            -1.2320513371378183,
            51.70860196463764
          ],
          [
            -1.2320018839091063,
            51.70874001458287
          ],
          [
            -1.2318223435431719,
            51.708823665976524
          ],
          [
            -1.2317883130162954,
            51.708983927965164
          ],
          [
            -1.2317534442991018,
            51.70912147499621
          ],
          [
            -1.2316749058663845,
            51.70927830040455
          ],
          [
            -1.2315879855304956,
            51.70943898148835
          ],
          [
            -1.2315028253942728,
            51.70956864953041
          ],
          [
            -1.2313749175518751,
            51.7096901871264
          ],
          [
            -1.2312414776533842,
            51.70981231145561
          ],
          [
            -1.2310864962637424,
            51.70991909690201
          ],
          [
            -1.2309488654136658,
            51.71007030643523
          ],
          [
            -1.2309465184807777,
            51.710207518190145
          ],
          [
            -1.2309716641902924,
            51.710342383012176
          ],
          [
            -1.2310166750103235,
            51.71051404438913
          ],
          [
            -1.231090184301138,
            51.710686292499304
          ],
          [
            -1.2311605922877789,
            51.710828030481935
          ],
          [
            -1.231199987232685,
            51.71098720282316
          ],
          [
            -1.2311165034770966,
            51.711135897785425
          ],
          [
            -1.2309331074357033,
            51.71123438514769
          ],
          [
            -1.23072381131351,
            51.711308313533664
          ],
          [
            -1.2304647266864777,
            51.71138391830027
          ],
          [
            -1.230208408087492,
            51.71146824024618
          ],
          [
            -1.2299794144928455,
            51.711551724001765
          ],
          [
            -1.2297202460467815,
            51.711605032905936
          ],
          [
            -1.2294749915599823,
            51.71161266043782
          ],
          [
            -1.2292323354631662,
            51.71162783168256
          ],
          [
            -1.2289731670171022,
            51.71165465377271
          ],
          [
            -1.2286774534732103,
            51.711669992655516
          ],
          [
            -1.2284369766712189,
            51.71167376451194
          ],
          [
            -1.2281929794698954,
            51.71167376451194
          ],
          [
            -1.2279419414699078,
            51.71167753636837
          ],
          [
            -1.2277019675821066,
            51.71167745254934
          ],
          [
            -1.2274713814258575,
            51.711669908836484
          ],
          [
            -1.2272323295474052,
            51.71165054664016
          ],
          [
            -1.2269930262118578,
            51.71163160353899
          ],
          [
            -1.2267460953444242,
            51.71160905621946
          ],
          [
            -1.2265153415501118,
            51.71157100237906
          ],
          [
            -1.2262582685798407,
            51.71152900904417
          ],
          [
            -1.2261940632015467,
            51.711667478084564
          ],
          [
            -1.2262415885925293,
            51.71180259436369
          ],
          [
            -1.2262826599180698,
            51.71195103786886
          ],
          [
            -1.2264476995915174,
            51.71210560016334
          ],
          [
            -1.2266540620476007,
            51.712234849110246
          ],
          [
            -1.2267727497965097,
            51.712357476353645
          ],
          [
            -1.2265976518392563,
            51.71249711886048
          ],
          [
            -1.2264236435294151,
            51.71258194372058
          ],
          [
            -1.2261402513831854,
            51.71259669587016
          ],
          [
            -1.2258614692837,
            51.71254724264145
          ],
          [
            -1.2256281170994043,
            51.71247842721641
          ],
          [
            -1.2254627421498299,
            51.712355967611074
          ],
          [
            -1.2253049947321415,
            51.71221925877035
          ],
          [
            -1.2251552939414978,
            51.71210568398237
          ],
          [
            -1.225315136834979,
            51.71209713444114
          ]
        ]
      },
      "properties": {
        "name": "2025-05-08 (Thu) 12:54",
        "source_file": "2025-05-08-115406-ELEMNT_ROAM_A974-192-0.fit",
        "date": "2025-05-08T11:54:07",
        "sport": "cycling",
        "dropbox_id": "id:JY-PzzIM9pcAAAAAAAAAPg"
      }
    },
    {
      "type": "Feature",
      "geometry": {
        "type": "LineString",
        "coordinates": [
          [
            -1.2249416392296553,
            51.71213912777603
          ],
          [
            -1.2250537052750587,
            51.71227768063545
          ],
          [
            -1.2252443935722113,
            51.71239343471825
          ],
          [
            -1.225393507629633,
            51.712507931515574
          ],
          [
            -1.225578160956502,
            51.71260834671557
          ],
          [
            -1.225836155936122,
            51.712659392505884
          ],
          [
            -1.2261099088937044,
            51.712681353092194
          ],
          [
            -1.2263514753431082,
            51.71264891512692
          ],
          [
            -1.2265504617244005,
            51.71255310997367
          ],
          [
            -1.2267430778592825,
            51.712432745844126
          ],
          [
            -1.2269040942192078,
            51.7123407125473
          ],
          [
            -1.2271638493984938,
            51.712399050593376
          ],
          [
            -1.2273783423006535,
            51.71252142637968
          ],
          [
            -1.2275390233844519,
            51.71262754127383
          ],
          [
            -1.2277067452669144,
            51.71275268308818
          ],
          [
            -1.227882094681263,
            51.71287824399769
          ],
          [
            -1.2280403450131416,
            51.713010761886835
          ],
          [
            -1.2281853519380093,
            51.713149482384324
          ],
          [
            -1.2283219769597054,
            51.71329063363373
          ],
          [
            -1.2284474540501833,
            51.71342977322638
          ],
          [
            -1.2285760324448347,
            51.71357243321836
          ],
          [
            -1.2286787945777178,
            51.71370008960366
          ],
          [
            -1.2288102228194475,
            51.71385884284973
          ],
          [
            -1.2289348617196083,
            51.714018266648054
          ],
          [
            -1.2290304992347956,
            51.71414416283369
          ],
          [
            -1.2291124742478132,
            51.71427994966507
          ],
          [
            -1.2292000651359558,
            51.714451778680086
          ],
          [
            -1.2292465846985579,
            51.714585637673736
          ],
          [
            -1.229291008785367,
            51.71475243754685
          ],
          [
            -1.2293152324855328,
            51.714910604059696
          ],
          [
            -1.2293164059519768,
            51.71507245860994
          ],
          [
            -1.2293150648474693,
            51.71523431316018
          ],
          [
            -1.229301318526268,
            51.71539935283363
          ],
          [
            -1.229263935238123,
            51.7155684158206
          ],
          [
            -1.2292121350765228,
            51.715736305341125
          ],
          [
            -1.2291497737169266,
            51.71590218320489
          ],
          [
            -1.2290883343666792,
            51.71606437303126
          ],
          [
            -1.229020357131958,
            51.716225389391184
          ],
          [
            -1.228927569463849,
            51.71638447791338
          ],
          [
            -1.2288383021950722,
            51.71653266996145
          ],
          [
            -1.2287509627640247,
            51.71668295748532
          ],
          [
            -1.22867695055902,
            51.71681480482221
          ],
          [
            -1.2286014296114445,
            51.71694497577846
          ],
          [
            -1.2285075522959232,
            51.71710666269064
          ],
          [
            -1.2284342106431723,
            51.717239767313
          ],
          [
            -1.2283598631620407,
            51.71736918389797
          ],
          [
            -1.2282778043299913,
            51.71750622801483
          ],
          [
            -1.2281970866024494,
            51.71765056438744
          ],
          [
            -1.2281254213303328,
            51.71779942698777
          ],
          [
            -1.2280188035219908,
            51.71792993322015
          ],
          [
            -1.2279179692268372,
            51.71807259321213
          ],
          [
            -1.2277923244982958,
            51.718220449984074
          ],
          [
            -1.227642958983779,
            51.71837216243148
          ],
          [
            -1.2275206670165062,
            51.7184869106859
          ],
          [
            -1.2274029850959778,
            51.71860140748322
          ],
          [
            -1.2272625043988228,
            51.71875471249223
          ],
          [
            -1.2271298188716173,
            51.71889812685549
          ],
          [
            -1.2270097900182009,
            51.71902829781175
          ],
          [
            -1.22687635011971,
            51.71914908103645
          ],
          [
            -1.2267115619033575,
            51.71926508657634
          ],
          [
            -1.2265427503734827,
            51.71937497332692
          ],
          [
            -1.2263782136142254,
            51.71946675516665
          ],
          [
            -1.2262114137411118,
            51.71959022060037
          ],
          [
            -1.2260783091187477,
            51.719704549759626
          ],
          [
            -1.225940426811576,
            51.719831535592675
          ],
          [
            -1.2257975991815329,
            51.71995768323541
          ],
          [
            -1.2256457190960646,
            51.7200858425349
          ],
          [
            -1.2254885584115982,
            51.720216097310185
          ],
          [
            -1.2253264524042606,
            51.720337299630046
          ],
          [
            -1.2251653522253036,
            51.72046001069248
          ],
          [
            -1.2249958701431751,
            51.720570819452405
          ],
          [
            -1.224833345040679,
            51.72068011946976
          ],
          [
            -1.2246833927929401,
            51.72078665345907
          ],
          [
            -1.2245320994406939,
            51.72089444473386
          ],
          [
            -1.224390110000968,
            51.72100022435188
          ],
          [
            -1.2242081388831139,
            51.72112176194787
          ],
          [
            -1.224075285717845,
            51.721254950389266
          ],
          [
            -1.2240253295749426,
            51.72140222042799
          ],
          [
            -1.2239828333258629,
            51.72156357206404
          ],
          [
            -1.2239590287208557,
            51.72169994562864
          ],
          [
            -1.2239503115415573,
            51.72186825424433
          ],
          [
            -1.2239767983555794,
            51.72202918678522
          ],
          [
            -1.2239832524210215,
            51.722186682745814
          ],
          [
            -1.223980151116848,
            51.722349375486374
          ],
          [
            -1.2239721044898033,
            51.72250946983695
          ],
          [
            -1.2240018602460623,
            51.72268372960389
          ],
          [
            -1.2240049615502357,
            51.72282898798585
          ],
          [
            -1.2240153551101685,
            51.72298522666097
          ],
          [
            -1.2240168638527393,
            51.72315797768533
          ],
          [
            -1.2240094877779484,
            51.72332829795778
          ],
          [
            -1.2239840906113386,
            51.72350373119116
          ],
          [
            -1.2239574361592531,
            51.72367681749165
          ],
          [
            -1.2239306140691042,
            51.723839677870274
          ],
          [
            -1.2239201366901398,
            51.723979068920016
          ],
          [
            -1.2240687478333712,
            51.72408786602318
          ],
          [
            -1.2243479490280151,
            51.72409540973604
          ],
          [
            -1.2245831452310085,
            51.72418241389096
          ],
          [
            -1.2247647810727358,
            51.72429724596441
          ],
          [
            -1.2249790225178003,
            51.72437796369195
          ],
          [
            -1.2251833733171225,
            51.724287271499634
          ],
          [
            -1.2254027277231216,
            51.72422633506358
          ],
          [
            -1.2256062403321266,
            51.72416581772268
          ],
          [
            -1.2258397601544857,
            51.724108988419175
          ],
          [
            -1.2260616291314363,
            51.72405836172402
          ],
          [
            -1.2263088952749968,
            51.72400061041117
          ],
          [
            -1.2265673093497753,
            51.723932633176446
          ],
          [
            -1.2268303334712982,
            51.723870523273945
          ],
          [
            -1.2270976323634386,
            51.72379516996443
          ],
          [
            -1.2273191660642624,
            51.7237448785454
          ],
          [
            -1.2275332398712635,
            51.72369886189699
          ],
          [
            -1.2277455534785986,
            51.723645804449916
          ],
          [
            -1.2279719486832619,
            51.723589561879635
          ],
          [
            -1.2281972542405128,
            51.72353851608932
          ],
          [
            -1.2284235656261444,
            51.723477244377136
          ],
          [
            -1.2286517210304737,
            51.7234084289521
          ],
          [
            -1.2288640346378088,
            51.72333667986095
          ],
          [
            -1.2290802039206028,
            51.72326794825494
          ],
          [
            -1.2293102871626616,
            51.72319804318249
          ],
          [
            -1.229557804763317,
            51.72311816364527
          ],
          [
            -1.229799035936594,
            51.72303920611739
          ],
          [
            -1.2300162948668003,
            51.72297089360654
          ],
          [
            -1.2302566040307283,
            51.722896713763475
          ],
          [
            -1.2305091507732868,
            51.72283242456615
          ],
          [
            -1.2307589314877987,
            51.722776433452964
          ],
          [
            -1.2310186866670847,
            51.72272253781557
          ],
          [
            -1.2312810402363539,
            51.722677359357476
          ],
          [
            -1.2315477523952723,
            51.7226398922503
          ],
          [
            -1.2318195775151253,
            51.72260879538953
          ],
          [
            -1.232076734304428,
            51.72257510013878
          ],
          [
            -1.232336824759841,
            51.72253235243261
          ],
          [
            -1.2325919698923826,
            51.722494130954146
          ],
          [
            -1.2328606937080622,
            51.722448198124766
          ],
          [
            -1.2331269029527903,
            51.72239128500223
          ],
          [
            -1.2334096245467663,
            51.722344597801566
          ],
          [
            -1.2336868979036808,
            51.72228776849806
          ],
          [
            -1.2339659314602613,
            51.72226823866367
          ],
          [
            -1.2342376727610826,
            51.72228667885065
          ],
          [
            -1.234525591135025,
            51.72231073491275
          ],
          [
            -1.234811246395111,
            51.722344011068344
          ],
          [
            -1.23508189804852,
            51.722368067130446
          ],
          [
            -1.2353345286101103,
            51.72241374850273
          ],
          [
            -1.235550194978714,
            51.72249999828637
          ],
          [
            -1.235751360654831,
            51.72259060665965
          ],
          [
            -1.235957471653819,
            51.72268305905163
          ],
          [
            -1.2361538596451283,
            51.722774086520076
          ],
          [
            -1.236348571255803,
            51.7228608392179
          ],
          [
            -1.2365573644638062,
            51.72295714728534
          ],
          [
            -1.2367673311382532,
            51.72305177897215
          ],
          [
            -1.2369893677532673,
            51.723155127838254
          ],
          [
            -1.2372131645679474,
            51.723262667655945
          ],
          [
            -1.2374404817819595,
            51.723369704559445
          ],
          [
            -1.2376790307462215,
            51.72346961684525
          ],
          [
            -1.2379076890647411,
            51.72357472591102
          ],
          [
            -1.2381419632583857,
            51.723683942109346
          ],
          [
            -1.2383826076984406,
            51.723794331774116
          ],
          [
            -1.2386261019855738,
            51.7239039670676
          ],
          [
            -1.238869596272707,
            51.72400807030499
          ],
          [
            -1.2391036190092564,
            51.724117789417505
          ],
          [
            -1.2393497116863728,
            51.724231112748384
          ],
          [
            -1.2396006658673286,
            51.724344016984105
          ],
          [
            -1.2398475129157305,
            51.724460860714316
          ],
          [
            -1.2401031609624624,
            51.72457770444453
          ],
          [
            -1.240359814837575,
            51.72469446435571
          ],
          [
            -1.2406222522258759,
            51.72481541521847
          ],
          [
            -1.2407986912876368,
            51.72489588148892
          ],
          [
            -1.2410587817430496,
            51.72501415014267
          ],
          [
            -1.241314597427845,
            51.72513241879642
          ],
          [
            -1.241555828601122,
            51.725245993584394
          ],
          [
            -1.2417869176715612,
            51.72535269521177
          ],
          [
            -1.2420293223112822,
            51.72546367160976
          ],
          [
            -1.2422728165984154,
            51.725575318560004
          ],
          [
            -1.242511197924614,
            51.72568880952895
          ],
          [
            -1.2427574582397938,
            51.72580573707819
          ],
          [
            -1.243004221469164,
            51.72591277398169
          ],
          [
            -1.2432553432881832,
            51.72602945007384
          ],
          [
            -1.2435005977749825,
            51.726143695414066
          ],
          [
            -1.2437496241182089,
            51.7262542527169
          ],
          [
            -1.2439868319779634,
            51.72636271454394
          ],
          [
            -1.2442314997315407,
            51.72647561877966
          ],
          [
            -1.2444697972387075,
            51.72658642753959
          ],
          [
            -1.2446956057101488,
            51.726690949872136
          ],
          [
            -1.24491848051548,
            51.72678994014859
          ],
          [
            -1.2451411038637161,
            51.72689035534859
          ],
          [
            -1.2453664932399988,
            51.726994290947914
          ],
          [
            -1.2455810699611902,
            51.72709478996694
          ],
          [
            -1.245803777128458,
            51.72719914466143
          ],
          [
            -1.246011396870017,
            51.727293860167265
          ],
          [
            -1.2461980618536472,
            51.72737910412252
          ],
          [
            -1.2463714834302664,
            51.72746594063938
          ],
          [
            -1.246586563065648,
            51.727586053311825
          ],
          [
            -1.2467298936098814,
            51.7277083452791
          ],
          [
            -1.2468630820512772,
            51.72784664668143
          ],
          [
            -1.2470028083771467,
            51.727983774617314
          ],
          [
            -1.2471446301788092,
            51.728127021342516
          ],
          [
            -1.2473035510629416,
            51.728261299431324
          ],
          [
            -1.2474935688078403,
            51.7283833399415
          ],
          [
            -1.2476334627717733,
            51.728511080145836
          ],
          [
            -1.2476953212171793,
            51.728653740137815
          ],
          [
            -1.247742846608162,
            51.728787599131465
          ],
          [
            -1.2477765418589115,
            51.72892967239022
          ],
          [
            -1.2478181160986423,
            51.72907853499055
          ],
          [
            -1.247849464416504,
            51.7292314209044
          ],
          [
            -1.2478757835924625,
            51.7293865699321
          ],
          [
            -1.2478994205594063,
            51.72955487854779
          ],
          [
            -1.2479311041533947,
            51.72972050495446
          ],
          [
            -1.247953986749053,
            51.72988822683692
          ],
          [
            -1.2479774560779333,
            51.730046309530735
          ],
          [
            -1.2480020988732576,
            51.73020632006228
          ],
          [
            -1.2480275798588991,
            51.730366917327046
          ],
          [
            -1.2480578385293484,
            51.73053137026727
          ],
          [
            -1.2480922043323517,
            51.73068878240883
          ],
          [
            -1.248131264001131,
            51.73085491172969
          ],
          [
            -1.2481737602502108,
            51.731008887290955
          ],
          [
            -1.2482250574976206,
            51.7311585880816
          ],
          [
            -1.2482638657093048,
            51.73130577430129
          ],
          [
            -1.248313905671239,
            51.731458492577076
          ],
          [
            -1.2483871635049582,
            51.73159310594201
          ],
          [
            -1.2485148198902607,
            51.731718834489584
          ],
          [
            -1.2486320827156305,
            51.73184171319008
          ],
          [
            -1.2487088609486818,
            51.731972051784396
          ],
          [
            -1.2487817835062742,
            51.73213189467788
          ],
          [
            -1.248841043561697,
            51.732279835268855
          ],
          [
            -1.2489250302314758,
            51.73243582248688
          ],
          [
            -1.2489914987236261,
            51.73256624490023
          ],
          [
            -1.2490110285580158,
            51.73271108418703
          ],
          [
            -1.2490724679082632,
            51.732845697551966
          ],
          [
            -1.2491738051176071,
            51.73299699090421
          ],
          [
            -1.249415036290884,
            51.733096316456795
          ],
          [
            -1.2495392560958862,
            51.73324911855161
          ],
          [
            -1.2496340554207563,
            51.73338322900236
          ],
          [
            -1.24971779063344,
            51.733516585081816
          ],
          [
            -1.2498157750815153,
            51.733646001666784
          ],
          [
            -1.249917782843113,
            51.73378413543105
          ],
          [
            -1.2500093970447779,
            51.73392721451819
          ],
          [
            -1.250100340694189,
            51.734068701043725
          ],
          [
            -1.2502086348831654,
            51.73422929830849
          ],
          [
            -1.250285916030407,
            51.73436064273119
          ],
          [
            -1.2503576651215553,
            51.73449927940965
          ],
          [
            -1.250425223261118,
            51.734642358496785
          ],
          [
            -1.2504999060183764,
            51.73478250391781
          ],
          [
            -1.2505716551095247,
            51.73493488691747
          ],
          [
            -1.2506510317325592,
            51.73508148640394
          ],
          [
            -1.2507306598126888,
            51.735230181366205
          ],
          [
            -1.2508091144263744,
            51.73538281582296
          ],
          [
            -1.2508883234113455,
            51.735526230186224
          ],
          [
            -1.250971220433712,
            51.73567358404398
          ],
          [
            -1.2510543689131737,
            51.735825799405575
          ],
          [
            -1.25113676302135,
            51.73597642220557
          ],
          [
            -1.2512198276817799,
            51.73612511716783
          ],
          [
            -1.2513007130473852,
            51.736274817958474
          ],
          [
            -1.2513913214206696,
            51.736425776034594
          ],
          [
            -1.2514774035662413,
            51.736582769081
          ],
          [
            -1.2515609711408615,
            51.73673330806196
          ],
          [
            -1.2516437005251646,
            51.73688133247197
          ],
          [
            -1.2517314590513706,
            51.737035643309355
          ],
          [
            -1.251818798482418,
            51.73719322308898
          ],
          [
            -1.2519037071615458,
            51.73734677955508
          ],
          [
            -1.251989621669054,
            51.73750016838312
          ],
          [
            -1.2520822416990995,
            51.737651294097304
          ],
          [
            -1.2521779630333185,
            51.73780149780214
          ],
          [
            -1.2522772885859013,
            51.737947426736355
          ],
          [
            -1.252369824796915,
            51.738095534965396
          ],
          [
            -1.2524633668363094,
            51.73823802731931
          ],
          [
            -1.2525631114840508,
            51.738396445289254
          ],
          [
            -1.2526647839695215,
            51.738543631508946
          ],
          [
            -1.252766540274024,
            51.73868645913899
          ],
          [
            -1.2528683803975582,
            51.738831382244825
          ],
          [
            -1.2529701367020607,
            51.738970186561346
          ],
          [
            -1.2530756648629904,
            51.73911879770458
          ],
          [
            -1.253179768100381,
            51.739259948953986
          ],
          [
            -1.2532847095280886,
            51.739396741613746
          ],
          [
            -1.2533942610025406,
            51.73953973688185
          ],
          [
            -1.2534997053444386,
            51.7396839056164
          ],
          [
            -1.2535999529063702,
            51.73982287757099
          ],
          [
            -1.2537000328302383,
            51.739958161488175
          ],
          [
            -1.2538027949631214,
            51.74009713344276
          ],
          [
            -1.2539037968963385,
            51.74023216590285
          ],
          [
            -1.2539992667734623,
            51.74037029966712
          ],
          [
            -1.2540939822793007,
            51.740504410117865
          ],
          [
            -1.2541959062218666,
            51.740638772025704
          ],
          [
            -1.254288861528039,
            51.74077933654189
          ],
          [
            -1.254391623660922,
            51.740919314324856
          ],
          [
            -1.2544980738312006,
            51.741060465574265
          ],
          [
            -1.254594549536705,
            51.74120111390948
          ],
          [
            -1.2546816375106573,
            51.74133941531181
          ],
          [
            -1.2547648698091507,
            51.74147696234286
          ],
          [
            -1.254845503717661,
            51.7416113242507
          ],
          [
            -1.2549287360161543,
            51.741745602339506
          ],
          [
            -1.2550174165517092,
            51.74189002253115
          ],
          [
            -1.255104085430503,
            51.74203176051378
          ],
          [
            -1.2551875691860914,
            51.74217643216252
          ],
          [
            -1.2552694603800774,
            51.74231783486903
          ],
          [
            -1.255353530868888,
            51.742454124614596
          ],
          [
            -1.2554351706057787,
            51.74259519204497
          ],
          [
            -1.255507254973054,
            51.74274162389338
          ],
          [
            -1.2555824406445026,
            51.74289467744529
          ],
          [
            -1.2556535191833973,
            51.74304949119687
          ],
          [
            -1.2557285372167826,
            51.74321352504194
          ],
          [
            -1.2558044772595167,
            51.74336473457515
          ],
          [
            -1.2558734603226185,
            51.74352717585862
          ],
          [
            -1.2559307925403118,
            51.74368559382856
          ],
          [
            -1.255974043160677,
            51.743850046768785
          ],
          [
            -1.2560226581990719,
            51.74400729127228
          ],
          [
            -1.2560570240020752,
            51.74416118301451
          ],
          [
            -1.2560840137302876,
            51.744316164404154
          ],
          [
            -1.2561137694865465,
            51.74446729011834
          ],
          [
            -1.256140423938632,
            51.74460492096841
          ],
          [
            -1.2561607081443071,
            51.74475814215839
          ],
          [
            -1.2561788130551577,
            51.744921589270234
          ],
          [
            -1.2561951577663422,
            51.745089227333665
          ],
          [
            -1.2562099937349558,
            51.74525326117873
          ],
          [
            -1.2562151066958904,
            51.74538913182914
          ],
          [
            -1.2562353070825338,
            51.745550483465195
          ],
          [
            -1.256252070888877,
            51.745695155113935
          ],
          [
            -1.256275288760662,
            51.74585265107453
          ],
          [
            -1.2562883645296097,
            51.746012745425105
          ],
          [
            -1.2562969978898764,
            51.74615423195064
          ],
          [
            -1.2563102412968874,
            51.746305860579014
          ],
          [
            -1.256330357864499,
            51.74647626467049
          ],
          [
            -1.2563464511185884,
            51.746640130877495
          ],
          [
            -1.2564047891646624,
            51.746802823618054
          ],
          [
            -1.2564686592668295,
            51.74696484580636
          ],
          [
            -1.2564925476908684,
            51.7471597250551
          ],
          [
            -1.2564576789736748,
            51.74733314663172
          ],
          [
            -1.2564333714544773,
            51.74749684520066
          ],
          [
            -1.256445525214076,
            51.74767470918596
          ],
          [
            -1.2564896140247583,
            51.7478539980948
          ],
          [
            -1.2565178610384464,
            51.74802306108177
          ],
          [
            -1.2565440125763416,
            51.74819220788777
          ],
          [
            -1.256566895172,
            51.748342579230666
          ],
          [
            -1.2565855029970407,
            51.748496890068054
          ],
          [
            -1.2566057872027159,
            51.74864265136421
          ],
          [
            -1.2566371355205774,
            51.74882152117789
          ],
          [
            -1.2566554080694914,
            51.748958732932806
          ],
          [
            -1.2566665560007095,
            51.749106757342815
          ],
          [
            -1.2566712498664856,
            51.74925645813346
          ],
          [
            -1.2567254807800055,
            51.74939811229706
          ],
          [
            -1.2567720841616392,
            51.74954102374613
          ],
          [
            -1.256795385852456,
            51.74968209117651
          ],
          [
            -1.2568155862390995,
            51.74986330792308
          ],
          [
            -1.2568268179893494,
            51.75000496208668
          ],
          [
            -1.2568337749689817,
            51.75016664899886
          ],
          [
            -1.256860764697194,
            51.75030168145895
          ],
          [
            -1.2568890117108822,
            51.75048088654876
          ],
          [
            -1.2569306697696447,
            51.750628324225545
          ],
          [
            -1.2569792848080397,
            51.75077266059816
          ],
          [
            -1.2570705637335777,
            51.750911213457584
          ],
          [
            -1.257161758840084,
            51.7510640155524
          ],
          [
            -1.25724951736629,
            51.75121539272368
          ],
          [
            -1.2573335878551006,
            51.751369535923004
          ],
          [
            -1.2574205081909895,
            51.75152233801782
          ],
          [
            -1.2575044110417366,
            51.75165334716439
          ],
          [
            -1.2575910799205303,
            51.75178661942482
          ],
          [
            -1.25760180875659,
            51.75195652060211
          ],
          [
            -1.2574319913983345,
            51.752049727365375
          ],
          [
            -1.2571902573108673,
            51.75210655666888
          ],
          [
            -1.2569252215325832,
            51.752153327688575
          ],
          [
            -1.256651133298874,
            51.752194315195084
          ],
          [
            -1.2563759554177523,
            51.75224016420543
          ],
          [
            -1.2561002746224403,
            51.752278888598084
          ],
          [
            -1.2558801658451557,
            51.75231576897204
          ],
          [
            -1.2558599654585123,
            51.75247251056135
          ],
          [
            -1.2558587919920683,
            51.75260913558304
          ],
          [
            -1.2558901403099298,
            51.75276487134397
          ],
          [
            -1.2559741269797087,
            51.75290308892727
          ],
          [
            -1.256057946011424,
            51.75303225405514
          ],
          [
            -1.2561441957950592,
            51.753167789429426
          ],
          [
            -1.25623170286417,
            51.75334682688117
          ],
          [
            -1.2562804017215967,
            51.75349476747215
          ],
          [
            -1.2563255801796913,
            51.7536354996264
          ],
          [
            -1.2564170267432928,
            51.75378260202706
          ],
          [
            -1.2565057072788477,
            51.753920735791326
          ],
          [
            -1.2565609440207481,
            51.754088290035725
          ],
          [
            -1.256621964275837,
            51.75424871966243
          ],
          [
            -1.2565522268414497,
            51.754390709102154
          ],
          [
            -1.2563218083232641,
            51.754367826506495
          ],
          [
            -1.2560701835900545,
            51.754397163167596
          ],
          [
            -1.2557969335466623,
            51.75444083288312
          ],
          [
            -1.255588224157691,
            51.7544833291322
          ],
          [
            -1.2553476635366678,
            51.75456689670682
          ],
          [
            -1.2550939433276653,
            51.75464769825339
          ],
          [
            -1.2549045123159885,
            51.75471701659262
          ],
          [
            -1.2546916957944632,
            51.75480008125305
          ],
          [
            -1.2545210402458906,
            51.75489228218794
          ],
          [
            -1.254566889256239,
            51.75502664409578
          ],
          [
            -1.2546800449490547,
            51.75519470125437
          ],
          [
            -1.2547742575407028,
            51.75536192022264
          ],
          [
            -1.2548365350812674,
            51.75550692714751
          ],
          [
            -1.2549583241343498,
            51.755659310147166
          ],
          [
            -1.2550484295934439,
            51.75578956492245
          ],
          [
            -1.255131745710969,
            51.755919149145484
          ],
          [
            -1.2552419677376747,
            51.75608351826668
          ],
          [
            -1.2553283013403416,
            51.75620907917619
          ],
          [
            -1.2554120365530252,
            51.75633564591408
          ],
          [
            -1.2554943468421698,
            51.756463553756475
          ],
          [
            -1.2555822730064392,
            51.75659196451306
          ],
          [
            -1.2556731328368187,
            51.75673060119152
          ],
          [
            -1.2557648308575153,
            51.756875021383166
          ],
          [
            -1.2558593787252903,
            51.75701290369034
          ],
          [
            -1.2559560220688581,
            51.7571531329304
          ],
          [
            -1.2560437805950642,
            51.75727793946862
          ],
          [
            -1.256127767264843,
            51.75741037353873
          ],
          [
            -1.256231451407075,
            51.75757113844156
          ],
          [
            -1.2563334591686726,
            51.757728047668934
          ],
          [
            -1.2564412504434586,
            51.75788143649697
          ],
          [
            -1.2565254885703325,
            51.75802258774638
          ],
          [
            -1.2565971538424492,
            51.7581597995013
          ],
          [
            -1.2566798832267523,
            51.75830053165555
          ],
          [
            -1.2567565776407719,
            51.758456686511636
          ],
          [
            -1.2568170111626387,
            51.75859088078141
          ],
          [
            -1.2569069489836693,
            51.75876245833933
          ],
          [
            -1.2569764349609613,
            51.75889925099909
          ],
          [
            -1.2570353597402573,
            51.75904191099107
          ],
          [
            -1.2571062706410885,
            51.75918742083013
          ],
          [
            -1.2571871560066938,
            51.75932706333697
          ],
          [
            -1.2572755850851536,
            51.75949386321008
          ],
          [
            -1.2573920097202063,
            51.75961481407285
          ],
          [
            -1.257649753242731,
            51.75965756177902
          ],
          [
            -1.2578905653208494,
            51.759612299501896
          ],
          [
            -1.2581605464220047,
            51.75957374274731
          ],
          [
            -1.2584386579692364,
            51.759523283690214
          ],
          [
            -1.2586899474263191,
            51.759467124938965
          ],
          [
            -1.2589041888713837,
            51.75942161120474
          ],
          [
            -1.2591247167438269,
            51.75937945023179
          ],
          [
            -1.2593606673181057,
            51.759322453290224
          ],
          [
            -1.2595856375992298,
            51.75929227843881
          ],
          [
            -1.2597956042736769,
            51.75924559123814
          ],
          [
            -1.2598372623324394,
            51.759095303714275
          ],
          [
            -1.2598206661641598,
            51.7589368019253
          ],
          [
            -1.259841788560152,
            51.75879313610494
          ],
          [
            -1.259834747761488,
            51.758656930178404
          ],
          [
            -1.2598265334963799,
            51.75850672647357
          ],
          [
            -1.259821504354477,
            51.758354594931006
          ],
          [
            -1.2598065007477999,
            51.7582131922245
          ],
          [
            -1.2598065007477999,
            51.75806365907192
          ],
          [
            -1.2597912456840277,
            51.75792099907994
          ],
          [
            -1.2597686145454645,
            51.75777900964022
          ],
          [
            -1.25970927067101,
            51.757607851177454
          ],
          [
            -1.2596655171364546,
            51.75743451341987
          ],
          [
            -1.259619165211916,
            51.75727601163089
          ],
          [
            -1.2594599090516567,
            51.757163777947426
          ],
          [
            -1.2592388782650232,
            51.7571874987334
          ],
          [
            -1.2590166740119457,
            51.75722152926028
          ],
          [
            -1.2589766923338175,
            51.75727844238281
          ]
        ]
      },
      "properties": {
        "name": "2025-05-09 (Fri) 09:20",
        "source_file": "2025-05-09-082040-ELEMNT_ROAM_A974-193-0.fit",
        "date": "2025-05-09T08:20:41",
        "sport": "cycling",
        "dropbox_id": "id:JY-PzzIM9pcAAAAAAAAAPw"
      }
    },
    {
      "type": "Feature",
      "geometry": {
        "type": "LineString",
        "coordinates": [
          [
            -1.2595583125948906,
            51.757015250623226
          ],
          [
            -1.2595067638903856,
            51.75688214600086
          ],
          [
            -1.259452784433961,
            51.75671987235546
          ],
          [
            -1.2594180833548307,
            51.756567573174834
          ],
          [
            -1.2593832146376371,
            51.75641066394746
          ],
          [
            -1.259367959573865,
            51.756246127188206
          ],
          [
            -1.2593388743698597,
            51.75607044249773
          ],
          [
            -1.2592802848666906,
            51.75593708641827
          ],
          [
            -1.2591949570924044,
            51.75580808892846
          ],
          [
            -1.259087584912777,
            51.75567749887705
          ],
          [
            -1.2590054422616959,
            51.75551765598357
          ],
          [
            -1.2589305080473423,
            51.75536862574518
          ],
          [
            -1.2588609382510185,
            51.75522102043033
          ],
          [
            -1.2587782088667154,
            51.75508238375187
          ],
          [
            -1.2586768716573715,
            51.754941903054714
          ],
          [
            -1.2585959862917662,
            51.754804188385606
          ],
          [
            -1.2585544120520353,
            51.75466613844037
          ],
          [
            -1.2585234828293324,
            51.754513420164585
          ],
          [
            -1.258504707366228,
            51.75436522811651
          ],
          [
            -1.2583841755986214,
            51.75423815846443
          ],
          [
            -1.2581322994083166,
            51.75426456145942
          ],
          [
            -1.2578800041228533,
            51.75432641990483
          ],
          [
            -1.2576640862971544,
            51.75436061806977
          ],
          [
            -1.2574355117976665,
            51.75438358448446
          ],
          [
            -1.2571817077696323,
            51.75440621562302
          ],
          [
            -1.2569440808147192,
            51.75442507490516
          ],
          [
            -1.256716512143612,
            51.75440210849047
          ],
          [
            -1.2566498760133982,
            51.75425701774657
          ],
          [
            -1.2565598543733358,
            51.75409675575793
          ],
          [
            -1.2564886081963778,
            51.75394881516695
          ],
          [
            -1.2564156856387854,
            51.75379693508148
          ],
          [
            -1.2563482951372862,
            51.753654358908534
          ],
          [
            -1.2563099898397923,
            51.75350960344076
          ],
          [
            -1.2562543340027332,
            51.753348587080836
          ],
          [
            -1.2561396695673466,
            51.753196036443114
          ],
          [
            -1.25605970621109,
            51.75303200259805
          ],
          [
            -1.2559882923960686,
            51.75285715609789
          ],
          [
            -1.2559165433049202,
            51.752684488892555
          ],
          [
            -1.2559068202972412,
            51.75252405926585
          ],
          [
            -1.2559200637042522,
            51.75237653777003
          ],
          [
            -1.2566631194204092,
            51.749476147815585
          ],
          [
            -1.2566252332180738,
            51.749279759824276
          ],
          [
            -1.2565886043012142,
            51.74909711815417
          ],
          [
            -1.2565650511533022,
            51.74892872571945
          ],
          [
            -1.2565444316715002,
            51.7487692181021
          ],
          [
            -1.2564985826611519,
            51.74861968494952
          ],
          [
            -1.2564468663185835,
            51.74845942296088
          ],
          [
            -1.2564149312675,
            51.74830016680062
          ],
          [
            -1.256393138319254,
            51.74813646823168
          ],
          [
            -1.2563833314925432,
            51.74796908162534
          ],
          [
            -1.2563883606344461,
            51.747808987274766
          ],
          [
            -1.256391629576683,
            51.74765274859965
          ],
          [
            -1.2563832476735115,
            51.7474998626858
          ],
          [
            -1.2563797272741795,
            51.747346725314856
          ],
          [
            -1.2563699204474688,
            51.74719509668648
          ],
          [
            -1.2563582696020603,
            51.747038438916206
          ],
          [
            -1.256348378956318,
            51.74688706174493
          ],
          [
            -1.2563450261950493,
            51.746745156124234
          ],
          [
            -1.256343349814415,
            51.74659285694361
          ],
          [
            -1.2563367281109095,
            51.74645287916064
          ],
          [
            -1.2563232332468033,
            51.746283983811736
          ],
          [
            -1.2563030328601599,
            51.74610771238804
          ],
          [
            -1.2562831677496433,
            51.74597058445215
          ],
          [
            -1.2562633864581585,
            51.74580378457904
          ],
          [
            -1.256244946271181,
            51.74561284482479
          ],
          [
            -1.2562214769423008,
            51.745409751310945
          ],
          [
            -1.2561980914324522,
            51.74523021094501
          ],
          [
            -1.2561749573796988,
            51.7450668476522
          ],
          [
            -1.2561464589089155,
            51.744890827685595
          ],
          [
            -1.256113015115261,
            51.74471137113869
          ],
          [
            -1.2560833431780338,
            51.74454473890364
          ],
          [
            -1.256061801686883,
            51.744377855211496
          ],
          [
            -1.2560282740741968,
            51.74421281553805
          ],
          [
            -1.2559898849576712,
            51.744063617661595
          ],
          [
            -1.2559565249830484,
            51.74392280168831
          ],
          [
            -1.2559181358665228,
            51.74376983195543
          ],
          [
            -1.2558717001229525,
            51.7436333745718
          ],
          [
            -1.2558138649910688,
            51.74348191358149
          ],
          [
            -1.2557442113757133,
            51.743314526975155
          ],
          [
            -1.2556527648121119,
            51.743132304400206
          ],
          [
            -1.2555831111967564,
            51.742995930835605
          ],
          [
            -1.255513122305274,
            51.74286609515548
          ],
          [
            -1.2554347515106201,
            51.74271731637418
          ],
          [
            -1.2553525250405073,
            51.742567447945476
          ],
          [
            -1.255267532542348,
            51.742414981126785
          ],
          [
            -1.2551889941096306,
            51.74227265641093
          ],
          [
            -1.255115233361721,
            51.742134522646666
          ],
          [
            -1.2550439033657312,
            51.741997729986906
          ],
          [
            -1.2549610063433647,
            51.74184978939593
          ],
          [
            -1.2548692245036364,
            51.74169296398759
          ],
          [
            -1.2547651212662458,
            51.74152012914419
          ],
          [
            -1.2546602636575699,
            51.741344863548875
          ],
          [
            -1.2545519694685936,
            51.74117202870548
          ],
          [
            -1.2544289231300354,
            51.741003384813666
          ],
          [
            -1.2543184496462345,
            51.74084865488112
          ],
          [
            -1.2542062159627676,
            51.74068780615926
          ],
          [
            -1.2540769670158625,
            51.74051698297262
          ],
          [
            -1.2539902981370687,
            51.740388572216034
          ],
          [
            -1.2539016176015139,
            51.74025488086045
          ],
          [
            -1.25379734672606,
            51.74012253060937
          ],
          [
            -1.2536929082125425,
            51.73999361693859
          ],
          [
            -1.2535853683948517,
            51.73986646346748
          ],
          [
            -1.2534451391547918,
            51.73968516290188
          ],
          [
            -1.253347909078002,
            51.73955867998302
          ],
          [
            -1.2532105296850204,
            51.7393783852458
          ],
          [
            -1.2530765868723392,
            51.73919666558504
          ],
          [
            -1.2529462482780218,
            51.73901695758104
          ],
          [
            -1.2528154905885458,
            51.73883649520576
          ],
          [
            -1.2526872474700212,
            51.73865360207856
          ],
          [
            -1.2525596749037504,
            51.73847146332264
          ],
          [
            -1.2524373829364777,
            51.7382837086916
          ],
          [
            -1.252318862825632,
            51.73810785636306
          ],
          [
            -1.2522053718566895,
            51.737928399816155
          ],
          [
            -1.2520974967628717,
            51.73775363713503
          ],
          [
            -1.2519986741244793,
            51.737583903595805
          ],
          [
            -1.2518999353051186,
            51.737415259703994
          ],
          [
            -1.2518107518553734,
            51.7372421734035
          ],
          [
            -1.251715449616313,
            51.737073697149754
          ],
          [
            -1.2516227457672358,
            51.73690304160118
          ],
          [
            -1.2515243422240019,
            51.73673892393708
          ],
          [
            -1.2514325603842735,
            51.73657086677849
          ],
          [
            -1.2513307202607393,
            51.73639526590705
          ],
          [
            -1.2512276228517294,
            51.73622771166265
          ],
          [
            -1.2511313147842884,
            51.73605672083795
          ],
          [
            -1.25103953294456,
            51.7358884960413
          ],
          [
            -1.250954121351242,
            51.73572001978755
          ],
          [
            -1.2508609984070063,
            51.73555254936218
          ],
          [
            -1.250772988423705,
            51.73538541421294
          ],
          [
            -1.2506823800504208,
            51.73521978780627
          ],
          [
            -1.2505990639328957,
            51.735056256875396
          ],
          [
            -1.2505075335502625,
            51.73490010201931
          ],
          [
            -1.2504130695015192,
            51.73474847339094
          ],
          [
            -1.2503217067569494,
            51.734600281342864
          ],
          [
            -1.250241408124566,
            51.73445854336023
          ],
          [
            -1.2501730117946863,
            51.734324768185616
          ],
          [
            -1.2500899471342564,
            51.734187975525856
          ],
          [
            -1.2500010151416063,
            51.73405730165541
          ],
          [
            -1.2499037850648165,
            51.73391547985375
          ],
          [
            -1.2498071417212486,
            51.73376695252955
          ],
          [
            -1.2497022841125727,
            51.73362814821303
          ],
          [
            -1.2495994381606579,
            51.73347777687013
          ],
          [
            -1.2494990229606628,
            51.73333981074393
          ],
          [
            -1.2494021281599998,
            51.7331980727613
          ],
          [
            -1.2493108492344618,
            51.73305759206414
          ],
          [
            -1.2492211628705263,
            51.73290931619704
          ],
          [
            -1.249146480113268,
            51.73276087269187
          ],
          [
            -1.24907280318439,
            51.732611088082194
          ],
          [
            -1.249011866748333,
            51.73245292156935
          ],
          [
            -1.2489310652017593,
            51.732316464185715
          ],
          [
            -1.2488316558301449,
            51.73218537122011
          ],
          [
            -1.248768037185073,
            51.73205126076937
          ],
          [
            -1.2486992217600346,
            51.73191304318607
          ],
          [
            -1.2486008182168007,
            51.731779938563704
          ],
          [
            -1.2484708987176418,
            51.73165446147323
          ],
          [
            -1.248368052765727,
            51.73152470961213
          ],
          [
            -1.2483092956244946,
            51.73138598911464
          ],
          [
            -1.2482598423957825,
            51.73123494721949
          ],
          [
            -1.2482116464525461,
            51.73108675517142
          ],
          [
            -1.2481599301099777,
            51.73094158060849
          ],
          [
            -1.2481229659169912,
            51.73078400082886
          ],
          [
            -1.248089773580432,
            51.730631617829204
          ],
          [
            -1.2480581738054752,
            51.73047948628664
          ],
          [
            -1.2480303458869457,
            51.73033372499049
          ],
          [
            -1.2480081338435411,
            51.73018486239016
          ],
          [
            -1.2479865085333586,
            51.73004027456045
          ],
          [
            -1.2479647994041443,
            51.72989560291171
          ],
          [
            -1.247939821332693,
            51.72975059598684
          ],
          [
            -1.2479181960225105,
            51.72960927709937
          ],
          [
            -1.2478997558355331,
            51.729467790573835
          ],
          [
            -1.2478797230869532,
            51.72933066263795
          ],
          [
            -1.2478466145694256,
            51.729194205254316
          ],
          [
            -1.2478150986135006,
            51.729057831689715
          ],
          [
            -1.2477813195437193,
            51.72891483642161
          ],
          [
            -1.2477430142462254,
            51.72876974567771
          ],
          [
            -1.2477030325680971,
            51.72862180508673
          ],
          [
            -1.2476024497300386,
            51.728472942486405
          ],
          [
            -1.2474452890455723,
            51.728346794843674
          ],
          [
            -1.247266586869955,
            51.72822408378124
          ],
          [
            -1.247128788381815,
            51.72809483483434
          ],
          [
            -1.2470008805394173,
            51.7279655020684
          ],
          [
            -1.2468664348125458,
            51.727824937552214
          ],
          [
            -1.2467208411544561,
            51.72769099473953
          ],
          [
            -1.2465800251811743,
            51.72757842577994
          ],
          [
            -1.246405178681016,
            51.72749259509146
          ],
          [
            -1.2462332658469677,
            51.72740852460265
          ],
          [
            -1.246045008301735,
            51.72732093371451
          ],
          [
            -1.245848536491394,
            51.72722948715091
          ],
          [
            -1.2456507235765457,
            51.727138040587306
          ],
          [
            -1.2454479653388262,
            51.72704676166177
          ],
          [
            -1.2452409323304892,
            51.726951291784644
          ],
          [
            -1.2450332287698984,
            51.72685548663139
          ],
          [
            -1.2448288779705763,
            51.726765716448426
          ],
          [
            -1.2446204200387,
            51.72666572034359
          ],
          [
            -1.2444146443158388,
            51.726570753380656
          ],
          [
            -1.2442085333168507,
            51.726474864408374
          ],
          [
            -1.2440025061368942,
            51.72637830488384
          ],
          [
            -1.243818523362279,
            51.72629180364311
          ],
          [
            -1.2436380609869957,
            51.72620823606849
          ],
          [
            -1.243453910574317,
            51.726124081760645
          ],
          [
            -1.2432616297155619,
            51.72603523358703
          ],
          [
            -1.2430665828287601,
            51.72594370320439
          ],
          [
            -1.2428773194551468,
            51.72585250809789
          ],
          [
            -1.2426806800067425,
            51.72576089389622
          ],
          [
            -1.242486722767353,
            51.725665256381035
          ],
          [
            -1.2422837130725384,
            51.72558227553964
          ],
          [
            -1.2420812901109457,
            51.725494265556335
          ],
          [
            -1.2418768554925919,
            51.72540600411594
          ],
          [
            -1.2416834849864244,
            51.72532193362713
          ],
          [
            -1.2414943054318428,
            51.725233839824796
          ],
          [
            -1.2413002643734217,
            51.72514658421278
          ],
          [
            -1.2411064747720957,
            51.725059412419796
          ],
          [
            -1.2409255933016539,
            51.72497131861746
          ],
          [
            -1.2407447956502438,
            51.7248831409961
          ],
          [
            -1.2405581306666136,
            51.724791526794434
          ],
          [
            -1.2403642572462559,
            51.72470443882048
          ],
          [
            -1.240175999701023,
            51.724612824618816
          ],
          [
            -1.2399900890886784,
            51.72452548518777
          ],
          [
            -1.239808201789856,
            51.72444527037442
          ],
          [
            -1.2396267335861921,
            51.72436463646591
          ],
          [
            -1.2393922917544842,
            51.72426179051399
          ],
          [
            -1.239157933741808,
            51.72415810637176
          ],
          [
            -1.2389319576323032,
            51.724051823839545
          ],
          [
            -1.238744119182229,
            51.72396808862686
          ],
          [
            -1.2385667581111193,
            51.72388770617545
          ],
          [
            -1.238385709002614,
            51.72380321659148
          ],
          [
            -1.2381502613425255,
            51.72369693405926
          ],
          [
            -1.2379700504243374,
            51.72360992990434
          ],
          [
            -1.2377415597438812,
            51.723506078124046
          ],
          [
            -1.237506614997983,
            51.72339535318315
          ],
          [
            -1.2373350374400616,
            51.7233117017895
          ],
          [
            -1.2371032778173685,
            51.72320860438049
          ],
          [
            -1.2368732783943415,
            51.72310559079051
          ],
          [
            -1.2366451229900122,
            51.722998805344105
          ],
          [
            -1.236472288146615,
            51.722911382094026
          ],
          [
            -1.2362530175596476,
            51.72280786558986
          ],
          [
            -1.2360282987356186,
            51.722705103456974
          ],
          [
            -1.2357998918741941,
            51.72260586172342
          ],
          [
            -1.2355713173747063,
            51.72250653617084
          ],
          [
            -1.2353320140391588,
            51.72240746207535
          ],
          [
            -1.2351194489747286,
            51.722369911149144
          ],
          [
            -1.2348359730094671,
            51.72233554534614
          ],
          [
            -1.2345561850816011,
            51.722301598638296
          ],
          [
            -1.2343406863510609,
            51.72227477654815
          ],
          [
            -1.2340705376118422,
            51.72225943766534
          ],
          [
            -1.2338036578148603,
            51.72225583344698
          ],
          [
            -1.2335435673594475,
            51.72230520285666
          ],
          [
            -1.2333401385694742,
            51.72235515899956
          ],
          [
            -1.2330843228846788,
            51.72239698469639
          ],
          [
            -1.2328300159424543,
            51.72244291752577
          ],
          [
            -1.2325731106102467,
            51.72248491086066
          ],
          [
            -1.2323081586509943,
            51.722518941387534
          ],
          [
            -1.2320236768573523,
            51.72255355864763
          ],
          [
            -1.2317533604800701,
            51.722591528669
          ],
          [
            -1.2315381970256567,
            51.722614327445626
          ],
          [
            -1.2313094548881054,
            51.72263368964195
          ],
          [
            -1.2310963030904531,
            51.722671911120415
          ],
          [
            -1.2308821454644203,
            51.722725639119744
          ],
          [
            -1.2306712567806244,
            51.72277878038585
          ],
          [
            -1.23046581633389,
            51.722828233614564
          ],
          [
            -1.2302571907639503,
            51.72289746813476
          ],
          [
            -1.2300516664981842,
            51.72296251170337
          ],
          [
            -1.2298424541950226,
            51.72301950864494
          ],
          [
            -1.2296340800821781,
            51.723083797842264
          ],
          [
            -1.229427047073841,
            51.72314817085862
          ],
          [
            -1.2292233668267727,
            51.723213801160455
          ],
          [
            -1.2290073651820421,
            51.723286556079984
          ],
          [
            -1.228799493983388,
            51.72334682196379
          ],
          [
            -1.2285963166505098,
            51.723411697894335
          ],
          [
            -1.2283809017390013,
            51.723472801968455
          ],
          [
            -1.2281756289303303,
            51.72353457659483
          ],
          [
            -1.2279721163213253,
            51.72359115444124
          ],
          [
            -1.2277567852288485,
            51.72364421188831
          ],
          [
            -1.2275277078151703,
            51.72369047999382
          ],
          [
            -1.2272887397557497,
            51.72374018467963
          ],
          [
            -1.227046251296997,
            51.7237934935838
          ],
          [
            -1.2268102169036865,
            51.72385074198246
          ],
          [
            -1.226573009043932,
            51.723923329263926
          ],
          [
            -1.226332699880004,
            51.72398812137544
          ],
          [
            -1.2260975036770105,
            51.724044950678945
          ],
          [
            -1.2258690129965544,
            51.72409457154572
          ],
          [
            -1.2256536819040775,
            51.72413941472769
          ],
          [
            -1.2254010513424873,
            51.724205715581775
          ],
          [
            -1.2251356802880764,
            51.724293725565076
          ],
          [
            -1.2249118834733963,
            51.72438860870898
          ],
          [
            -1.2246827222406864,
            51.7243683245033
          ],
          [
            -1.2244551535695791,
            51.7242425121367
          ],
          [
            -1.2242789659649134,
            51.724159363657236
          ],
          [
            -1.2240724358707666,
            51.72410923987627
          ],
          [
            -1.2239363975822926,
            51.72397915273905
          ],
          [
            -1.2238983437418938,
            51.723842695355415
          ],
          [
            -1.2239166162908077,
            51.723694084212184
          ],
          [
            -1.2239617947489023,
            51.723556369543076
          ],
          [
            -1.2239799834787846,
            51.72339920885861
          ],
          [
            -1.2239832524210215,
            51.72325403429568
          ],
          [
            -1.2239849288016558,
            51.7231010645628
          ],
          [
            -1.2239683326333761,
            51.72294574789703
          ],
          [
            -1.223963387310505,
            51.72279328107834
          ],
          [
            -1.2239666562527418,
            51.72263268381357
          ],
          [
            -1.2239617109298706,
            51.72247183509171
          ],
          [
            -1.223963387310505,
            51.72231660224497
          ],
          [
            -1.223961627110839,
            51.72215575352311
          ],
          [
            -1.2239465396851301,
            51.721983924508095
          ],
          [
            -1.2239299435168505,
            51.721816286444664
          ],
          [
            -1.2239266745746136,
            51.72165920957923
          ],
          [
            -1.223923321813345,
            51.721493415534496
          ],
          [
            -1.2239367328584194,
            51.7213551979512
          ],
          [
            -1.2240024469792843,
            51.72121345996857
          ],
          [
            -1.2241487111896276,
            51.72108706086874
          ],
          [
            -1.2243386451154947,
            51.720962254330516
          ],
          [
            -1.2245377991348505,
            51.72083979472518
          ],
          [
            -1.2247448321431875,
            51.72070576809347
          ],
          [
            -1.2249301560223103,
            51.72057199291885
          ],
          [
            -1.2251258734613657,
            51.72043436206877
          ],
          [
            -1.2253137957304716,
            51.72029446810484
          ],
          [
            -1.2254861276596785,
            51.72014652751386
          ],
          [
            -1.2256604712456465,
            51.72000462189317
          ],
          [
            -1.2258115131407976,
            51.71987000852823
          ],
          [
            -1.2259478028863668,
            51.7197385802865
          ],
          [
            -1.2261007726192474,
            51.71961285173893
          ],
          [
            -1.2262595258653164,
            51.719486536458135
          ],
          [
            -1.2264283373951912,
            51.71937849372625
          ],
          [
            -1.226606871932745,
            51.719271540641785
          ],
          [
            -1.2267844006419182,
            51.71914950013161
          ],
          [
            -1.2269359454512596,
            51.719000805169344
          ],
          [
            -1.2271052598953247,
            51.7188320774585
          ],
          [
            -1.2272223550826311,
            51.71871338970959
          ],
          [
            -1.2273411266505718,
            51.718596294522285
          ],
          [
            -1.2275140453130007,
            51.718432595953345
          ],
          [
            -1.2276574596762657,
            51.7182741779834
          ],
          [
            -1.2278067413717508,
            51.718114502727985
          ],
          [
            -1.227911515161395,
            51.717958096414804
          ],
          [
            -1.2280022911727428,
            51.71779523603618
          ],
          [
            -1.2281022872775793,
            51.71762751415372
          ],
          [
            -1.2282126769423485,
            51.71744738705456
          ],
          [
            -1.228296747431159,
            51.71731671318412
          ],
          [
            -1.2283794768154621,
            51.717175813391805
          ],
          [
            -1.2284477893263102,
            51.71703156083822
          ],
          [
            -1.2285299319773912,
            51.71688864938915
          ],
          [
            -1.2286196183413267,
            51.71674171462655
          ],
          [
            -1.2287154234945774,
            51.71659762971103
          ],
          [
            -1.2288042716681957,
            51.71644407324493
          ],
          [
            -1.228890186175704,
            51.71627853065729
          ],
          [
            -1.2289762683212757,
            51.71611541882157
          ],
          [
            -1.229057488963008,
            51.7159518878907
          ],
          [
            -1.2291239574551582,
            51.71578047797084
          ],
          [
            -1.2291786912828684,
            51.71560890041292
          ],
          [
            -1.2292186729609966,
            51.715432880446315
          ],
          [
            -1.229238621890545,
            51.71525971032679
          ],
          [
            -1.2292399629950523,
            51.71508419327438
          ],
          [
            -1.2292266357690096,
            51.71490817330778
          ],
          [
            -1.229204423725605,
            51.714722933247685
          ],
          [
            -1.2291558925062418,
            51.71454389579594
          ],
          [
            -1.2290926091372967,
            51.714365193620324
          ],
          [
            -1.229013567790389,
            51.71418908983469
          ],
          [
            -1.228910805657506,
            51.71402396634221
          ],
          [
            -1.228795973584056,
            51.713871667161584
          ],
          [
            -1.2286750227212906,
            51.713724145665765
          ],
          [
            -1.2285456899553537,
            51.7135894484818
          ],
          [
            -1.2284187879413366,
            51.7134462017566
          ],
          [
            -1.2282983399927616,
            51.71330848708749
          ],
          [
            -1.2281773891299963,
            51.71317957341671
          ],
          [
            -1.2280545104295015,
            51.71305635944009
          ],
          [
            -1.227934816852212,
            51.71293624676764
          ],
          [
            -1.2278200685977936,
            51.71282032504678
          ],
          [
            -1.2276572082191706,
            51.71266064979136
          ],
          [
            -1.2274820264428854,
            51.71251597814262
          ],
          [
            -1.227292511612177,
            51.71240659430623
          ],
          [
            -1.2271163240075111,
            51.71230257488787
          ],
          [
            -1.226850701496005,
            51.71231816522777
          ],
          [
            -1.2266927864402533,
            51.712421933189034
          ],
          [
            -1.226537050679326,
            51.71253659762442
          ],
          [
            -1.2263256590813398,
            51.7126084305346
          ],
          [
            -1.2260880321264267,
            51.71260063536465
          ],
          [
            -1.2258536741137505,
            51.71256593428552
          ],
          [
            -1.2256592139601707,
            51.71249049715698
          ],
          [
            -1.2254876364022493,
            51.712371138855815
          ],
          [
            -1.2253566272556782,
            51.71223443001509
          ],
          [
            -1.2251847982406616,
            51.71213451772928
          ],
          [
            -1.2253111135214567,
            51.71210467815399
          ]
        ]
      },
      "properties": {
        "name": "2025-05-09 (Fri) 17:26",
        "source_file": "2025-05-09-162639-ELEMNT_ROAM_A974-194-0.fit",
        "date": "2025-05-09T16:26:40",
        "sport": "cycling",
        "dropbox_id": "id:JY-PzzIM9pcAAAAAAAAAQA"
      }
    },
    {
      "type": "Feature",
      "geometry": {
        "type": "LineString",
        "coordinates": [
          [
            -1.2258000299334526,
            51.7114257439971
          ],
          [
            -1.2259135209023952,
            51.711567901074886
          ],
          [
            -1.2260639760643244,
            51.711673932150006
          ],
          [
            -1.2262719310820103,
            51.71172363683581
          ],
          [
            -1.2265230529010296,
            51.71173855662346
          ],
          [
            -1.2267630267888308,
            51.711726654320955
          ],
          [
            -1.2269455846399069,
            51.711628921329975
          ],
          [
            -1.2271011527627707,
            51.711523393169045
          ],
          [
            -1.2272554636001587,
            51.71142096631229
          ],
          [
            -1.2274964433163404,
            51.711432030424476
          ],
          [
            -1.2276386003941298,
            51.71154753305018
          ],
          [
            -1.2277811765670776,
            51.71168038621545
          ],
          [
            -1.2279205676168203,
            51.71182153746486
          ],
          [
            -1.228072950616479,
            51.71192379668355
          ],
          [
            -1.228216029703617,
            51.712027145549655
          ],
          [
            -1.2283492181450129,
            51.712136110290885
          ],
          [
            -1.228474611416459,
            51.71225496567786
          ],
          [
            -1.2285952270030975,
            51.71238128095865
          ],
          [
            -1.2287190277129412,
            51.71251564286649
          ],
          [
            -1.2288445886224508,
            51.71264983713627
          ],
          [
            -1.2289627734571695,
            51.712771793827415
          ],
          [
            -1.229105181992054,
            51.712925182655454
          ],
          [
            -1.229240382090211,
            51.71308586373925
          ],
          [
            -1.2293265480548143,
            51.71321460977197
          ],
          [
            -1.2294065952301025,
            51.71335584484041
          ],
          [
            -1.229466274380684,
            51.7134961578995
          ],
          [
            -1.22951690107584,
            51.71364686451852
          ],
          [
            -1.229554619640112,
            51.713796900585294
          ],
          [
            -1.2295801006257534,
            51.7139486130327
          ],
          [
            -1.2295901589095592,
            51.71409705653787
          ],
          [
            -1.229594936594367,
            51.71423401683569
          ],
          [
            -1.229581693187356,
            51.71439788304269
          ],
          [
            -1.2295578885823488,
            51.71455546282232
          ],
          [
            -1.2295126263052225,
            51.71472804620862
          ],
          [
            -1.2294664420187473,
            51.714913537725806
          ],
          [
            -1.2294169049710035,
            51.715083187446
          ],
          [
            -1.2293511908501387,
            51.7152644880116
          ],
          [
            -1.2293031625449657,
            51.7153974249959
          ],
          [
            -1.22923300601542,
            51.71556942164898
          ],
          [
            -1.2291617598384619,
            51.71573605388403
          ],
          [
            -1.2290823832154274,
            51.71589866280556
          ],
          [
            -1.2290028389543295,
            51.71606537885964
          ],
          [
            -1.2289223726838827,
            51.71623041853309
          ],
          [
            -1.228841906413436,
            51.716392105445266
          ],
          [
            -1.2287575844675303,
            51.7165544629097
          ],
          [
            -1.228674603626132,
            51.71671757474542
          ],
          [
            -1.2285917066037655,
            51.71686928719282
          ],
          [
            -1.2284993380308151,
            51.71704622916877
          ],
          [
            -1.2284168601036072,
            51.71720481477678
          ],
          [
            -1.2283386569470167,
            51.71736842952669
          ],
          [
            -1.228262884542346,
            51.71751184388995
          ],
          [
            -1.2282062228769064,
            51.7176560126245
          ],
          [
            -1.2280998565256596,
            51.71782314777374
          ],
          [
            -1.2279917299747467,
            51.71797947026789
          ],
          [
            -1.2278755567967892,
            51.71813512220979
          ],
          [
            -1.2277372553944588,
            51.71828574500978
          ],
          [
            -1.2275862134993076,
            51.71843385323882
          ],
          [
            -1.2274722196161747,
            51.71855111606419
          ],
          [
            -1.2273576389998198,
            51.71867072582245
          ],
          [
            -1.2272206787019968,
            51.7188217677176
          ],
          [
            -1.227081287652254,
            51.71896778047085
          ],
          [
            -1.2269394658505917,
            51.719112787395716
          ],
          [
            -1.2267803773283958,
            51.71923809684813
          ],
          [
            -1.2265860009938478,
            51.71935209073126
          ],
          [
            -1.2264017667621374,
            51.71946331858635
          ],
          [
            -1.226218705996871,
            51.71959659084678
          ],
          [
            -1.226081745699048,
            51.7197248339653
          ],
          [
            -1.2259581126272678,
            51.71985860913992
          ],
          [
            -1.2257814221084118,
            51.71998995356262
          ],
          [
            -1.225618226453662,
            51.72012339346111
          ],
          [
            -1.225456539541483,
            51.72025557607412
          ],
          [
            -1.2252953555434942,
            51.720384657382965
          ],
          [
            -1.2251167371869087,
            51.72050845809281
          ],
          [
            -1.224937615916133,
            51.72063762322068
          ],
          [
            -1.224765870720148,
            51.72075974754989
          ],
          [
            -1.2245995737612247,
            51.720872819423676
          ],
          [
            -1.224430175498128,
            51.72099284827709
          ],
          [
            -1.2242629565298557,
            51.72110659070313
          ],
          [
            -1.2241233140230179,
            51.72122586518526
          ],
          [
            -1.2240704242140055,
            51.721369195729494
          ],
          [
            -1.2240269221365452,
            51.721518812701106
          ],
          [
            -1.2239920534193516,
            51.72166172415018
          ],
          [
            -1.2239750381559134,
            51.72180044464767
          ],
          [
            -1.2239965796470642,
            51.72196162864566
          ],
          [
            -1.2240033689886332,
            51.7221150174737
          ],
          [
            -1.2240000162273645,
            51.72225524671376
          ],
          [
            -1.2239899579435587,
            51.722423220053315
          ],
          [
            -1.224031699821353,
            51.72259144484997
          ],
          [
            -1.2240383215248585,
            51.72276218421757
          ],
          [
            -1.2240399979054928,
            51.722922530025244
          ],
          [
            -1.2240483798086643,
            51.72308689914644
          ],
          [
            -1.2240533251315355,
            51.72322494909167
          ],
          [
            -1.2240366451442242,
            51.72336216084659
          ],
          [
            -1.2240115832537413,
            51.72350373119116
          ],
          [
            -1.223991634324193,
            51.723643876612186
          ],
          [
            -1.2239636387676,
            51.72382199205458
          ],
          [
            -1.2239367328584194,
            51.72398024238646
          ],
          [
            -1.2240629643201828,
            51.72409809194505
          ],
          [
            -1.2243088893592358,
            51.72410203143954
          ],
          [
            -1.224537380039692,
            51.72415123321116
          ],
          [
            -1.224754387512803,
            51.72425533644855
          ],
          [
            -1.2249619234353304,
            51.72433094121516
          ],
          [
            -1.2251868098974228,
            51.72427042387426
          ],
          [
            -1.2254136241972446,
            51.72421971336007
          ],
          [
            -1.2256333976984024,
            51.724159782752395
          ],
          [
            -1.2258739583194256,
            51.72409809194505
          ],
          [
            -1.226111501455307,
            51.7240524943918
          ],
          [
            -1.2263639643788338,
            51.723991641774774
          ],
          [
            -1.226577702909708,
            51.7239385843277
          ],
          [
            -1.2268564011901617,
            51.72386943362653
          ],
          [
            -1.2270812038332224,
            51.7238088324666
          ],
          [
            -1.2273183278739452,
            51.723754266276956
          ],
          [
            -1.2275606486946344,
            51.72370850108564
          ],
          [
            -1.227780170738697,
            51.72364748083055
          ],
          [
            -1.2279853597283363,
            51.72359073534608
          ],
          [
            -1.2282125931233168,
            51.723532900214195
          ],
          [
            -1.228466397151351,
            51.723465006798506
          ],
          [
            -1.2287160940468311,
            51.72338881529868
          ],
          [
            -1.228970903903246,
            51.72330776229501
          ],
          [
            -1.2292066030204296,
            51.72323123551905
          ],
          [
            -1.2294531986117363,
            51.72315160743892
          ],
          [
            -1.2297006323933601,
            51.72307617031038
          ],
          [
            -1.2299468088895082,
            51.72299570403993
          ],
          [
            -1.2301879562437534,
            51.72292286530137
          ],
          [
            -1.2304351385682821,
            51.72284985892475
          ],
          [
            -1.2306927982717752,
            51.72278959304094
          ],
          [
            -1.2309757713228464,
            51.72274743206799
          ],
          [
            -1.2312493566423655,
            51.72269378788769
          ],
          [
            -1.2315176613628864,
            51.72264433465898
          ],
          [
            -1.2317871395498514,
            51.72259898856282
          ],
          [
            -1.232063490897417,
            51.72256822697818
          ],
          [
            -1.2323276046663523,
            51.72252614982426
          ],
          [
            -1.2325798999518156,
            51.72247661277652
          ],
          [
            -1.2328669801354408,
            51.722423220053315
          ],
          [
            -1.2331626936793327,
            51.722373850643635
          ],
          [
            -1.2334519531577826,
            51.72233160585165
          ],
          [
            -1.2337380275130272,
            51.722275111824274
          ],
          [
            -1.2340472359210253,
            51.72225574962795
          ],
          [
            -1.2343277782201767,
            51.722286343574524
          ],
          [
            -1.2346303649246693,
            51.72231660224497
          ],
          [
            -1.2349207140505314,
            51.72234334051609
          ],
          [
            -1.2352020107209682,
            51.7223737668246
          ],
          [
            -1.2354517076164484,
            51.7224464379251
          ],
          [
            -1.235673325136304,
            51.72254945151508
          ],
          [
            -1.23589008115232,
            51.722656320780516
          ],
          [
            -1.2361070048063993,
            51.7227503657341
          ],
          [
            -1.236330633983016,
            51.72285798937082
          ],
          [
            -1.2365608010441065,
            51.722965613007545
          ],
          [
            -1.2367815803736448,
            51.72307197935879
          ],
          [
            -1.2370094005018473,
            51.723174741491675
          ],
          [
            -1.2372368853539228,
            51.72328496351838
          ],
          [
            -1.2374858278781176,
            51.723396610468626
          ],
          [
            -1.2377289030700922,
            51.72350339591503
          ],
          [
            -1.2379458267241716,
            51.7236087564379
          ],
          [
            -1.2381930090487003,
            51.72372040338814
          ],
          [
            -1.238445807248354,
            51.723835403099656
          ],
          [
            -1.2387053109705448,
            51.72395719215274
          ],
          [
            -1.2389639765024185,
            51.724078645929694
          ],
          [
            -1.239219456911087,
            51.724192555993795
          ],
          [
            -1.2394019309431314,
            51.72427226789296
          ],
          [
            -1.2395903561264277,
            51.72435851767659
          ],
          [
            -1.2397718243300915,
            51.72444242052734
          ],
          [
            -1.2399465031921864,
            51.724523892626166
          ],
          [
            -1.2401268817484379,
            51.72460410743952
          ],
          [
            -1.2403102777898312,
            51.72468960285187
          ],
          [
            -1.240585120394826,
            51.72481088899076
          ],
          [
            -1.2407720368355513,
            51.724895630031824
          ],
          [
            -1.2409587018191814,
            51.72497953288257
          ],
          [
            -1.241139080375433,
            51.72506360337138
          ],
          [
            -1.2413174472749233,
            51.72514155507088
          ],
          [
            -1.2415008433163166,
            51.725226966664195
          ],
          [
            -1.2416818924248219,
            51.725314389914274
          ],
          [
            -1.2418586667627096,
            51.725394604727626
          ],
          [
            -1.2420413922518492,
            51.72547976486385
          ],
          [
            -1.2422239501029253,
            51.725564086809754
          ],
          [
            -1.2424895726144314,
            51.725684870034456
          ],
          [
            -1.2426686938852072,
            51.725772209465504
          ],
          [
            -1.2428556103259325,
            51.7258570343256
          ],
          [
            -1.2430372461676598,
            51.725936410948634
          ],
          [
            -1.2432222347706556,
            51.72602106817067
          ],
          [
            -1.2434074748307467,
            51.726105976849794
          ],
          [
            -1.243587601929903,
            51.7261921428144
          ],
          [
            -1.24376580119133,
            51.726278057321906
          ],
          [
            -1.2439517118036747,
            51.726361121982336
          ],
          [
            -1.2441290728747845,
            51.72644385136664
          ],
          [
            -1.2443130556493998,
            51.72652951441705
          ],
          [
            -1.2444913387298584,
            51.72660956159234
          ],
          [
            -1.2447514291852713,
            51.72672715969384
          ],
          [
            -1.2450073286890984,
            51.726845763623714
          ],
          [
            -1.2452557682991028,
            51.72695581801236
          ],
          [
            -1.245504878461361,
            51.727070566266775
          ],
          [
            -1.2457466125488281,
            51.727180453017354
          ],
          [
            -1.245984910055995,
            51.727294865995646
          ],
          [
            -1.2462143227458,
            51.72739083878696
          ],
          [
            -1.2464295700192451,
            51.7274977080524
          ],
          [
            -1.2466286402195692,
            51.72761564143002
          ],
          [
            -1.246786555275321,
            51.72775838524103
          ],
          [
            -1.2469454761594534,
            51.72792099416256
          ],
          [
            -1.2471100967377424,
            51.72808846458793
          ],
          [
            -1.247291648760438,
            51.72825233079493
          ],
          [
            -1.2475037947297096,
            51.72839289531112
          ],
          [
            -1.2476645596325397,
            51.72854108735919
          ],
          [
            -1.2477284297347069,
            51.72870671376586
          ],
          [
            -1.2477684952318668,
            51.72886370681226
          ],
          [
            -1.2477983348071575,
            51.72902673482895
          ],
          [
            -1.2478517275303602,
            51.72919504344463
          ],
          [
            -1.2478816509246826,
            51.72936997376382
          ],
          [
            -1.2479132506996393,
            51.729552363976836
          ],
          [
            -1.2479417491704226,
            51.72973718494177
          ],
          [
            -1.247964883223176,
            51.72991815023124
          ],
          [
            -1.2480000872164965,
            51.730106910690665
          ],
          [
            -1.248028501868248,
            51.730294581502676
          ],
          [
            -1.2480686511844397,
            51.7304817494005
          ],
          [
            -1.248107124119997,
            51.73067260533571
          ],
          [
            -1.2481517996639013,
            51.73085457645357
          ],
          [
            -1.2481984868645668,
            51.731026070192456
          ],
          [
            -1.2482512928545475,
            51.73120753839612
          ],
          [
            -1.2483099661767483,
            51.731391940265894
          ],
          [
            -1.2483782786875963,
            51.731548346579075
          ],
          [
            -1.248490260913968,
            51.73168589361012
          ],
          [
            -1.2486253771930933,
            51.73181187361479
          ],
          [
            -1.2487139739096165,
            51.731953946873546
          ],
          [
            -1.2487822864204645,
            51.73209895379841
          ],
          [
            -1.2488567177206278,
            51.73225804232061
          ],
          [
            -1.2489194981753826,
            51.73240221105516
          ],
          [
            -1.2489852122962475,
            51.732544619590044
          ],
          [
            -1.2490302231162786,
            51.732720555737615
          ],
          [
            -1.2491050735116005,
            51.73287604004145
          ],
          [
            -1.2491855397820473,
            51.73300612717867
          ],
          [
            -1.2493745516985655,
            51.73308106139302
          ],
          [
            -1.2495124340057373,
            51.73319128341973
          ],
          [
            -1.2496015336364508,
            51.73332178965211
          ],
          [
            -1.2496967520564795,
            51.733455900102854
          ],
          [
            -1.2497804872691631,
            51.73358229920268
          ],
          [
            -1.24986975453794,
            51.73371481709182
          ],
          [
            -1.2499853409826756,
            51.7338680382818
          ],
          [
            -1.2500881869345903,
            51.734004747122526
          ],
          [
            -1.2501923739910126,
            51.73415486700833
          ],
          [
            -1.250282982364297,
            51.7343133687973
          ],
          [
            -1.2503741774708033,
            51.734487460926175
          ],
          [
            -1.250455230474472,
            51.73465392552316
          ],
          [
            -1.2505387142300606,
            51.73482592217624
          ],
          [
            -1.2506250478327274,
            51.73498920165002
          ],
          [
            -1.250714985653758,
            51.73515323549509
          ],
          [
            -1.2508012354373932,
            51.735320119187236
          ],
          [
            -1.250891676172614,
            51.73548499122262
          ],
          [
            -1.250979183241725,
            51.73565053381026
          ],
          [
            -1.2510737311095,
            51.73581389710307
          ],
          [
            -1.251165010035038,
            51.73598480410874
          ],
          [
            -1.2512682750821114,
            51.73615629784763
          ],
          [
            -1.2513674329966307,
            51.73634111881256
          ],
          [
            -1.2514591310173273,
            51.73652049154043
          ],
          [
            -1.2515553552657366,
            51.736691147089005
          ],
          [
            -1.251655351370573,
            51.73684763722122
          ],
          [
            -1.2517553474754095,
            51.73702315427363
          ],
          [
            -1.2518519908189774,
            51.73720244318247
          ],
          [
            -1.251946957781911,
            51.73738525249064
          ],
          [
            -1.2520536594092846,
            51.737572168931365
          ],
          [
            -1.252165725454688,
            51.737753469496965
          ],
          [
            -1.2522829044610262,
            51.737934770062566
          ],
          [
            -1.2524012569338083,
            51.73811908811331
          ],
          [
            -1.252517094835639,
            51.73829477280378
          ],
          [
            -1.2525973096489906,
            51.73842393793166
          ],
          [
            -1.2527123931795359,
            51.73859660513699
          ],
          [
            -1.2528321705758572,
            51.73877019435167
          ],
          [
            -1.252956222742796,
            51.738935904577374
          ],
          [
            -1.2530832085758448,
            51.73910999670625
          ],
          [
            -1.253215977922082,
            51.73927218653262
          ],
          [
            -1.2533471547067165,
            51.739437729120255
          ],
          [
            -1.2534692790359259,
            51.739598577842116
          ],
          [
            -1.253581764176488,
            51.739750038832426
          ],
          [
            -1.253689806908369,
            51.73989529721439
          ],
          [
            -1.2538006994873285,
            51.74005748704076
          ],
          [
            -1.2539197225123644,
            51.740222526714206
          ],
          [
            -1.254035560414195,
            51.74038169905543
          ],
          [
            -1.254151901230216,
            51.74054900184274
          ],
          [
            -1.254265308380127,
            51.740709180012345
          ],
          [
            -1.254388689994812,
            51.740873381495476
          ],
          [
            -1.2545058690011501,
            51.741041941568255
          ],
          [
            -1.2546239700168371,
            51.741209495812654
          ],
          [
            -1.2547238823026419,
            51.741372775286436
          ],
          [
            -1.2548210285604,
            51.741537814959884
          ],
          [
            -1.254914067685604,
            51.7417043633759
          ],
          [
            -1.2550091184675694,
            51.74185808748007
          ],
          [
            -1.2551081087440252,
            51.742020612582564
          ],
          [
            -1.255201818421483,
            51.742177018895745
          ],
          [
            -1.2552936002612114,
            51.74232906661928
          ],
          [
            -1.25536878593266,
            51.742466697469354
          ],
          [
            -1.2554584722965956,
            51.74262637272477
          ],
          [
            -1.255538770928979,
            51.74279870465398
          ],
          [
            -1.2557293754070997,
            51.74288562498987
          ],
          [
            -1.255951914936304,
            51.742851259186864
          ],
          [
            -1.256171939894557,
            51.74283977597952
          ],
          [
            -1.2564233131706715,
            51.742805326357484
          ],
          [
            -1.2566801346838474,
            51.742775151506066
          ],
          [
            -1.2568982318043709,
            51.742748245596886
          ],
          [
            -1.2571713142096996,
            51.74271019175649
          ],
          [
            -1.25738974660635,
            51.74275545403361
          ],
          [
            -1.257433332502842,
            51.7429047357291
          ],
          [
            -1.2574650160968304,
            51.7430688533932
          ],
          [
            -1.2574882339686155,
            51.743220649659634
          ],
          [
            -1.2575250305235386,
            51.74335484392941
          ],
          [
            -1.2576631642878056,
            51.743461629375815
          ],
          [
            -1.2579264398664236,
            51.743415612727404
          ],
          [
            -1.2581825070083141,
            51.743373703211546
          ],
          [
            -1.2584056332707405,
            51.74333187751472
          ],
          [
            -1.2586392369121313,
            51.74331662245095
          ],
          [
            -1.258899411186576,
            51.74330145120621
          ],
          [
            -1.259177103638649,
            51.74331679008901
          ],
          [
            -1.2594096176326275,
            51.74337822943926
          ],
          [
            -1.2596130464226007,
            51.743457689881325
          ],
          [
            -1.2598080933094025,
            51.74358827993274
          ],
          [
            -1.259994925931096,
            51.74370193853974
          ],
          [
            -1.2601794954389334,
            51.743819788098335
          ],
          [
            -1.2603755481541157,
            51.743950210511684
          ],
          [
            -1.2605318706482649,
            51.744079794734716
          ],
          [
            -1.2607219722121954,
            51.744181802496314
          ],
          [
            -1.260917941108346,
            51.7443017475307
          ],
          [
            -1.2610833998769522,
            51.744430577382445
          ],
          [
            -1.2611898500472307,
            51.74455236643553
          ],
          [
            -1.2613040953874588,
            51.744687063619494
          ],
          [
            -1.2614122219383717,
            51.7448319029063
          ],
          [
            -1.2615217734128237,
            51.74498001113534
          ],
          [
            -1.2616172432899475,
            51.745125856250525
          ],
          [
            -1.2616916745901108,
            51.74526977352798
          ],
          [
            -1.2618540320545435,
            51.745384354144335
          ],
          [
            -1.2620813492685556,
            51.745430286973715
          ],
          [
            -1.2623139470815659,
            51.745456689968705
          ],
          [
            -1.262558028101921,
            51.74544906243682
          ],
          [
            -1.2627850100398064,
            51.74545300193131
          ],
          [
            -1.263003023341298,
            51.74546825699508
          ],
          [
            -1.2632548995316029,
            51.74552148208022
          ],
          [
            -1.2634817138314247,
            51.745616951957345
          ],
          [
            -1.2636838015168905,
            51.745723988860846
          ],
          [
            -1.2638566363602877,
            51.745829517021775
          ],
          [
            -1.264060651883483,
            51.74593387171626
          ],
          [
            -1.2642960157245398,
            51.746039651334286
          ],
          [
            -1.2644768971949816,
            51.74611743539572
          ],
          [
            -1.2646954972296953,
            51.74621223472059
          ],
          [
            -1.2648601178079844,
            51.7463150806725
          ],
          [
            -1.2649931386113167,
            51.7464292421937
          ],
          [
            -1.2650715094059706,
            51.74658170901239
          ],
          [
            -1.265203021466732,
            51.74671623855829
          ],
          [
            -1.2654030974954367,
            51.74680315889418
          ],
          [
            -1.2656672112643719,
            51.74685688689351
          ],
          [
            -1.2658919300884008,
            51.74692570231855
          ],
          [
            -1.2661359272897243,
            51.74695956520736
          ],
          [
            -1.2663599755614996,
            51.74694816581905
          ],
          [
            -1.2666056491434574,
            51.746963588520885
          ],
          [
            -1.2668186333030462,
            51.746922014281154
          ],
          [
            -1.2670312821865082,
            51.74695168621838
          ],
          [
            -1.2672796379774809,
            51.746974820271134
          ],
          [
            -1.26750192604959,
            51.74700155854225
          ],
          [
            -1.2677681352943182,
            51.74701656214893
          ],
          [
            -1.2679860647767782,
            51.746959649026394
          ],
          [
            -1.2682624999433756,
            51.747009018436074
          ],
          [
            -1.2684386037290096,
            51.747090155258775
          ],
          [
            -1.2686722911894321,
            51.74716207198799
          ],
          [
            -1.26890086568892,
            51.747200125828385
          ],
          [
            -1.2691475450992584,
            51.747134579345584
          ],
          [
            -1.2694173585623503,
            51.747070122510195
          ],
          [
            -1.2696334440261126,
            51.74700926989317
          ],
          [
            -1.269849194213748,
            51.7469522729516
          ],
          [
            -1.2700471747666597,
            51.74688655883074
          ],
          [
            -1.27027977257967,
            51.746807182207704
          ],
          [
            -1.2705112807452679,
            51.746833669021726
          ],
          [
            -1.2707054894417524,
            51.74694087356329
          ],
          [
            -1.2708748877048492,
            51.747032990679145
          ],
          [
            -1.2710591219365597,
            51.74712033011019
          ],
          [
            -1.2712334655225277,
            51.74721068702638
          ],
          [
            -1.2714102398604155,
            51.747299283742905
          ],
          [
            -1.2715952284634113,
            51.74738788045943
          ],
          [
            -1.271782061085105,
            51.747478656470776
          ],
          [
            -1.2719744257628918,
            51.74755836836994
          ],
          [
            -1.2721807043999434,
            51.74763129092753
          ],
          [
            -1.2723793555051088,
            51.74769616685808
          ],
          [
            -1.2725902441889048,
            51.74774218350649
          ],
          [
            -1.2727965228259563,
            51.747791301459074
          ],
          [
            -1.273013111203909,
            51.747845029458404
          ],
          [
            -1.273220982402563,
            51.747898338362575
          ],
          [
            -1.2734802346676588,
            51.74795935861766
          ],
          [
            -1.2737395707517862,
            51.748020043596625
          ],
          [
            -1.2739579193294048,
            51.748077711090446
          ],
          [
            -1.274184649810195,
            51.74813068471849
          ],
          [
            -1.2744056805968285,
            51.748177371919155
          ],
          [
            -1.2746194191277027,
            51.74823369830847
          ],
          [
            -1.2748476583510637,
            51.748291281983256
          ],
          [
            -1.2750771548599005,
            51.74834903329611
          ],
          [
            -1.2752945814281702,
            51.7484288290143
          ],
          [
            -1.2755156122148037,
            51.74850929528475
          ],
          [
            -1.2757429294288158,
            51.7485807929188
          ],
          [
            -1.2759834062308073,
            51.748638208955526
          ],
          [
            -1.276229415088892,
            51.748691853135824
          ],
          [
            -1.2764729093760252,
            51.748749101534486
          ],
          [
            -1.276709781959653,
            51.748817414045334
          ],
          [
            -1.2769461516290903,
            51.74887876957655
          ],
          [
            -1.277169194072485,
            51.74893551506102
          ],
          [
            -1.277391565963626,
            51.748993350192904
          ],
          [
            -1.2776084896177053,
            51.7490506824106
          ],
          [
            -1.2778065539896488,
            51.749130142852664
          ],
          [
            -1.278045354411006,
            51.7491645924747
          ],
          [
            -1.278275940567255,
            51.74913777038455
          ],
          [
            -1.2785097118467093,
            51.749103320762515
          ],
          [
            -1.2787229474633932,
            51.7490694578737
          ],
          [
            -1.279033999890089,
            51.74906115978956
          ],
          [
            -1.2793041486293077,
            51.74906149506569
          ],
          [
            -1.2795390095561743,
            51.749050095677376
          ],
          [
            -1.279762303456664,
            51.749061746522784
          ],
          [
            -1.2800375651568174,
            51.74908840097487
          ],
          [
            -1.280262703076005,
            51.74911513924599
          ],
          [
            -1.2804810516536236,
            51.749153193086386
          ],
          [
            -1.2807056866586208,
            51.74915294162929
          ],
          [
            -1.2809345964342356,
            51.74913399852812
          ],
          [
            -1.2811764981597662,
            51.74912276677787
          ],
          [
            -1.2814002949744463,
            51.749084293842316
          ],
          [
            -1.2816028855741024,
            51.74898547120392
          ],
          [
            -1.281824754551053,
            51.748863346874714
          ],
          [
            -1.2819682527333498,
            51.74873745068908
          ],
          [
            -1.2820937298238277,
            51.74860719591379
          ],
          [
            -1.2822422571480274,
            51.74846981652081
          ],
          [
            -1.2824027705937624,
            51.74834484234452
          ],
          [
            -1.2825532257556915,
            51.748223723843694
          ],
          [
            -1.2827139906585217,
            51.74811123870313
          ],
          [
            -1.2828750908374786,
            51.74800864420831
          ],
          [
            -1.2830250430852175,
            51.747906720265746
          ],
          [
            -1.2831758335232735,
            51.74780714325607
          ],
          [
            -1.283348249271512,
            51.74769977107644
          ],
          [
            -1.2835201621055603,
            51.747585106641054
          ],
          [
            -1.283686961978674,
            51.747467843815684
          ],
          [
            -1.2838495709002018,
            51.74736809916794
          ],
          [
            -1.284002037718892,
            51.74726575613022
          ],
          [
            -1.2841580249369144,
            51.74715687520802
          ],
          [
            -1.2843289319425821,
            51.747013879939914
          ],
          [
            -1.2844919599592686,
            51.746894689276814
          ],
          [
            -1.2846592627465725,
            51.74680257216096
          ],
          [
            -1.284833438694477,
            51.74667349085212
          ],
          [
            -1.2849447503685951,
            51.74654792994261
          ],
          [
            -1.2851558066904545,
            51.74650945700705
          ],
          [
            -1.285392763093114,
            51.74660090357065
          ],
          [
            -1.285582697018981,
            51.74669235013425
          ],
          [
            -1.2857657577842474,
            51.74679419025779
          ],
          [
            -1.285941693931818,
            51.7468901630491
          ],
          [
            -1.2861927319318056,
            51.74691011197865
          ],
          [
            -1.286374032497406,
            51.747004659846425
          ],
          [
            -1.2865624576807022,
            51.74712703563273
          ],
          [
            -1.2867148406803608,
            51.747230384498835
          ],
          [
            -1.2868644576519728,
            51.74734454602003
          ],
          [
            -1.2869993224740028,
            51.747453762218356
          ],
          [
            -1.2871517054736614,
            51.74756113439798
          ],
          [
            -1.2872889172285795,
            51.7476758826524
          ],
          [
            -1.2874306552112103,
            51.7478056345135
          ],
          [
            -1.287580020725727,
            51.74792348407209
          ],
          [
            -1.2877253629267216,
            51.74803948961198
          ],
          [
            -1.2879320606589317,
            51.74816924147308
          ],
          [
            -1.2880869582295418,
            51.74827971495688
          ],
          [
            -1.2882492318749428,
            51.748387422412634
          ],
          [
            -1.2884195521473885,
            51.74849471077323
          ],
          [
            -1.2885895371437073,
            51.74858456477523
          ],
          [
            -1.288800509646535,
            51.748675256967545
          ],
          [
            -1.2890029326081276,
            51.74874482676387
          ],
          [
            -1.2890981510281563,
            51.748878099024296
          ],
          [
            -1.2892942037433386,
            51.74898195080459
          ],
          [
            -1.289499057456851,
            51.74910298548639
          ],
          [
            -1.2896494287997484,
            51.74920993857086
          ],
          [
            -1.2897848803550005,
            51.749324686825275
          ],
          [
            -1.2899017240852118,
            51.74944697879255
          ],
          [
            -1.2900201603770256,
            51.74957505427301
          ],
          [
            -1.290152007713914,
            51.749708661809564
          ],
          [
            -1.2902945838868618,
            51.74984193406999
          ],
          [
            -1.2904587853699923,
            51.7499812413007
          ],
          [
            -1.2906297761946917,
            51.75010185688734
          ],
          [
            -1.2908228114247322,
            51.750197326764464
          ],
          [
            -1.2910286709666252,
            51.7502817325294
          ],
          [
            -1.2912384700030088,
            51.75037393346429
          ],
          [
            -1.2914135679602623,
            51.75049614161253
          ],
          [
            -1.2915423978120089,
            51.75063963979483
          ],
          [
            -1.291678436100483,
            51.750778360292315
          ],
          [
            -1.2918101996183395,
            51.750919511541724
          ],
          [
            -1.2919500935822725,
            51.75106443464756
          ],
          [
            -1.2920818571001291,
            51.75121505744755
          ],
          [
            -1.2922021374106407,
            51.751360232010484
          ],
          [
            -1.2923050671815872,
            51.7515183147043
          ],
          [
            -1.2924183066934347,
            51.75165552645922
          ],
          [
            -1.2925735395401716,
            51.75178159028292
          ],
          [
            -1.2927581928670406,
            51.75188820809126
          ],
          [
            -1.29292625002563,
            51.752002369612455
          ],
          [
            -1.2930831592530012,
            51.75212466157973
          ],
          [
            -1.2932402361184359,
            51.75225474871695
          ],
          [
            -1.2933730892837048,
            51.75237628631294
          ],
          [
            -1.293477863073349,
            51.7525284178555
          ],
          [
            -1.2935766857117414,
            51.75269697792828
          ],
          [
            -1.2937313318252563,
            51.75284927710891
          ],
          [
            -1.2938050087541342,
            51.75299017690122
          ],
          [
            -1.293866615742445,
            51.75313191488385
          ],
          [
            -1.2937834672629833,
            51.753257643431425
          ],
          [
            -1.2937678769230843,
            51.753405248746276
          ],
          [
            -1.2938493490219116,
            51.753532318398356
          ],
          [
            -1.2940589804202318,
            51.75357799977064
          ],
          [
            -1.2941764947026968,
            51.753705656155944
          ],
          [
            -1.2942831125110388,
            51.753856278955936
          ],
          [
            -1.2943722121417522,
            51.754011092707515
          ],
          [
            -1.2944724597036839,
            51.75416825339198
          ],
          [
            -1.2947205640375614,
            51.75421611405909
          ],
          [
            -1.2949446123093367,
            51.75415048375726
          ],
          [
            -1.2951588537544012,
            51.754108406603336
          ],
          [
            -1.2953524757176638,
            51.75418032333255
          ],
          [
            -1.2953716702759266,
            51.75419616512954
          ]
        ]
      },
      "properties": {
        "name": "2025-05-19 (Mon) 15:03",
        "source_file": "2025-05-19-140330-ELEMNT_ROAM_A974-201-0.fit",
        "date": "2025-05-19T14:03:31",
        "sport": "cycling",
        "dropbox_id": "id:JY-PzzIM9pcAAAAAAAAAQQ"
      }
    },
    {
      "type": "Feature",
      "geometry": {
        "type": "LineString",
        "coordinates": [
          [
            -1.2953367177397013,
            51.75423430278897
          ],
          [
            -1.2951292656362057,
            51.75428610295057
          ],
          [
            -1.2948987632989883,
            51.754340082407
          ],
          [
            -1.2946866173297167,
            51.75437545403838
          ],
          [
            -1.2945178896188736,
            51.75428685732186
          ],
          [
            -1.2943944241851568,
            51.754124416038394
          ],
          [
            -1.294295433908701,
            51.75399114377797
          ],
          [
            -1.2942071724683046,
            51.75385954789817
          ],
          [
            -1.2941203359514475,
            51.75372635945678
          ],
          [
            -1.2940511014312506,
            51.75359493121505
          ],
          [
            -1.293828058987856,
            51.753526367247105
          ],
          [
            -1.2937721516937017,
            51.75338747911155
          ],
          [
            -1.2938617542386055,
            51.75322671420872
          ],
          [
            -1.2938546296209097,
            51.75308112055063
          ],
          [
            -1.2937755044549704,
            51.75293670035899
          ],
          [
            -1.293646590784192,
            51.75280351191759
          ],
          [
            -1.2935126479715109,
            51.75265557132661
          ],
          [
            -1.2934044376015663,
            51.75251483917236
          ],
          [
            -1.2932815589010715,
            51.752351727336645
          ],
          [
            -1.293168906122446,
            51.752226585522294
          ],
          [
            -1.2930377293378115,
            51.752111753448844
          ],
          [
            -1.2928992602974176,
            51.75200463272631
          ],
          [
            -1.292684432119131,
            51.751882173120975
          ],
          [
            -1.2925245892256498,
            51.751779578626156
          ],
          [
            -1.2923874612897635,
            51.75166734494269
          ],
          [
            -1.2922734674066305,
            51.75153608433902
          ],
          [
            -1.2921930849552155,
            51.75139870494604
          ],
          [
            -1.2920958548784256,
            51.75126953981817
          ],
          [
            -1.2919873930513859,
            51.751143308356404
          ],
          [
            -1.2918746564537287,
            51.751021603122354
          ],
          [
            -1.291755884885788,
            51.75090107135475
          ],
          [
            -1.291617751121521,
            51.75075447186828
          ],
          [
            -1.2914760131388903,
            51.75060527399182
          ],
          [
            -1.2913647014647722,
            51.7504857480526
          ],
          [
            -1.2912179343402386,
            51.75038231536746
          ],
          [
            -1.2909914553165436,
            51.7502730153501
          ],
          [
            -1.2908011861145496,
            51.750191962346435
          ],
          [
            -1.2906219810247421,
            51.750107891857624
          ],
          [
            -1.2904644012451172,
            51.749998508021235
          ],
          [
            -1.290312521159649,
            51.74987621605396
          ],
          [
            -1.290168771520257,
            51.74975015223026
          ],
          [
            -1.2900392711162567,
            51.74962484277785
          ],
          [
            -1.2899127881973982,
            51.74949752166867
          ],
          [
            -1.2897832039743662,
            51.749368188902736
          ],
          [
            -1.2896487582474947,
            51.74924279563129
          ],
          [
            -1.2894915137439966,
            51.74912100657821
          ],
          [
            -1.289296466857195,
            51.74899846315384
          ],
          [
            -1.289029587060213,
            51.74888773821294
          ],
          [
            -1.2888151779770851,
            51.74881959334016
          ],
          [
            -1.2885959073901176,
            51.74874348565936
          ],
          [
            -1.288398765027523,
            51.74865153618157
          ],
          [
            -1.2882221583276987,
            51.74854994751513
          ],
          [
            -1.2880573701113462,
            51.74844400025904
          ],
          [
            -1.2878892291337252,
            51.748338555917144
          ],
          [
            -1.287729972973466,
            51.74823487177491
          ],
          [
            -1.2875110376626253,
            51.74807938747108
          ],
          [
            -1.2873174156993628,
            51.747919376939535
          ],
          [
            -1.2871907651424408,
            51.74780865199864
          ],
          [
            -1.287003681063652,
            51.747659370303154
          ],
          [
            -1.2868159264326096,
            51.74750866368413
          ],
          [
            -1.286602858453989,
            51.74736583605409
          ],
          [
            -1.286399345844984,
            51.747229462489486
          ],
          [
            -1.2862165365368128,
            51.74709593877196
          ],
          [
            -1.286041270941496,
            51.74697297625244
          ],
          [
            -1.2858534324914217,
            51.74686619080603
          ],
          [
            -1.2856561224907637,
            51.74675320275128
          ],
          [
            -1.2854568846523762,
            51.74663736484945
          ],
          [
            -1.2852792721241713,
            51.746541475877166
          ],
          [
            -1.2850662879645824,
            51.74649763852358
          ],
          [
            -1.2849208619445562,
            51.746607441455126
          ],
          [
            -1.2848041858524084,
            51.74672646448016
          ],
          [
            -1.284624394029379,
            51.746843475848436
          ],
          [
            -1.2844420038163662,
            51.74696710892022
          ],
          [
            -1.2842762097716331,
            51.747109685093164
          ],
          [
            -1.284118965268135,
            51.74721487797797
          ],
          [
            -1.2839389219880104,
            51.74733172170818
          ],
          [
            -1.2837828509509563,
            51.747427275404334
          ],
          [
            -1.2836363352835178,
            51.747529869899154
          ],
          [
            -1.2834746483713388,
            51.747634056955576
          ],
          [
            -1.2833133805543184,
            51.74774042330682
          ],
          [
            -1.283135013654828,
            51.74786145798862
          ],
          [
            -1.2829663697630167,
            51.74796589650214
          ],
          [
            -1.282789008691907,
            51.74806924536824
          ],
          [
            -1.282627321779728,
            51.74818240106106
          ],
          [
            -1.28247887827456,
            51.74829304218292
          ],
          [
            -1.2823306024074554,
            51.74841860309243
          ],
          [
            -1.282182577997446,
            51.748545756563544
          ],
          [
            -1.2820591125637293,
            51.74868682399392
          ],
          [
            -1.281935228034854,
            51.7488157376647
          ],
          [
            -1.2817839346826077,
            51.74892973154783
          ],
          [
            -1.2816079147160053,
            51.7490144725889
          ],
          [
            -1.2813978642225266,
            51.74912218004465
          ],
          [
            -1.2811631709337234,
            51.74914908595383
          ],
          [
            -1.2808840535581112,
            51.7491645924747
          ],
          [
            -1.2806480191648006,
            51.749168364331126
          ],
          [
            -1.280414666980505,
            51.74914958886802
          ],
          [
            -1.2801941391080618,
            51.749122850596905
          ],
          [
            -1.279968749731779,
            51.74909611232579
          ],
          [
            -1.2797426898032427,
            51.74906551837921
          ],
          [
            -1.279507577419281,
            51.74903911538422
          ],
          [
            -1.279289061203599,
            51.749019753187895
          ],
          [
            -1.2790247797966003,
            51.749008102342486
          ],
          [
            -1.278762174770236,
            51.74904976040125
          ],
          [
            -1.2784923613071442,
            51.74908052198589
          ],
          [
            -1.278256494551897,
            51.7491146363318
          ],
          [
            -1.2780427560210228,
            51.74916450865567
          ],
          [
            -1.2778158579021692,
            51.74909711815417
          ],
          [
            -1.2775795720517635,
            51.749025201424956
          ],
          [
            -1.2773758918046951,
            51.74897063523531
          ],
          [
            -1.2771665956825018,
            51.74891707487404
          ],
          [
            -1.2769045773893595,
            51.74885110929608
          ],
          [
            -1.2766759190708399,
            51.748795453459024
          ],
          [
            -1.2764600850641727,
            51.748745664954185
          ],
          [
            -1.2762437481433153,
            51.748692356050014
          ],
          [
            -1.2760225497186184,
            51.74863921478391
          ],
          [
            -1.2758078053593636,
            51.74858649261296
          ],
          [
            -1.2755946535617113,
            51.74852144904435
          ],
          [
            -1.2753877881914377,
            51.74845229834318
          ],
          [
            -1.2751959264278412,
            51.748379711061716
          ],
          [
            -1.2749987840652466,
            51.74831877462566
          ],
          [
            -1.274733580648899,
            51.74825373105705
          ],
          [
            -1.2745322473347187,
            51.74820000305772
          ],
          [
            -1.2742627691477537,
            51.748131439089775
          ],
          [
            -1.2739959731698036,
            51.74806731753051
          ],
          [
            -1.2737392354756594,
            51.74801669083536
          ],
          [
            -1.273504626005888,
            51.747953072190285
          ],
          [
            -1.2732426915317774,
            51.74788895063102
          ],
          [
            -1.2729807570576668,
            51.7478193808347
          ],
          [
            -1.2727201636880636,
            51.7477535828948
          ],
          [
            -1.2725161481648684,
            51.74770077690482
          ],
          [
            -1.2722713127732277,
            51.74764704890549
          ],
          [
            -1.2720427382737398,
            51.7475825920701
          ],
          [
            -1.2718539778143167,
            51.74750707112253
          ],
          [
            -1.2716298457235098,
            51.74738846719265
          ],
          [
            -1.2714490480720997,
            51.74729660153389
          ],
          [
            -1.2712835054844618,
            51.74720825627446
          ],
          [
            -1.271108239889145,
            51.74711395986378
          ],
          [
            -1.2709240894764662,
            51.74703014083207
          ],
          [
            -1.2706992868334055,
            51.74692276865244
          ],
          [
            -1.270492421463132,
            51.74682109616697
          ],
          [
            -1.2702657748013735,
            51.74684716388583
          ],
          [
            -1.2700150720775127,
            51.74693198874593
          ],
          [
            -1.2697584182024002,
            51.74701186828315
          ],
          [
            -1.269497238099575,
            51.747087305411696
          ],
          [
            -1.2692529894411564,
            51.74716760404408
          ],
          [
            -1.2690276838839054,
            51.74721487797797
          ],
          [
            -1.2687832675874233,
            51.74718579277396
          ],
          [
            -1.2685909867286682,
            51.7470836173743
          ],
          [
            -1.2684125360101461,
            51.74696492962539
          ],
          [
            -1.2681889906525612,
            51.74691011197865
          ],
          [
            -1.2679338455200195,
            51.74695177003741
          ],
          [
            -1.267690770328045,
            51.74693710170686
          ],
          [
            -1.2674522213637829,
            51.74691413529217
          ],
          [
            -1.2672399077564478,
            51.74687976948917
          ],
          [
            -1.2670214753597975,
            51.74689485691488
          ],
          [
            -1.2667777296155691,
            51.74692536704242
          ],
          [
            -1.2665501609444618,
            51.74692151136696
          ],
          [
            -1.2663256097584963,
            51.74692905507982
          ],
          [
            -1.2660880666226149,
            51.74693659879267
          ],
          [
            -1.2658332567662,
            51.7469179071486
          ],
          [
            -1.2656247988343239,
            51.74686912447214
          ],
          [
            -1.2654046900570393,
            51.74678631126881
          ],
          [
            -1.2652362138032913,
            51.74669201485813
          ],
          [
            -1.2651023548096418,
            51.746540889143944
          ],
          [
            -1.2649859301745892,
            51.74640376120806
          ],
          [
            -1.2648117542266846,
            51.746271746233106
          ],
          [
            -1.2646035477519035,
            51.74616781063378
          ],
          [
            -1.264411685988307,
            51.746090445667505
          ],
          [
            -1.2641827762126923,
            51.74598843790591
          ],
          [
            -1.263994351029396,
            51.745885172858834
          ],
          [
            -1.2637783493846655,
            51.745764054358006
          ],
          [
            -1.2635921873152256,
            51.74566011875868
          ],
          [
            -1.2634035106748343,
            51.7455623857677
          ],
          [
            -1.263175942003727,
            51.74548820592463
          ],
          [
            -1.2629192043095827,
            51.7454569414258
          ],
          [
            -1.2626567669212818,
            51.74545291811228
          ],
          [
            -1.2624248396605253,
            51.74546431750059
          ],
          [
            -1.2621757294982672,
            51.74544964917004
          ],
          [
            -1.261908346787095,
            51.745396088808775
          ],
          [
            -1.2617205083370209,
            51.74529726617038
          ],
          [
            -1.2616124656051397,
            51.745152762159705
          ],
          [
            -1.2615128047764301,
            51.744989063590765
          ],
          [
            -1.2614101264625788,
            51.74485260620713
          ],
          [
            -1.2613056879490614,
            51.74470843747258
          ],
          [
            -1.2611881736665964,
            51.744558149948716
          ],
          [
            -1.2610615231096745,
            51.744412975385785
          ],
          [
            -1.260883742943406,
            51.744292778894305
          ],
          [
            -1.260697664692998,
            51.74417392350733
          ],
          [
            -1.2605155259370804,
            51.744058169424534
          ],
          [
            -1.2603401765227318,
            51.74394769594073
          ],
          [
            -1.2601635698229074,
            51.743832947686315
          ],
          [
            -1.260001128539443,
            51.7437266651541
          ],
          [
            -1.2598428782075644,
            51.743616443127394
          ],
          [
            -1.2596816942095757,
            51.743516866117716
          ],
          [
            -1.259510451927781,
            51.74342072568834
          ],
          [
            -1.2593127228319645,
            51.743344785645604
          ],
          [
            -1.2590876687318087,
            51.743313102051616
          ],
          [
            -1.258844006806612,
            51.74330899491906
          ],
          [
            -1.2586181983351707,
            51.743327770382166
          ],
          [
            -1.258383421227336,
            51.74335056915879
          ],
          [
            -1.2581007834523916,
            51.74339256249368
          ],
          [
            -1.2578772380948067,
            51.74343455582857
          ],
          [
            -1.2576607335358858,
            51.74347168765962
          ],
          [
            -1.2574288062751293,
            51.74351066350937
          ],
          [
            -1.2572060991078615,
            51.74354486167431
          ],
          [
            -1.2569808773696423,
            51.74357922747731
          ],
          [
            -1.2567546498030424,
            51.74361376091838
          ],
          [
            -1.256537139415741,
            51.74364812672138
          ],
          [
            -1.256274115294218,
            51.74369003623724
          ],
          [
            -1.2560401763767004,
            51.74371685832739
          ],
          [
            -1.2558663357049227,
            51.743623400107026
          ],
          [
            -1.2558004539459944,
            51.74349314533174
          ],
          [
            -1.2557238433510065,
            51.7433328833431
          ],
          [
            -1.2556377612054348,
            51.743169939145446
          ],
          [
            -1.2555624917149544,
            51.74302811734378
          ],
          [
            -1.2554840371012688,
            51.742883026599884
          ],
          [
            -1.25539711676538,
            51.742726201191545
          ],
          [
            -1.2553144712001085,
            51.74257113598287
          ],
          [
            -1.2552299816161394,
            51.74241556786001
          ],
          [
            -1.2551443185657263,
            51.74226192757487
          ],
          [
            -1.2550591584295034,
            51.74211650155485
          ],
          [
            -1.2549734115600586,
            51.74195456318557
          ],
          [
            -1.2548818811774254,
            51.741786589846015
          ],
          [
            -1.254785070195794,
            51.741621969267726
          ],
          [
            -1.254681721329689,
            51.741457683965564
          ],
          [
            -1.2545817252248526,
            51.74129758961499
          ],
          [
            -1.2544751912355423,
            51.74114478752017
          ],
          [
            -1.2543617840856314,
            51.74099072813988
          ],
          [
            -1.2542554177343845,
            51.74082518555224
          ],
          [
            -1.254137484356761,
            51.7406649235636
          ],
          [
            -1.2540186289697886,
            51.7404989618808
          ],
          [
            -1.253904802724719,
            51.740341717377305
          ],
          [
            -1.2538029626011848,
            51.74020408652723
          ],
          [
            -1.2537042237818241,
            51.74007089808583
          ],
          [
            -1.253603557124734,
            51.73993527889252
          ],
          [
            -1.2534888926893473,
            51.73979077488184
          ],
          [
            -1.2533771619200706,
            51.739638140425086
          ],
          [
            -1.2532652635127306,
            51.73948936164379
          ],
          [
            -1.2531604059040546,
            51.7393368948251
          ],
          [
            -1.2530490942299366,
            51.739184679463506
          ],
          [
            -1.2529354356229305,
            51.73902802169323
          ],
          [
            -1.2528172507882118,
            51.738875303417444
          ],
          [
            -1.2527036760002375,
            51.738722836598754
          ],
          [
            -1.2525958847254515,
            51.738563664257526
          ],
          [
            -1.2524937093257904,
            51.73840273171663
          ],
          [
            -1.2523921206593513,
            51.738253869116306
          ],
          [
            -1.2522903643548489,
            51.738104838877916
          ],
          [
            -1.2521945592015982,
            51.73796268180013
          ],
          [
            -1.2520932219922543,
            51.73780702985823
          ],
          [
            -1.2520112469792366,
            51.73768104985356
          ],
          [
            -1.2519367318600416,
            51.7375445086509
          ],
          [
            -1.2518558464944363,
            51.73738592304289
          ],
          [
            -1.2517834268510342,
            51.7372543271631
          ],
          [
            -1.2517155334353447,
            51.73712289892137
          ],
          [
            -1.2516406830400229,
            51.73698551952839
          ],
          [
            -1.2515740469098091,
            51.7368328012526
          ],
          [
            -1.2514931615442038,
            51.736685363575816
          ],
          [
            -1.251422418281436,
            51.736554354429245
          ],
          [
            -1.2513398565351963,
            51.73642217181623
          ],
          [
            -1.2512441352009773,
            51.73628739081323
          ],
          [
            -1.2511743977665901,
            51.736158058047295
          ],
          [
            -1.251085801050067,
            51.73600148409605
          ],
          [
            -1.2509985454380512,
            51.73585379496217
          ],
          [
            -1.2509225215762854,
            51.73572261817753
          ],
          [
            -1.2508479226380587,
            51.73558264039457
          ],
          [
            -1.2507663667201996,
            51.735452972352505
          ],
          [
            -1.250679949298501,
            51.73529053106904
          ],
          [
            -1.2505999021232128,
            51.73512624576688
          ],
          [
            -1.250498229637742,
            51.73495391383767
          ],
          [
            -1.2504235468804836,
            51.73482030630112
          ],
          [
            -1.2503378838300705,
            51.73467873595655
          ],
          [
            -1.250252053141594,
            51.734530963003635
          ],
          [
            -1.250161612406373,
            51.73437790945172
          ],
          [
            -1.2500673159956932,
            51.7342184856534
          ],
          [
            -1.249971343204379,
            51.73406593501568
          ],
          [
            -1.2498695868998766,
            51.733902571722865
          ],
          [
            -1.2497647292912006,
            51.733746165409684
          ],
          [
            -1.2496606260538101,
            51.73360761255026
          ],
          [
            -1.2495683412998915,
            51.73348096199334
          ],
          [
            -1.249495418742299,
            51.73335263505578
          ],
          [
            -1.2494004517793655,
            51.73322414048016
          ],
          [
            -1.2493059877306223,
            51.733078295364976
          ],
          [
            -1.2492155469954014,
            51.732925828546286
          ],
          [
            -1.24913583509624,
            51.73276632092893
          ],
          [
            -1.2490602303296328,
            51.73260144889355
          ],
          [
            -1.2489961087703705,
            51.732436241582036
          ],
          [
            -1.248906422406435,
            51.732296012341976
          ],
          [
            -1.2488068453967571,
            51.732169361785054
          ],
          [
            -1.24874297529459,
            51.73202804289758
          ],
          [
            -1.2486660294234753,
            51.73188571818173
          ],
          [
            -1.2485641054809093,
            51.731749679893255
          ],
          [
            -1.2484296597540379,
            51.731627471745014
          ],
          [
            -1.2483396381139755,
            51.731490176171064
          ],
          [
            -1.2482906877994537,
            51.73135598190129
          ],
          [
            -1.2482472695410252,
            51.73121860250831
          ],
          [
            -1.2481956370174885,
            51.73104668967426
          ],
          [
            -1.2481461837887764,
            51.73087293282151
          ],
          [
            -1.2481122370809317,
            51.73073027282953
          ],
          [
            -1.2480776198208332,
            51.730594485998154
          ],
          [
            -1.2480456847697496,
            51.73045635223389
          ],
          [
            -1.2480259034782648,
            51.730320984497666
          ],
          [
            -1.247993716970086,
            51.73014236614108
          ],
          [
            -1.2479735165834427,
            51.7300049867481
          ],
          [
            -1.2479523941874504,
            51.729867942631245
          ],
          [
            -1.2479305174201727,
            51.72972100786865
          ],
          [
            -1.2479088082909584,
            51.72958245500922
          ],
          [
            -1.2478902842849493,
            51.72943711280823
          ],
          [
            -1.2478655576705933,
            51.72929654829204
          ],
          [
            -1.2478374782949686,
            51.72915967181325
          ],
          [
            -1.2478091474622488,
            51.72902304679155
          ],
          [
            -1.247770506888628,
            51.72888005152345
          ],
          [
            -1.2477270886301994,
            51.72873839735985
          ],
          [
            -1.2476776354014874,
            51.728591127321124
          ],
          [
            -1.24757613055408,
            51.72844536602497
          ],
          [
            -1.2473999429494143,
            51.72831293195486
          ],
          [
            -1.2472190614789724,
            51.728174379095435
          ],
          [
            -1.247086375951767,
            51.7280310485512
          ],
          [
            -1.2469415366649628,
            51.72789065167308
          ],
          [
            -1.2467907462269068,
            51.727748746052384
          ],
          [
            -1.246636938303709,
            51.72761698253453
          ],
          [
            -1.246464690193534,
            51.727510280907154
          ],
          [
            -1.2462781090289354,
            51.72741933725774
          ],
          [
            -1.2460826430469751,
            51.72732747159898
          ],
          [
            -1.245881812646985,
            51.72722923569381
          ],
          [
            -1.2456699181348085,
            51.72712940722704
          ],
          [
            -1.2454536650329828,
            51.727033937349916
          ],
          [
            -1.2452438659965992,
            51.72693067230284
          ],
          [
            -1.2450345698744059,
            51.72683922573924
          ],
          [
            -1.2448355834931135,
            51.726742666214705
          ],
          [
            -1.244637854397297,
            51.72665155492723
          ],
          [
            -1.2444402929395437,
            51.726567735895514
          ],
          [
            -1.2442379537969828,
            51.7264770437032
          ],
          [
            -1.2440373748540878,
            51.72638123854995
          ],
          [
            -1.2438360415399075,
            51.726289791986346
          ],
          [
            -1.2436361331492662,
            51.72619851306081
          ],
          [
            -1.243431195616722,
            51.72610295936465
          ],
          [
            -1.2432270962744951,
            51.726011764258146
          ],
          [
            -1.2430276069790125,
            51.72591671347618
          ],
          [
            -1.2428237590938807,
            51.72582484781742
          ],
          [
            -1.2426206655800343,
            51.725732646882534
          ],
          [
            -1.2424276303499937,
            51.7256429605186
          ],
          [
            -1.2422312423586845,
            51.725549921393394
          ],
          [
            -1.2420356925576925,
            51.72545067965984
          ],
          [
            -1.2418439984321594,
            51.72536317259073
          ],
          [
            -1.2416507955640554,
            51.72528639435768
          ],
          [
            -1.2414643820375204,
            51.72519939020276
          ],
          [
            -1.2412621267139912,
            51.72511825338006
          ],
          [
            -1.241070767864585,
            51.725026136264205
          ],
          [
            -1.2408815044909716,
            51.724935192614794
          ],
          [
            -1.2406960967928171,
            51.72484810464084
          ],
          [
            -1.2405046541243792,
            51.72475942410529
          ],
          [
            -1.2403130438178778,
            51.72467552125454
          ],
          [
            -1.2401256244629622,
            51.72458809800446
          ],
          [
            -1.2399366963654757,
            51.7245046980679
          ],
          [
            -1.2397496961057186,
            51.724413335323334
          ],
          [
            -1.2395621929317713,
            51.72432423569262
          ],
          [
            -1.239378796890378,
            51.724240416660905
          ],
          [
            -1.2391989212483168,
            51.72415718436241
          ],
          [
            -1.238970598205924,
            51.72405391931534
          ],
          [
            -1.2387354858219624,
            51.72394956462085
          ],
          [
            -1.2385541014373302,
            51.72386356629431
          ],
          [
            -1.2383142951875925,
            51.72375678084791
          ],
          [
            -1.2381402030587196,
            51.723671620711684
          ],
          [
            -1.2379555497318506,
            51.723584197461605
          ],
          [
            -1.23773661442101,
            51.72348998486996
          ],
          [
            -1.2375020887702703,
            51.72338739037514
          ],
          [
            -1.2373222131282091,
            51.72330340370536
          ],
          [
            -1.2370855920016766,
            51.72319536097348
          ],
          [
            -1.236855760216713,
            51.72308539040387
          ],
          [
            -1.2366326339542866,
            51.72298254445195
          ],
          [
            -1.2364567816257477,
            51.72290174290538
          ],
          [
            -1.2362373434007168,
            51.72279093414545
          ],
          [
            -1.2360137142241001,
            51.72268867492676
          ],
          [
            -1.2357832957059145,
            51.722581554204226
          ],
          [
            -1.2356053479015827,
            51.72250150702894
          ],
          [
            -1.2353691458702087,
            51.72239866107702
          ],
          [
            -1.2351033557206392,
            51.72235163860023
          ],
          [
            -1.2348308600485325,
            51.72231802716851
          ],
          [
            -1.2345573585480452,
            51.722279554232955
          ],
          [
            -1.2342878803610802,
            51.72225977294147
          ],
          [
            -1.2340263649821281,
            51.722233118489385
          ],
          [
            -1.2337645143270493,
            51.72225524671376
          ],
          [
            -1.2335526198148727,
            51.72229003161192
          ],
          [
            -1.2334884982556105,
            51.722151562571526
          ],
          [
            -1.2336914241313934,
            51.72207662835717
          ],
          [
            -1.2336534541100264,
            51.72193287871778
          ],
          [
            -1.233574664220214,
            51.72178443521261
          ],
          [
            -1.2334817927330732,
            51.721628196537495
          ],
          [
            -1.2333299964666367,
            51.72150540165603
          ],
          [
            -1.23318943195045,
            51.721384450793266
          ],
          [
            -1.2330076284706593,
            51.7213065829128
          ],
          [
            -1.2327611166983843,
            51.72124983742833
          ],
          [
            -1.2325104139745235,
            51.72125226818025
          ],
          [
            -1.2322955019772053,
            51.721278838813305
          ],
          [
            -1.2320494931191206,
            51.721323765814304
          ],
          [
            -1.231806669384241,
            51.72134706750512
          ],
          [
            -1.2315977923572063,
            51.72138897702098
          ],
          [
            -1.2313646916300058,
            51.72141646966338
          ],
          [
            -1.23139763250947,
            51.72155904583633
          ],
          [
            -1.2314610835164785,
            51.72170187346637
          ],
          [
            -1.2315549608319998,
            51.72179030254483
          ]
        ]
      },
      "properties": {
        "name": "2025-05-19 (Mon) 16:12",
        "source_file": "2025-05-19-151201-ELEMNT_ROAM_A974-202-0.fit",
        "date": "2025-05-19T15:12:01",
        "sport": "cycling",
        "dropbox_id": "id:JY-PzzIM9pcAAAAAAAAAQg"
      }
    },
    {
      "type": "Feature",
      "geometry": {
        "type": "LineString",
        "coordinates": [
          [
            -1.231369972229004,
            51.72179030254483
          ],
          [
            -1.231289841234684,
            51.721931202337146
          ],
          [
            -1.231078952550888,
            51.721968753263354
          ],
          [
            -1.2308535631746054,
            51.722014686092734
          ],
          [
            -1.2306040339171886,
            51.72205659560859
          ],
          [
            -1.2303858529776335,
            51.72203505411744
          ],
          [
            -1.2301576137542725,
            51.72209121286869
          ],
          [
            -1.2299338169395924,
            51.72214888036251
          ],
          [
            -1.2297045718878508,
            51.722089536488056
          ],
          [
            -1.2295309826731682,
            51.72197034582496
          ],
          [
            -1.2292682100087404,
            51.72194989398122
          ],
          [
            -1.2290171720087528,
            51.722010830417275
          ],
          [
            -1.2287905253469944,
            51.72208325006068
          ],
          [
            -1.2285321950912476,
            51.722047962248325
          ],
          [
            -1.228340333327651,
            51.72191879712045
          ],
          [
            -1.228171018883586,
            51.72182240523398
          ],
          [
            -1.2279727030545473,
            51.72172291204333
          ],
          [
            -1.2277680169790983,
            51.72161704860628
          ],
          [
            -1.2275619897991419,
            51.72151076607406
          ],
          [
            -1.2273692898452282,
            51.721424935385585
          ],
          [
            -1.2271924316883087,
            51.721329633146524
          ],
          [
            -1.2270249612629414,
            51.72121605835855
          ],
          [
            -1.2268444988876581,
            51.72112796455622
          ],
          [
            -1.2266846559941769,
            51.721023274585605
          ],
          [
            -1.2265642918646336,
            51.720902742818
          ],
          [
            -1.2264861725270748,
            51.720774080604315
          ],
          [
            -1.2264166865497828,
            51.720645083114505
          ],
          [
            -1.2262903712689877,
            51.72050250694156
          ],
          [
            -1.2260645627975464,
            51.72050837427378
          ],
          [
            -1.2258032150566578,
            51.72053108923137
          ],
          [
            -1.2255303002893925,
            51.72052019275725
          ],
          [
            -1.2252977024763823,
            51.72049731016159
          ],
          [
            -1.2252549547702074,
            51.72036127187312
          ],
          [
            -1.2254212517291307,
            51.72022917307913
          ],
          [
            -1.225555781275034,
            51.72012146562338
          ],
          [
            -1.2256743852049112,
            51.71999976038933
          ],
          [
            -1.225823750719428,
            51.71986162662506
          ],
          [
            -1.2259799055755138,
            51.719714188948274
          ],
          [
            -1.226118877530098,
            51.7195990215987
          ],
          [
            -1.2262654770165682,
            51.719480669125915
          ],
          [
            -1.2264346238225698,
            51.71937388367951
          ],
          [
            -1.2266163434833288,
            51.71926399692893
          ],
          [
            -1.226794458925724,
            51.71914078295231
          ],
          [
            -1.226944075897336,
            51.718989321962
          ],
          [
            -1.2271074391901493,
            51.718830317258835
          ],
          [
            -1.2272805254906416,
            51.7186645232141
          ],
          [
            -1.2273927591741085,
            51.71854432672262
          ],
          [
            -1.2275590561330318,
            51.718378867954016
          ],
          [
            -1.2277013808488846,
            51.7182295024395
          ],
          [
            -1.2278314679861069,
            51.718086674809456
          ],
          [
            -1.2279334757477045,
            51.71794217079878
          ],
          [
            -1.228008745238185,
            51.71778383664787
          ],
          [
            -1.2281117588281631,
            51.71763430349529
          ],
          [
            -1.2281993497163057,
            51.71748351305723
          ],
          [
            -1.2283108290284872,
            51.717304391786456
          ],
          [
            -1.2283933907747269,
            51.717111272737384
          ],
          [
            -1.2284711748361588,
            51.71697179786861
          ],
          [
            -1.2285579275339842,
            51.71683802269399
          ],
          [
            -1.2286430038511753,
            51.71670684590936
          ],
          [
            -1.228731768205762,
            51.71657206490636
          ],
          [
            -1.2288188561797142,
            51.71642404049635
          ],
          [
            -1.2288963049650192,
            51.716280709952116
          ],
          [
            -1.2289776932448149,
            51.71612639911473
          ],
          [
            -1.229048604145646,
            51.71597602777183
          ],
          [
            -1.229113731533289,
            51.71582347713411
          ],
          [
            -1.2291683815419674,
            51.715676290914416
          ],
          [
            -1.2292149011045694,
            51.71552449464798
          ],
          [
            -1.2292617559432983,
            51.71537579968572
          ],
          [
            -1.2292751669883728,
            51.71522794291377
          ],
          [
            -1.229268629103899,
            51.71506952494383
          ],
          [
            -1.2292553018778563,
            51.71490381471813
          ],
          [
            -1.229230659082532,
            51.714732740074396
          ],
          [
            -1.2291843071579933,
            51.71457272954285
          ],
          [
            -1.2291175872087479,
            51.71440358273685
          ],
          [
            -1.229042736813426,
            51.714242566376925
          ],
          [
            -1.2289574928581715,
            51.71407668851316
          ],
          [
            -1.2288582511246204,
            51.71392505988479
          ],
          [
            -1.228754986077547,
            51.713780388236046
          ],
          [
            -1.2286461889743805,
            51.71364929527044
          ],
          [
            -1.2285272497683764,
            51.71352541074157
          ],
          [
            -1.2284076400101185,
            51.71339884400368
          ],
          [
            -1.2282886169850826,
            51.713280994445086
          ],
          [
            -1.2281783111393452,
            51.71315769664943
          ],
          [
            -1.2280118465423584,
            51.712985783815384
          ],
          [
            -1.227844962850213,
            51.71282292343676
          ],
          [
            -1.2276829406619072,
            51.71267716214061
          ],
          [
            -1.2275218404829502,
            51.71254229731858
          ],
          [
            -1.2273634225130081,
            51.712443474680185
          ],
          [
            -1.227178182452917,
            51.71233274973929
          ],
          [
            -1.226912559941411,
            51.71229796484113
          ],
          [
            -1.2267322652041912,
            51.71238840557635
          ],
          [
            -1.2265756912529469,
            51.71250072307885
          ],
          [
            -1.2263904511928558,
            51.71259560622275
          ],
          [
            -1.2261591106653214,
            51.712601305916905
          ],
          [
            -1.2259300332516432,
            51.71256920322776
          ],
          [
            -1.225675642490387,
            51.71249167062342
          ],
          [
            -1.2255119439214468,
            51.712396116927266
          ],
          [
            -1.2253785878419876,
            51.71225915662944
          ],
          [
            -1.2252007238566875,
            51.71215580776334
          ],
          [
            -1.225291583687067,
            51.71210350468755
          ]
        ]
      },
      "properties": {
        "name": "2025-05-19 (Mon) 17:07",
        "source_file": "2025-05-19-160719-ELEMNT_ROAM_A974-203-0.fit",
        "date": "2025-05-19T16:07:20",
        "sport": "cycling",
        "dropbox_id": "id:JY-PzzIM9pcAAAAAAAAAQw"
      }
    },
    {
      "type": "Feature",
      "geometry": {
        "type": "LineString",
        "coordinates": [
          [
            -1.2255633249878883,
            51.71215061098337
          ],
          [
            -1.2257026322185993,
            51.7122891638428
          ],
          [
            -1.2258495669811964,
            51.71241246163845
          ],
          [
            -1.2260224856436253,
            51.71251203864813
          ],
          [
            -1.2262596935033798,
            51.71258772723377
          ],
          [
            -1.2265156768262386,
            51.71260834671557
          ],
          [
            -1.226756488904357,
            51.71256937086582
          ],
          [
            -1.2269254680722952,
            51.71246308833361
          ],
          [
            -1.227093106135726,
            51.71234020963311
          ],
          [
            -1.2272997200489044,
            51.712267119437456
          ],
          [
            -1.2275330722332,
            51.71235906891525
          ],
          [
            -1.2276935018599033,
            51.712462501600385
          ],
          [
            -1.2278483156114817,
            51.71258362010121
          ],
          [
            -1.2279954180121422,
            51.7127067502588
          ],
          [
            -1.2281298637390137,
            51.71284379437566
          ],
          [
            -1.2282548379153013,
            51.71297916211188
          ],
          [
            -1.228374782949686,
            51.71311930753291
          ],
          [
            -1.2284933030605316,
            51.71326347626746
          ],
          [
            -1.2286137510091066,
            51.7134150210768
          ],
          [
            -1.2287377193570137,
            51.71356556005776
          ],
          [
            -1.228865459561348,
            51.713703610002995
          ],
          [
            -1.2289895117282867,
            51.71383537352085
          ],
          [
            -1.2290977220982313,
            51.71397392638028
          ],
          [
            -1.2291901744902134,
            51.714107198640704
          ],
          [
            -1.229274496436119,
            51.71424776315689
          ],
          [
            -1.2293418031185865,
            51.714393105357885
          ],
          [
            -1.2293959502130747,
            51.71453610062599
          ],
          [
            -1.2294313218444586,
            51.714681442826986
          ],
          [
            -1.2294526118785143,
            51.714829383417964
          ],
          [
            -1.2294570542871952,
            51.71497413888574
          ],
          [
            -1.2294557131826878,
            51.71512719243765
          ],
          [
            -1.2294426374137402,
            51.71526960097253
          ],
          [
            -1.229406762868166,
            51.71540739946067
          ],
          [
            -1.2293476704508066,
            51.71555089764297
          ],
          [
            -1.229291595518589,
            51.71568827703595
          ],
          [
            -1.229216493666172,
            51.71586656011641
          ],
          [
            -1.2291600834578276,
            51.71601181849837
          ],
          [
            -1.2290908489376307,
            51.71614299528301
          ],
          [
            -1.2290120590478182,
            51.71627517789602
          ],
          [
            -1.2289466802030802,
            51.716405684128404
          ],
          [
            -1.2288771104067564,
            51.71653593890369
          ],
          [
            -1.2287809699773788,
            51.716705253347754
          ],
          [
            -1.2286879308521748,
            51.71686811372638
          ],
          [
            -1.228592712432146,
            51.71703156083822
          ],
          [
            -1.228496991097927,
            51.7171969357878
          ],
          [
            -1.2283920496702194,
            51.717364406213164
          ],
          [
            -1.2282963283360004,
            51.71752483583987
          ],
          [
            -1.2282250821590424,
            51.71768090687692
          ],
          [
            -1.228141849860549,
            51.71783538535237
          ],
          [
            -1.228028777986765,
            51.717982571572065
          ],
          [
            -1.227911515161395,
            51.71813948079944
          ],
          [
            -1.2277691066265106,
            51.718296306207776
          ],
          [
            -1.227653520181775,
            51.718413066118956
          ],
          [
            -1.2275358382612467,
            51.71853309497237
          ],
          [
            -1.2274174857884645,
            51.71865027397871
          ],
          [
            -1.2273056712001562,
            51.71876912936568
          ],
          [
            -1.2271971255540848,
            51.71889024786651
          ],
          [
            -1.2270599976181984,
            51.71903676353395
          ],
          [
            -1.2269198521971703,
            51.71917607076466
          ],
          [
            -1.2267678044736385,
            51.719302302226424
          ],
          [
            -1.2265973165631294,
            51.719413697719574
          ],
          [
            -1.2263932172209024,
            51.71951277181506
          ],
          [
            -1.226205127313733,
            51.719652162864804
          ],
          [
            -1.226067328825593,
            51.719785099849105
          ],
          [
            -1.2259264290332794,
            51.719912588596344
          ],
          [
            -1.225757785141468,
            51.720048543065786
          ],
          [
            -1.225595511496067,
            51.72018961049616
          ],
          [
            -1.2254334054887295,
            51.720322044566274
          ],
          [
            -1.2252687010914087,
            51.720450120046735
          ],
          [
            -1.2250955309718847,
            51.72056729905307
          ],
          [
            -1.2249303236603737,
            51.72067953273654
          ],
          [
            -1.2247791141271591,
            51.72078573144972
          ],
          [
            -1.2246258929371834,
            51.720891343429685
          ],
          [
            -1.2244759406894445,
            51.720997877418995
          ],
          [
            -1.2243176065385342,
            51.72110206447542
          ],
          [
            -1.2241651397198439,
            51.72121228650212
          ],
          [
            -1.2240809854120016,
            51.72134052962065
          ],
          [
            -1.2240355554968119,
            51.721478160470724
          ],
          [
            -1.2239953223615885,
            51.7216176353395
          ],
          [
            -1.2239756248891354,
            51.72176825813949
          ],
          [
            -1.2239864375442266,
            51.72194603830576
          ],
          [
            -1.2240032851696014,
            51.72212406992912
          ],
          [
            -1.2239949870854616,
            51.7222701665014
          ],
          [
            -1.223996663466096,
            51.72241374850273
          ],
          [
            -1.2240256648510695,
            51.7225500382483
          ],
          [
            -1.2240296881645918,
            51.7226898483932
          ],
          [
            -1.2240359745919704,
            51.72286435961723
          ],
          [
            -1.224036393687129,
            51.72304163686931
          ],
          [
            -1.2240383215248585,
            51.72321732155979
          ],
          [
            -1.2240223959088326,
            51.72339049167931
          ],
          [
            -1.2239924725145102,
            51.723564667627215
          ],
          [
            -1.2239778880029917,
            51.72370028682053
          ],
          [
            -1.223951568827033,
            51.72383808530867
          ],
          [
            -1.223948635160923,
            51.7239988502115
          ],
          [
            -1.2241099029779434,
            51.724096750840545
          ],
          [
            -1.2244150880724192,
            51.724111000075936
          ],
          [
            -1.2246439140290022,
            51.72418903559446
          ],
          [
            -1.2248766794800758,
            51.72428919933736
          ],
          [
            -1.2251305673271418,
            51.72427142970264
          ],
          [
            -1.225398201495409,
            51.72420747578144
          ],
          [
            -1.225648233667016,
            51.724138827994466
          ],
          [
            -1.2258821725845337,
            51.724073365330696
          ],
          [
            -1.2261236552149057,
            51.72402072697878
          ],
          [
            -1.2263907864689827,
            51.723956018686295
          ],
          [
            -1.2266212049871683,
            51.72389097511768
          ],
          [
            -1.2268338538706303,
            51.72383741475642
          ],
          [
            -1.2270635180175304,
            51.72378762625158
          ],
          [
            -1.2272987142205238,
            51.72372710891068
          ],
          [
            -1.2275287974625826,
            51.72366256825626
          ],
          [
            -1.2277463916689157,
            51.723604733124375
          ],
          [
            -1.227978402748704,
            51.72354371286929
          ],
          [
            -1.2282171193510294,
            51.7234792560339
          ],
          [
            -1.228465475142002,
            51.72343038953841
          ],
          [
            -1.228739395737648,
            51.723357466980815
          ],
          [
            -1.2289764359593391,
            51.72328479588032
          ],
          [
            -1.229210626333952,
            51.72320558689535
          ],
          [
            -1.2294562999159098,
            51.72312562353909
          ],
          [
            -1.2297314777970314,
            51.72304197214544
          ],
          [
            -1.2299993634223938,
            51.72296058386564
          ],
          [
            -1.2302429415285587,
            51.72288196161389
          ],
          [
            -1.2305066362023354,
            51.72280836850405
          ],
          [
            -1.230772677809,
            51.72275044955313
          ],
          [
            -1.2310366239398718,
            51.72270049341023
          ],
          [
            -1.231303084641695,
            51.72265447676182
          ],
          [
            -1.231560492888093,
            51.7226089630276
          ],
          [
            -1.231817901134491,
            51.72257442958653
          ],
          [
            -1.2320630718022585,
            51.72254769131541
          ],
          [
            -1.2323006987571716,
            51.72252329997718
          ],
          [
            -1.2325631361454725,
            51.72249002382159
          ],
          [
            -1.2328529823571444,
            51.72243998385966
          ],
          [
            -1.2330602668225765,
            51.722389021888375
          ],
          [
            -1.2332663778215647,
            51.722344597801566
          ],
          [
            -1.2334765959531069,
            51.72229413874447
          ],
          [
            -1.2336875684559345,
            51.72225776128471
          ],
          [
            -1.233986634761095,
            51.722255665808916
          ],
          [
            -1.2342887185513973,
            51.722274189814925
          ],
          [
            -1.2345905508846045,
            51.722318110987544
          ],
          [
            -1.2348964903503656,
            51.72235012985766
          ],
          [
            -1.23519086278975,
            51.72238348983228
          ],
          [
            -1.2354315910488367,
            51.7224739305675
          ],
          [
            -1.235654717311263,
            51.72257652506232
          ],
          [
            -1.2358791008591652,
            51.72267467714846
          ],
          [
            -1.2360968627035618,
            51.72276654280722
          ],
          [
            -1.2363184802234173,
            51.7228608392179
          ],
          [
            -1.2365675903856754,
            51.72296376898885
          ],
          [
            -1.2368000205606222,
            51.723070638254285
          ],
          [
            -1.2370334565639496,
            51.72317826189101
          ],
          [
            -1.23725775629282,
            51.72328789718449
          ],
          [
            -1.2374890968203545,
            51.72339476644993
          ],
          [
            -1.237718090415001,
            51.72349635511637
          ],
          [
            -1.2379470001906157,
            51.723604230210185
          ],
          [
            -1.2381856329739094,
            51.72371629625559
          ],
          [
            -1.2384203262627125,
            51.72382794320583
          ],
          [
            -1.2386703584343195,
            51.72394269146025
          ],
          [
            -1.2389234080910683,
            51.724054673686624
          ],
          [
            -1.2391712609678507,
            51.72416849993169
          ],
          [
            -1.2393509689718485,
            51.724248798564076
          ],
          [
            -1.2395316828042269,
            51.72432775609195
          ],
          [
            -1.239712480455637,
            51.72440872527659
          ],
          [
            -1.2398967146873474,
            51.72449522651732
          ],
          [
            -1.2400806974619627,
            51.724579967558384
          ],
          [
            -1.2402652669698,
            51.72466764226556
          ],
          [
            -1.240451680496335,
            51.72475288622081
          ],
          [
            -1.2406390998512506,
            51.724839052185416
          ],
          [
            -1.2408308777958155,
            51.72492236830294
          ],
          [
            -1.2410164531320333,
            51.72501138411462
          ],
          [
            -1.2412083148956299,
            51.725095035508275
          ],
          [
            -1.241404702886939,
            51.72517877072096
          ],
          [
            -1.2416251469403505,
            51.725278766825795
          ],
          [
            -1.241885656490922,
            51.72539980150759
          ],
          [
            -1.2420807871967554,
            51.72549007460475
          ],
          [
            -1.242274409160018,
            51.725577749311924
          ],
          [
            -1.2424599006772041,
            51.725666262209415
          ],
          [
            -1.2426508404314518,
            51.725753685459495
          ],
          [
            -1.2428417801856995,
            51.72584186308086
          ],
          [
            -1.243028026074171,
            51.72592559829354
          ],
          [
            -1.2432155292481184,
            51.726013692095876
          ],
          [
            -1.2434006854891777,
            51.726097678765655
          ],
          [
            -1.2435889430344105,
            51.72617898322642
          ],
          [
            -1.243772003799677,
            51.72626590356231
          ],
          [
            -1.243951627984643,
            51.726349387317896
          ],
          [
            -1.244131000712514,
            51.726433876901865
          ],
          [
            -1.2443093676120043,
            51.72651702538133
          ],
          [
            -1.2444901652634144,
            51.72659816220403
          ],
          [
            -1.2446645926684141,
            51.726681059226394
          ],
          [
            -1.24492971226573,
            51.7267999984324
          ],
          [
            -1.2451846897602081,
            51.72691742889583
          ],
          [
            -1.2453601229935884,
            51.72699831426144
          ],
          [
            -1.2456164415925741,
            51.72711716964841
          ],
          [
            -1.2458564154803753,
            51.72722730785608
          ],
          [
            -1.2460904382169247,
            51.72733166255057
          ],
          [
            -1.2463092897087336,
            51.727434089407325
          ],
          [
            -1.2465190049260855,
            51.72753743827343
          ],
          [
            -1.2466961983591318,
            51.72767523676157
          ],
          [
            -1.2468521017581224,
            51.72783114016056
          ],
          [
            -1.2470178119838238,
            51.727989139035344
          ],
          [
            -1.2471887189894915,
            51.72815568745136
          ],
          [
            -1.247384436428547,
            51.728313183411956
          ],
          [
            -1.2475820817053318,
            51.728448551148176
          ],
          [
            -1.2476967461407185,
            51.728611160069704
          ],
          [
            -1.2477476242929697,
            51.728783743456006
          ],
          [
            -1.247797328978777,
            51.728958589956164
          ],
          [
            -1.2478425912559032,
            51.72913569957018
          ],
          [
            -1.2478793878108263,
            51.729305600747466
          ],
          [
            -1.2479110714048147,
            51.72948807477951
          ],
          [
            -1.2479365523904562,
            51.729677924886346
          ],
          [
            -1.247964296489954,
            51.72986685298383
          ],
          [
            -1.2479898612946272,
            51.730061983689666
          ],
          [
            -1.248012911528349,
            51.73024881631136
          ],
          [
            -1.2480488698929548,
            51.730442102998495
          ],
          [
            -1.2480904441326857,
            51.73063354566693
          ],
          [
            -1.2481313478201628,
            51.73081710934639
          ],
          [
            -1.2481767777353525,
            51.73099170438945
          ],
          [
            -1.248233774676919,
            51.73116252757609
          ],
          [
            -1.2482895981520414,
            51.7313346080482
          ],
          [
            -1.2483460921794176,
            51.73149671405554
          ],
          [
            -1.2484346888959408,
            51.73164742067456
          ],
          [
            -1.2485831324011087,
            51.731787230819464
          ],
          [
            -1.248691426590085,
            51.73193458467722
          ],
          [
            -1.2487642653286457,
            51.73208445310593
          ],
          [
            -1.2488207593560219,
            51.73222032375634
          ],
          [
            -1.2488733977079391,
            51.73236700706184
          ],
          [
            -1.2489588093012571,
            51.73250681720674
          ],
          [
            -1.2490153033286333,
            51.73266381025314
          ],
          [
            -1.2490562908351421,
            51.732813846319914
          ],
          [
            -1.2491394393146038,
            51.73295734450221
          ],
          [
            -1.24931369908154,
            51.7330683209002
          ],
          [
            -1.2494904734194279,
            51.73318265005946
          ],
          [
            -1.2495976779609919,
            51.73332908190787
          ],
          [
            -1.2497083190828562,
            51.733488254249096
          ],
          [
            -1.2498233187943697,
            51.73364122398198
          ],
          [
            -1.2499468680471182,
            51.73380852676928
          ],
          [
            -1.2500618677586317,
            51.73397951759398
          ],
          [
            -1.250176951289177,
            51.7341547831893
          ],
          [
            -1.2502808030694723,
            51.734326276928186
          ],
          [
            -1.250370992347598,
            51.73450422473252
          ],
          [
            -1.2504574097692966,
            51.734679490327835
          ],
          [
            -1.2505431566387415,
            51.734847044572234
          ],
          [
            -1.2506353575736284,
            51.73502281308174
          ],
          [
            -1.250727390870452,
            51.735197911038995
          ],
          [
            -1.2508216034621,
            51.735369907692075
          ],
          [
            -1.2509121280163527,
            51.735538551583886
          ],
          [
            -1.2510094419121742,
            51.735715325921774
          ],
          [
            -1.2511060014367104,
            51.73589486628771
          ],
          [
            -1.25120272859931,
            51.7360713891685
          ],
          [
            -1.2513044010847807,
            51.736246990039945
          ],
          [
            -1.251398865133524,
            51.73641772940755
          ],
          [
            -1.2514996156096458,
            51.736592995002866
          ],
          [
            -1.251594666391611,
            51.73676809296012
          ],
          [
            -1.2516846042126417,
            51.73694159835577
          ],
          [
            -1.251788204535842,
            51.73712273128331
          ],
          [
            -1.251891553401947,
            51.7372939735651
          ],
          [
            -1.2519912142306566,
            51.73747854307294
          ],
          [
            -1.2520930543541908,
            51.73764978535473
          ],
          [
            -1.252199001610279,
            51.73781365156174
          ],
          [
            -1.2523133307695389,
            51.73798464238644
          ],
          [
            -1.2524255644530058,
            51.738154124468565
          ],
          [
            -1.252529164776206,
            51.738325199112296
          ],
          [
            -1.2526331841945648,
            51.73848822712898
          ],
          [
            -1.252739718183875,
            51.73864136449993
          ],
          [
            -1.2528496887534857,
            51.73877790570259
          ],
          [
            -1.2529722321778536,
            51.738928109407425
          ],
          [
            -1.2530833762139082,
            51.73909113742411
          ],
          [
            -1.253202399238944,
            51.73925081267953
          ],
          [
            -1.2533276248723269,
            51.73941551707685
          ],
          [
            -1.2534500006586313,
            51.73957820981741
          ],
          [
            -1.2535698618739843,
            51.73974048346281
          ],
          [
            -1.253686286509037,
            51.73990577459335
          ],
          [
            -1.2538241688162088,
            51.74004960805178
          ],
          [
            -1.2539635598659515,
            51.74019838683307
          ],
          [
            -1.2540554255247116,
            51.74036183394492
          ],
          [
            -1.2541550025343895,
            51.74052419140935
          ],
          [
            -1.254257932305336,
            51.74068889580667
          ],
          [
            -1.2543761171400547,
            51.74085351638496
          ],
          [
            -1.254492625594139,
            51.74101956188679
          ],
          [
            -1.254610475152731,
            51.74119742587209
          ],
          [
            -1.2547123152762651,
            51.74136464484036
          ],
          [
            -1.2548155803233385,
            51.741532953456044
          ],
          [
            -1.2549150735139847,
            51.74170369282365
          ],
          [
            -1.2550208531320095,
            51.74186940304935
          ],
          [
            -1.2551170773804188,
            51.742038214579225
          ],
          [
            -1.2552198395133018,
            51.742210714146495
          ],
          [
            -1.2553232721984386,
            51.74238639883697
          ],
          [
            -1.255427123978734,
            51.74255831167102
          ],
          [
            -1.2555223423987627,
            51.74272988922894
          ],
          [
            -1.2556067481637,
            51.74290859140456
          ],
          [
            -1.2556769885122776,
            51.74309391528368
          ],
          [
            -1.2557441275566816,
            51.743278820067644
          ],
          [
            -1.2558365799486637,
            51.743454840034246
          ],
          [
            -1.2559276912361383,
            51.74363731406629
          ],
          [
            -1.2559747137129307,
            51.74382397904992
          ],
          [
            -1.2560180481523275,
            51.744005447253585
          ],
          [
            -1.2560616340488195,
            51.7441775277257
          ],
          [
            -1.256100945174694,
            51.744361678138375
          ],
          [
            -1.2561364006251097,
            51.74454306252301
          ],
          [
            -1.2561730295419693,
            51.744719836860895
          ],
          [
            -1.2562000192701817,
            51.74489258788526
          ],
          [
            -1.2562290206551552,
            51.745059890672565
          ],
          [
            -1.256236145272851,
            51.74523716792464
          ],
          [
            -1.256250897422433,
            51.745413187891245
          ],
          [
            -1.2562684994190931,
            51.74558342434466
          ],
          [
            -1.2562839221209288,
            51.745761539787054
          ],
          [
            -1.256298841908574,
            51.745942840352654
          ],
          [
            -1.2563158571720123,
            51.74612296745181
          ],
          [
            -1.2563306093215942,
            51.74629437737167
          ],
          [
            -1.256343936547637,
            51.746469559147954
          ],
          [
            -1.2563659809529781,
            51.74665563739836
          ],
          [
            -1.256422558799386,
            51.74684515222907
          ],
          [
            -1.2564881052821875,
            51.746995439752936
          ],
          [
            -1.2565325293689966,
            51.7471459787339
          ],
          [
            -1.2565264943987131,
            51.74730842001736
          ],
          [
            -1.2565197050571442,
            51.7474533431232
          ],
          [
            -1.2565298471599817,
            51.74761653877795
          ],
          [
            -1.2565456051379442,
            51.747772777453065
          ],
          [
            -1.256568655371666,
            51.74792926758528
          ],
          [
            -1.2565920408815145,
            51.748079219833016
          ],
          [
            -1.2566150911152363,
            51.748226238414645
          ],
          [
            -1.2566342018544674,
            51.748363953083754
          ],
          [
            -1.2566436734050512,
            51.74851474352181
          ],
          [
            -1.2566602695733309,
            51.74867006018758
          ],
          [
            -1.2566781230270863,
            51.748822778463364
          ],
          [
            -1.2567016761749983,
            51.74897851422429
          ],
          [
            -1.2567074596881866,
            51.74913232214749
          ],
          [
            -1.2567345332354307,
            51.749288979917765
          ],
          [
            -1.2567844055593014,
            51.749449241906404
          ],
          [
            -1.2568102218210697,
            51.74960237927735
          ],
          [
            -1.2568291649222374,
            51.749748308211565
          ],
          [
            -1.256841067224741,
            51.749899266287684
          ],
          [
            -1.256858166307211,
            51.75004796124995
          ],
          [
            -1.256857244297862,
            51.750193890184164
          ],
          [
            -1.2568638660013676,
            51.750344429165125
          ],
          [
            -1.2569119781255722,
            51.750489016994834
          ],
          [
            -1.2569890078157187,
            51.750661013647914
          ],
          [
            -1.2570719048380852,
            51.750821359455585
          ],
          [
            -1.2571238726377487,
            51.75095756538212
          ],
          [
            -1.2571848928928375,
            51.75109460949898
          ],
          [
            -1.2572703883051872,
            51.751221511512995
          ],
          [
            -1.257350267842412,
            51.751381270587444
          ],
          [
            -1.2574176583439112,
            51.75153901800513
          ],
          [
            -1.2574644293636084,
            51.75168544985354
          ],
          [
            -1.2575249467045069,
            51.751824002712965
          ],
          [
            -1.2574853003025055,
            51.751962304115295
          ],
          [
            -1.257291929796338,
            51.752046793699265
          ],
          [
            -1.2570433225482702,
            51.75209943205118
          ],
          [
            -1.2568259797990322,
            51.75213413313031
          ],
          [
            -1.2565943039953709,
            51.75216824747622
          ],
          [
            -1.2563565094023943,
            51.752202697098255
          ],
          [
            -1.2561338860541582,
            51.75224435515702
          ],
          [
            -1.2558789923787117,
            51.75228760577738
          ],
          [
            -1.2558700237423182,
            51.752462200820446
          ],
          [
            -1.2558825127780437,
            51.75262740813196
          ],
          [
            -1.2559352349489927,
            51.752793956547976
          ],
          [
            -1.2560171261429787,
            51.752958660945296
          ],
          [
            -1.2560965865850449,
            51.75310551188886
          ],
          [
            -1.2561649829149246,
            51.75323794595897
          ],
          [
            -1.2562357261776924,
            51.75337775610387
          ],
          [
            -1.2562846764922142,
            51.75351982936263
          ],
          [
            -1.2563357222825289,
            51.753686126321554
          ],
          [
            -1.256415769457817,
            51.753829792141914
          ],
          [
            -1.2564870994538069,
            51.75395920872688
          ],
          [
            -1.256558932363987,
            51.75408820621669
          ],
          [
            -1.2565864250063896,
            51.75424234941602
          ],
          [
            -1.2564226426184177,
            51.754348715767264
          ],
          [
            -1.256145117804408,
            51.75435877405107
          ],
          [
            -1.2559331394731998,
            51.75439632497728
          ],
          [
            -1.2557015474885702,
            51.75444150343537
          ],
          [
            -1.2554780021309853,
            51.75450487062335
          ],
          [
            -1.2552769202739,
            51.754575446248055
          ],
          [
            -1.2550667021423578,
            51.754646273329854
          ],
          [
            -1.2548721581697464,
            51.754731852561235
          ],
          [
            -1.254677614197135,
            51.75484458915889
          ],
          [
            -1.2545911967754364,
            51.75498138181865
          ],
          [
            -1.2546931207180023,
            51.75513527356088
          ],
          [
            -1.2547753471881151,
            51.75526854582131
          ],
          [
            -1.254876097664237,
            51.755420258268714
          ],
          [
            -1.2549976352602243,
            51.755592338740826
          ],
          [
            -1.255118753761053,
            51.75576928071678
          ],
          [
            -1.255212463438511,
            51.75594446249306
          ],
          [
            -1.2553195003420115,
            51.75612023100257
          ],
          [
            -1.2554204184561968,
            51.75629625096917
          ],
          [
            -1.2555230967700481,
            51.75646531395614
          ],
          [
            -1.2556266132742167,
            51.756621804088354
          ],
          [
            -1.2557297945022583,
            51.75679128617048
          ],
          [
            -1.255842363461852,
            51.75696026533842
          ],
          [
            -1.2559403479099274,
            51.75711030140519
          ],
          [
            -1.256024083122611,
            51.75724374130368
          ],
          [
            -1.2561237439513206,
            51.75740098580718
          ],
          [
            -1.256238492205739,
            51.75752595998347
          ],
          [
            -1.256325663998723,
            51.757660238072276
          ],
          [
            -1.2564042024314404,
            51.75779024139047
          ],
          [
            -1.2564755324274302,
            51.757935332134366
          ],
          [
            -1.2565578427165747,
            51.75807639956474
          ],
          [
            -1.2566350400447845,
            51.758222160860896
          ],
          [
            -1.2567172665148973,
            51.758362809196115
          ],
          [
            -1.256790105253458,
            51.75850999541581
          ],
          [
            -1.2568421568721533,
            51.7586484644562
          ],
          [
            -1.2568951305001974,
            51.75878341309726
          ],
          [
            -1.2569661252200603,
            51.758933365345
          ],
          [
            -1.2570412270724773,
            51.75907786935568
          ],
          [
            -1.2571123894304037,
            51.75923880189657
          ],
          [
            -1.257202411070466,
            51.75939026288688
          ],
          [
            -1.257303161546588,
            51.7595256306231
          ],
          [
            -1.257515475153923,
            51.759630404412746
          ],
          [
            -1.257736925035715,
            51.75959964282811
          ],
          [
            -1.2579521723091602,
            51.7595620919019
          ],
          [
            -1.2581630609929562,
            51.75951607525349
          ],
          [
            -1.2583802361041307,
            51.75948849879205
          ],
          [
            -1.258611660450697,
            51.75946930423379
          ],
          [
            -1.258862279355526,
            51.759420270100236
          ],
          [
            -1.2590973917394876,
            51.75937836058438
          ],
          [
            -1.2593268044292927,
            51.7593287397176
          ],
          [
            -1.2595601566135883,
            51.759287333115935
          ],
          [
            -1.2597925029695034,
            51.75923335365951
          ],
          [
            -1.2597898207604885,
            51.75906864926219
          ],
          [
            -1.2597833666950464,
            51.75888676196337
          ],
          [
            -1.2598089314997196,
            51.75872809253633
          ],
          [
            -1.259814715012908,
            51.758579816669226
          ],
          [
            -1.2598168943077326,
            51.758415615186095
          ],
          [
            -1.2598089314997196,
            51.75826440565288
          ],
          [
            -1.2597971968352795,
            51.758111687377095
          ],
          [
            -1.2597827799618244,
            51.757954861968756
          ],
          [
            -1.259760819375515,
            51.75780105404556
          ],
          [
            -1.2597398646175861,
            51.75765177235007
          ],
          [
            -1.2597018107771873,
            51.7575138900429
          ],
          [
            -1.259648920968175,
            51.75734910182655
          ],
          [
            -1.2594871502369642,
            51.75724407657981
          ],
          [
            -1.2592631857842207,
            51.75722119398415
          ],
          [
            -1.2590483576059341,
            51.75727684982121
          ],
          [
            -1.2589750159531832,
            51.75730132497847
          ]
        ]
      },
      "properties": {
        "name": "2025-05-22 (Thu) 11:20",
        "source_file": "2025-05-22-102036-ELEMNT_ROAM_A974-204-0.fit",
        "date": "2025-05-22T10:20:37",
        "sport": "cycling",
        "dropbox_id": "id:JY-PzzIM9pcAAAAAAAAARA"
      }
    },
    {
      "type": "Feature",
      "geometry": {
        "type": "LineString",
        "coordinates": [
          [
            -1.2595816981047392,
            51.75706478767097
          ],
          [
            -1.2595435604453087,
            51.7569269053638
          ],
          [
            -1.259511960670352,
            51.756778629496694
          ],
          [
            -1.2594582326710224,
            51.75660948269069
          ],
          [
            -1.2594278901815414,
            51.756443521007895
          ],
          [
            -1.2593884952366352,
            51.756271943449974
          ],
          [
            -1.2593291513621807,
            51.756128277629614
          ],
          [
            -1.2592608388513327,
            51.755982181057334
          ],
          [
            -1.2591926101595163,
            51.75583474338055
          ],
          [
            -1.2591112218797207,
            51.75569040700793
          ],
          [
            -1.259034527465701,
            51.75555797293782
          ],
          [
            -1.2589540611952543,
            51.75541623495519
          ],
          [
            -1.2588570825755596,
            51.755265360698104
          ],
          [
            -1.258772760629654,
            51.75512722693384
          ],
          [
            -1.2586746085435152,
            51.75498850643635
          ],
          [
            -1.258601350709796,
            51.7548200301826
          ],
          [
            -1.258547455072403,
            51.754678543657064
          ],
          [
            -1.2585345469415188,
            51.754536889493465
          ],
          [
            -1.25850236043334,
            51.75438073463738
          ],
          [
            -1.2582651525735855,
            51.7543950676918
          ],
          [
            -1.2580124381929636,
            51.75445105880499
          ],
          [
            -1.257754024118185,
            51.75449447706342
          ],
          [
            -1.257495442405343,
            51.754537392407656
          ],
          [
            -1.257251612842083,
            51.75458223558962
          ],
          [
            -1.2569976411759853,
            51.754542756825686
          ],
          [
            -1.256757415831089,
            51.75449171103537
          ],
          [
            -1.256654905155301,
            51.754347290843725
          ],
          [
            -1.2565787136554718,
            51.75421519204974
          ],
          [
            -1.2565258238464594,
            51.75405694171786
          ],
          [
            -1.2564922124147415,
            51.75392031669617
          ],
          [
            -1.2564209662377834,
            51.75375720486045
          ],
          [
            -1.256367489695549,
            51.753597697243094
          ],
          [
            -1.2562898732721806,
            51.75344925373793
          ],
          [
            -1.2561982590705156,
            51.753290416672826
          ],
          [
            -1.2561261747032404,
            51.75314054824412
          ],
          [
            -1.2560515757650137,
            51.752998139709234
          ],
          [
            -1.2559796590358019,
            51.75284399650991
          ],
          [
            -1.2559443712234497,
            51.75269337370992
          ],
          [
            -1.2559370789676905,
            51.752535458654165
          ],
          [
            -1.2560019548982382,
            51.752376118674874
          ],
          [
            -1.2562187109142542,
            51.752299927175045
          ],
          [
            -1.256459103897214,
            51.75224745646119
          ],
          [
            -1.256689690053463,
            51.7522088997066
          ],
          [
            -1.2568989023566246,
            51.75216824747622
          ],
          [
            -1.2571440730243921,
            51.75215466879308
          ],
          [
            -1.2574075162410736,
            51.75213513895869
          ],
          [
            -1.2575995456427336,
            51.75204696133733
          ],
          [
            -1.2575906608253717,
            51.75190254114568
          ],
          [
            -1.257530227303505,
            51.75175493583083
          ],
          [
            -1.2574565503746271,
            51.75158327445388
          ],
          [
            -1.2574078515172005,
            51.75144606269896
          ],
          [
            -1.2573244515806437,
            51.75129267387092
          ],
          [
            -1.2572496850043535,
            51.75115856342018
          ],
          [
            -1.2571688834577799,
            51.751017244532704
          ],
          [
            -1.2570620980113745,
            51.75087181851268
          ],
          [
            -1.2569781113415956,
            51.750732595101
          ],
          [
            -1.256916169077158,
            51.75060083158314
          ],
          [
            -1.2568692304193974,
            51.75045909360051
          ],
          [
            -1.256825141608715,
            51.7502695787698
          ],
          [
            -1.256795385852456,
            51.75007218495011
          ],
          [
            -1.2567743472754955,
            51.749929608777165
          ],
          [
            -1.2567485310137272,
            51.749785942956805
          ],
          [
            -1.2567226309329271,
            51.74965099431574
          ],
          [
            -1.256684409454465,
            51.74950749613345
          ],
          [
            -1.2566544022411108,
            51.74936735071242
          ],
          [
            -1.2566341180354357,
            51.74922091886401
          ],
          [
            -1.2566136661916971,
            51.74907901324332
          ],
          [
            -1.2565879337489605,
            51.74888857640326
          ],
          [
            -1.2565526459366083,
            51.748709958046675
          ],
          [
            -1.2565006781369448,
            51.748517006635666
          ],
          [
            -1.2564607802778482,
            51.748335538432
          ],
          [
            -1.2564412504434586,
            51.7481473647058
          ],
          [
            -1.2564229778945446,
            51.74796807579696
          ],
          [
            -1.256412249058485,
            51.74779289402068
          ],
          [
            -1.2564006820321083,
            51.74762693233788
          ],
          [
            -1.2563882768154144,
            51.747453175485134
          ],
          [
            -1.2563826609402895,
            51.747314874082804
          ],
          [
            -1.2563793081790209,
            51.74714304506779
          ],
          [
            -1.2563599459826946,
            51.74699577502906
          ],
          [
            -1.2563379853963852,
            51.74683576449752
          ],
          [
            -1.256338320672512,
            51.74667860381305
          ],
          [
            -1.256333040073514,
            51.746523790061474
          ],
          [
            -1.2563132587820292,
            51.74637006595731
          ],
          [
            -1.2562942318618298,
            51.746207708492875
          ],
          [
            -1.2562783062458038,
            51.746040070429444
          ],
          [
            -1.256253495812416,
            51.74586354754865
          ],
          [
            -1.2562271766364574,
            51.745666321367025
          ],
          [
            -1.2562082335352898,
            51.74552835524082
          ],
          [
            -1.2561850156635046,
            51.74532609991729
          ],
          [
            -1.2561566848307848,
            51.745131723582745
          ],
          [
            -1.2561257556080818,
            51.74493785016239
          ],
          [
            -1.2560996040701866,
            51.74479594454169
          ],
          [
            -1.2560700997710228,
            51.74465898424387
          ],
          [
            -1.2560468818992376,
            51.74451875500381
          ],
          [
            -1.256023496389389,
            51.74437366425991
          ],
          [
            -1.2559965904802084,
            51.74423209391534
          ],
          [
            -1.255971360951662,
            51.744089517742395
          ],
          [
            -1.2559431977570057,
            51.74394794739783
          ],
          [
            -1.2559048924595118,
            51.743805538862944
          ],
          [
            -1.2558567803353071,
            51.7436677403748
          ],
          [
            -1.2558043096214533,
            51.74353555776179
          ],
          [
            -1.2557478994131088,
            51.74340178258717
          ],
          [
            -1.2556449696421623,
            51.7432049755007
          ],
          [
            -1.255574394017458,
            51.74307052977383
          ],
          [
            -1.2555079255253077,
            51.74293817952275
          ],
          [
            -1.2554376851767302,
            51.7428080085665
          ],
          [
            -1.2553363479673862,
            51.74261757172644
          ],
          [
            -1.2552676163613796,
            51.742488238960505
          ],
          [
            -1.255159992724657,
            51.742300149053335
          ],
          [
            -1.2550933565944433,
            51.742169223725796
          ],
          [
            -1.2550003174692392,
            51.741981972008944
          ],
          [
            -1.2548876646906137,
            51.741794468834996
          ],
          [
            -1.2547748442739248,
            51.74160503782332
          ],
          [
            -1.2546994909644127,
            51.741475872695446
          ],
          [
            -1.2546208687126637,
            51.7413488868624
          ],
          [
            -1.2545354571193457,
            51.741221314296126
          ],
          [
            -1.2544053699821234,
            51.74103540368378
          ],
          [
            -1.2542763724923134,
            51.74085016362369
          ],
          [
            -1.2541855964809656,
            51.7407254409045
          ],
          [
            -1.2540509831160307,
            51.740544056519866
          ],
          [
            -1.2539586145430803,
            51.74041975289583
          ],
          [
            -1.2538235820829868,
            51.74023384228349
          ],
          [
            -1.2536940816789865,
            51.74005262553692
          ],
          [
            -1.2535603065043688,
            51.739876605570316
          ],
          [
            -1.2534268666058779,
            51.739698741585016
          ],
          [
            -1.2532884813845158,
            51.73952255398035
          ],
          [
            -1.2531604059040546,
            51.73934628255665
          ],
          [
            -1.2530273851007223,
            51.73916540108621
          ],
          [
            -1.2528944481164217,
            51.73897806555033
          ],
          [
            -1.2527560628950596,
            51.73879609443247
          ],
          [
            -1.2526656221598387,
            51.738669611513615
          ],
          [
            -1.2525775283575058,
            51.738540697842836
          ],
          [
            -1.252456745132804,
            51.73835311084986
          ],
          [
            -1.2523709144443274,
            51.73822612501681
          ],
          [
            -1.252284999936819,
            51.73809997737408
          ],
          [
            -1.2522033601999283,
            51.73797408118844
          ],
          [
            -1.2520838342607021,
            51.73778414726257
          ],
          [
            -1.2520018592476845,
            51.73765305429697
          ],
          [
            -1.2519255001097918,
            51.73751919530332
          ],
          [
            -1.2518410105258226,
            51.73738298937678
          ],
          [
            -1.251766663044691,
            51.73725072294474
          ],
          [
            -1.251669181510806,
            51.73706665635109
          ],
          [
            -1.2516022101044655,
            51.73693229444325
          ],
          [
            -1.2515219952911139,
            51.73679457977414
          ],
          [
            -1.2514472287148237,
            51.7366604693234
          ],
          [
            -1.2513786647468805,
            51.73652862198651
          ],
          [
            -1.2513015512377024,
            51.73639761283994
          ],
          [
            -1.2512181513011456,
            51.73626492731273
          ],
          [
            -1.25113969668746,
            51.73613106831908
          ],
          [
            -1.251066355034709,
            51.73599804751575
          ],
          [
            -1.250994186848402,
            51.73586125485599
          ],
          [
            -1.2509200908243656,
            51.73572588711977
          ],
          [
            -1.2508474197238684,
            51.735594207420945
          ],
          [
            -1.2507750000804663,
            51.73545942641795
          ],
          [
            -1.2507048435509205,
            51.73532950691879
          ],
          [
            -1.2505993153899908,
            51.73513915389776
          ],
          [
            -1.2504965532571077,
            51.73495173454285
          ],
          [
            -1.2503841519355774,
            51.73477093689144
          ],
          [
            -1.250284407287836,
            51.734605226665735
          ],
          [
            -1.250207545235753,
            51.73447254113853
          ],
          [
            -1.250118613243103,
            51.73430456779897
          ],
          [
            -1.250020544975996,
            51.734161572530866
          ],
          [
            -1.249928092584014,
            51.7340078484267
          ],
          [
            -1.249830611050129,
            51.7338714748621
          ],
          [
            -1.2497090734541416,
            51.7337454110384
          ],
          [
            -1.2496143579483032,
            51.73361691646278
          ],
          [
            -1.2495200615376234,
            51.733479369431734
          ],
          [
            -1.249429201707244,
            51.7333447560668
          ],
          [
            -1.2493338156491518,
            51.73321349546313
          ],
          [
            -1.2492429558187723,
            51.733087096363306
          ],
          [
            -1.2491211667656898,
            51.73292951658368
          ],
          [
            -1.2490319833159447,
            51.732775289565325
          ],
          [
            -1.2490132078528404,
            51.732622906565666
          ],
          [
            -1.248975321650505,
            51.73247831873596
          ],
          [
            -1.248879600316286,
            51.732340436428785
          ],
          [
            -1.2488202564418316,
            51.73217992298305
          ],
          [
            -1.2487465795129538,
            51.73202737234533
          ],
          [
            -1.2486580666154623,
            51.731862500309944
          ],
          [
            -1.2484993133693933,
            51.731709614396095
          ],
          [
            -1.248358078300953,
            51.73155597411096
          ],
          [
            -1.248303595930338,
            51.73142110928893
          ],
          [
            -1.2482547294348478,
            51.73127786256373
          ],
          [
            -1.2482105568051338,
            51.731140315532684
          ],
          [
            -1.2481746822595596,
            51.73099983483553
          ],
          [
            -1.248136293143034,
            51.73086220398545
          ],
          [
            -1.248099748045206,
            51.73072339966893
          ],
          [
            -1.248067645356059,
            51.73057621344924
          ],
          [
            -1.2480395659804344,
            51.73042978160083
          ],
          [
            -1.2480163481086493,
            51.73028108663857
          ],
          [
            -1.247991370037198,
            51.73014043830335
          ],
          [
            -1.24797192402184,
            51.72999023459852
          ],
          [
            -1.2479497119784355,
            51.729840869084
          ],
          [
            -1.2479272484779358,
            51.729693012312055
          ],
          [
            -1.2479056231677532,
            51.729543982073665
          ],
          [
            -1.2478846684098244,
            51.72939260490239
          ],
          [
            -1.247856505215168,
            51.72925313003361
          ],
          [
            -1.2478229776024818,
            51.72910896129906
          ],
          [
            -1.2477855943143368,
            51.72896705567837
          ],
          [
            -1.2477435171604156,
            51.72881274484098
          ],
          [
            -1.2476914655417204,
            51.72866363078356
          ],
          [
            -1.2476120050996542,
            51.72850529663265
          ],
          [
            -1.247456856071949,
            51.72836657613516
          ],
          [
            -1.2472678441554308,
            51.728240847587585
          ],
          [
            -1.2471039779484272,
            51.72809785231948
          ],
          [
            -1.2469570431858301,
            51.72794773243368
          ],
          [
            -1.2468039896339178,
            51.72779023647308
          ],
          [
            -1.2466433085501194,
            51.72764061950147
          ],
          [
            -1.2464595772325993,
            51.72752620652318
          ],
          [
            -1.2462713196873665,
            51.727432161569595
          ],
          [
            -1.2460722494870424,
            51.72734289430082
          ],
          [
            -1.2458654679358006,
            51.727246418595314
          ],
          [
            -1.2456580996513367,
            51.727153128013015
          ],
          [
            -1.2454507313668728,
            51.72705313190818
          ],
          [
            -1.2452382501214743,
            51.72696151770651
          ],
          [
            -1.2450273614376783,
            51.72686621546745
          ],
          [
            -1.244818652048707,
            51.7267722543329
          ],
          [
            -1.2446218449622393,
            51.7266771197319
          ],
          [
            -1.2444303184747696,
            51.7265856731683
          ],
          [
            -1.24425052665174,
            51.726499339565635
          ],
          [
            -1.244013486430049,
            51.72639548778534
          ],
          [
            -1.243827659636736,
            51.72630546614528
          ],
          [
            -1.2436250690370798,
            51.726213935762644
          ],
          [
            -1.2434125039726496,
            51.72612098045647
          ],
          [
            -1.2431995198130608,
            51.72602224163711
          ],
          [
            -1.2429875414818525,
            51.72593171708286
          ],
          [
            -1.2427763175219297,
            51.72582887113094
          ],
          [
            -1.2425588071346283,
            51.72572594136
          ],
          [
            -1.2423389498144388,
            51.72562351450324
          ],
          [
            -1.24212596565485,
            51.72552737407386
          ],
          [
            -1.2419055216014385,
            51.725434167310596
          ],
          [
            -1.2416949681937695,
            51.72534238547087
          ],
          [
            -1.241490449756384,
            51.72525211237371
          ],
          [
            -1.2412855122238398,
            51.72515630722046
          ],
          [
            -1.241084011271596,
            51.72506595030427
          ],
          [
            -1.240894915536046,
            51.72497425228357
          ],
          [
            -1.2407142855226994,
            51.72488674521446
          ],
          [
            -1.2405235134065151,
            51.72479655593634
          ],
          [
            -1.24033709987998,
            51.724713407456875
          ],
          [
            -1.2401526141911745,
            51.724623888731
          ],
          [
            -1.2399547174572945,
            51.72453520819545
          ],
          [
            -1.2397624365985394,
            51.72444493509829
          ],
          [
            -1.2395692337304354,
            51.72435105778277
          ],
          [
            -1.2393773719668388,
            51.724267825484276
          ],
          [
            -1.239185594022274,
            51.724178306758404
          ],
          [
            -1.239003036171198,
            51.724098175764084
          ],
          [
            -1.2388089951127768,
            51.72401829622686
          ],
          [
            -1.2386138644069433,
            51.723932046443224
          ],
          [
            -1.2384254392236471,
            51.72384747304022
          ],
          [
            -1.238228129222989,
            51.723762983456254
          ],
          [
            -1.2380293104797602,
            51.72366457991302
          ],
          [
            -1.2378390412777662,
            51.72357866540551
          ],
          [
            -1.2376467604190111,
            51.72348814085126
          ],
          [
            -1.2374402303248644,
            51.7233962751925
          ],
          [
            -1.2372476141899824,
            51.72330558300018
          ],
          [
            -1.2370584346354008,
            51.7232149746269
          ],
          [
            -1.2368757091462612,
            51.72313308343291
          ],
          [
            -1.2367023713886738,
            51.7230455763638
          ],
          [
            -1.236525010317564,
            51.72296527773142
          ],
          [
            -1.2363042309880257,
            51.722860084846616
          ],
          [
            -1.236097700893879,
            51.72275329940021
          ],
          [
            -1.2359076831489801,
            51.7226676363498
          ],
          [
            -1.2357055954635143,
            51.72258557751775
          ],
          [
            -1.2355097103863955,
            51.72249815426767
          ],
          [
            -1.2353162560611963,
            51.72241115011275
          ],
          [
            -1.2350838258862495,
            51.72236781567335
          ],
          [
            -1.2348478753119707,
            51.722345100715756
          ],
          [
            -1.2346146907657385,
            51.72231785953045
          ],
          [
            -1.2343849427998066,
            51.72228952869773
          ],
          [
            -1.2341577094048262,
            51.722272681072354
          ],
          [
            -1.2339283805340528,
            51.722253654152155
          ],
          [
            -1.233706846833229,
            51.72228089533746
          ],
          [
            -1.2334929406642914,
            51.722335210070014
          ],
          [
            -1.2332837283611298,
            51.72237837687135
          ],
          [
            -1.2330207880586386,
            51.72242632135749
          ],
          [
            -1.2327723484486341,
            51.72248558141291
          ],
          [
            -1.232554754242301,
            51.72252363525331
          ],
          [
            -1.2323289457708597,
            51.72256210818887
          ],
          [
            -1.2320872116833925,
            51.722599659115076
          ],
          [
            -1.2318435497581959,
            51.72262229025364
          ],
          [
            -1.2315968703478575,
            51.72265305183828
          ],
          [
            -1.2313544657081366,
            51.72268590889871
          ],
          [
            -1.2311267293989658,
            51.722719771787524
          ],
          [
            -1.2308992445468903,
            51.72276008874178
          ],
          [
            -1.230676956474781,
            51.72280794940889
          ],
          [
            -1.2304606195539236,
            51.72285941429436
          ],
          [
            -1.2302498146891594,
            51.72292529605329
          ],
          [
            -1.2300359085202217,
            51.72298111952841
          ],
          [
            -1.2298256065696478,
            51.72304532490671
          ],
          [
            -1.2296205013990402,
            51.72311522997916
          ],
          [
            -1.2294077686965466,
            51.72318471595645
          ],
          [
            -1.2291941978037357,
            51.723252357915044
          ],
          [
            -1.2289760168641806,
            51.72332511283457
          ],
          [
            -1.2287671398371458,
            51.72339392825961
          ],
          [
            -1.2285450194031,
            51.72345352359116
          ],
          [
            -1.2283092364668846,
            51.72351052053273
          ],
          [
            -1.2280575279146433,
            51.72356684692204
          ],
          [
            -1.2278206553310156,
            51.723624262958765
          ],
          [
            -1.227593757212162,
            51.72367815859616
          ],
          [
            -1.2273710500448942,
            51.723738089203835
          ],
          [
            -1.2271402962505817,
            51.72380573116243
          ],
          [
            -1.2269173376262188,
            51.723866080865264
          ],
          [
            -1.226681638509035,
            51.723935566842556
          ],
          [
            -1.2264511361718178,
            51.723990719765425
          ],
          [
            -1.2262213043868542,
            51.72405785880983
          ],
          [
            -1.225981330499053,
            51.72411602921784
          ],
          [
            -1.2257490679621696,
            51.72416774556041
          ],
          [
            -1.225498029962182,
            51.72422734089196
          ],
          [
            -1.2252179067581892,
            51.72430311329663
          ],
          [
            -1.2249951157718897,
            51.72439221292734
          ],
          [
            -1.2247608415782452,
            51.724420292302966
          ],
          [
            -1.2245435826480389,
            51.72440093010664
          ],
          [
            -1.2243261560797691,
            51.72429204918444
          ],
          [
            -1.2241307739168406,
            51.72419926151633
          ],
          [
            -1.2240014411509037,
            51.72407261095941
          ],
          [
            -1.2239431031048298,
            51.7239124327898
          ],
          [
            -1.2239508982747793,
            51.72374261543155
          ],
          [
            -1.2239776365458965,
            51.72359651885927
          ],
          [
            -1.2239925563335419,
            51.723443046212196
          ],
          [
            -1.2239964120090008,
            51.72328622080386
          ],
          [
            -1.223986353725195,
            51.723124366253614
          ],
          [
            -1.2239702604711056,
            51.72296636737883
          ],
          [
            -1.223963387310505,
            51.72281155362725
          ],
          [
            -1.2239658180624247,
            51.722647938877344
          ],
          [
            -1.2239658180624247,
            51.72248926945031
          ],
          [
            -1.2239716853946447,
            51.7223290912807
          ],
          [
            -1.22396657243371,
            51.72216933220625
          ],
          [
            -1.223953915759921,
            51.72200823202729
          ],
          [
            -1.2239291053265333,
            51.72185568138957
          ],
          [
            -1.223934218287468,
            51.72170212492347
          ],
          [
            -1.223930697888136,
            51.72155619598925
          ],
          [
            -1.2239544186741114,
            51.721410267055035
          ],
          [
            -1.2239715177565813,
            51.721264170482755
          ],
          [
            -1.2241452746093273,
            51.721121007576585
          ],
          [
            -1.2243394833058119,
            51.720992513000965
          ],
          [
            -1.2245320156216621,
            51.72086678445339
          ],
          [
            -1.2247242126613855,
            51.7207299079746
          ],
          [
            -1.2249070219695568,
            51.72058959491551
          ],
          [
            -1.2251336686313152,
            51.7204431630671
          ],
          [
            -1.225341372191906,
            51.720287846401334
          ],
          [
            -1.2254701182246208,
            51.72016957774758
          ],
          [
            -1.2256663385778666,
            51.720008896663785
          ],
          [
            -1.2258401792496443,
            51.71985022723675
          ],
          [
            -1.2260012794286013,
            51.71970371156931
          ],
          [
            -1.2261697556823492,
            51.719563230872154
          ],
          [
            -1.2263472005724907,
            51.71943096444011
          ],
          [
            -1.226526154205203,
            51.71932635828853
          ],
          [
            -1.2267169263213873,
            51.71920624561608
          ],
          [
            -1.2268896773457527,
            51.719075068831444
          ],
          [
            -1.2270584888756275,
            51.71891866251826
          ],
          [
            -1.227166699245572,
            51.718792766332626
          ],
          [
            -1.2272885721176863,
            51.71866284683347
          ],
          [
            -1.227414719760418,
            51.71853795647621
          ],
          [
            -1.2275403644889593,
            51.718412982299924
          ],
          [
            -1.227660058066249,
            51.71829890459776
          ],
          [
            -1.2278111837804317,
            51.71812883578241
          ],
          [
            -1.227931883186102,
            51.71796463429928
          ],
          [
            -1.2280351482331753,
            51.71778928488493
          ],
          [
            -1.228146879002452,
            51.717605805024505
          ],
          [
            -1.228249641135335,
            51.71744235791266
          ],
          [
            -1.2283270061016083,
            51.71729031018913
          ],
          [
            -1.2284235656261444,
            51.71712686307728
          ],
          [
            -1.2285069655627012,
            51.71697263605893
          ],
          [
            -1.2285912036895752,
            51.716801477596164
          ],
          [
            -1.2287083826959133,
            51.71662637963891
          ],
          [
            -1.2287926208227873,
            51.716494699940085
          ],
          [
            -1.2288638669997454,
            51.71635966747999
          ],
          [
            -1.2289388850331306,
            51.716218600049615
          ],
          [
            -1.2290132325142622,
            51.716068983078
          ],
          [
            -1.22908104211092,
            51.715917102992535
          ],
          [
            -1.2291400507092476,
            51.71576832421124
          ],
          [
            -1.2291901744902134,
            51.715610241517425
          ],
          [
            -1.2292261328548193,
            51.71545559540391
          ],
          [
            -1.2292685452848673,
            51.71530103310943
          ],
          [
            -1.2292832974344492,
            51.71514680609107
          ],
          [
            -1.2292692996561527,
            51.71498109586537
          ],
          [
            -1.2292444054037333,
            51.71482083387673
          ],
          [
            -1.2292081955820322,
            51.71465177088976
          ],
          [
            -1.229155557230115,
            51.71448421664536
          ],
          [
            -1.2290825508534908,
            51.71431230381131
          ],
          [
            -1.2289936188608408,
            51.7141455039382
          ],
          [
            -1.2288897670805454,
            51.713987588882446
          ],
          [
            -1.2287810537964106,
            51.71384115703404
          ],
          [
            -1.2286596838384867,
            51.713703693822026
          ],
          [
            -1.228537978604436,
            51.71356656588614
          ],
          [
            -1.2284149322658777,
            51.71342927031219
          ],
          [
            -1.2282953225076199,
            51.713296165689826
          ],
          [
            -1.2281754612922668,
            51.71316255815327
          ],
          [
            -1.228051157668233,
            51.713040266186
          ],
          [
            -1.227931547909975,
            51.712917387485504
          ],
          [
            -1.2278132792562246,
            51.71280180104077
          ],
          [
            -1.2276873830705881,
            51.71268998645246
          ],
          [
            -1.2274992931634188,
            51.71253358013928
          ],
          [
            -1.2273008935153484,
            51.71241388656199
          ],
          [
            -1.2271268852055073,
            51.712315902113914
          ],
          [
            -1.2268581613898277,
            51.71231171116233
          ],
          [
            -1.2266871705651283,
            51.71240642666817
          ],
          [
            -1.226537972688675,
            51.712526539340615
          ],
          [
            -1.2263175286352634,
            51.712602730840445
          ],
          [
            -1.2260516546666622,
            51.71259460039437
          ],
          [
            -1.2257965933531523,
            51.712549002841115
          ],
          [
            -1.2255824357271194,
            51.71246275305748
          ],
          [
            -1.2254506722092628,
            51.712350687012076
          ],
          [
            -1.2252928409725428,
            51.712223617359996
          ],
          [
            -1.2251776736229658,
            51.71210845001042
          ],
          [
            -1.225294852629304,
            51.712106857448816
          ]
        ]
      },
      "properties": {
        "name": "2025-05-22 (Thu) 21:10",
        "source_file": "2025-05-22-201053-ELEMNT_ROAM_A974-205-0.fit",
        "date": "2025-05-22T20:10:54",
        "sport": "cycling",
        "dropbox_id": "id:JY-PzzIM9pcAAAAAAAAARQ"
      }
    },
    {
      "type": "Feature",
      "geometry": {
        "type": "LineString",
        "coordinates": [
          [
            -1.2251766677945852,
            51.71210476197302
          ],
          [
            -1.2252875603735447,
            51.712226467207074
          ],
          [
            -1.2254505883902311,
            51.71235982328653
          ],
          [
            -1.2256195675581694,
            51.71248680911958
          ],
          [
            -1.225875886157155,
            51.7125756572932
          ],
          [
            -1.2261772993952036,
            51.712611615657806
          ],
          [
            -1.2264606077224016,
            51.71258588321507
          ],
          [
            -1.226662527769804,
            51.71247834339738
          ],
          [
            -1.2268141563981771,
            51.712370133027434
          ],
          [
            -1.2269858177751303,
            51.712277848273516
          ],
          [
            -1.2272374425083399,
            51.712345741689205
          ],
          [
            -1.2273941840976477,
            51.71244280412793
          ],
          [
            -1.227561067789793,
            51.712565179914236
          ],
          [
            -1.2277345731854439,
            51.71270750463009
          ],
          [
            -1.227920986711979,
            51.71286290511489
          ],
          [
            -1.2280949112027884,
            51.713025933131576
          ],
          [
            -1.2282529100775719,
            51.71319507993758
          ],
          [
            -1.228406298905611,
            51.713363053277135
          ],
          [
            -1.228562956675887,
            51.713516525924206
          ],
          [
            -1.2287044432014227,
            51.713665053248405
          ],
          [
            -1.2288487795740366,
            51.713811066001654
          ],
          [
            -1.2289812974631786,
            51.713955234736204
          ],
          [
            -1.2290820479393005,
            51.7140971403569
          ],
          [
            -1.2291679624468088,
            51.71424340456724
          ],
          [
            -1.2292387057095766,
            51.71438690274954
          ],
          [
            -1.229296876117587,
            51.714536268264055
          ],
          [
            -1.2293405458331108,
            51.71468605287373
          ],
          [
            -1.2293642666190863,
            51.71483114361763
          ],
          [
            -1.2293749954551458,
            51.71497757546604
          ],
          [
            -1.2293733190745115,
            51.71512383967638
          ],
          [
            -1.2293594889342785,
            51.71527530066669
          ],
          [
            -1.2293245363980532,
            51.71542969532311
          ],
          [
            -1.2292891647666693,
            51.71558702364564
          ],
          [
            -1.2292399629950523,
            51.715742675587535
          ],
          [
            -1.2291791941970587,
            51.7158948071301
          ],
          [
            -1.229117838665843,
            51.716046603396535
          ],
          [
            -1.22904684394598,
            51.716185910627246
          ],
          [
            -1.228973502293229,
            51.71632882207632
          ],
          [
            -1.228892533108592,
            51.716469302773476
          ],
          [
            -1.2288170121610165,
            51.71660861000419
          ],
          [
            -1.2287397310137749,
            51.716747246682644
          ],
          [
            -1.228665467351675,
            51.71688144095242
          ],
          [
            -1.228590700775385,
            51.7170101031661
          ],
          [
            -1.2285139225423336,
            51.71714027412236
          ],
          [
            -1.2284268345683813,
            51.717309253290296
          ],
          [
            -1.228338573127985,
            51.717472868040204
          ],
          [
            -1.2282424326986074,
            51.7176438588649
          ],
          [
            -1.2281819991767406,
            51.71777470037341
          ],
          [
            -1.2280820030719042,
            51.71789774671197
          ],
          [
            -1.2279535923153162,
            51.718062199652195
          ],
          [
            -1.2278353236615658,
            51.71820008195937
          ],
          [
            -1.2277004588395357,
            51.718333857133985
          ],
          [
            -1.2275500036776066,
            51.718469727784395
          ],
          [
            -1.2274086847901344,
            51.71860869973898
          ],
          [
            -1.2272726465016603,
            51.71876074746251
          ],
          [
            -1.2271398771554232,
            51.71891354955733
          ],
          [
            -1.2270172499120235,
            51.71904858201742
          ],
          [
            -1.2268859054893255,
            51.719173807650805
          ],
          [
            -1.2266879249364138,
            51.719304816797376
          ],
          [
            -1.2264945544302464,
            51.7194211576134
          ],
          [
            -1.226313253864646,
            51.71954655088484
          ],
          [
            -1.2261747848242521,
            51.71966574154794
          ],
          [
            -1.2260234076529741,
            51.7197975050658
          ],
          [
            -1.225859709084034,
            51.71993865631521
          ],
          [
            -1.225685030221939,
            51.72008676454425
          ],
          [
            -1.2254953477531672,
            51.72023202292621
          ],
          [
            -1.2253225967288017,
            51.72037166543305
          ],
          [
            -1.225145487114787,
            51.7205055244267
          ],
          [
            -1.224949937313795,
            51.72062924131751
          ],
          [
            -1.224763272330165,
            51.720756562426686
          ],
          [
            -1.224582139402628,
            51.720882542431355
          ],
          [
            -1.2244029343128204,
            51.72100684605539
          ],
          [
            -1.2242243997752666,
            51.72112997621298
          ],
          [
            -1.2241151835769415,
            51.72128001227975
          ],
          [
            -1.2240783870220184,
            51.72141605056822
          ],
          [
            -1.224035806953907,
            51.72157027758658
          ],
          [
            -1.2240138463675976,
            51.721731293946505
          ],
          [
            -1.2240105774253607,
            51.72186783514917
          ],
          [
            -1.2240295205265284,
            51.72200370579958
          ],
          [
            -1.224031699821353,
            51.72215173020959
          ],
          [
            -1.2240170314908028,
            51.722296150401235
          ],
          [
            -1.2240211386233568,
            51.72246119007468
          ],
          [
            -1.2240476254373789,
            51.722631845623255
          ],
          [
            -1.2240509781986475,
            51.72276947647333
          ],
          [
            -1.2240553367882967,
            51.722912387922406
          ],
          [
            -1.2240567617118359,
            51.72305538319051
          ],
          [
            -1.2240514811128378,
            51.72319946810603
          ],
          [
            -1.2240388244390488,
            51.723342379555106
          ],
          [
            -1.2240125052630901,
            51.72348998486996
          ],
          [
            -1.223988113924861,
            51.72362987883389
          ],
          [
            -1.2239662371575832,
            51.723783602938056
          ],
          [
            -1.2239428516477346,
            51.7239348962903
          ],
          [
            -1.2240280117839575,
            51.72409255988896
          ],
          [
            -1.2242936342954636,
            51.72412105835974
          ],
          [
            -1.2245510425418615,
            51.72417160123587
          ],
          [
            -1.22475472278893,
            51.72428123652935
          ],
          [
            -1.2249563913792372,
            51.724392380565405
          ],
          [
            -1.2251611612737179,
            51.72432172112167
          ],
          [
            -1.2253919150680304,
            51.724230106920004
          ],
          [
            -1.2256006244570017,
            51.724172942340374
          ],
          [
            -1.2258588708937168,
            51.72411452047527
          ],
          [
            -1.2261286843568087,
            51.724045034497976
          ],
          [
            -1.2263502180576324,
            51.7239938210696
          ],
          [
            -1.2265823129564524,
            51.72394210472703
          ],
          [
            -1.2268244661390781,
            51.72388116829097
          ],
          [
            -1.227069804444909,
            51.72381838783622
          ],
          [
            -1.227324614301324,
            51.72375317662954
          ],
          [
            -1.2275798432528973,
            51.72369031235576
          ],
          [
            -1.2278271932154894,
            51.723627531901
          ],
          [
            -1.2280773092061281,
            51.723562655970454
          ],
          [
            -1.2283458653837442,
            51.72349057160318
          ],
          [
            -1.228618947789073,
            51.7234153021127
          ],
          [
            -1.2288856599479914,
            51.72333475202322
          ],
          [
            -1.2291504442691803,
            51.72325210645795
          ],
          [
            -1.2294225208461285,
            51.72316761687398
          ],
          [
            -1.2296988721936941,
            51.723083378747106
          ],
          [
            -1.2299748044461012,
            51.72299503348768
          ],
          [
            -1.2302500661462545,
            51.722907945513725
          ],
          [
            -1.2305237352848053,
            51.722827730700374
          ],
          [
            -1.2307941354811192,
            51.72276360914111
          ],
          [
            -1.2310705706477165,
            51.722706109285355
          ],
          [
            -1.2313545495271683,
            51.72266134992242
          ],
          [
            -1.231652358546853,
            51.72262094914913
          ],
          [
            -1.23195368796587,
            51.72257727943361
          ],
          [
            -1.2322511617094278,
            51.722536627203226
          ],
          [
            -1.2325378227978945,
            51.72249463386834
          ],
          [
            -1.2328300159424543,
            51.72244685702026
          ],
          [
            -1.233125813305378,
            51.72238768078387
          ],
          [
            -1.2334266398102045,
            51.72233294695616
          ],
          [
            -1.2337238620966673,
            51.72226949594915
          ],
          [
            -1.2340204138308764,
            51.72225038520992
          ],
          [
            -1.234326520934701,
            51.72227159142494
          ],
          [
            -1.2346317060291767,
            51.72230813652277
          ],
          [
            -1.2349254917353392,
            51.72234250232577
          ],
          [
            -1.2352095544338226,
            51.72237703576684
          ],
          [
            -1.235460676252842,
            51.72245238907635
          ],
          [
            -1.2356933578848839,
            51.72255741432309
          ],
          [
            -1.2359329964965582,
            51.72266688197851
          ],
          [
            -1.236166013404727,
            51.72277559526265
          ],
          [
            -1.2364019639790058,
            51.7228817101568
          ],
          [
            -1.236642524600029,
            51.722993943840265
          ],
          [
            -1.2368905451148748,
            51.72310936264694
          ],
          [
            -1.2371436785906553,
            51.723230397328734
          ],
          [
            -1.237402679398656,
            51.72334849834442
          ],
          [
            -1.2376548070460558,
            51.723468862473965
          ],
          [
            -1.2379119638353586,
            51.72358939424157
          ],
          [
            -1.2381714675575495,
            51.723707327619195
          ],
          [
            -1.2384328991174698,
            51.72382324934006
          ],
          [
            -1.238683434203267,
            51.72393573448062
          ],
          [
            -1.2388640642166138,
            51.72401888296008
          ],
          [
            -1.2390413414686918,
            51.72410286962986
          ],
          [
            -1.2392238155007362,
            51.7241835873574
          ],
          [
            -1.239408804103732,
            51.724267825484276
          ],
          [
            -1.2395953014492989,
            51.72435499727726
          ],
          [
            -1.2397812958806753,
            51.724440827965736
          ],
          [
            -1.2399736605584621,
            51.724527245387435
          ],
          [
            -1.2401647679507732,
            51.72461240552366
          ],
          [
            -1.2403581384569407,
            51.72470225952566
          ],
          [
            -1.2405492458492517,
            51.72479228116572
          ],
          [
            -1.240746472030878,
            51.72488087788224
          ],
          [
            -1.240940261632204,
            51.72496637329459
          ],
          [
            -1.2411182094365358,
            51.72504801303148
          ],
          [
            -1.2413044553250074,
            51.72513250261545
          ],
          [
            -1.2414990831166506,
            51.72521942295134
          ],
          [
            -1.2416953034698963,
            51.7253094445914
          ],
          [
            -1.2418796215206385,
            51.72539829276502
          ],
          [
            -1.2420656997710466,
            51.72548705711961
          ],
          [
            -1.242247335612774,
            51.72557221725583
          ],
          [
            -1.2424243614077568,
            51.72565368935466
          ],
          [
            -1.2425994593650103,
            51.725736083462834
          ],
          [
            -1.2427759822458029,
            51.725819148123264
          ],
          [
            -1.2429555226117373,
            51.72590145841241
          ],
          [
            -1.2432208936661482,
            51.72601872123778
          ],
          [
            -1.2434805650264025,
            51.726139169186354
          ],
          [
            -1.2437352072447538,
            51.72625576145947
          ],
          [
            -1.2439954653382301,
            51.72637461684644
          ],
          [
            -1.24425882473588,
            51.726492382586
          ],
          [
            -1.2445173226296902,
            51.72661107033491
          ],
          [
            -1.2447764072567225,
            51.72672975808382
          ],
          [
            -1.2450331449508667,
            51.726847272366285
          ],
          [
            -1.2452092487365007,
            51.72692748717964
          ],
          [
            -1.245385017246008,
            51.72701055184007
          ],
          [
            -1.2456445209681988,
            51.72713099978864
          ],
          [
            -1.2458935473114252,
            51.72724130563438
          ],
          [
            -1.2461268156766891,
            51.72734691761434
          ],
          [
            -1.246345415711403,
            51.72744641080499
          ],
          [
            -1.246546246111393,
            51.727553280070424
          ],
          [
            -1.2467082682996988,
            51.72768537886441
          ],
          [
            -1.2468624114990234,
            51.7278378456831
          ],
          [
            -1.2470259424299002,
            51.727998442947865
          ],
          [
            -1.247193831950426,
            51.728160632774234
          ],
          [
            -1.2473802454769611,
            51.72830890864134
          ],
          [
            -1.2475729454308748,
            51.72843849286437
          ],
          [
            -1.2476923875510693,
            51.7285974137485
          ],
          [
            -1.2477467861026525,
            51.728758262470365
          ],
          [
            -1.2477928027510643,
            51.72890695743263
          ],
          [
            -1.247831443324685,
            51.72905841842294
          ],
          [
            -1.2478637974709272,
            51.72921474091709
          ],
          [
            -1.2478980794548988,
            51.72938405536115
          ],
          [
            -1.2479249015450478,
            51.729566026479006
          ],
          [
            -1.2479514721781015,
            51.72975478693843
          ],
          [
            -1.2479787971824408,
            51.72994740307331
          ],
          [
            -1.2480085529386997,
            51.730142617598176
          ],
          [
            -1.2480407394468784,
            51.73033447936177
          ],
          [
            -1.2480774521827698,
            51.73052927479148
          ],
          [
            -1.2481169309467077,
            51.73072725534439
          ],
          [
            -1.2481720000505447,
            51.730919033288956
          ],
          [
            -1.2482238840311766,
            51.73110670410097
          ],
          [
            -1.2482857424765825,
            51.73129211179912
          ],
          [
            -1.2483430746942759,
            51.731469640508294
          ],
          [
            -1.2484491895884275,
            51.731632919982076
          ],
          [
            -1.2486037518829107,
            51.73177826218307
          ],
          [
            -1.2487140577286482,
            51.73193081282079
          ],
          [
            -1.2487879022955894,
            51.73208520747721
          ],
          [
            -1.2488499283790588,
            51.732221748679876
          ],
          [
            -1.248902566730976,
            51.73237178474665
          ],
          [
            -1.2489993777126074,
            51.73252031207085
          ],
          [
            -1.2490458134561777,
            51.732667330652475
          ],
          [
            -1.2490953505039215,
            51.73282683826983
          ],
          [
            -1.2491807620972395,
            51.73297192901373
          ],
          [
            -1.2493906449526548,
            51.733074774965644
          ],
          [
            -1.2495374958962202,
            51.73321190290153
          ],
          [
            -1.249637408182025,
            51.733347438275814
          ],
          [
            -1.2497420143336058,
            51.73350401222706
          ],
          [
            -1.2498475424945354,
            51.73365270718932
          ],
          [
            -1.2499614525586367,
            51.7338059283793
          ],
          [
            -1.250072093680501,
            51.73397172242403
          ],
          [
            -1.2501818966120481,
            51.734141036868095
          ],
          [
            -1.250282982364297,
            51.734319319948554
          ],
          [
            -1.2503793742507696,
            51.734496764838696
          ],
          [
            -1.250470569357276,
            51.73467915505171
          ],
          [
            -1.2505605071783066,
            51.73485676757991
          ],
          [
            -1.250656982883811,
            51.73504427075386
          ],
          [
            -1.250754464417696,
            51.73522951081395
          ],
          [
            -1.2508562207221985,
            51.73541625961661
          ],
          [
            -1.2509572226554155,
            51.73560317605734
          ],
          [
            -1.251031570136547,
            51.73573141917586
          ],
          [
            -1.251104911789298,
            51.735864942893386
          ],
          [
            -1.2511754035949707,
            51.73599427565932
          ],
          [
            -1.2512833625078201,
            51.736185969784856
          ],
          [
            -1.2513903994113207,
            51.73637565225363
          ],
          [
            -1.251461561769247,
            51.73650615848601
          ],
          [
            -1.2515329755842686,
            51.73663666471839
          ],
          [
            -1.2516390066593885,
            51.73682567663491
          ],
          [
            -1.2517445348203182,
            51.7370125092566
          ],
          [
            -1.2518524937331676,
            51.73720261082053
          ],
          [
            -1.2519583571702242,
            51.73739514313638
          ],
          [
            -1.2520674895495176,
            51.73758080229163
          ],
          [
            -1.2521842494606972,
            51.73776478506625
          ],
          [
            -1.2522646319121122,
            51.737895123660564
          ],
          [
            -1.2523823138326406,
            51.73808287829161
          ],
          [
            -1.2525040190666914,
            51.738272896036506
          ],
          [
            -1.2525884248316288,
            51.73840273171663
          ],
          [
            -1.2526766024529934,
            51.738533237949014
          ],
          [
            -1.2528082821518183,
            51.73872157931328
          ],
          [
            -1.2529024109244347,
            51.73885208554566
          ],
          [
            -1.2529949471354485,
            51.73897630535066
          ],
          [
            -1.2531309854239225,
            51.73915986903012
          ],
          [
            -1.2532197497785091,
            51.739283837378025
          ],
          [
            -1.2533530220389366,
            51.7394542414695
          ],
          [
            -1.2534836120903492,
            51.739629758521914
          ],
          [
            -1.2536081671714783,
            51.739798318594694
          ],
          [
            -1.2537311296910048,
            51.73996821977198
          ],
          [
            -1.253851242363453,
            51.74013610929251
          ],
          [
            -1.2539706844836473,
            51.74029855057597
          ],
          [
            -1.2540868576616049,
            51.74046199768782
          ],
          [
            -1.2542054615914822,
            51.74061991274357
          ],
          [
            -1.2543178629130125,
            51.740772631019354
          ],
          [
            -1.2544308509677649,
            51.74092249944806
          ],
          [
            -1.25454006716609,
            51.741073708981276
          ],
          [
            -1.2546426616609097,
            51.741227181628346
          ],
          [
            -1.2547360360622406,
            51.74138358794153
          ],
          [
            -1.254827817901969,
            51.741546196863055
          ],
          [
            -1.254928819835186,
            51.74170612357557
          ],
          [
            -1.2550294026732445,
            51.74186605028808
          ],
          [
            -1.2551272194832563,
            51.74203125759959
          ],
          [
            -1.2552188336849213,
            51.74219520762563
          ],
          [
            -1.255312543362379,
            51.74235412850976
          ],
          [
            -1.255411533638835,
            51.7425178270787
          ],
          [
            -1.2554997112601995,
            51.74268596805632
          ],
          [
            -1.2555778305977583,
            51.742851762101054
          ],
          [
            -1.2556576263159513,
            51.7430170532316
          ],
          [
            -1.2557401042431593,
            51.74318888224661
          ],
          [
            -1.2558241747319698,
            51.743363896384835
          ],
          [
            -1.2559070717543364,
            51.743543269112706
          ],
          [
            -1.255963733419776,
            51.743720127269626
          ],
          [
            -1.256003463640809,
            51.74389380030334
          ],
          [
            -1.2560430262237787,
            51.74406873062253
          ],
          [
            -1.2560893781483173,
            51.74424215219915
          ],
          [
            -1.2561267614364624,
            51.74442403949797
          ],
          [
            -1.2561623007059097,
            51.744605926796794
          ],
          [
            -1.2561897095292807,
            51.744795022532344
          ],
          [
            -1.256211418658495,
            51.74498059786856
          ],
          [
            -1.2562322057783604,
            51.745160641148686
          ],
          [
            -1.2562498915940523,
            51.7453448753804
          ],
          [
            -1.256271181628108,
            51.7455296125263
          ],
          [
            -1.2562934774905443,
            51.74571736715734
          ],
          [
            -1.2563072238117456,
            51.74591434188187
          ],
          [
            -1.2563235685229301,
            51.7461062874645
          ],
          [
            -1.2563363090157509,
            51.7462894320488
          ],
          [
            -1.2563561741262674,
            51.746457908302546
          ],
          [
            -1.2563626281917095,
            51.74661993049085
          ],
          [
            -1.2563985027372837,
            51.746779857203364
          ],
          [
            -1.2564834114164114,
            51.74695738591254
          ],
          [
            -1.2565246503800154,
            51.74709292128682
          ],
          [
            -1.256519453600049,
            51.74723683856428
          ],
          [
            -1.2565067131072283,
            51.74738125875592
          ],
          [
            -1.2565076351165771,
            51.7475239187479
          ],
          [
            -1.256512412801385,
            51.74767370335758
          ],
          [
            -1.256510904058814,
            51.74782197922468
          ],
          [
            -1.2565212976187468,
            51.74796832725406
          ],
          [
            -1.256554238498211,
            51.74811266362667
          ],
          [
            -1.2565975729376078,
            51.74824618734419
          ],
          [
            -1.256611905992031,
            51.74838348291814
          ],
          [
            -1.2566315196454525,
            51.74857484176755
          ],
          [
            -1.2566494569182396,
            51.748746670782566
          ],
          [
            -1.2566760275512934,
            51.74892478622496
          ],
          [
            -1.2566953897476196,
            51.749113127589226
          ],
          [
            -1.256726486608386,
            51.749303145334125
          ],
          [
            -1.256758589297533,
            51.749489391222596
          ],
          [
            -1.2568050250411034,
            51.74966951832175
          ],
          [
            -1.2568330205976963,
            51.74983757548034
          ],
          [
            -1.256846934556961,
            51.75000035203993
          ],
          [
            -1.2568633630871773,
            51.7501694150269
          ],
          [
            -1.256886413320899,
            51.75033546052873
          ],
          [
            -1.2569224555045366,
            51.750509049743414
          ],
          [
            -1.2569755967706442,
            51.75066847354174
          ],
          [
            -1.257061343640089,
            51.7508258856833
          ],
          [
            -1.2571343500167131,
            51.750974748283625
          ],
          [
            -1.2572081945836544,
            51.751122772693634
          ],
          [
            -1.2572761718183756,
            51.751270880922675
          ],
          [
            -1.257348172366619,
            51.75141412764788
          ],
          [
            -1.2574319913983345,
            51.751547986641526
          ],
          [
            -1.2575220968574286,
            51.75167178735137
          ],
          [
            -1.257616812363267,
            51.751821571961045
          ],
          [
            -1.2576308939605951,
            51.75196791999042
          ],
          [
            -1.2574413791298866,
            51.752070765942335
          ],
          [
            -1.2572232820093632,
            51.752108400687575
          ],
          [
            -1.256990935653448,
            51.75214268267155
          ],
          [
            -1.2567564938217402,
            51.752173360437155
          ],
          [
            -1.2565166875720024,
            51.75220747478306
          ],
          [
            -1.256281491369009,
            51.75223580561578
          ],
          [
            -1.2560113426297903,
            51.75227394327521
          ],
          [
            -1.255868598818779,
            51.752377124503255
          ],
          [
            -1.2558581214398146,
            51.75254291854799
          ],
          [
            -1.255889805033803,
            51.75271307118237
          ],
          [
            -1.2559565249830484,
            51.75286411307752
          ],
          [
            -1.2560324650257826,
            51.75300903618336
          ],
          [
            -1.2561310362070799,
            51.75316611304879
          ],
          [
            -1.256221979856491,
            51.75331857986748
          ],
          [
            -1.2562925554811954,
            51.75345537252724
          ],
          [
            -1.256370423361659,
            51.75362326204777
          ],
          [
            -1.2564222235232592,
            51.75376466475427
          ],
          [
            -1.2565005104988813,
            51.75392693839967
          ],
          [
            -1.2565740197896957,
            51.75407730974257
          ],
          [
            -1.256652558222413,
            51.75421133637428
          ],
          [
            -1.2567038554698229,
            51.75434569828212
          ],
          [
            -1.2564618699252605,
            51.75437327474356
          ],
          [
            -1.256237905472517,
            51.75436405465007
          ],
          [
            -1.2560191377997398,
            51.75438375212252
          ],
          [
            -1.2557817623019218,
            51.75441870465875
          ],
          [
            -1.2555698677897453,
            51.75447352230549
          ],
          [
            -1.25533995218575,
            51.754542756825686
          ],
          [
            -1.255147336050868,
            51.7546093929559
          ],
          [
            -1.2549501936882734,
            51.75469354726374
          ],
          [
            -1.2547548115253448,
            51.754801757633686
          ],
          [
            -1.2545755226165056,
            51.75489102490246
          ],
          [
            -1.254584826529026,
            51.75504977814853
          ],
          [
            -1.254684654995799,
            51.75520098768175
          ],
          [
            -1.2548057734966278,
            51.755367536097765
          ],
          [
            -1.254921443760395,
            51.75554187968373
          ],
          [
            -1.255029821768403,
            51.75571957603097
          ],
          [
            -1.255133505910635,
            51.755881095305085
          ],
          [
            -1.255252193659544,
            51.75605619326234
          ],
          [
            -1.2553734797984362,
            51.75623464398086
          ],
          [
            -1.2554964423179626,
            51.75641007721424
          ],
          [
            -1.2556089274585247,
            51.756593473255634
          ],
          [
            -1.2557308841496706,
            51.7567781265825
          ],
          [
            -1.2558134458959103,
            51.7569044418633
          ],
          [
            -1.2559285294264555,
            51.75708138383925
          ],
          [
            -1.256039422005415,
            51.75722471438348
          ],
          [
            -1.2561437766999006,
            51.75734709016979
          ],
          [
            -1.2562501430511475,
            51.75749662332237
          ],
          [
            -1.2563487980514765,
            51.7576521076262
          ],
          [
            -1.2564311921596527,
            51.75779392942786
          ],
          [
            -1.2565306015312672,
            51.757936757057905
          ],
          [
            -1.2566091399639845,
            51.758100371807814
          ],
          [
            -1.2566948868334293,
            51.75826926715672
          ],
          [
            -1.25677359290421,
            51.75844084471464
          ],
          [
            -1.256841067224741,
            51.7585916351527
          ],
          [
            -1.2569182645529509,
            51.758746365085244
          ],
          [
            -1.2569957133382559,
            51.75890528596938
          ],
          [
            -1.2570706475526094,
            51.759053729474545
          ],
          [
            -1.2571377865970135,
            51.75920066423714
          ],
          [
            -1.2572133913636208,
            51.75933645106852
          ],
          [
            -1.257304586470127,
            51.75949637778103
          ],
          [
            -1.2574111204594374,
            51.75961699336767
          ],
          [
            -1.2576161418110132,
            51.759680109098554
          ],
          [
            -1.2578888051211834,
            51.75964037887752
          ],
          [
            -1.258104806765914,
            51.75958908163011
          ],
          [
            -1.2583512347191572,
            51.759534515440464
          ],
          [
            -1.2585948966443539,
            51.759472070261836
          ],
          [
            -1.258831350132823,
            51.75942488014698
          ],
          [
            -1.2590540573000908,
            51.75938154570758
          ],
          [
            -1.2592594977468252,
            51.75933544524014
          ],
          [
            -1.259491927921772,
            51.75929202698171
          ],
          [
            -1.2597135454416275,
            51.759251626208425
          ],
          [
            -1.2598374299705029,
            51.75912883132696
          ],
          [
            -1.2598051596432924,
            51.75895859487355
          ],
          [
            -1.2598360888659954,
            51.758792381733656
          ],
          [
            -1.25985243357718,
            51.758626671507955
          ],
          [
            -1.2598422914743423,
            51.75845266319811
          ],
          [
            -1.2598386872559786,
            51.75828821025789
          ],
          [
            -1.259819744154811,
            51.75813146866858
          ],
          [
            -1.2598071713000536,
            51.75796324387193
          ],
          [
            -1.2597858812659979,
            51.75781102851033
          ],
          [
            -1.2597500067204237,
            51.75766468048096
          ],
          [
            -1.2597058340907097,
            51.75750408321619
          ],
          [
            -1.259662164375186,
            51.757363518700004
          ],
          [
            -1.2594884913414717,
            51.75727182067931
          ],
          [
            -1.259348513558507,
            51.75716780126095
          ],
          [
            -1.2591180950403214,
            51.757189091295004
          ],
          [
            -1.2595035787671804,
            51.75710250623524
          ],
          [
            -1.2594912573695183,
            51.75695959478617
          ],
          [
            -1.2594696320593357,
            51.756791956722736
          ],
          [
            -1.2594438157975674,
            51.756656588986516
          ],
          [
            -1.2594066839665174,
            51.75652155652642
          ],
          [
            -1.2593842204660177,
            51.756342351436615
          ],
          [
            -1.2593434005975723,
            51.75620824098587
          ],
          [
            -1.259302580729127,
            51.75603959709406
          ],
          [
            -1.259233932942152,
            51.75588914193213
          ],
          [
            -1.2591536343097687,
            51.755733489990234
          ],
          [
            -1.2590441666543484,
            51.75557238981128
          ],
          [
            -1.2589633651077747,
            51.75541858188808
          ],
          [
            -1.2588850781321526,
            51.755265947431326
          ],
          [
            -1.2588165141642094,
            51.75512596964836
          ],
          [
            -1.2587106507271528,
            51.754965372383595
          ],
          [
            -1.2585818208754063,
            51.75478826276958
          ],
          [
            -1.258508563041687,
            51.75461718812585
          ],
          [
            -1.2584755383431911,
            51.754459692165256
          ],
          [
            -1.2584233190864325,
            51.75430512987077
          ],
          [
            -1.2581597082316875,
            51.75425777211785
          ],
          [
            -1.2579337321221828,
            51.754284678027034
          ],
          [
            -1.2577003799378872,
            51.75431929528713
          ],
          [
            -1.2574759125709534,
            51.754351146519184
          ],
          [
            -1.2572143133729696,
            51.754381489008665
          ],
          [
            -1.256942069157958,
            51.75440068356693
          ],
          [
            -1.256683487445116,
            51.754379980266094
          ],
          [
            -1.2565746903419495,
            51.754234386608005
          ],
          [
            -1.2565150950103998,
            51.75408812239766
          ],
          [
            -1.2564515601843596,
            51.75393967889249
          ],
          [
            -1.2563258316367865,
            51.753778997808695
          ],
          [
            -1.256259698420763,
            51.75363608635962
          ],
          [
            -1.2562101613730192,
            51.753502395004034
          ],
          [
            -1.256156014278531,
            51.75336157903075
          ],
          [
            -1.2560794036835432,
            51.753223445266485
          ],
          [
            -1.2560174614191055,
            51.7530791927129
          ],
          [
            -1.2559368275105953,
            51.75293988548219
          ],
          [
            -1.2558847758919,
            51.75279571674764
          ],
          [
            -1.2558566126972437,
            51.7526320181787
          ],
          [
            -1.2558449618518353,
            51.75249313004315
          ],
          [
            -1.2558261025696993,
            51.75234175287187
          ],
          [
            -1.2560165394097567,
            51.75223999656737
          ],
          [
            -1.2562763784080744,
            51.752190459519625
          ],
          [
            -1.2564868479967117,
            51.7521449457854
          ],
          [
            -1.2567024305462837,
            51.75211208872497
          ],
          [
            -1.2569222878664732,
            51.75207839347422
          ],
          [
            -1.2571406364440918,
            51.75204545259476
          ],
          [
            -1.257368540391326,
            51.752008236944675
          ],
          [
            -1.257516648620367,
            51.75189700908959
          ],
          [
            -1.25744448043406,
            51.751720905303955
          ],
          [
            -1.2573533691465855,
            51.75156374461949
          ],
          [
            -1.2572668679058552,
            51.75139359198511
          ],
          [
            -1.2571870721876621,
            51.751219499856234
          ],
          [
            -1.2571092881262302,
            51.75103987567127
          ],
          [
            -1.2570187635719776,
            51.750855557620525
          ],
          [
            -1.2569121457636356,
            51.750675765797496
          ],
          [
            -1.2568402290344238,
            51.75048943608999
          ],
          [
            -1.2567990738898516,
            51.75029740668833
          ],
          [
            -1.2567740119993687,
            51.750103030353785
          ],
          [
            -1.25676479190588,
            51.749907145276666
          ],
          [
            -1.256745932623744,
            51.74977010115981
          ],
          [
            -1.256716763600707,
            51.74962601624429
          ],
          [
            -1.256679967045784,
            51.7494806740433
          ],
          [
            -1.2566433381289244,
            51.749337175861
          ],
          [
            -1.256616935133934,
            51.74919543787837
          ],
          [
            -1.2565967347472906,
            51.749054957181215
          ],
          [
            -1.2565635424107313,
            51.74885789863765
          ],
          [
            -1.256520040333271,
            51.748656649142504
          ],
          [
            -1.25646379776299,
            51.74846353009343
          ],
          [
            -1.256429012864828,
            51.74827971495688
          ],
          [
            -1.2564112432301044,
            51.74809657037258
          ],
          [
            -1.2563997600227594,
            51.74791233614087
          ],
          [
            -1.2563926354050636,
            51.7477313708514
          ],
          [
            -1.2563772965222597,
            51.7475569434464
          ],
          [
            -1.2563688308000565,
            51.747407242655754
          ],
          [
            -1.2563540786504745,
            51.747264163568616
          ],
          [
            -1.256361035630107,
            51.74710834398866
          ],
          [
            -1.256338320672512,
            51.74697037786245
          ],
          [
            -1.2563240714371204,
            51.74679427407682
          ],
          [
            -1.2563116662204266,
            51.746638622134924
          ],
          [
            -1.2563123367726803,
            51.74650048837066
          ],
          [
            -1.2562990095466375,
            51.74634072929621
          ],
          [
            -1.2562912981957197,
            51.74618943594396
          ],
          [
            -1.2562663201242685,
            51.746040070429444
          ],
          [
            -1.2562455330044031,
            51.74587922170758
          ],
          [
            -1.2562254164367914,
            51.745740585029125
          ],
          [
            -1.2562056351453066,
            51.745594907552004
          ],
          [
            -1.2561838421970606,
            51.74544369801879
          ],
          [
            -1.256166324019432,
            51.74528360366821
          ],
          [
            -1.2561465427279472,
            51.74510666169226
          ],
          [
            -1.2561290245503187,
            51.74496970139444
          ],
          [
            -1.2561096623539925,
            51.74482008442283
          ],
          [
            -1.2560781463980675,
            51.744662169367075
          ],
          [
            -1.2560395896434784,
            51.74449142999947
          ],
          [
            -1.256006397306919,
            51.74432320520282
          ],
          [
            -1.2559774797409773,
            51.74415749497712
          ],
          [
            -1.2559438683092594,
            51.744006369262934
          ],
          [
            -1.2559105083346367,
            51.743869660422206
          ],
          [
            -1.255872454494238,
            51.74373596906662
          ],
          [
            -1.2558174692094326,
            51.74359247088432
          ],
          [
            -1.2557484023272991,
            51.74342357553542
          ],
          [
            -1.25566391274333,
            51.74324596300721
          ],
          [
            -1.2555748131126165,
            51.743064913898706
          ],
          [
            -1.2554829474538565,
            51.74288093112409
          ],
          [
            -1.2554198317229748,
            51.74272594973445
          ],
          [
            -1.2553251162171364,
            51.7425645980984
          ],
          [
            -1.2552375253289938,
            51.74243082292378
          ],
          [
            -1.2551508564502,
            51.74229126423597
          ],
          [
            -1.2550791911780834,
            51.74214801751077
          ],
          [
            -1.254996880888939,
            51.742000160738826
          ],
          [
            -1.2549071945250034,
            51.74184593372047
          ],
          [
            -1.2548137363046408,
            51.74168650992215
          ],
          [
            -1.254720278084278,
            51.74152775667608
          ],
          [
            -1.254618689417839,
            51.74136187881231
          ],
          [
            -1.2545064557343721,
            51.74118594266474
          ],
          [
            -1.254384834319353,
            51.74101000651717
          ],
          [
            -1.2542582675814629,
            51.74082778394222
          ],
          [
            -1.2541292700916529,
            51.740653943270445
          ],
          [
            -1.2539983447641134,
            51.74048270098865
          ],
          [
            -1.253882758319378,
            51.74032126553357
          ],
          [
            -1.25376314856112,
            51.74016452394426
          ],
          [
            -1.2536394316703081,
            51.73999504186213
          ],
          [
            -1.2535266112536192,
            51.739843329414725
          ],
          [
            -1.2534015532582998,
            51.739669404923916
          ],
          [
            -1.2532612401992083,
            51.73948676325381
          ],
          [
            -1.2531660217791796,
            51.739359525963664
          ],
          [
            -1.253077844157815,
            51.73923270776868
          ],
          [
            -1.2529944442212582,
            51.7390950769186
          ],
          [
            -1.252896124497056,
            51.73896222375333
          ],
          [
            -1.2527887523174286,
            51.738829957321286
          ],
          [
            -1.2526880856603384,
            51.73869727179408
          ],
          [
            -1.252590101212263,
            51.73855754546821
          ],
          [
            -1.2524963915348053,
            51.7384166456759
          ],
          [
            -1.2524098064750433,
            51.738281697034836
          ],
          [
            -1.2523185275495052,
            51.73815110698342
          ],
          [
            -1.252233786508441,
            51.738021187484264
          ],
          [
            -1.2521464470773935,
            51.73789009451866
          ],
          [
            -1.2520578503608704,
            51.737756319344044
          ],
          [
            -1.2519776355475187,
            51.73762313090265
          ],
          [
            -1.2519028689712286,
            51.737488098442554
          ],
          [
            -1.2518328800797462,
            51.737356167286634
          ],
          [
            -1.2517674174159765,
            51.73721920698881
          ],
          [
            -1.2516956683248281,
            51.737089958041906
          ],
          [
            -1.2516222428530455,
            51.73695978708565
          ],
          [
            -1.2515420280396938,
            51.7368277721107
          ],
          [
            -1.2514620646834373,
            51.73669768497348
          ],
          [
            -1.251390902325511,
            51.736556282266974
          ],
          [
            -1.2513157166540623,
            51.736419070512056
          ],
          [
            -1.2512359209358692,
            51.736283618956804
          ],
          [
            -1.2511540297418833,
            51.736146407201886
          ],
          [
            -1.2510779220610857,
            51.736011542379856
          ],
          [
            -1.2510070949792862,
            51.73587776720524
          ],
          [
            -1.2509388662874699,
            51.73574483022094
          ],
          [
            -1.250836020335555,
            51.73555875197053
          ],
          [
            -1.2507424782961607,
            51.73538046889007
          ],
          [
            -1.2506567314267159,
            51.73523772507906
          ],
          [
            -1.250585988163948,
            51.735107973217964
          ],
          [
            -1.2505108024924994,
            51.734964894130826
          ],
          [
            -1.2504181824624538,
            51.73481209203601
          ],
          [
            -1.2503243889659643,
            51.734651075676084
          ],
          [
            -1.2502274941653013,
            51.73448486253619
          ],
          [
            -1.2501292582601309,
            51.73431554809213
          ],
          [
            -1.2500289268791676,
            51.734144976362586
          ],
          [
            -1.249920716509223,
            51.73398630693555
          ],
          [
            -1.2498177867382765,
            51.73383392393589
          ],
          [
            -1.2497044634073973,
            51.73367307521403
          ],
          [
            -1.249588206410408,
            51.73350711353123
          ],
          [
            -1.2494693510234356,
            51.7333394754678
          ],
          [
            -1.2493594642728567,
            51.7331737652421
          ],
          [
            -1.2492520920932293,
            51.73300428315997
          ],
          [
            -1.2491555325686932,
            51.73282943665981
          ],
          [
            -1.2490841187536716,
            51.73266012221575
          ],
          [
            -1.249012453481555,
            51.732513438910246
          ],
          [
            -1.2489475775510073,
            51.732376646250486
          ],
          [
            -1.2488332483917475,
            51.73221688717604
          ],
          [
            -1.2487521953880787,
            51.73205033876002
          ],
          [
            -1.2486611679196358,
            51.731876665726304
          ],
          [
            -1.248546838760376,
            51.73174599185586
          ],
          [
            -1.2484020832926035,
            51.73162051476538
          ],
          [
            -1.248324802145362,
            51.73147332854569
          ],
          [
            -1.2482696492224932,
            51.73131834715605
          ],
          [
            -1.2482238002121449,
            51.731161857023835
          ],
          [
            -1.248177196830511,
            51.73100561834872
          ],
          [
            -1.248135706409812,
            51.7308459430933
          ],
          [
            -1.2480998318642378,
            51.7306889500469
          ],
          [
            -1.248066471889615,
            51.73053069971502
          ],
          [
            -1.2480406556278467,
            51.730378065258265
          ],
          [
            -1.248022299259901,
            51.73023900948465
          ],
          [
            -1.247992543503642,
            51.73010070808232
          ],
          [
            -1.2479715049266815,
            51.729951007291675
          ],
          [
            -1.2479500472545624,
            51.72979996539652
          ],
          [
            -1.2479249015450478,
            51.729646073654294
          ],
          [
            -1.2478974089026451,
            51.72948748804629
          ],
          [
            -1.247871508821845,
            51.72932764515281
          ],
          [
            -1.247844435274601,
            51.72917467541993
          ],
          [
            -1.2478098180145025,
            51.72901064157486
          ],
          [
            -1.247765813022852,
            51.72884652391076
          ],
          [
            -1.247712755575776,
            51.72867980785668
          ],
          [
            -1.247635893523693,
            51.72851191833615
          ],
          [
            -1.2474626395851374,
            51.72836137935519
          ],
          [
            -1.2472567800432444,
            51.72821813262999
          ],
          [
            -1.2470939196646214,
            51.72806558199227
          ],
          [
            -1.2469398602843285,
            51.727912947535515
          ],
          [
            -1.246790662407875,
            51.72776324674487
          ],
          [
            -1.2466358486562967,
            51.72762301750481
          ],
          [
            -1.246447004377842,
            51.72751187346876
          ],
          [
            -1.2462439946830273,
            51.72741933725774
          ],
          [
            -1.2460274901241064,
            51.727322693914175
          ],
          [
            -1.245807884261012,
            51.72720953822136
          ],
          [
            -1.2455676589161158,
            51.727100238204
          ],
          [
            -1.2453185487538576,
            51.726988004520535
          ],
          [
            -1.245063068345189,
            51.7268740106374
          ],
          [
            -1.244812197983265,
            51.72675993293524
          ],
          [
            -1.2445564661175013,
            51.72664241865277
          ],
          [
            -1.244306182488799,
            51.72652683220804
          ],
          [
            -1.2440546415746212,
            51.72641317360103
          ],
          [
            -1.2438045255839825,
            51.726297503337264
          ],
          [
            -1.2435553316026926,
            51.72618300653994
          ],
          [
            -1.2433117534965277,
            51.72607311978936
          ],
          [
            -1.2430689297616482,
            51.725955521687865
          ],
          [
            -1.2428225856274366,
            51.72584421001375
          ],
          [
            -1.2425828631967306,
            51.725733233615756
          ],
          [
            -1.242344817146659,
            51.72562527470291
          ],
          [
            -1.2421107105910778,
            51.725521171465516
          ],
          [
            -1.2418768554925919,
            51.72541790641844
          ],
          [
            -1.241644425317645,
            51.725317323580384
          ],
          [
            -1.2414195388555527,
            51.72521439380944
          ],
          [
            -1.241194736212492,
            51.7251059319824
          ],
          [
            -1.2409821711480618,
            51.72500258311629
          ],
          [
            -1.240768851712346,
            51.72490065917373
          ],
          [
            -1.2405534368008375,
            51.724800830706954
          ],
          [
            -1.2403417937457561,
            51.724703684449196
          ],
          [
            -1.24013333581388,
            51.724608298391104
          ],
          [
            -1.2399242911487818,
            51.72451090067625
          ],
          [
            -1.2397167552262545,
            51.724413419142365
          ],
          [
            -1.2395103927701712,
            51.72431233339012
          ],
          [
            -1.2393037788569927,
            51.724222814664245
          ],
          [
            -1.2390997633337975,
            51.72412960790098
          ],
          [
            -1.2389035429805517,
            51.72403790988028
          ],
          [
            -1.2386972643435001,
            51.723940931260586
          ],
          [
            -1.2384912371635437,
            51.723848981782794
          ],
          [
            -1.238287054002285,
            51.72375351190567
          ],
          [
            -1.238086810335517,
            51.723658461123705
          ],
          [
            -1.2378848902881145,
            51.72356290742755
          ],
          [
            -1.2376931961625814,
            51.72347171232104
          ],
          [
            -1.2375035975128412,
            51.72337833791971
          ],
          [
            -1.2373020127415657,
            51.723294015973806
          ],
          [
            -1.237106379121542,
            51.723212292417884
          ],
          [
            -1.2369175348430872,
            51.72312503680587
          ],
          [
            -1.2367356475442648,
            51.72303719446063
          ],
          [
            -1.2365504913032055,
            51.7229506932199
          ],
          [
            -1.236355109140277,
            51.72286871820688
          ],
          [
            -1.2361668515950441,
            51.72278104349971
          ],
          [
            -1.2359731458127499,
            51.7226969730109
          ],
          [
            -1.2357832118868828,
            51.72260577790439
          ],
          [
            -1.235588165000081,
            51.72251617535949
          ],
          [
            -1.2354004103690386,
            51.72243218868971
          ],
          [
            -1.2351912818849087,
            51.72236789949238
          ],
          [
            -1.2349593546241522,
            51.722347028553486
          ],
          [
            -1.234725583344698,
            51.722322050482035
          ],
          [
            -1.2344883754849434,
            51.72228801995516
          ],
          [
            -1.2342476472258568,
            51.72226899303496
          ],
          [
            -1.2340053264051676,
            51.72224787063897
          ],
          [
            -1.2337564677000046,
            51.72226019203663
          ],
          [
            -1.233522780239582,
            51.722311824560165
          ],
          [
            -1.2332970555871725,
            51.72236278653145
          ],
          [
            -1.2330864183604717,
            51.722410479560494
          ],
          [
            -1.2328710872679949,
            51.722458843141794
          ],
          [
            -1.2326456140726805,
            51.72249689698219
          ],
          [
            -1.2324182968586683,
            51.7225346993655
          ],
          [
            -1.2321867886930704,
            51.72257644124329
          ],
          [
            -1.2319458927959204,
            51.72260669991374
          ],
          [
            -1.2316936813294888,
            51.72263201326132
          ],
          [
            -1.2314415536820889,
            51.7226623557508
          ],
          [
            -1.231186743825674,
            51.7227004095912
          ],
          [
            -1.2309312634170055,
            51.72274089418352
          ],
          [
            -1.2306839134544134,
            51.72279629856348
          ],
          [
            -1.2304446939378977,
            51.722855642437935
          ],
          [
            -1.2302059773355722,
            51.722925966605544
          ],
          [
            -1.2299666740000248,
            51.72299620695412
          ],
          [
            -1.2297246046364307,
            51.72307105734944
          ],
          [
            -1.2294832058250904,
            51.72314800322056
          ],
          [
            -1.2292442377656698,
            51.72322151251137
          ],
          [
            -1.2290004082024097,
            51.723300302401185
          ],
          [
            -1.2287569139152765,
            51.72337045893073
          ],
          [
            -1.2285135872662067,
            51.723441453650594
          ],
          [
            -1.2282692547887564,
            51.7235083412379
          ],
          [
            -1.2280250899493694,
            51.72357665374875
          ],
          [
            -1.227773716673255,
            51.723634991794825
          ],
          [
            -1.227518068626523,
            51.723696598783135
          ],
          [
            -1.2272754963487387,
            51.72375636175275
          ],
          [
            -1.2270356062799692,
            51.72381880693138
          ],
          [
            -1.2267880886793137,
            51.723879324272275
          ],
          [
            -1.2265322729945183,
            51.72394126653671
          ],
          [
            -1.226276708766818,
            51.7240075673908
          ],
          [
            -1.22601636685431,
            51.724070431664586
          ],
          [
            -1.2257736269384623,
            51.72413136810064
          ],
          [
            -1.2255183979868889,
            51.72419431619346
          ],
          [
            -1.22523358091712,
            51.724278554320335
          ],
          [
            -1.2249759212136269,
            51.72438617795706
          ],
          [
            -1.2247408088296652,
            51.72438282519579
          ],
          [
            -1.2245253939181566,
            51.724271681159735
          ],
          [
            -1.2243150919675827,
            51.724192975088954
          ],
          [
            -1.2240938935428858,
            51.724151065573096
          ],
          [
            -1.2239497248083353,
            51.72401553019881
          ],
          [
            -1.2239116709679365,
            51.72386448830366
          ],
          [
            -1.2239293567836285,
            51.72372920438647
          ],
          [
            -1.223972775042057,
            51.72356642782688
          ],
          [
            -1.2239917181432247,
            51.723413458094
          ],
          [
            -1.2240000162273645,
            51.723237689584494
          ],
          [
            -1.2240067217499018,
            51.72304934822023
          ],
          [
            -1.2239891197532415,
            51.72285966575146
          ],
          [
            -1.2239783070981503,
            51.7226589191705
          ],
          [
            -1.2239783070981503,
            51.722461860626936
          ],
          [
            -1.2239724397659302,
            51.7222720105201
          ],
          [
            -1.2239708472043276,
            51.7220785561949
          ],
          [
            -1.2239537481218576,
            51.72188803553581
          ],
          [
            -1.2239457853138447,
            51.721701538190246
          ],
          [
            -1.2239425163716078,
            51.72154345549643
          ],
          [
            -1.2239517364650965,
            51.721398616209626
          ],
          [
            -1.224000183865428,
            51.72124237753451
          ],
          [
            -1.2241669837385416,
            51.72109644860029
          ],
          [
            -1.2243729270994663,
            51.72095789574087
          ],
          [
            -1.2245822232216597,
            51.720816660672426
          ],
          [
            -1.224796799942851,
            51.72067576088011
          ],
          [
            -1.2249861471354961,
            51.72053921967745
          ],
          [
            -1.2251869775354862,
            51.720399828627706
          ],
          [
            -1.2253757379949093,
            51.72025742009282
          ],
          [
            -1.2255641631782055,
            51.72010579146445
          ],
          [
            -1.2257430329918861,
            51.71994804404676
          ],
          [
            -1.2259102519601583,
            51.71979465521872
          ],
          [
            -1.226083254441619,
            51.719646295532584
          ],
          [
            -1.2262559216469526,
            51.719501204788685
          ],
          [
            -1.2264411617070436,
            51.71937732025981
          ],
          [
            -1.2266482785344124,
            51.719250502064824
          ],
          [
            -1.226848941296339,
            51.71909971162677
          ],
          [
            -1.2270227819681168,
            51.71892813406885
          ],
          [
            -1.2271442357450724,
            51.718803914263844
          ],
          [
            -1.2272725626826286,
            51.718673910945654
          ],
          [
            -1.2274070084095001,
            51.71854231506586
          ],
          [
            -1.2275241874158382,
            51.71842538751662
          ],
          [
            -1.2276681046932936,
            51.71827065758407
          ],
          [
            -1.227813782170415,
            51.718114418908954
          ],
          [
            -1.227937750518322,
            51.7179477866739
          ],
          [
            -1.2280295323580503,
            51.7177754547447
          ],
          [
            -1.2281431909650564,
            51.717611169442534
          ],
          [
            -1.228234637528658,
            51.717461720108986
          ],
          [
            -1.2283264193683863,
            51.71729173511267
          ],
          [
            -1.228405125439167,
            51.717138178646564
          ],
          [
            -1.2285010144114494,
            51.71695218421519
          ],
          [
            -1.2285810615867376,
            51.71681589446962
          ],
          [
            -1.2286761961877346,
            51.716670133173466
          ],
          [
            -1.228775940835476,
            51.71651724725962
          ],
          [
            -1.2288682255893946,
            51.716357320547104
          ],
          [
            -1.228959085419774,
            51.71618943102658
          ],
          [
            -1.2290447484701872,
            51.71602112241089
          ],
          [
            -1.2291132286190987,
            51.71585088595748
          ],
          [
            -1.229176763445139,
            51.71567218378186
          ],
          [
            -1.2292226124554873,
            51.71548794955015
          ],
          [
            -1.2292520329356194,
            51.715305307880044
          ],
          [
            -1.2292625103145838,
            51.71512040309608
          ],
          [
            -1.2292537093162537,
            51.71493222936988
          ],
          [
            -1.2292289827018976,
            51.714740451425314
          ],
          [
            -1.2291782721877098,
            51.714555379003286
          ],
          [
            -1.2291040923446417,
            51.71436443924904
          ],
          [
            -1.229017423465848,
            51.714179115369916
          ],
          [
            -1.2289099674671888,
            51.71400083228946
          ],
          [
            -1.2287859991192818,
            51.7138347029686
          ],
          [
            -1.228649541735649,
            51.71367226168513
          ],
          [
            -1.2285112403333187,
            51.713515017181635
          ],
          [
            -1.2283798959106207,
            51.713367411866784
          ],
          [
            -1.2282493896782398,
            51.713222824037075
          ],
          [
            -1.2281177937984467,
            51.713089467957616
          ],
          [
            -1.2279877066612244,
            51.71295971609652
          ],
          [
            -1.22785996645689,
            51.7128346581012
          ],
          [
            -1.2277430389076471,
            51.71271982602775
          ],
          [
            -1.2276123650372028,
            51.712609604001045
          ],
          [
            -1.2274048291146755,
            51.712466441094875
          ],
          [
            -1.2272116262465715,
            51.71234607696533
          ],
          [
            -1.2270051799714565,
            51.71228790655732
          ],
          [
            -1.2267937883734703,
            51.712348172441125
          ],
          [
            -1.2266219593584538,
            51.712470799684525
          ],
          [
            -1.2264188658446074,
            51.71258797869086
          ],
          [
            -1.2261293549090624,
            51.71260247938335
          ],
          [
            -1.2258337251842022,
            51.71255554072559
          ],
          [
            -1.2255953438580036,
            51.712461579591036
          ],
          [
            -1.2254583835601807,
            51.71234733425081
          ],
          [
            -1.2253236025571823,
            51.71223166398704
          ],
          [
            -1.2251898273825645,
            51.712123872712255
          ],
          [
            -1.2252523563802242,
            51.71209336258471
          ]
        ]
      },
      "properties": {
        "name": "2025-05-23 (Fri) 18:14",
        "source_file": "2025-05-23-171402-ELEMNT_ROAM_A974-206-0.fit",
        "date": "2025-05-23T17:14:02",
        "sport": "cycling",
        "dropbox_id": "id:JY-PzzIM9pcAAAAAAAAARg"
      }
    },
    {
      "type": "Feature",
      "geometry": {
        "type": "LineString",
        "coordinates": [
          [
            -0.19995734095573425,
            51.41318145208061
          ],
          [
            -0.20012212917208672,
            51.41330047510564
          ],
          [
            -0.20030762068927288,
            51.413380187004805
          ],
          [
            -0.20044525153934956,
            51.413515135645866
          ],
          [
            -0.20048766396939754,
            51.41367170959711
          ],
          [
            -0.20058573223650455,
            51.413830714300275
          ],
          [
            -0.20071967504918575,
            51.41398058272898
          ],
          [
            -0.20082076080143452,
            51.41414034180343
          ],
          [
            -0.2009285520762205,
            51.414301693439484
          ],
          [
            -0.20102444104850292,
            51.414460614323616
          ],
          [
            -0.20112435333430767,
            51.414582654833794
          ],
          [
            -0.20123876631259918,
            51.41471483744681
          ],
          [
            -0.2014707773923874,
            51.41466421075165
          ],
          [
            -0.20173078402876854,
            51.41459514386952
          ],
          [
            -0.20192415453493595,
            51.414530938491225
          ],
          [
            -0.20216681063175201,
            51.414449801668525
          ],
          [
            -0.20237082615494728,
            51.414384841918945
          ],
          [
            -0.20257928408682346,
            51.41431719996035
          ],
          [
            -0.20281481556594372,
            51.4142404217273
          ],
          [
            -0.20305235870182514,
            51.414171773940325
          ],
          [
            -0.2032933384180069,
            51.41410714946687
          ],
          [
            -0.2035481482744217,
            51.41404604539275
          ],
          [
            -0.20377605222165585,
            51.41397379338741
          ],
          [
            -0.20401024259626865,
            51.41390120610595
          ],
          [
            -0.20424216985702515,
            51.41382887028158
          ],
          [
            -0.20445666275918484,
            51.413735412061214
          ],
          [
            -0.2046638634055853,
            51.41362141817808
          ],
          [
            -0.204857736825943,
            51.413497030735016
          ],
          [
            -0.20503006875514984,
            51.41334758140147
          ],
          [
            -0.2052008919417858,
            51.41319444403052
          ],
          [
            -0.20540314726531506,
            51.41306041739881
          ],
          [
            -0.2056412771344185,
            51.41294273547828
          ],
          [
            -0.2058863639831543,
            51.41284064389765
          ],
          [
            -0.2061270922422409,
            51.4127448387444
          ],
          [
            -0.20634351298213005,
            51.41265288926661
          ],
          [
            -0.20654459483921528,
            51.41257376410067
          ],
          [
            -0.2067647036164999,
            51.41250520013273
          ],
          [
            -0.20699143409729004,
            51.41243236139417
          ],
          [
            -0.20719670690596104,
            51.41233580186963
          ],
          [
            -0.20740248262882233,
            51.41223320737481
          ],
          [
            -0.20759610459208488,
            51.41213798895478
          ],
          [
            -0.2077623177319765,
            51.41200412996113
          ],
          [
            -0.20788846537470818,
            51.41185526736081
          ],
          [
            -0.20800665020942688,
            51.41169332899153
          ],
          [
            -0.20814470015466213,
            51.41154614277184
          ],
          [
            -0.20829632878303528,
            51.41140800900757
          ],
          [
            -0.20846287719905376,
            51.41125587746501
          ],
          [
            -0.2086847461760044,
            51.41113811172545
          ],
          [
            -0.20892656408250332,
            51.41102772206068
          ],
          [
            -0.20916922017931938,
            51.4109212718904
          ],
          [
            -0.20942235365509987,
            51.41082236543298
          ],
          [
            -0.2096773311495781,
            51.410729913040996
          ],
          [
            -0.20992920733988285,
            51.4106313418597
          ],
          [
            -0.21018359810113907,
            51.410536877810955
          ],
          [
            -0.21043723449110985,
            51.41043637879193
          ],
          [
            -0.21069204434752464,
            51.410338561981916
          ],
          [
            -0.21096311509609222,
            51.41025356948376
          ],
          [
            -0.21122370846569538,
            51.41016690060496
          ],
          [
            -0.2114710584282875,
            51.41007822006941
          ],
          [
            -0.2116936817765236,
            51.40999532304704
          ],
          [
            -0.21185696125030518,
            51.40987546183169
          ],
          [
            -0.21173642948269844,
            51.409735064953566
          ],
          [
            -0.2115799393504858,
            51.40960933640599
          ],
          [
            -0.21145337261259556,
            51.4094949234277
          ],
          [
            -0.21132881753146648,
            51.40938051044941
          ],
          [
            -0.21121901459991932,
            51.409231731668115
          ],
          [
            -0.211151372641325,
            51.40907607972622
          ],
          [
            -0.21109772846102715,
            51.40892595984042
          ],
          [
            -0.21104240790009499,
            51.40879210084677
          ],
          [
            -0.21100292913615704,
            51.408655224367976
          ],
          [
            -0.21097300574183464,
            51.40850678086281
          ],
          [
            -0.21094266325235367,
            51.40835674479604
          ],
          [
            -0.2109177689999342,
            51.408200254663825
          ],
          [
            -0.21090351976454258,
            51.408041501417756
          ],
          [
            -0.21096705459058285,
            51.40788777731359
          ],
          [
            -0.21111566573381424,
            51.407758109271526
          ],
          [
            -0.2112750057131052,
            51.40763221308589
          ],
          [
            -0.21135916002094746,
            51.40747211873531
          ],
          [
            -0.2114095352590084,
            51.407315880060196
          ],
          [
            -0.21146301180124283,
            51.40715729445219
          ],
          [
            -0.2115107048302889,
            51.40696803107858
          ],
          [
            -0.2115657739341259,
            51.406797375530005
          ],
          [
            -0.21164154633879662,
            51.406628396362066
          ],
          [
            -0.21173198707401752,
            51.406463608145714
          ],
          [
            -0.2118217572569847,
            51.40630032867193
          ],
          [
            -0.2119164727628231,
            51.40614031814039
          ],
          [
            -0.2120100986212492,
            51.40597234480083
          ],
          [
            -0.21209349855780602,
            51.40580412000418
          ],
          [
            -0.21217647939920425,
            51.40563631430268
          ],
          [
            -0.21225661039352417,
            51.405468760058284
          ],
          [
            -0.21234948188066483,
            51.40529802069068
          ],
          [
            -0.21243740804493427,
            51.40513197518885
          ],
          [
            -0.21253271028399467,
            51.404962576925755
          ],
          [
            -0.21263807080686092,
            51.404794938862324
          ],
          [
            -0.2127697505056858,
            51.404638616368175
          ],
          [
            -0.2129161823540926,
            51.40449813567102
          ],
          [
            -0.2130887657403946,
            51.40437173657119
          ],
          [
            -0.21327492780983448,
            51.40425003133714
          ],
          [
            -0.21344969049096107,
            51.40413067303598
          ],
          [
            -0.21359478123486042,
            51.40402623452246
          ],
          [
            -0.2137422189116478,
            51.40392255038023
          ],
          [
            -0.21388295106589794,
            51.4037860929966
          ],
          [
            -0.2140880562365055,
            51.40367520041764
          ],
          [
            -0.2142508327960968,
            51.403566654771566
          ],
          [
            -0.21441319026052952,
            51.403451738879085
          ],
          [
            -0.21459138952195644,
            51.403337409719825
          ],
          [
            -0.21477386355400085,
            51.403219643980265
          ],
          [
            -0.21495097316801548,
            51.40309718437493
          ],
          [
            -0.21512489765882492,
            51.40297866426408
          ],
          [
            -0.21529178135097027,
            51.40286014415324
          ],
          [
            -0.21545740775763988,
            51.402746234089136
          ],
          [
            -0.21562378853559494,
            51.402632240206
          ],
          [
            -0.21579368971288204,
            51.40251782722771
          ],
          [
            -0.21595344878733158,
            51.40240349806845
          ],
          [
            -0.21611664444208145,
            51.40228556469083
          ],
          [
            -0.21628176793456078,
            51.40217467211187
          ],
          [
            -0.21643691696226597,
            51.40206000767648
          ],
          [
            -0.2165934070944786,
            51.401941906660795
          ],
          [
            -0.21674813702702522,
            51.40182355418801
          ],
          [
            -0.21686791442334652,
            51.401689695194364
          ],
          [
            -0.216959360986948,
            51.401556422933936
          ],
          [
            -0.21705742925405502,
            51.40141577459872
          ],
          [
            -0.21714946255087852,
            51.40128929167986
          ],
          [
            -0.21723948419094086,
            51.40115970745683
          ],
          [
            -0.21732171066105366,
            51.40103138051927
          ],
          [
            -0.21744509227573872,
            51.40087489038706
          ],
          [
            -0.21755841560661793,
            51.40071848407388
          ],
          [
            -0.21764349192380905,
            51.400562077760696
          ],
          [
            -0.21775346249341965,
            51.4004132989794
          ],
          [
            -0.217854967340827,
            51.4002647716552
          ],
          [
            -0.21793845109641552,
            51.40011205337942
          ],
          [
            -0.21801816299557686,
            51.39998272061348
          ],
          [
            -0.21809821017086506,
            51.39984156936407
          ],
          [
            -0.21822025068104267,
            51.3996984064579
          ],
          [
            -0.2183494996279478,
            51.39956169761717
          ],
          [
            -0.2184883877635002,
            51.39941786415875
          ],
          [
            -0.21861713379621506,
            51.399270594120026
          ],
          [
            -0.21875979378819466,
            51.39913799241185
          ],
          [
            -0.21890496835112572,
            51.39898678287864
          ],
          [
            -0.21899775601923466,
            51.39884806238115
          ],
          [
            -0.219110157340765,
            51.39871370047331
          ],
          [
            -0.21922222338616848,
            51.398574225604534
          ],
          [
            -0.21934074349701405,
            51.39842511154711
          ],
          [
            -0.2194755245000124,
            51.398276165127754
          ],
          [
            -0.21962706930935383,
            51.39811079017818
          ],
          [
            -0.2197755966335535,
            51.39793887734413
          ],
          [
            -0.2199133951216936,
            51.3978127297014
          ],
          [
            -0.22017130628228188,
            51.39786595478654
          ],
          [
            -0.2203521877527237,
            51.39796561561525
          ],
          [
            -0.22053650580346584,
            51.39806150458753
          ],
          [
            -0.22073482163250446,
            51.39815982431173
          ],
          [
            -0.22093020379543304,
            51.3982514385134
          ],
          [
            -0.22112231701612473,
            51.39835084788501
          ],
          [
            -0.2213182020932436,
            51.39844640158117
          ],
          [
            -0.22149447351694107,
            51.3985363394022
          ],
          [
            -0.2216656319797039,
            51.3986209128052
          ],
          [
            -0.2218441665172577,
            51.398712610825896
          ],
          [
            -0.22202211432158947,
            51.39880087226629
          ],
          [
            -0.22219117730855942,
            51.39888821169734
          ],
          [
            -0.22236795164644718,
            51.39896842651069
          ],
          [
            -0.22254330106079578,
            51.39906012453139
          ],
          [
            -0.2227251883596182,
            51.39914813451469
          ],
          [
            -0.22288989275693893,
            51.39924234710634
          ],
          [
            -0.22310773842036724,
            51.39935349114239
          ],
          [
            -0.22333312779664993,
            51.399451391771436
          ],
          [
            -0.22356790490448475,
            51.399471424520016
          ],
          [
            -0.2237642090767622,
            51.39932960271835
          ],
          [
            -0.22397643886506557,
            51.39919959940016
          ],
          [
            -0.22418498061597347,
            51.39908216893673
          ],
          [
            -0.22433903999626637,
            51.39898250810802
          ],
          [
            -0.22451229393482208,
            51.39889491721988
          ],
          [
            -0.22468420676887035,
            51.39878796413541
          ],
          [
            -0.2248903177678585,
            51.3986814301461
          ],
          [
            -0.22509098052978516,
            51.39857145957649
          ],
          [
            -0.2252714429050684,
            51.39844413846731
          ],
          [
            -0.22547361440956593,
            51.39832586981356
          ],
          [
            -0.2256645541638136,
            51.39821933582425
          ],
          [
            -0.225858511403203,
            51.39810936525464
          ],
          [
            -0.22606990300118923,
            51.39800568111241
          ],
          [
            -0.22628271952271461,
            51.397902918979526
          ],
          [
            -0.2265004813671112,
            51.39780786819756
          ],
          [
            -0.22673978470265865,
            51.39771658927202
          ],
          [
            -0.22699694149196148,
            51.397644421085715
          ],
          [
            -0.22728226147592068,
            51.39761340804398
          ],
          [
            -0.2275704313069582,
            51.39762178994715
          ],
          [
            -0.22782356478273869,
            51.39767459593713
          ],
          [
            -0.22805633023381233,
            51.397727904841304
          ],
          [
            -0.22830292582511902,
            51.39777752570808
          ],
          [
            -0.22841138765215874,
            51.397639978677034
          ],
          [
            -0.22830191999673843,
            51.39749958179891
          ],
          [
            -0.22818641737103462,
            51.39734401367605
          ],
          [
            -0.22807166911661625,
            51.39719179831445
          ],
          [
            -0.22794216871261597,
            51.397040002048016
          ],
          [
            -0.22781258448958397,
            51.39690329320729
          ],
          [
            -0.22767218761146069,
            51.39676566235721
          ],
          [
            -0.2275285217911005,
            51.396635407581925
          ],
          [
            -0.22739147767424583,
            51.3964918255806
          ],
          [
            -0.227253595367074,
            51.39635310508311
          ],
          [
            -0.2271212451159954,
            51.39621865935624
          ],
          [
            -0.22698545828461647,
            51.396082704886794
          ],
          [
            -0.22684430703520775,
            51.39595353975892
          ],
          [
            -0.2266904152929783,
            51.39582353644073
          ],
          [
            -0.22653602063655853,
            51.39570560306311
          ],
          [
            -0.22640098817646503,
            51.3955834787339
          ],
          [
            -0.226278780028224,
            51.395468479022384
          ],
          [
            -0.22613477893173695,
            51.395337553694844
          ],
          [
            -0.22599438205361366,
            51.39519824646413
          ],
          [
            -0.22583546116948128,
            51.395064471289515
          ],
          [
            -0.22561853751540184,
            51.39503446407616
          ],
          [
            -0.22540094330906868,
            51.395087940618396
          ],
          [
            -0.22515694610774517,
            51.39513412490487
          ],
          [
            -0.2249006275087595,
            51.39517259784043
          ],
          [
            -0.22465587593615055,
            51.39521425589919
          ],
          [
            -0.22441682405769825,
            51.395262870937586
          ],
          [
            -0.22417651489377022,
            51.39531676657498
          ],
          [
            -0.22393369115889072,
            51.39537041075528
          ],
          [
            -0.223683575168252,
            51.39542003162205
          ],
          [
            -0.22343278862535954,
            51.39546940103173
          ],
          [
            -0.22317697294056416,
            51.39552262611687
          ],
          [
            -0.22291051223874092,
            51.39557694084942
          ],
          [
            -0.22265402600169182,
            51.3956299982965
          ],
          [
            -0.22240097634494305,
            51.39567199163139
          ],
          [
            -0.22215421311557293,
            51.39572580344975
          ],
          [
            -0.22190334275364876,
            51.39577517285943
          ],
          [
            -0.22167292423546314,
            51.39582454226911
          ],
          [
            -0.2214499656111002,
            51.39588547870517
          ],
          [
            -0.22132138721644878,
            51.395996790379286
          ],
          [
            -0.221261540427804,
            51.396160488948226
          ],
          [
            -0.22121124900877476,
            51.39630625024438
          ],
          [
            -0.22115609608590603,
            51.39646265655756
          ],
          [
            -0.22106079384684563,
            51.3966054841876
          ],
          [
            -0.2209354005753994,
            51.396748730912805
          ],
          [
            -0.22079450078308582,
            51.396885523572564
          ],
          [
            -0.2206658385694027,
            51.397030698135495
          ],
          [
            -0.22053482942283154,
            51.397163635119796
          ],
          [
            -0.22041999734938145,
            51.39730453491211
          ],
          [
            -0.22029653191566467,
            51.39742674306035
          ],
          [
            -0.22017323412001133,
            51.39754492789507
          ],
          [
            -0.22005345672369003,
            51.397662945091724
          ],
          [
            -0.21994683891534805,
            51.39778875745833
          ],
          [
            -0.21984877064824104,
            51.39791641384363
          ],
          [
            -0.21974902600049973,
            51.39804197475314
          ],
          [
            -0.21964056417346,
            51.39816602692008
          ],
          [
            -0.2195284143090248,
            51.39828865416348
          ],
          [
            -0.21941701881587505,
            51.39841421507299
          ],
          [
            -0.21930553950369358,
            51.39853801578283
          ],
          [
            -0.2191863488405943,
            51.39869341626763
          ],
          [
            -0.21907000802457333,
            51.39884563162923
          ],
          [
            -0.21894922479987144,
            51.399006731808186
          ],
          [
            -0.2188019547611475,
            51.39915442094207
          ],
          [
            -0.21868527866899967,
            51.399272521957755
          ],
          [
            -0.2185765653848648,
            51.39940453693271
          ],
          [
            -0.21845167502760887,
            51.3995551597327
          ],
          [
            -0.21831261925399303,
            51.39970469288528
          ],
          [
            -0.2181735634803772,
            51.399871576577425
          ],
          [
            -0.2180575579404831,
            51.400057319551706
          ],
          [
            -0.21796460263431072,
            51.40018899925053
          ],
          [
            -0.2178703062236309,
            51.40032394789159
          ],
          [
            -0.21777106449007988,
            51.40046400949359
          ],
          [
            -0.21767081692814827,
            51.40061312355101
          ],
          [
            -0.21757115609943867,
            51.400761399418116
          ],
          [
            -0.21746529266238213,
            51.400912776589394
          ],
          [
            -0.21736420691013336,
            51.401068260893226
          ],
          [
            -0.21725909784436226,
            51.40123128890991
          ],
          [
            -0.21714577451348305,
            51.40139523893595
          ],
          [
            -0.21704594604671001,
            51.40155524946749
          ],
          [
            -0.21694938652217388,
            51.4017035253346
          ],
          [
            -0.21682181395590305,
            51.401836294680834
          ],
          [
            -0.21665903739631176,
            51.4019590895623
          ],
          [
            -0.21648586727678776,
            51.40207853168249
          ],
          [
            -0.21631772629916668,
            51.4021953754127
          ],
          [
            -0.2161419577896595,
            51.402318086475134
          ],
          [
            -0.21597557701170444,
            51.40243601985276
          ],
          [
            -0.21580802276730537,
            51.40255378559232
          ],
          [
            -0.21564817987382412,
            51.4026668574661
          ],
          [
            -0.2154879178851843,
            51.402783868834376
          ],
          [
            -0.21533352322876453,
            51.40288906171918
          ],
          [
            -0.2151825651526451,
            51.40299014747143
          ],
          [
            -0.2149772085249424,
            51.40313297510147
          ],
          [
            -0.2147778868675232,
            51.403266079723835
          ],
          [
            -0.21457462571561337,
            51.40340572223067
          ],
          [
            -0.2143864519894123,
            51.40353413298726
          ],
          [
            -0.21421797573566437,
            51.40365625731647
          ],
          [
            -0.21407196298241615,
            51.40378911048174
          ],
          [
            -0.21390977315604687,
            51.40390872024
          ],
          [
            -0.2137095294892788,
            51.404012152925134
          ],
          [
            -0.21351532079279423,
            51.40414148569107
          ],
          [
            -0.21331926807761192,
            51.40427718870342
          ],
          [
            -0.21312111988663673,
            51.40441163443029
          ],
          [
            -0.21292691119015217,
            51.40454993583262
          ],
          [
            -0.21276715211570263,
            51.404706593602896
          ],
          [
            -0.2126488834619522,
            51.40487967990339
          ],
          [
            -0.21255500614643097,
            51.40505972318351
          ],
          [
            -0.21245744079351425,
            51.40524471178651
          ],
          [
            -0.2123597078025341,
            51.405422827228904
          ],
          [
            -0.2122670877724886,
            51.40559985302389
          ],
          [
            -0.21217748522758484,
            51.40577478334308
          ],
          [
            -0.21208494901657104,
            51.405948707833886
          ],
          [
            -0.21198000758886337,
            51.40613168478012
          ],
          [
            -0.21188445389270782,
            51.40631591901183
          ],
          [
            -0.21178730763494968,
            51.406492022797465
          ],
          [
            -0.21169292740523815,
            51.40666661784053
          ],
          [
            -0.21161162294447422,
            51.40685277990997
          ],
          [
            -0.21154959686100483,
            51.407040702179074
          ],
          [
            -0.21148480474948883,
            51.40722426585853
          ],
          [
            -0.21143954247236252,
            51.40738846734166
          ],
          [
            -0.21139335818588734,
            51.40755828469992
          ],
          [
            -0.2112738322466612,
            51.40770169906318
          ],
          [
            -0.21109605208039284,
            51.40783874318004
          ],
          [
            -0.21096529439091682,
            51.40797930769622
          ],
          [
            -0.21094643510878086,
            51.40812523663044
          ],
          [
            -0.2109710779041052,
            51.408274518325925
          ],
          [
            -0.21101013757288456,
            51.408418184146285
          ],
          [
            -0.21103025414049625,
            51.40857827849686
          ],
          [
            -0.2110735885798931,
            51.40873786993325
          ],
          [
            -0.21111834794282913,
            51.40887072309852
          ],
          [
            -0.2111770212650299,
            51.40903945080936
          ],
          [
            -0.21124332211911678,
            51.40917968004942
          ],
          [
            -0.21132118999958038,
            51.4093276206404
          ],
          [
            -0.21145010367035866,
            51.40945821069181
          ],
          [
            -0.21158773452043533,
            51.409564493224025
          ],
          [
            -0.21175981499254704,
            51.409698352217674
          ],
          [
            -0.21189660765230656,
            51.4098281878978
          ],
          [
            -0.21184556186199188,
            51.40997663140297
          ],
          [
            -0.2116561308503151,
            51.4100596960634
          ],
          [
            -0.21141523495316505,
            51.41014468856156
          ],
          [
            -0.21116654388606548,
            51.410240745171905
          ],
          [
            -0.21091139875352383,
            51.41032858751714
          ],
          [
            -0.21066589280962944,
            51.410414753481746
          ],
          [
            -0.21041837520897388,
            51.410513408482075
          ],
          [
            -0.21019105799496174,
            51.41059136018157
          ],
          [
            -0.2099801693111658,
            51.41066671349108
          ],
          [
            -0.20977229811251163,
            51.410739719867706
          ],
          [
            -0.20957431755959988,
            51.410824125632644
          ],
          [
            -0.20937491208314896,
            51.41090459190309
          ],
          [
            -0.20914985798299313,
            51.410991763696074
          ],
          [
            -0.20892086438834667,
            51.41111036762595
          ],
          [
            -0.2086846623569727,
            51.41122838482261
          ],
          [
            -0.20845717750489712,
            51.41136257909238
          ],
          [
            -0.20827746950089931,
            51.41151739284396
          ],
          [
            -0.20812240429222584,
            51.411685114726424
          ],
          [
            -0.20798728801310062,
            51.41185878776014
          ],
          [
            -0.20782476291060448,
            51.41201418824494
          ],
          [
            -0.2076190710067749,
            51.412155674770474
          ],
          [
            -0.20738580264151096,
            51.41228240914643
          ],
          [
            -0.20714976824820042,
            51.41240411438048
          ],
          [
            -0.20690258592367172,
            51.41251785680652
          ],
          [
            -0.20665112882852554,
            51.412617517635226
          ],
          [
            -0.20638835616409779,
            51.412712736055255
          ],
          [
            -0.2061146032065153,
            51.412807032465935
          ],
          [
            -0.205842275172472,
            51.41290702857077
          ],
          [
            -0.20559140481054783,
            51.41301356256008
          ],
          [
            -0.20537104457616806,
            51.41314742155373
          ],
          [
            -0.20517935045063496,
            51.4132924284786
          ],
          [
            -0.20499813370406628,
            51.41344849951565
          ],
          [
            -0.20478439517319202,
            51.413589818403125
          ],
          [
            -0.2045636996626854,
            51.41372753307223
          ],
          [
            -0.2043235581368208,
            51.41384563408792
          ],
          [
            -0.2040677424520254,
            51.41393297351897
          ],
          [
            -0.20380538888275623,
            51.414008578285575
          ],
          [
            -0.203527444973588,
            51.41408560797572
          ],
          [
            -0.20325788296759129,
            51.414163056761026
          ],
          [
            -0.20299812778830528,
            51.41424234956503
          ],
          [
            -0.20274843089282513,
            51.414303286001086
          ],
          [
            -0.20251382142305374,
            51.41435232013464
          ],
          [
            -0.20226328633725643,
            51.41443085856736
          ],
          [
            -0.20206304267048836,
            51.41450830735266
          ],
          [
            -0.20182139240205288,
            51.41458139754832
          ],
          [
            -0.20157312043011189,
            51.41465381719172
          ],
          [
            -0.20134194754064083,
            51.41471500508487
          ],
          [
            -0.20113030448555946,
            51.41462749801576
          ],
          [
            -0.20105520263314247,
            51.41449003480375
          ],
          [
            -0.20096685737371445,
            51.41433916054666
          ],
          [
            -0.2008599042892456,
            51.41419591382146
          ],
          [
            -0.20074683241546154,
            51.41405509784818
          ],
          [
            -0.20063996315002441,
            51.413925094529986
          ],
          [
            -0.20053829066455364,
            51.413791570812464
          ],
          [
            -0.200468385592103,
            51.413658298552036
          ],
          [
            -0.200446592643857,
            51.41350541263819
          ],
          [
            -0.20032606087625027,
            51.4133717212826
          ],
          [
            -0.20028683356940746,
            51.41335302963853
          ]
        ]
      },
      "properties": {
        "name": "2025-05-25 (Sun) 20:41",
        "source_file": "2025-05-25-194105-ELEMNT_ROAM_A974-207-0.fit",
        "date": "2025-05-25T19:41:05",
        "sport": "cycling",
        "dropbox_id": "id:JY-PzzIM9pcAAAAAAAAARw"
      }
    },
    {
      "type": "Feature",
      "geometry": {
        "type": "LineString",
        "coordinates": [
          [
            -0.19999665208160877,
            51.41316602937877
          ],
          [
            -0.2001618593931198,
            51.41328563913703
          ],
          [
            -0.20034701563417912,
            51.41335562802851
          ],
          [
            -0.20048171281814575,
            51.41347339376807
          ],
          [
            -0.20051867701113224,
            51.41360859386623
          ],
          [
            -0.20062345080077648,
            51.4137792494148
          ],
          [
            -0.20073551684617996,
            51.41390606760979
          ],
          [
            -0.2008391171693802,
            51.414058953523636
          ],
          [
            -0.20092008635401726,
            51.41419742256403
          ],
          [
            -0.20102075301110744,
            51.41433035954833
          ],
          [
            -0.20111002027988434,
            51.4144597761333
          ],
          [
            -0.20120959728956223,
            51.41460360959172
          ],
          [
            -0.20146985538303852,
            51.41461433842778
          ],
          [
            -0.20167646929621696,
            51.41453864984214
          ],
          [
            -0.201916778460145,
            51.41446757130325
          ],
          [
            -0.20215054973959923,
            51.414399510249496
          ],
          [
            -0.20238574594259262,
            51.414327174425125
          ],
          [
            -0.20263083279132843,
            51.414245031774044
          ],
          [
            -0.20288212224841118,
            51.41417060047388
          ],
          [
            -0.20312050357460976,
            51.41409868374467
          ],
          [
            -0.20334899425506592,
            51.414033556357026
          ],
          [
            -0.20358385518193245,
            51.41396482475102
          ],
          [
            -0.20383656956255436,
            51.413897685706615
          ],
          [
            -0.20408065058290958,
            51.41382400877774
          ],
          [
            -0.20432280376553535,
            51.41373918391764
          ],
          [
            -0.20454819314181805,
            51.41363030299544
          ],
          [
            -0.20476553589105606,
            51.41351396217942
          ],
          [
            -0.2049644384533167,
            51.41338479705155
          ],
          [
            -0.20514179952442646,
            51.41323786228895
          ],
          [
            -0.20531823858618736,
            51.413098219782114
          ],
          [
            -0.20553197711706161,
            51.412972239777446
          ],
          [
            -0.2057737112045288,
            51.41286252066493
          ],
          [
            -0.20602273754775524,
            51.412762105464935
          ],
          [
            -0.20626514218747616,
            51.41266504302621
          ],
          [
            -0.20651869475841522,
            51.412564711645246
          ],
          [
            -0.20677710883319378,
            51.41247460618615
          ],
          [
            -0.20702965557575226,
            51.41239145770669
          ],
          [
            -0.20724699832499027,
            51.41229229979217
          ],
          [
            -0.207463251426816,
            51.41218434087932
          ],
          [
            -0.2076790016144514,
            51.4120558463037
          ],
          [
            -0.2078597992658615,
            51.411896757781506
          ],
          [
            -0.20798896439373493,
            51.41172501258552
          ],
          [
            -0.20811444148421288,
            51.411549327895045
          ],
          [
            -0.20827436819672585,
            51.411393005400896
          ],
          [
            -0.2084424253553152,
            51.41123827546835
          ],
          [
            -0.20865188911557198,
            51.411127131432295
          ],
          [
            -0.2088752668350935,
            51.41102462075651
          ],
          [
            -0.20910199731588364,
            51.410924876108766
          ],
          [
            -0.2093387022614479,
            51.4108314178884
          ],
          [
            -0.20958932116627693,
            51.41073460690677
          ],
          [
            -0.20983432419598103,
            51.41063771210611
          ],
          [
            -0.21008611656725407,
            51.410542242228985
          ],
          [
            -0.21033958531916142,
            51.41044685617089
          ],
          [
            -0.21059079095721245,
            51.4103533141315
          ],
          [
            -0.21083847619593143,
            51.41026723198593
          ],
          [
            -0.21109898574650288,
            51.41018299385905
          ],
          [
            -0.2113479282706976,
            51.410093642771244
          ],
          [
            -0.21158957853913307,
            51.41000756062567
          ],
          [
            -0.21180516108870506,
            51.409927513450384
          ],
          [
            -0.2118495013564825,
            51.409777477383614
          ],
          [
            -0.2116947714239359,
            51.409625513479114
          ],
          [
            -0.2115652710199356,
            51.409510262310505
          ],
          [
            -0.21139553748071194,
            51.409360729157925
          ],
          [
            -0.211313059553504,
            51.40922628343105
          ],
          [
            -0.21124550141394138,
            51.409095358103514
          ],
          [
            -0.2111802902072668,
            51.40895202755928
          ],
          [
            -0.21111398935317993,
            51.4088075235486
          ],
          [
            -0.2110582496970892,
            51.40866511501372
          ],
          [
            -0.21103637292981148,
            51.408513486385345
          ],
          [
            -0.21101273596286774,
            51.408363031223416
          ],
          [
            -0.21097702905535698,
            51.40821064822376
          ],
          [
            -0.21095942705869675,
            51.40806237235665
          ],
          [
            -0.21097585558891296,
            51.40792046673596
          ],
          [
            -0.21106604486703873,
            51.40778920613229
          ],
          [
            -0.2112156618386507,
            51.407681833952665
          ],
          [
            -0.21134055219590664,
            51.4075590390712
          ],
          [
            -0.21141137927770615,
            51.40740447677672
          ],
          [
            -0.2114492654800415,
            51.40725804492831
          ],
          [
            -0.21149234846234322,
            51.407105242833495
          ],
          [
            -0.21155152469873428,
            51.40694045461714
          ],
          [
            -0.211616400629282,
            51.40677901916206
          ],
          [
            -0.21168177947402,
            51.40661867335439
          ],
          [
            -0.21176274865865707,
            51.40646402724087
          ],
          [
            -0.2118538599461317,
            51.406313236802816
          ],
          [
            -0.21193893626332283,
            51.40615951269865
          ],
          [
            -0.21202677860856056,
            51.4060119073838
          ],
          [
            -0.21210724487900734,
            51.40586715191603
          ],
          [
            -0.21217555738985538,
            51.40570789575577
          ],
          [
            -0.21224630065262318,
            51.4055679179728
          ],
          [
            -0.21232785657048225,
            51.40540170483291
          ],
          [
            -0.21240949630737305,
            51.40526633709669
          ],
          [
            -0.2124909684062004,
            51.40511613339186
          ],
          [
            -0.21257394924759865,
            51.40496173873544
          ],
          [
            -0.21266036666929722,
            51.40480566769838
          ],
          [
            -0.21277871914207935,
            51.404658732935786
          ],
          [
            -0.21291039884090424,
            51.404523868113756
          ],
          [
            -0.21307552233338356,
            51.404396211728454
          ],
          [
            -0.21324877627193928,
            51.40426704660058
          ],
          [
            -0.21343527361750603,
            51.404150035232306
          ],
          [
            -0.21359226666390896,
            51.40403687953949
          ],
          [
            -0.213756887242198,
            51.403915425762534
          ],
          [
            -0.21389217115938663,
            51.40380419790745
          ],
          [
            -0.21404958330094814,
            51.40368760563433
          ],
          [
            -0.21422216668725014,
            51.40358936972916
          ],
          [
            -0.21438762545585632,
            51.40347462147474
          ],
          [
            -0.21455383859574795,
            51.40335828065872
          ],
          [
            -0.2147218119353056,
            51.40324931591749
          ],
          [
            -0.21489582024514675,
            51.403130209073424
          ],
          [
            -0.21506857126951218,
            51.403009006753564
          ],
          [
            -0.2152434177696705,
            51.40288906171918
          ],
          [
            -0.21541516296565533,
            51.40276978723705
          ],
          [
            -0.21559394896030426,
            51.40264514833689
          ],
          [
            -0.21576393395662308,
            51.40252495184541
          ],
          [
            -0.21593366749584675,
            51.40240735374391
          ],
          [
            -0.2161104418337345,
            51.402287324890494
          ],
          [
            -0.21627883426845074,
            51.40216687694192
          ],
          [
            -0.2164463046938181,
            51.402058247476816
          ],
          [
            -0.21659508347511292,
            51.4019347820431
          ],
          [
            -0.2167567703872919,
            51.401819782331586
          ],
          [
            -0.2168764639645815,
            51.401690198108554
          ],
          [
            -0.21697226911783218,
            51.40155307017267
          ],
          [
            -0.21706245839595795,
            51.40141543932259
          ],
          [
            -0.21715683862566948,
            51.40127965249121
          ],
          [
            -0.2172446809709072,
            51.40114956535399
          ],
          [
            -0.21735775284469128,
            51.400987626984715
          ],
          [
            -0.21748012863099575,
            51.40083055011928
          ],
          [
            -0.217586075887084,
            51.40067129395902
          ],
          [
            -0.2176840603351593,
            51.4005137141794
          ],
          [
            -0.21778305061161518,
            51.40036719851196
          ],
          [
            -0.21787826903164387,
            51.40022462233901
          ],
          [
            -0.21796099841594696,
            51.40007793903351
          ],
          [
            -0.21805412136018276,
            51.399946762248874
          ],
          [
            -0.2181512676179409,
            51.39978775754571
          ],
          [
            -0.21826962009072304,
            51.39965247362852
          ],
          [
            -0.21838411688804626,
            51.39952825382352
          ],
          [
            -0.21848964504897594,
            51.39940235763788
          ],
          [
            -0.21861545741558075,
            51.399264726787806
          ],
          [
            -0.21876247599720955,
            51.39911888167262
          ],
          [
            -0.2189102489501238,
            51.39896331354976
          ],
          [
            -0.21901024505496025,
            51.39882551506162
          ],
          [
            -0.2191199641674757,
            51.3986830227077
          ],
          [
            -0.21924829110503197,
            51.398537596687675
          ],
          [
            -0.21938089281320572,
            51.398379262536764
          ],
          [
            -0.21953788585960865,
            51.398208271712065
          ],
          [
            -0.21963989362120628,
            51.398084135726094
          ],
          [
            -0.21974600851535797,
            51.397958658635616
          ],
          [
            -0.21986042149364948,
            51.397831086069345
          ],
          [
            -0.21997617557644844,
            51.39770116657019
          ],
          [
            -0.2200815360993147,
            51.39757468365133
          ],
          [
            -0.2202073484659195,
            51.397426491603255
          ],
          [
            -0.2203657664358616,
            51.39732951298356
          ],
          [
            -0.22025722078979015,
            51.39745557680726
          ],
          [
            -0.22012260742485523,
            51.397574599832296
          ],
          [
            -0.22001431323587894,
            51.39771399088204
          ],
          [
            -0.22016904316842556,
            51.39782848767936
          ],
          [
            -0.22033869288861752,
            51.39792471192777
          ],
          [
            -0.2205111924558878,
            51.398015823215246
          ],
          [
            -0.220688721165061,
            51.398111041635275
          ],
          [
            -0.2208765596151352,
            51.398202907294035
          ],
          [
            -0.2210524957627058,
            51.398297706618905
          ],
          [
            -0.22123455069959164,
            51.39838982373476
          ],
          [
            -0.22141308523714542,
            51.398477498441935
          ],
          [
            -0.2216313499957323,
            51.398591408506036
          ],
          [
            -0.22179814986884594,
            51.398679753765464
          ],
          [
            -0.22202085703611374,
            51.398788718506694
          ],
          [
            -0.22223828360438347,
            51.398893827572465
          ],
          [
            -0.2224562969058752,
            51.398997930809855
          ],
          [
            -0.22267179563641548,
            51.399110835045576
          ],
          [
            -0.22288897074759007,
            51.39922306872904
          ],
          [
            -0.22310229018330574,
            51.39933035708964
          ],
          [
            -0.22327805869281292,
            51.39940964989364
          ],
          [
            -0.22348802536725998,
            51.39946413226426
          ],
          [
            -0.22367737255990505,
            51.39938165433705
          ],
          [
            -0.2238758560270071,
            51.399248549714684
          ],
          [
            -0.22403729148209095,
            51.399158108979464
          ],
          [
            -0.2242439892143011,
            51.399035062640905
          ],
          [
            -0.22440265864133835,
            51.39893464744091
          ],
          [
            -0.22462167777121067,
            51.39881336130202
          ],
          [
            -0.22481747902929783,
            51.398694422096014
          ],
          [
            -0.22503641434013844,
            51.39857271686196
          ],
          [
            -0.225262138992548,
            51.39843927696347
          ],
          [
            -0.22547981701791286,
            51.39829510822892
          ],
          [
            -0.22571006789803505,
            51.39817340299487
          ],
          [
            -0.22593076340854168,
            51.398050524294376
          ],
          [
            -0.22615212947130203,
            51.397944912314415
          ],
          [
            -0.22634868510067463,
            51.39784005470574
          ],
          [
            -0.22656871005892754,
            51.39775849878788
          ],
          [
            -0.22680030204355717,
            51.397687839344144
          ],
          [
            -0.22704840637743473,
            51.397621873766184
          ],
          [
            -0.22730992175638676,
            51.397596560418606
          ],
          [
            -0.22757294587790966,
            51.39760687015951
          ],
          [
            -0.2278105728328228,
            51.397655652835965
          ],
          [
            -0.22803252562880516,
            51.397721115499735
          ],
          [
            -0.22827853448688984,
            51.39776403084397
          ],
          [
            -0.22841029800474644,
            51.3976261485368
          ],
          [
            -0.22832052782177925,
            51.39749899506569
          ],
          [
            -0.22822807542979717,
            51.397366309538484
          ],
          [
            -0.22808851674199104,
            51.39726245775819
          ],
          [
            -0.22782172076404095,
            51.39721350744367
          ],
          [
            -0.22760789841413498,
            51.39718836173415
          ],
          [
            -0.22757663391530514,
            51.39718249440193
          ]
        ]
      },
      "properties": {
        "name": "2025-05-26 (Mon) 07:39",
        "source_file": "2025-05-26-063956-ELEMNT_ROAM_A974-208-0.fit",
        "date": "2025-05-26T06:39:56",
        "sport": "cycling",
        "dropbox_id": "id:JY-PzzIM9pcAAAAAAAAASA"
      }
    },
    {
      "type": "Feature",
      "geometry": {
        "type": "LineString",
        "coordinates": [
          [
            -0.22562499158084393,
            51.39586259610951
          ],
          [
            -0.22550789639353752,
            51.39571214094758
          ],
          [
            -0.22566706873476505,
            51.39559580013156
          ],
          [
            -0.2258502971380949,
            51.395706441253424
          ],
          [
            -0.2260016743093729,
            51.395852621644735
          ],
          [
            -0.22612505592405796,
            51.3959788531065
          ],
          [
            -0.22625472396612167,
            51.39611958526075
          ],
          [
            -0.22639084607362747,
            51.3962584733963
          ],
          [
            -0.2265102043747902,
            51.396383279934525
          ],
          [
            -0.22662595845758915,
            51.39650825411081
          ],
          [
            -0.22674188017845154,
            51.396629456430674
          ],
          [
            -0.22687858901917934,
            51.39674009755254
          ],
          [
            -0.22702292539179325,
            51.39684780500829
          ],
          [
            -0.22714320570230484,
            51.396968672052026
          ],
          [
            -0.22724177688360214,
            51.3970909640193
          ],
          [
            -0.2274272684007883,
            51.39716782607138
          ],
          [
            -0.22767730057239532,
            51.39718249440193
          ],
          [
            -0.22792582400143147,
            51.397205125540495
          ],
          [
            -0.22793428972363472,
            51.397046875208616
          ],
          [
            -0.22778467275202274,
            51.396886613219976
          ],
          [
            -0.22765349596738815,
            51.396751748397946
          ],
          [
            -0.22750991396605968,
            51.39660472981632
          ],
          [
            -0.22735174745321274,
            51.3964432105422
          ],
          [
            -0.2271952573210001,
            51.39628688804805
          ],
          [
            -0.2270432934165001,
            51.396137522533536
          ],
          [
            -0.2268892340362072,
            51.39598438516259
          ],
          [
            -0.22673693485558033,
            51.39585002325475
          ],
          [
            -0.22658606059849262,
            51.395702669397
          ],
          [
            -0.2264503575861454,
            51.39558549039066
          ],
          [
            -0.22630887106060982,
            51.395463701337576
          ],
          [
            -0.22614684887230396,
            51.3953347876668
          ],
          [
            -0.2259913645684719,
            51.39519179239869
          ],
          [
            -0.22583537735044956,
            51.395062962546945
          ],
          [
            -0.2255567628890276,
            51.395039577037096
          ],
          [
            -0.22532936185598373,
            51.3950964063406
          ],
          [
            -0.225111348554492,
            51.395146027207375
          ],
          [
            -0.2248260285705328,
            51.39518450014293
          ],
          [
            -0.2246082667261362,
            51.3952224701643
          ],
          [
            -0.2243784349411726,
            51.39527225866914
          ],
          [
            -0.2241459209471941,
            51.39532204717398
          ],
          [
            -0.2239166758954525,
            51.395371751859784
          ],
          [
            -0.22367829456925392,
            51.39542103745043
          ],
          [
            -0.22344720549881458,
            51.39547426253557
          ],
          [
            -0.2231913059949875,
            51.395523715764284
          ],
          [
            -0.22292870096862316,
            51.3955816347152
          ],
          [
            -0.22265704348683357,
            51.395631255581975
          ],
          [
            -0.22239242680370808,
            51.395683977752924
          ],
          [
            -0.2221311628818512,
            51.395741226151586
          ],
          [
            -0.22188867442309856,
            51.39578774571419
          ],
          [
            -0.22164953872561455,
            51.3958406355232
          ],
          [
            -0.22144099697470665,
            51.39590308070183
          ],
          [
            -0.22131074219942093,
            51.396064180880785
          ],
          [
            -0.22125894203782082,
            51.39621681533754
          ],
          [
            -0.22120906971395016,
            51.39638001099229
          ],
          [
            -0.22112424485385418,
            51.396539183333516
          ],
          [
            -0.2210084069520235,
            51.39668251387775
          ],
          [
            -0.22087144665420055,
            51.39681939035654
          ],
          [
            -0.22073892876505852,
            51.39695668593049
          ],
          [
            -0.22061009891331196,
            51.397098088636994
          ],
          [
            -0.22049317136406898,
            51.39723965898156
          ],
          [
            -0.2203543670475483,
            51.39736513607204
          ],
          [
            -0.22022872231900692,
            51.39748692512512
          ],
          [
            -0.22010684944689274,
            51.39761692844331
          ],
          [
            -0.21999092772603035,
            51.397742154076695
          ],
          [
            -0.21989336237311363,
            51.39786746352911
          ],
          [
            -0.21979453973472118,
            51.397989923134446
          ],
          [
            -0.21966109983623028,
            51.39814984984696
          ],
          [
            -0.2195452619343996,
            51.39827306382358
          ],
          [
            -0.21940570324659348,
            51.39843315817416
          ],
          [
            -0.21927419118583202,
            51.39858537353575
          ],
          [
            -0.21915349178016186,
            51.398736666888
          ],
          [
            -0.21903899498283863,
            51.39889466576278
          ],
          [
            -0.21890664473176003,
            51.399049730971456
          ],
          [
            -0.21879147738218307,
            51.39916959218681
          ],
          [
            -0.2186751365661621,
            51.399295991286635
          ],
          [
            -0.21856315433979034,
            51.39942557550967
          ],
          [
            -0.21844211965799332,
            51.39956220053136
          ],
          [
            -0.21831798367202282,
            51.39971441589296
          ],
          [
            -0.21821019239723682,
            51.399872498586774
          ],
          [
            -0.21807624958455563,
            51.40004818327725
          ],
          [
            -0.2179410494863987,
            51.40023627318442
          ],
          [
            -0.21785303950309753,
            51.400365103036165
          ],
          [
            -0.2177641075104475,
            51.40049401670694
          ],
          [
            -0.21767886355519295,
            51.40063541941345
          ],
          [
            -0.21758205257356167,
            51.40078009106219
          ],
          [
            -0.21747736260294914,
            51.40092710964382
          ],
          [
            -0.217380803078413,
            51.40107597224414
          ],
          [
            -0.2172778733074665,
            51.401224164292216
          ],
          [
            -0.2171722613275051,
            51.40137646347284
          ],
          [
            -0.21706899628043175,
            51.4015357196331
          ],
          [
            -0.21697117947041988,
            51.4016842469573
          ],
          [
            -0.2168416790664196,
            51.40181751921773
          ],
          [
            -0.2166837640106678,
            51.40193880535662
          ],
          [
            -0.21650958806276321,
            51.402066042646766
          ],
          [
            -0.2163406927138567,
            51.40218154527247
          ],
          [
            -0.2161654271185398,
            51.40230190940201
          ],
          [
            -0.21600281819701195,
            51.4024112932384
          ],
          [
            -0.21584230475127697,
            51.40252763405442
          ],
          [
            -0.2156742475926876,
            51.402647998183966
          ],
          [
            -0.2155136503279209,
            51.40276266261935
          ],
          [
            -0.21535741165280342,
            51.402866933494806
          ],
          [
            -0.21519052796065807,
            51.40297992154956
          ],
          [
            -0.21503202617168427,
            51.403089724481106
          ],
          [
            -0.21488048136234283,
            51.40319776721299
          ],
          [
            -0.21472935564815998,
            51.4033040497452
          ],
          [
            -0.2145796548575163,
            51.40340672805905
          ],
          [
            -0.21437698043882847,
            51.40354486182332
          ],
          [
            -0.21421412006020546,
            51.40365776605904
          ],
          [
            -0.21406969986855984,
            51.40377460978925
          ],
          [
            -0.2139137964695692,
            51.403909139335155
          ],
          [
            -0.21372218616306782,
            51.40400871634483
          ],
          [
            -0.21353241987526417,
            51.40413461253047
          ],
          [
            -0.21333536133170128,
            51.4042644482106
          ],
          [
            -0.2131372131407261,
            51.40439864248037
          ],
          [
            -0.2129520568996668,
            51.404534596949816
          ],
          [
            -0.21279866807162762,
            51.40469150617719
          ],
          [
            -0.21267461590468884,
            51.40485838986933
          ],
          [
            -0.21258275024592876,
            51.40503424219787
          ],
          [
            -0.21249021403491497,
            51.40520757995546
          ],
          [
            -0.2123999409377575,
            51.40537966042757
          ],
          [
            -0.2123085781931877,
            51.4055507350713
          ],
          [
            -0.2122165448963642,
            51.405727257952094
          ],
          [
            -0.21212593652307987,
            51.40590797178447
          ],
          [
            -0.21202686242759228,
            51.406084997579455
          ],
          [
            -0.21192644722759724,
            51.406264789402485
          ],
          [
            -0.2118298877030611,
            51.40643603168428
          ],
          [
            -0.2117389440536499,
            51.40660509467125
          ],
          [
            -0.2116620820015669,
            51.406771978363395
          ],
          [
            -0.21160743199288845,
            51.406935257837176
          ],
          [
            -0.21154792048037052,
            51.407097950577736
          ],
          [
            -0.2114894986152649,
            51.40724781900644
          ],
          [
            -0.21145982667803764,
            51.40739927999675
          ],
          [
            -0.2114176657050848,
            51.40756733715534
          ],
          [
            -0.21129503846168518,
            51.40770832076669
          ],
          [
            -0.21111046895384789,
            51.40783404931426
          ],
          [
            -0.21096814423799515,
            51.407977463677526
          ],
          [
            -0.2109651267528534,
            51.408139234408736
          ],
          [
            -0.21100200712680817,
            51.40828843228519
          ],
          [
            -0.21104550920426846,
            51.40844693407416
          ],
          [
            -0.2110735885798931,
            51.40861289575696
          ],
          [
            -0.21111306734383106,
            51.408786149695516
          ],
          [
            -0.21118213422596455,
            51.40894850715995
          ],
          [
            -0.21124851889908314,
            51.40912268310785
          ],
          [
            -0.21133342757821083,
            51.40928571112454
          ],
          [
            -0.2114470861852169,
            51.409425688907504
          ],
          [
            -0.21158622577786446,
            51.409549321979284
          ],
          [
            -0.21173282526433468,
            51.40967018902302
          ],
          [
            -0.21188780665397644,
            51.4098025392741
          ],
          [
            -0.21194119937717915,
            51.40993656590581
          ],
          [
            -0.21171321161091328,
            51.41003488563001
          ],
          [
            -0.2114731539040804,
            51.41013169661164
          ],
          [
            -0.2112298272550106,
            51.41022305935621
          ],
          [
            -0.21098323166370392,
            51.41031333245337
          ],
          [
            -0.21073202602565289,
            51.41040620394051
          ],
          [
            -0.2104827482253313,
            51.41050150617957
          ],
          [
            -0.21022374741733074,
            51.410597395151854
          ],
          [
            -0.2099583763629198,
            51.410696720704436
          ],
          [
            -0.2096991240978241,
            51.410794872790575
          ],
          [
            -0.20944783464074135,
            51.41089771874249
          ],
          [
            -0.20920048467814922,
            51.4109973795712
          ],
          [
            -0.20895573310554028,
            51.411105170845985
          ],
          [
            -0.2087185252457857,
            51.41121522523463
          ],
          [
            -0.20849816501140594,
            51.411337684839964
          ],
          [
            -0.20830982364714146,
            51.411490738391876
          ],
          [
            -0.2081509865820408,
            51.41165653243661
          ],
          [
            -0.20802156999707222,
            51.41182718798518
          ],
          [
            -0.20786776207387447,
            51.41199013218284
          ],
          [
            -0.2076604776084423,
            51.41213153488934
          ],
          [
            -0.20744598470628262,
            51.412268579006195
          ],
          [
            -0.20721531473100185,
            51.412386344745755
          ],
          [
            -0.2069808728992939,
            51.412492711097
          ],
          [
            -0.20671868696808815,
            51.41260385513306
          ],
          [
            -0.2064510527998209,
            51.41270217485726
          ],
          [
            -0.2061630506068468,
            51.412802170962095
          ],
          [
            -0.20589482970535755,
            51.41289722174406
          ],
          [
            -0.20563742145895958,
            51.41300501301885
          ],
          [
            -0.20541287027299404,
            51.413138285279274
          ],
          [
            -0.2052090223878622,
            51.413283962756395
          ],
          [
            -0.20502629689872265,
            51.413431987166405
          ],
          [
            -0.20484399050474167,
            51.41356064938009
          ],
          [
            -0.20468758419156075,
            51.41365611925721
          ],
          [
            -0.20452246069908142,
            51.41376256942749
          ],
          [
            -0.20431006327271461,
            51.413857620209455
          ],
          [
            -0.20407595671713352,
            51.41393406316638
          ],
          [
            -0.2038145251572132,
            51.41401025466621
          ],
          [
            -0.2035976853221655,
            51.41407513059676
          ],
          [
            -0.20338084548711777,
            51.414135564118624
          ],
          [
            -0.20317582413554192,
            51.414200104773045
          ],
          [
            -0.2029209304600954,
            51.41425450332463
          ],
          [
            -0.2026628516614437,
            51.414327174425125
          ],
          [
            -0.20243821665644646,
            51.41439565457404
          ],
          [
            -0.2022163476794958,
            51.414452735334635
          ],
          [
            -0.2020267490297556,
            51.41451811417937
          ],
          [
            -0.20181694999337196,
            51.41457946971059
          ],
          [
            -0.20160882733762264,
            51.41465239226818
          ],
          [
            -0.20141755230724812,
            51.41471936367452
          ],
          [
            -0.2012044843286276,
            51.41467938199639
          ],
          [
            -0.20110541023314,
            51.41451836563647
          ],
          [
            -0.20099946297705173,
            51.414368748664856
          ],
          [
            -0.200901310890913,
            51.414246540516615
          ],
          [
            -0.200814725831151,
            51.41412089578807
          ],
          [
            -0.20070492289960384,
            51.41396474093199
          ],
          [
            -0.2005827147513628,
            51.4138154592365
          ],
          [
            -0.20049470476806164,
            51.41366399824619
          ],
          [
            -0.20046536810696125,
            51.41351086087525
          ],
          [
            -0.20034668035805225,
            51.41338940709829
          ],
          [
            -0.20026881247758865,
            51.41335168853402
          ]
        ]
      },
      "properties": {
        "name": "2025-05-26 (Mon) 15:40",
        "source_file": "2025-05-26-144058-ELEMNT_ROAM_A974-209-0.fit",
        "date": "2025-05-26T14:40:59",
        "sport": "cycling",
        "dropbox_id": "id:JY-PzzIM9pcAAAAAAAAASQ"
      }
    },
    {
      "type": "Feature",
      "geometry": {
        "type": "LineString",
        "coordinates": [
          [
            -0.20000260323286057,
            51.4131785184145
          ],
          [
            -0.20016915164887905,
            51.413282034918666
          ],
          [
            -0.20037543028593063,
            51.41337121836841
          ],
          [
            -0.20050585269927979,
            51.41352351754904
          ],
          [
            -0.20053946413099766,
            51.41366324387491
          ],
          [
            -0.20062747411429882,
            51.41381956636906
          ],
          [
            -0.20073308609426022,
            51.41395652666688
          ],
          [
            -0.2008288912475109,
            51.41408912837505
          ],
          [
            -0.2009191643446684,
            51.41424033790827
          ],
          [
            -0.20102511160075665,
            51.414394062012434
          ],
          [
            -0.20112862810492516,
            51.41455164179206
          ],
          [
            -0.20124714821577072,
            51.41468365676701
          ],
          [
            -0.20149139687418938,
            51.4146186131984
          ],
          [
            -0.20169474184513092,
            51.41455256380141
          ],
          [
            -0.20191669464111328,
            51.41449296846986
          ],
          [
            -0.202155327424407,
            51.414421470835805
          ],
          [
            -0.20239295437932014,
            51.414343351498246
          ],
          [
            -0.20262873731553555,
            51.414277805015445
          ],
          [
            -0.202890420332551,
            51.41419750638306
          ],
          [
            -0.20315595902502537,
            51.41410991549492
          ],
          [
            -0.20342937670648098,
            51.414032550528646
          ],
          [
            -0.20370514132082462,
            51.41395459882915
          ],
          [
            -0.2039816603064537,
            51.413876228034496
          ],
          [
            -0.20425214432179928,
            51.41379081644118
          ],
          [
            -0.2044902741909027,
            51.41367942094803
          ],
          [
            -0.2047086227685213,
            51.41356274485588
          ],
          [
            -0.20490911789238453,
            51.41343031078577
          ],
          [
            -0.2050810307264328,
            51.41327599994838
          ],
          [
            -0.2052629180252552,
            51.413122275844216
          ],
          [
            -0.20547623746097088,
            51.41298799775541
          ],
          [
            -0.20572375506162643,
            51.41287584789097
          ],
          [
            -0.20598476752638817,
            51.412774762138724
          ],
          [
            -0.206253994256258,
            51.41267049126327
          ],
          [
            -0.20651542581617832,
            51.41256362199783
          ],
          [
            -0.2067805454134941,
            51.412470834329724
          ],
          [
            -0.20705178380012512,
            51.41237913630903
          ],
          [
            -0.2073037438094616,
            51.41227846965194
          ],
          [
            -0.20753282122313976,
            51.41214813105762
          ],
          [
            -0.20775049924850464,
            51.41200396232307
          ],
          [
            -0.20791017450392246,
            51.411832720041275
          ],
          [
            -0.20799826830625534,
            51.41170623712242
          ],
          [
            -0.20808720029890537,
            51.411581095308065
          ],
          [
            -0.2082545030862093,
            51.4114186540246
          ],
          [
            -0.20843052305281162,
            51.41126333735883
          ],
          [
            -0.20864727906882763,
            51.41114548780024
          ],
          [
            -0.20888540893793106,
            51.411038702353835
          ],
          [
            -0.20912806503474712,
            51.41093434765935
          ],
          [
            -0.209366362541914,
            51.410838374868035
          ],
          [
            -0.2096027322113514,
            51.410751873627305
          ],
          [
            -0.20983105525374413,
            51.41066721640527
          ],
          [
            -0.21006373688578606,
            51.41057820059359
          ],
          [
            -0.21029306575655937,
            51.410495303571224
          ],
          [
            -0.2105170302093029,
            51.41040368936956
          ],
          [
            -0.21074761636555195,
            51.410312075167894
          ],
          [
            -0.2109934575855732,
            51.4102341234684
          ],
          [
            -0.21124147810041904,
            51.41015809960663
          ],
          [
            -0.21146200597286224,
            51.410073693841696
          ],
          [
            -0.21168865263462067,
            51.40998937189579
          ],
          [
            -0.21183609031140804,
            51.40986884012818
          ],
          [
            -0.21172503009438515,
            51.40974814072251
          ],
          [
            -0.21161874756217003,
            51.409621238708496
          ],
          [
            -0.2114705555140972,
            51.409485787153244
          ],
          [
            -0.2113060187548399,
            51.409346144646406
          ],
          [
            -0.21122907288372517,
            51.409190157428384
          ],
          [
            -0.21116545423865318,
            51.40905864536762
          ],
          [
            -0.21110535599291325,
            51.408922020345926
          ],
          [
            -0.21103695966303349,
            51.40878740698099
          ],
          [
            -0.21100410260260105,
            51.408650698140264
          ],
          [
            -0.21099002100527287,
            51.40850636176765
          ],
          [
            -0.21095733158290386,
            51.408366383984685
          ],
          [
            -0.21092070266604424,
            51.408224729821086
          ],
          [
            -0.21090779453516006,
            51.40807921998203
          ],
          [
            -0.2109384723007679,
            51.40793697908521
          ],
          [
            -0.21104534156620502,
            51.40781795606017
          ],
          [
            -0.21119202487170696,
            51.40771326608956
          ],
          [
            -0.2113120537251234,
            51.40758234076202
          ],
          [
            -0.2113860659301281,
            51.40742006711662
          ],
          [
            -0.211422024294734,
            51.40727732330561
          ],
          [
            -0.21146317943930626,
            51.407127706333995
          ],
          [
            -0.2115347608923912,
            51.40695252455771
          ],
          [
            -0.2115979604423046,
            51.406785137951374
          ],
          [
            -0.2116697933524847,
            51.40663015656173
          ],
          [
            -0.2117585577070713,
            51.40647944994271
          ],
          [
            -0.2118374314159155,
            51.40632279217243
          ],
          [
            -0.211918568238616,
            51.406164122745395
          ],
          [
            -0.2120040636509657,
            51.40600520186126
          ],
          [
            -0.2120912354439497,
            51.4058461971581
          ],
          [
            -0.21216625347733498,
            51.405690126121044
          ],
          [
            -0.2122421097010374,
            51.40553992241621
          ],
          [
            -0.2123259287327528,
            51.405385695397854
          ],
          [
            -0.21240463480353355,
            51.40524194575846
          ],
          [
            -0.21249264478683472,
            51.405089143663645
          ],
          [
            -0.21256489679217339,
            51.40493793413043
          ],
          [
            -0.21266003139317036,
            51.4047909155488
          ],
          [
            -0.21277804858982563,
            51.40465747565031
          ],
          [
            -0.2129216305911541,
            51.404526215046644
          ],
          [
            -0.2130757737904787,
            51.40440107323229
          ],
          [
            -0.2132445015013218,
            51.40428355894983
          ],
          [
            -0.21342119202017784,
            51.4041674695909
          ],
          [
            -0.21358287893235683,
            51.40405800193548
          ],
          [
            -0.21374037489295006,
            51.40392447821796
          ],
          [
            -0.21390801295638084,
            51.40377729199827
          ],
          [
            -0.21408461965620518,
            51.40368542633951
          ],
          [
            -0.21424731239676476,
            51.40358182601631
          ],
          [
            -0.2143918164074421,
            51.40346850268543
          ],
          [
            -0.2145519945770502,
            51.40335685573518
          ],
          [
            -0.21471812389791012,
            51.4032437838614
          ],
          [
            -0.2148879412561655,
            51.40313875861466
          ],
          [
            -0.21504996344447136,
            51.403032476082444
          ],
          [
            -0.21520494483411312,
            51.40291806310415
          ],
          [
            -0.21536948159337044,
            51.40280314721167
          ],
          [
            -0.2155381254851818,
            51.40269451774657
          ],
          [
            -0.21569084376096725,
            51.40258261933923
          ],
          [
            -0.2158430591225624,
            51.40247189439833
          ],
          [
            -0.2160079311579466,
            51.402363097295165
          ],
          [
            -0.21617062389850616,
            51.40224616974592
          ],
          [
            -0.21632577292621136,
            51.40213720500469
          ],
          [
            -0.21648293361067772,
            51.40202564187348
          ],
          [
            -0.2166407648473978,
            51.40191676095128
          ],
          [
            -0.21677403710782528,
            51.401803186163306
          ],
          [
            -0.21687612868845463,
            51.40168324112892
          ],
          [
            -0.21699330769479275,
            51.40152180567384
          ],
          [
            -0.21709280088543892,
            51.40136305242777
          ],
          [
            -0.21719707176089287,
            51.40120924450457
          ],
          [
            -0.21730494685471058,
            51.40106348320842
          ],
          [
            -0.2174073737114668,
            51.40092132613063
          ],
          [
            -0.2175158355385065,
            51.40077640302479
          ],
          [
            -0.2176045998930931,
            51.40064036473632
          ],
          [
            -0.21769965067505836,
            51.40049393288791
          ],
          [
            -0.21778455935418606,
            51.400356302037835
          ],
          [
            -0.21787709556519985,
            51.40022663399577
          ],
          [
            -0.21795395761728287,
            51.40009495429695
          ],
          [
            -0.21805202588438988,
            51.3999383803457
          ],
          [
            -0.21813995204865932,
            51.39980535954237
          ],
          [
            -0.21826308220624924,
            51.39965523965657
          ],
          [
            -0.21838185377418995,
            51.39952640980482
          ],
          [
            -0.21849878132343292,
            51.399399507790804
          ],
          [
            -0.21863381378352642,
            51.399258859455585
          ],
          [
            -0.2187846042215824,
            51.39910697937012
          ],
          [
            -0.21888535469770432,
            51.39898024499416
          ],
          [
            -0.2189936488866806,
            51.39884672127664
          ],
          [
            -0.21910110488533974,
            51.39871085062623
          ],
          [
            -0.21921434439718723,
            51.398568945005536
          ],
          [
            -0.21934200078248978,
            51.39841505326331
          ],
          [
            -0.21948650479316711,
            51.398259568959475
          ],
          [
            -0.21962229162454605,
            51.39809561893344
          ],
          [
            -0.21975355222821236,
            51.397951701655984
          ],
          [
            -0.21990308538079262,
            51.397824715822935
          ],
          [
            -0.22012252360582352,
            51.397822704166174
          ],
          [
            -0.22031019441783428,
            51.39792705886066
          ],
          [
            -0.22051186300814152,
            51.39803158119321
          ],
          [
            -0.2207181416451931,
            51.39812797307968
          ],
          [
            -0.22091989405453205,
            51.398228388279676
          ],
          [
            -0.2211244124919176,
            51.398333329707384
          ],
          [
            -0.2213197946548462,
            51.3984293024987
          ],
          [
            -0.2215061243623495,
            51.3985257782042
          ],
          [
            -0.2216749358922243,
            51.398614877834916
          ],
          [
            -0.2218545600771904,
            51.39871856197715
          ],
          [
            -0.22203510627150536,
            51.39880556613207
          ],
          [
            -0.22226368077099323,
            51.39891545288265
          ],
          [
            -0.22248521447181702,
            51.39903103932738
          ],
          [
            -0.2226654253900051,
            51.39910865575075
          ],
          [
            -0.22288310341537,
            51.39922281727195
          ],
          [
            -0.2231003623455763,
            51.39933521859348
          ],
          [
            -0.22327730432152748,
            51.399418115615845
          ],
          [
            -0.2234718482941389,
            51.39948005788028
          ],
          [
            -0.22369472309947014,
            51.399391209706664
          ],
          [
            -0.2238981518894434,
            51.39926254749298
          ],
          [
            -0.2240599226206541,
            51.39916867017746
          ],
          [
            -0.22425773553550243,
            51.399051155894995
          ],
          [
            -0.2244262956082821,
            51.39894822612405
          ],
          [
            -0.22463282570242882,
            51.39882409013808
          ],
          [
            -0.2248221728950739,
            51.398708587512374
          ],
          [
            -0.22502032108604908,
            51.398592414334416
          ],
          [
            -0.22521947510540485,
            51.39847842045128
          ],
          [
            -0.22541770711541176,
            51.39836057089269
          ],
          [
            -0.22562356665730476,
            51.39824816957116
          ],
          [
            -0.22580587305128574,
            51.398142809048295
          ],
          [
            -0.22599756717681885,
            51.39804524369538
          ],
          [
            -0.22618507035076618,
            51.39794273301959
          ],
          [
            -0.22638523019850254,
            51.397852040827274
          ],
          [
            -0.2266000583767891,
            51.39777006581426
          ],
          [
            -0.22682343609631062,
            51.39769840054214
          ],
          [
            -0.22706064395606518,
            51.397639978677034
          ],
          [
            -0.22732718847692013,
            51.397611144930124
          ],
          [
            -0.22759255953133106,
            51.39761676080525
          ],
          [
            -0.22783027030527592,
            51.39767744578421
          ],
          [
            -0.2280501276254654,
            51.39773754402995
          ],
          [
            -0.22829269990324974,
            51.39777752570808
          ],
          [
            -0.2284209430217743,
            51.397664453834295
          ],
          [
            -0.22834349423646927,
            51.39753076247871
          ],
          [
            -0.22824928164482117,
            51.39739740639925
          ],
          [
            -0.22804459556937218,
            51.3972757011652
          ],
          [
            -0.22777394391596317,
            51.39722985215485
          ],
          [
            -0.22754017263650894,
            51.39720294624567
          ],
          [
            -0.22727974690496922,
            51.39717008918524
          ],
          [
            -0.22705980576574802,
            51.397157181054354
          ],
          [
            -0.22677423432469368,
            51.397126922383904
          ],
          [
            -0.22663895040750504,
            51.39701577834785
          ],
          [
            -0.22656284272670746,
            51.39687613584101
          ],
          [
            -0.2264759223908186,
            51.39674361795187
          ],
          [
            -0.22636477835476398,
            51.39661160297692
          ],
          [
            -0.2262538019567728,
            51.39649283140898
          ],
          [
            -0.22609991021454334,
            51.396368611603975
          ],
          [
            -0.22594417445361614,
            51.396228801459074
          ],
          [
            -0.22580930963158607,
            51.39612067490816
          ],
          [
            -0.2256428450345993,
            51.39602813869715
          ],
          [
            -0.22547361440956593,
            51.39593199826777
          ]
        ]
      },
      "properties": {
        "name": "2025-05-27 (Tue) 07:37",
        "source_file": "2025-05-27-063739-ELEMNT_ROAM_A974-210-0.fit",
        "date": "2025-05-27T06:37:39",
        "sport": "cycling",
        "dropbox_id": "id:JY-PzzIM9pcAAAAAAAAASg"
      }
    },
    {
      "type": "Feature",
      "geometry": {
        "type": "LineString",
        "coordinates": [
          [
            -0.22639830596745014,
            51.39632795937359
          ],
          [
            -0.2265549637377262,
            51.3964278716594
          ],
          [
            -0.22670860402286053,
            51.39658033847809
          ],
          [
            -0.22683517076075077,
            51.39669827185571
          ],
          [
            -0.22698269225656986,
            51.39681503176689
          ],
          [
            -0.22713499143719673,
            51.39694000594318
          ],
          [
            -0.2272399328649044,
            51.39707260765135
          ],
          [
            -0.2274505700916052,
            51.397147038951516
          ],
          [
            -0.22770630195736885,
            51.39717637561262
          ],
          [
            -0.22793211042881012,
            51.39721568673849
          ],
          [
            -0.22798776626586914,
            51.397056598216295
          ],
          [
            -0.227846447378397,
            51.39691460877657
          ],
          [
            -0.2277202159166336,
            51.39677446335554
          ],
          [
            -0.22757143713533878,
            51.396630965173244
          ],
          [
            -0.22741620428860188,
            51.396481934934855
          ],
          [
            -0.22725267335772514,
            51.39632351696491
          ],
          [
            -0.22707665339112282,
            51.39616115950048
          ],
          [
            -0.22691060788929462,
            51.395994862541556
          ],
          [
            -0.22675897926092148,
            51.39585832133889
          ],
          [
            -0.2266191691160202,
            51.395735275000334
          ],
          [
            -0.22648992016911507,
            51.395612815395
          ],
          [
            -0.2263289876282215,
            51.395480800420046
          ],
          [
            -0.22618263959884644,
            51.39535842463374
          ],
          [
            -0.22604207508265972,
            51.39522682875395
          ],
          [
            -0.2258867584168911,
            51.39509590342641
          ],
          [
            -0.2257054578512907,
            51.395019544288516
          ],
          [
            -0.22543765604496002,
            51.395071260631084
          ],
          [
            -0.22519173100590706,
            51.395109901204705
          ],
          [
            -0.2249403577297926,
            51.395151978358626
          ],
          [
            -0.22468563169240952,
            51.39520151540637
          ],
          [
            -0.22443107329308987,
            51.395257422700524
          ],
          [
            -0.2241900097578764,
            51.39531450346112
          ],
          [
            -0.22395196370780468,
            51.39536521397531
          ],
          [
            -0.22370570339262486,
            51.39541508629918
          ],
          [
            -0.2234483789652586,
            51.39546571299434
          ],
          [
            -0.22318191826343536,
            51.39552405104041
          ],
          [
            -0.2228989452123642,
            51.395583814010024
          ],
          [
            -0.22262167185544968,
            51.39564282260835
          ],
          [
            -0.22233903408050537,
            51.395698143169284
          ],
          [
            -0.22204969078302383,
            51.39576058834791
          ],
          [
            -0.22176118567585945,
            51.395816411823034
          ],
          [
            -0.22152582183480263,
            51.39587433077395
          ],
          [
            -0.22135550156235695,
            51.39598656445742
          ],
          [
            -0.22129775024950504,
            51.39612193219364
          ],
          [
            -0.22125190123915672,
            51.39627758413553
          ],
          [
            -0.221208818256855,
            51.39644270762801
          ],
          [
            -0.2211091574281454,
            51.39660397544503
          ],
          [
            -0.22096222266554832,
            51.3967542629689
          ],
          [
            -0.22080657072365284,
            51.3969009462744
          ],
          [
            -0.22066458128392696,
            51.397055173292756
          ],
          [
            -0.2205254416912794,
            51.397210573777556
          ],
          [
            -0.22038965485990047,
            51.39736413024366
          ],
          [
            -0.22024506703019142,
            51.397510478273034
          ],
          [
            -0.22010810673236847,
            51.39765330590308
          ],
          [
            -0.219985730946064,
            51.397796384990215
          ],
          [
            -0.21987022832036018,
            51.39793301001191
          ],
          [
            -0.2197500318288803,
            51.39806971885264
          ],
          [
            -0.2196328528225422,
            51.39820408076048
          ],
          [
            -0.21951450034976006,
            51.398331904783845
          ],
          [
            -0.219402015209198,
            51.39845620840788
          ],
          [
            -0.219294223934412,
            51.39857883565128
          ],
          [
            -0.21919464692473412,
            51.39870481565595
          ],
          [
            -0.21909884177148342,
            51.398838087916374
          ],
          [
            -0.21899825893342495,
            51.3989697676152
          ],
          [
            -0.21888895891606808,
            51.39909356832504
          ],
          [
            -0.21876616403460503,
            51.39921946451068
          ],
          [
            -0.21863817237317562,
            51.3993532396853
          ],
          [
            -0.2185171376913786,
            51.39949740841985
          ],
          [
            -0.21838512271642685,
            51.39964895322919
          ],
          [
            -0.2182400319725275,
            51.3998226262629
          ],
          [
            -0.2181017305701971,
            51.400003926828504
          ],
          [
            -0.21801481023430824,
            51.40013284049928
          ],
          [
            -0.21792436949908733,
            51.40026954934001
          ],
          [
            -0.21783116273581982,
            51.40040206722915
          ],
          [
            -0.21773720160126686,
            51.400548750534654
          ],
          [
            -0.2176431566476822,
            51.40069727785885
          ],
          [
            -0.21753997541964054,
            51.40084505081177
          ],
          [
            -0.2174357883632183,
            51.40099517069757
          ],
          [
            -0.2173426654189825,
            51.40115115791559
          ],
          [
            -0.2172374725341797,
            51.40130018815398
          ],
          [
            -0.2171340398490429,
            51.401454666629434
          ],
          [
            -0.21703421138226986,
            51.401606630533934
          ],
          [
            -0.2169217262417078,
            51.40175239183009
          ],
          [
            -0.2167795691639185,
            51.401883820071816
          ],
          [
            -0.21661553531885147,
            51.4020072016865
          ],
          [
            -0.21644647233188152,
            51.40213075093925
          ],
          [
            -0.21627246402204037,
            51.402250695973635
          ],
          [
            -0.21609359420835972,
            51.402369383722544
          ],
          [
            -0.21592671051621437,
            51.40248656272888
          ],
          [
            -0.21575848571956158,
            51.40260516665876
          ],
          [
            -0.21559436805546284,
            51.40272360295057
          ],
          [
            -0.21543477661907673,
            51.40283726155758
          ],
          [
            -0.21527593955397606,
            51.40294027514756
          ],
          [
            -0.21512439474463463,
            51.403046138584614
          ],
          [
            -0.21497058682143688,
            51.40315292403102
          ],
          [
            -0.21481703035533428,
            51.40325644053519
          ],
          [
            -0.21466825157403946,
            51.40336071141064
          ],
          [
            -0.21445954218506813,
            51.4035046286881
          ],
          [
            -0.2142715360969305,
            51.4036322850734
          ],
          [
            -0.2141207456588745,
            51.40375248156488
          ],
          [
            -0.21399023942649364,
            51.40387871302664
          ],
          [
            -0.2137982938438654,
            51.40397678129375
          ],
          [
            -0.2135985530912876,
            51.40409496612847
          ],
          [
            -0.21340727806091309,
            51.40422781929374
          ],
          [
            -0.21321415901184082,
            51.404367461800575
          ],
          [
            -0.21301123313605785,
            51.40450358390808
          ],
          [
            -0.21284074522554874,
            51.404657140374184
          ],
          [
            -0.21271057426929474,
            51.4048271253705
          ],
          [
            -0.21261258982121944,
            51.40500926412642
          ],
          [
            -0.21250907331705093,
            51.405186373740435
          ],
          [
            -0.21241921931505203,
            51.40537077561021
          ],
          [
            -0.21232006140053272,
            51.40555308200419
          ],
          [
            -0.21222710609436035,
            51.40574024990201
          ],
          [
            -0.21212962456047535,
            51.40592507086694
          ],
          [
            -0.21202661097049713,
            51.40611517243087
          ],
          [
            -0.2119268663227558,
            51.40629538334906
          ],
          [
            -0.21182477474212646,
            51.406472912058234
          ],
          [
            -0.21173274144530296,
            51.406642980873585
          ],
          [
            -0.2116523589938879,
            51.4068219345063
          ],
          [
            -0.2115984633564949,
            51.40699988231063
          ],
          [
            -0.2115309052169323,
            51.407179925590754
          ],
          [
            -0.21149050444364548,
            51.40736550092697
          ],
          [
            -0.2114328369498253,
            51.40755107626319
          ],
          [
            -0.21129663102328777,
            51.407714439556
          ],
          [
            -0.2110931184142828,
            51.4078510645777
          ],
          [
            -0.2109585888683796,
            51.408006716519594
          ],
          [
            -0.21096915006637573,
            51.40817368403077
          ],
          [
            -0.21100242622196674,
            51.40834861434996
          ],
          [
            -0.21104861050844193,
            51.40851474367082
          ],
          [
            -0.2110811322927475,
            51.40868782997131
          ],
          [
            -0.21113955415785313,
            51.40885949134827
          ],
          [
            -0.21121113561093807,
            51.40903609804809
          ],
          [
            -0.21129093132913113,
            51.4092134591192
          ],
          [
            -0.21140651777386665,
            51.40938352793455
          ],
          [
            -0.21155806258320808,
            51.4095245115459
          ],
          [
            -0.21171161904931068,
            51.40964454039931
          ],
          [
            -0.21184430457651615,
            51.409756103530526
          ],
          [
            -0.2119594719260931,
            51.4098765514791
          ],
          [
            -0.21180222742259502,
            51.41001493670046
          ],
          [
            -0.21159226074814796,
            51.41009649261832
          ],
          [
            -0.21136284805834293,
            51.41017762944102
          ],
          [
            -0.21112564019858837,
            51.41026756726205
          ],
          [
            -0.2108725905418396,
            51.41035633161664
          ],
          [
            -0.21061635576188564,
            51.410443503409624
          ],
          [
            -0.210372107103467,
            51.41053226776421
          ],
          [
            -0.21017848514020443,
            51.410603765398264
          ],
          [
            -0.209972457960248,
            51.410678029060364
          ],
          [
            -0.2097912412136793,
            51.410755813121796
          ],
          [
            -0.20959217101335526,
            51.410839380696416
          ],
          [
            -0.20935923792421818,
            51.410927809774876
          ],
          [
            -0.20912228152155876,
            51.411033840849996
          ],
          [
            -0.2088757697492838,
            51.41114414669573
          ],
          [
            -0.20861836150288582,
            51.41126375645399
          ],
          [
            -0.2084179501980543,
            51.41140851192176
          ],
          [
            -0.2082462888211012,
            51.41156609170139
          ],
          [
            -0.20809977315366268,
            51.41172559931874
          ],
          [
            -0.2079702727496624,
            51.41188913024962
          ],
          [
            -0.20779467187821865,
            51.41204402782023
          ],
          [
            -0.20758336409926414,
            51.4121855981648
          ],
          [
            -0.20737172104418278,
            51.41230931505561
          ],
          [
            -0.20714649930596352,
            51.41242221929133
          ],
          [
            -0.2068991493433714,
            51.412537805736065
          ],
          [
            -0.2066357061266899,
            51.41262556426227
          ],
          [
            -0.20638693124055862,
            51.41271877102554
          ],
          [
            -0.20616866648197174,
            51.4127828925848
          ],
          [
            -0.20596188493072987,
            51.41285967081785
          ],
          [
            -0.20573037676513195,
            51.412963438779116
          ],
          [
            -0.20549568347632885,
            51.413081707432866
          ],
          [
            -0.2052841242402792,
            51.413223864510655
          ],
          [
            -0.2051082719117403,
            51.413369877263904
          ],
          [
            -0.20491993054747581,
            51.413515554741025
          ],
          [
            -0.20470392890274525,
            51.413656789809465
          ],
          [
            -0.2044657152146101,
            51.4137898106128
          ],
          [
            -0.204197745770216,
            51.413891734555364
          ],
          [
            -0.2039293572306633,
            51.41398007981479
          ],
          [
            -0.2036521676927805,
            51.414047218859196
          ],
          [
            -0.2034278679639101,
            51.41410329379141
          ],
          [
            -0.20322494208812714,
            51.41417060047388
          ],
          [
            -0.20302855409681797,
            51.41422935761511
          ],
          [
            -0.2028076909482479,
            51.41428476199508
          ],
          [
            -0.20255807787179947,
            51.414352068677545
          ],
          [
            -0.20231986418366432,
            51.41443094238639
          ],
          [
            -0.20208843983709812,
            51.41451174393296
          ],
          [
            -0.20185944624245167,
            51.41458164900541
          ],
          [
            -0.20162349566817284,
            51.41465373337269
          ],
          [
            -0.20141352899372578,
            51.4147082157433
          ],
          [
            -0.20118797197937965,
            51.414652140811086
          ],
          [
            -0.20108353346586227,
            51.414482574909925
          ],
          [
            -0.20098957233130932,
            51.41434117220342
          ],
          [
            -0.20088681019842625,
            51.41420630738139
          ],
          [
            -0.2007863111793995,
            51.414075968787074
          ],
          [
            -0.2006894163787365,
            51.41395132988691
          ],
          [
            -0.200587660074234,
            51.41382275149226
          ],
          [
            -0.20049143582582474,
            51.41368922777474
          ],
          [
            -0.20047391764819622,
            51.41355394385755
          ],
          [
            -0.2004019170999527,
            51.413423186168075
          ],
          [
            -0.20023377612233162,
            51.41332880593836
          ],
          [
            -0.2001421619206667,
            51.41328169964254
          ]
        ]
      },
      "properties": {
        "name": "2025-05-27 (Tue) 15:23",
        "source_file": "2025-05-27-142340-ELEMNT_ROAM_A974-211-0.fit",
        "date": "2025-05-27T14:23:40",
        "sport": "cycling",
        "dropbox_id": "id:JY-PzzIM9pcAAAAAAAAASw"
      }
    },
    {
      "type": "Feature",
      "geometry": {
        "type": "LineString",
        "coordinates": [
          [
            -0.2000050339847803,
            51.41312789171934
          ],
          [
            -0.20014643669128418,
            51.41324574127793
          ],
          [
            -0.2003344427794218,
            51.41332344152033
          ],
          [
            -0.2004933636635542,
            51.413458809256554
          ],
          [
            -0.20053678192198277,
            51.413627034053206
          ],
          [
            -0.20060819573700428,
            51.41375586390495
          ],
          [
            -0.20069955848157406,
            51.413897182792425
          ],
          [
            -0.20080617628991604,
            51.414025258272886
          ],
          [
            -0.20090147852897644,
            51.414160123094916
          ],
          [
            -0.2009977027773857,
            51.414290545508265
          ],
          [
            -0.20108445547521114,
            51.414432283490896
          ],
          [
            -0.20119266584515572,
            51.414573937654495
          ],
          [
            -0.20135024562478065,
            51.41466831788421
          ],
          [
            -0.20155115984380245,
            51.414585839957
          ],
          [
            -0.20176506601274014,
            51.414508977904916
          ],
          [
            -0.2020056266337633,
            51.414446365088224
          ],
          [
            -0.20224099047482014,
            51.414372101426125
          ],
          [
            -0.20246051251888275,
            51.4143043756485
          ],
          [
            -0.20268539898097515,
            51.41424033790827
          ],
          [
            -0.20293543115258217,
            51.41416079364717
          ],
          [
            -0.20318144001066685,
            51.41408217139542
          ],
          [
            -0.20346097648143768,
            51.41400748863816
          ],
          [
            -0.2037589531391859,
            51.41391939483583
          ],
          [
            -0.20404301583766937,
            51.4138294570148
          ],
          [
            -0.20430637523531914,
            51.41374555416405
          ],
          [
            -0.20453511737287045,
            51.413643546402454
          ],
          [
            -0.2047455869615078,
            51.413526786491275
          ],
          [
            -0.2049399632960558,
            51.413390412926674
          ],
          [
            -0.20511506125330925,
            51.413234174251556
          ],
          [
            -0.20529837347567081,
            51.41309201717377
          ],
          [
            -0.20552795380353928,
            51.41296184621751
          ],
          [
            -0.20577404648065567,
            51.41285263001919
          ],
          [
            -0.2059757150709629,
            51.41276956535876
          ],
          [
            -0.20615902729332447,
            51.41269094310701
          ],
          [
            -0.20638810470700264,
            51.41260586678982
          ],
          [
            -0.2065975684672594,
            51.41252590343356
          ],
          [
            -0.2068355306982994,
            51.41244367696345
          ],
          [
            -0.20707324147224426,
            51.41236212104559
          ],
          [
            -0.20726937800645828,
            51.41226019710302
          ],
          [
            -0.20748521201312542,
            51.41214377246797
          ],
          [
            -0.20770691335201263,
            51.41200756654143
          ],
          [
            -0.2078717015683651,
            51.41185493208468
          ],
          [
            -0.2080029621720314,
            51.411680253222585
          ],
          [
            -0.20815785974264145,
            51.41150984913111
          ],
          [
            -0.2083236537873745,
            51.41134925186634
          ],
          [
            -0.20851006731390953,
            51.41120508313179
          ],
          [
            -0.20874392241239548,
            51.411095364019275
          ],
          [
            -0.20897082053124905,
            51.41098321415484
          ],
          [
            -0.20918766036629677,
            51.41088372096419
          ],
          [
            -0.2094094455242157,
            51.41078355722129
          ],
          [
            -0.20963894203305244,
            51.41069554723799
          ],
          [
            -0.20988671109080315,
            51.41060066409409
          ],
          [
            -0.21011612378060818,
            51.41049865633249
          ],
          [
            -0.21036355756223202,
            51.41040461137891
          ],
          [
            -0.21060973405838013,
            51.41031299717724
          ],
          [
            -0.2108447626233101,
            51.4102269988507
          ],
          [
            -0.21110057830810547,
            51.41015550121665
          ],
          [
            -0.2113441564142704,
            51.410072688013315
          ],
          [
            -0.2115885727107525,
            51.40998492948711
          ],
          [
            -0.2118015568703413,
            51.409892812371254
          ],
          [
            -0.21179107949137688,
            51.40972852706909
          ],
          [
            -0.21166468039155006,
            51.4096003677696
          ],
          [
            -0.21152285858988762,
            51.40948561951518
          ],
          [
            -0.21135295741260052,
            51.40933994203806
          ],
          [
            -0.2112695574760437,
            51.40921438112855
          ],
          [
            -0.2112068608403206,
            51.40907473862171
          ],
          [
            -0.21114458329975605,
            51.40893694013357
          ],
          [
            -0.2110996562987566,
            51.408799812197685
          ],
          [
            -0.21105363965034485,
            51.40866176225245
          ],
          [
            -0.21102690137922764,
            51.40851507894695
          ],
          [
            -0.21099253557622433,
            51.4083740953356
          ],
          [
            -0.21096202544867992,
            51.40822104178369
          ],
          [
            -0.21093377843499184,
            51.408085003495216
          ],
          [
            -0.21095439791679382,
            51.40794502571225
          ],
          [
            -0.21107777953147888,
            51.407783925533295
          ],
          [
            -0.2112281508743763,
            51.407678900286555
          ],
          [
            -0.2113490179181099,
            51.40755300410092
          ],
          [
            -0.2114182524383068,
            51.407401794567704
          ],
          [
            -0.21146032959222794,
            51.407266426831484
          ],
          [
            -0.21149142645299435,
            51.40712250955403
          ],
          [
            -0.2115548774600029,
            51.406957134604454
          ],
          [
            -0.2116132155060768,
            51.40679812990129
          ],
          [
            -0.21168161183595657,
            51.406644489616156
          ],
          [
            -0.2117606531828642,
            51.406496884301305
          ],
          [
            -0.211844639852643,
            51.406350284814835
          ],
          [
            -0.21192225627601147,
            51.40619714744389
          ],
          [
            -0.21200112998485565,
            51.406045937910676
          ],
          [
            -0.21209140308201313,
            51.40589238144457
          ],
          [
            -0.2121636550873518,
            51.405735556036234
          ],
          [
            -0.21223314106464386,
            51.40558057464659
          ],
          [
            -0.21231469698250294,
            51.405420480296016
          ],
          [
            -0.21238921210169792,
            51.40527497045696
          ],
          [
            -0.2124621346592903,
            51.40513742342591
          ],
          [
            -0.21253690123558044,
            51.4049965236336
          ],
          [
            -0.21261041052639484,
            51.40485352836549
          ],
          [
            -0.21270512603223324,
            51.404715813696384
          ],
          [
            -0.2128405775874853,
            51.4045889955014
          ],
          [
            -0.2129831537604332,
            51.404469134286046
          ],
          [
            -0.2131306752562523,
            51.40435497276485
          ],
          [
            -0.213302755728364,
            51.40424936078489
          ],
          [
            -0.2134530432522297,
            51.404142742976546
          ],
          [
            -0.21363199688494205,
            51.40401642769575
          ],
          [
            -0.21375294774770737,
            51.40390251763165
          ],
          [
            -0.21388471126556396,
            51.403785925358534
          ],
          [
            -0.2140994556248188,
            51.403682408854365
          ],
          [
            -0.21425670012831688,
            51.40358475968242
          ],
          [
            -0.2143983542919159,
            51.40347512438893
          ],
          [
            -0.21455040201544762,
            51.403370602056384
          ],
          [
            -0.21471108309924603,
            51.4032609667629
          ],
          [
            -0.2148689143359661,
            51.403155522421
          ],
          [
            -0.21502708084881306,
            51.403051586821675
          ],
          [
            -0.2151818946003914,
            51.402948992326856
          ],
          [
            -0.21532807499170303,
            51.40284203924239
          ],
          [
            -0.2154820505529642,
            51.402735421434045
          ],
          [
            -0.21563703194260597,
            51.402627881616354
          ],
          [
            -0.21578706800937653,
            51.40252226963639
          ],
          [
            -0.2159470785409212,
            51.40241137705743
          ],
          [
            -0.21609795279800892,
            51.402299227193
          ],
          [
            -0.21625754423439503,
            51.40218992717564
          ],
          [
            -0.21640975959599018,
            51.40209102071822
          ],
          [
            -0.21656105294823647,
            51.401986414566636
          ],
          [
            -0.21669885143637657,
            51.40187275595963
          ],
          [
            -0.21682105958461761,
            51.40175172127783
          ],
          [
            -0.21691435016691685,
            51.4016221370548
          ],
          [
            -0.21703085862100124,
            51.40145340934396
          ],
          [
            -0.21714074537158012,
            51.401292476803064
          ],
          [
            -0.21725297905504704,
            51.40113833360374
          ],
          [
            -0.21735263988375664,
            51.400988381356
          ],
          [
            -0.2174683939665556,
            51.400846894830465
          ],
          [
            -0.21755732595920563,
            51.40071077272296
          ],
          [
            -0.21764022298157215,
            51.40058093704283
          ],
          [
            -0.21771859377622604,
            51.40044640749693
          ],
          [
            -0.21782680414617062,
            51.40029679052532
          ],
          [
            -0.2178986370563507,
            51.40016879886389
          ],
          [
            -0.21799863316118717,
            51.40001809224486
          ],
          [
            -0.21809477359056473,
            51.399862272664905
          ],
          [
            -0.2182068396359682,
            51.39970963820815
          ],
          [
            -0.21833466365933418,
            51.399569660425186
          ],
          [
            -0.21846466697752476,
            51.399423982948065
          ],
          [
            -0.21859701722860336,
            51.39928827993572
          ],
          [
            -0.21871184930205345,
            51.39915601350367
          ],
          [
            -0.2188553474843502,
            51.39901511371136
          ],
          [
            -0.21895777434110641,
            51.39889072626829
          ],
          [
            -0.2190579380840063,
            51.39875619672239
          ],
          [
            -0.2191684953868389,
            51.3986209128052
          ],
          [
            -0.21927553229033947,
            51.39848076738417
          ],
          [
            -0.21941416896879673,
            51.39833366498351
          ],
          [
            -0.21955632604658604,
            51.39818639494479
          ],
          [
            -0.21969630382955074,
            51.39801951125264
          ],
          [
            -0.21984734572470188,
            51.39785706996918
          ],
          [
            -0.22010047920048237,
            51.39782153069973
          ],
          [
            -0.22027507424354553,
            51.39791959896684
          ],
          [
            -0.2204643376171589,
            51.398015320301056
          ],
          [
            -0.22064320743083954,
            51.398110622540116
          ],
          [
            -0.2208329737186432,
            51.39819469302893
          ],
          [
            -0.22101745940744877,
            51.39828664250672
          ],
          [
            -0.22120295092463493,
            51.39838378876448
          ],
          [
            -0.22138047963380814,
            51.39846978709102
          ],
          [
            -0.22160067223012447,
            51.39858570881188
          ],
          [
            -0.22178038023412228,
            51.39867966994643
          ],
          [
            -0.2219661232084036,
            51.398776564747095
          ],
          [
            -0.2221350185573101,
            51.3988624792546
          ],
          [
            -0.22235244512557983,
            51.398969599977136
          ],
          [
            -0.2225275430828333,
            51.39905333518982
          ],
          [
            -0.22270314395427704,
            51.399143021553755
          ],
          [
            -0.2228766493499279,
            51.39923480339348
          ],
          [
            -0.22304621525108814,
            51.39932407066226
          ],
          [
            -0.2232800703495741,
            51.399431359022856
          ],
          [
            -0.22349347360432148,
            51.399478716775775
          ],
          [
            -0.22367142140865326,
            51.399392299354076
          ],
          [
            -0.2238746825605631,
            51.39926481060684
          ],
          [
            -0.22410635836422443,
            51.39913355000317
          ],
          [
            -0.22427131421864033,
            51.39903724193573
          ],
          [
            -0.22446485236287117,
            51.398924086242914
          ],
          [
            -0.2246403694152832,
            51.39881679788232
          ],
          [
            -0.22483709268271923,
            51.3987073302269
          ],
          [
            -0.22503800690174103,
            51.398591911420226
          ],
          [
            -0.2252370771020651,
            51.39846651814878
          ],
          [
            -0.2254424337297678,
            51.398345567286015
          ],
          [
            -0.22563203237950802,
            51.398234171792865
          ],
          [
            -0.2258100640028715,
            51.398129062727094
          ],
          [
            -0.2260135766118765,
            51.39803401194513
          ],
          [
            -0.22620384581387043,
            51.3979372009635
          ],
          [
            -0.2263931930065155,
            51.39784483239055
          ],
          [
            -0.22659729234874249,
            51.39776160009205
          ],
          [
            -0.22681815549731255,
            51.397697143256664
          ],
          [
            -0.2270509209483862,
            51.39763930812478
          ],
          [
            -0.2273162081837654,
            51.39760846272111
          ],
          [
            -0.22757403552532196,
            51.397622376680374
          ],
          [
            -0.22781258448958397,
            51.3976779486984
          ],
          [
            -0.22801953367888927,
            51.39773595146835
          ],
          [
            -0.2282380498945713,
            51.397776268422604
          ],
          [
            -0.22841809317469597,
            51.39768146909773
          ],
          [
            -0.22832505404949188,
            51.39753017574549
          ],
          [
            -0.22823553532361984,
            51.39739899896085
          ],
          [
            -0.2281133271753788,
            51.39728710055351
          ],
          [
            -0.22790872491896152,
            51.39724192209542
          ],
          [
            -0.2276613749563694,
            51.397204119712114
          ],
          [
            -0.22742751985788345,
            51.39717981219292
          ],
          [
            -0.22716835141181946,
            51.397158186882734
          ],
          [
            -0.22691236808896065,
            51.39715072698891
          ],
          [
            -0.22666828706860542,
            51.397078139707446
          ],
          [
            -0.2265744935721159,
            51.3969218172133
          ],
          [
            -0.2265015710145235,
            51.396767841652036
          ],
          [
            -0.22640006616711617,
            51.396645214408636
          ],
          [
            -0.22629152052104473,
            51.396524934098125
          ],
          [
            -0.22612564265727997,
            51.39638872817159
          ],
          [
            -0.22599446587264538,
            51.39627515338361
          ],
          [
            -0.22586999461054802,
            51.39612955972552
          ],
          [
            -0.2257332019507885,
            51.39601908624172
          ],
          [
            -0.22555332630872726,
            51.39593635685742
          ],
          [
            -0.22548258304595947,
            51.39591976068914
          ]
        ]
      },
      "properties": {
        "name": "2025-05-28 (Wed) 07:39",
        "source_file": "2025-05-28-063913-ELEMNT_ROAM_A974-212-0.fit",
        "date": "2025-05-28T06:39:13",
        "sport": "cycling",
        "dropbox_id": "id:JY-PzzIM9pcAAAAAAAAATA"
      }
    },
    {
      "type": "Feature",
      "geometry": {
        "type": "LineString",
        "coordinates": [
          [
            -0.22626000456511974,
            51.39617155306041
          ],
          [
            -0.22650928236544132,
            51.39619686640799
          ],
          [
            -0.22661766037344933,
            51.396343130618334
          ],
          [
            -0.2267149742692709,
            51.39651210978627
          ],
          [
            -0.22683500312268734,
            51.39664739370346
          ],
          [
            -0.22696400061249733,
            51.39677102677524
          ],
          [
            -0.22709744051098824,
            51.396910417824984
          ],
          [
            -0.22719861008226871,
            51.39704067260027
          ],
          [
            -0.22740027867257595,
            51.397132873535156
          ],
          [
            -0.2276128437370062,
            51.39715785160661
          ],
          [
            -0.22789078764617443,
            51.39719397760928
          ],
          [
            -0.2280186116695404,
            51.39708258211613
          ],
          [
            -0.22791425697505474,
            51.396960373967886
          ],
          [
            -0.2277767937630415,
            51.39681746251881
          ],
          [
            -0.2276298590004444,
            51.396673042327166
          ],
          [
            -0.2274768054485321,
            51.3965312205255
          ],
          [
            -0.22733280435204506,
            51.396382777020335
          ],
          [
            -0.2271800860762596,
            51.396235758438706
          ],
          [
            -0.22702678106725216,
            51.396091170609
          ],
          [
            -0.22686408832669258,
            51.39594716951251
          ],
          [
            -0.22669728845357895,
            51.395798306912184
          ],
          [
            -0.22652562707662582,
            51.395649360492826
          ],
          [
            -0.22635480388998985,
            51.39550192281604
          ],
          [
            -0.22619144059717655,
            51.39536093920469
          ],
          [
            -0.22601785138249397,
            51.39521316625178
          ],
          [
            -0.225847028195858,
            51.395071260631084
          ],
          [
            -0.22556916810572147,
            51.3950427621603
          ],
          [
            -0.22532466799020767,
            51.395093807950616
          ],
          [
            -0.22507824003696442,
            51.39513957314193
          ],
          [
            -0.22483122535049915,
            51.39519221149385
          ],
          [
            -0.22457432001829147,
            51.39524250291288
          ],
          [
            -0.22432001307606697,
            51.39529773965478
          ],
          [
            -0.22407140582799911,
            51.395353227853775
          ],
          [
            -0.22382330149412155,
            51.39540787786245
          ],
          [
            -0.22356262430548668,
            51.3954539783299
          ],
          [
            -0.22330370731651783,
            51.3955089636147
          ],
          [
            -0.22303414531052113,
            51.39556663110852
          ],
          [
            -0.22277170792222023,
            51.39561960473657
          ],
          [
            -0.22250675596296787,
            51.39567886479199
          ],
          [
            -0.22224247455596924,
            51.3957320060581
          ],
          [
            -0.22197299636900425,
            51.39578187838197
          ],
          [
            -0.22171340882778168,
            51.395836947485805
          ],
          [
            -0.22149614989757538,
            51.39589813537896
          ],
          [
            -0.22132867947220802,
            51.396017242223024
          ],
          [
            -0.22127428092062473,
            51.39615763910115
          ],
          [
            -0.2212295215576887,
            51.39630977064371
          ],
          [
            -0.22117545828223228,
            51.396463327109814
          ],
          [
            -0.22108208388090134,
            51.39661210589111
          ],
          [
            -0.22095082327723503,
            51.39674856327474
          ],
          [
            -0.2208198979496956,
            51.396884098649025
          ],
          [
            -0.2206871286034584,
            51.397017035633326
          ],
          [
            -0.22055829875171185,
            51.39715022407472
          ],
          [
            -0.22043416276574135,
            51.39728827401996
          ],
          [
            -0.22030944004654884,
            51.397423055022955
          ],
          [
            -0.22017943672835827,
            51.397545682266355
          ],
          [
            -0.2200636826455593,
            51.39766755513847
          ],
          [
            -0.21994717419147491,
            51.39778473414481
          ],
          [
            -0.21981658414006233,
            51.397942481562495
          ],
          [
            -0.21971792913973331,
            51.39806393533945
          ],
          [
            -0.219618184491992,
            51.39819050207734
          ],
          [
            -0.2195168472826481,
            51.398313296958804
          ],
          [
            -0.2193846646696329,
            51.39846744015813
          ],
          [
            -0.21925591863691807,
            51.39862049371004
          ],
          [
            -0.21913488395512104,
            51.39877329580486
          ],
          [
            -0.21901410073041916,
            51.398939257487655
          ],
          [
            -0.21891829557716846,
            51.39906129799783
          ],
          [
            -0.21880312822759151,
            51.399182667955756
          ],
          [
            -0.21867706440389156,
            51.399310575798154
          ],
          [
            -0.21854471415281296,
            51.399455331265926
          ],
          [
            -0.21838621236383915,
            51.39961760491133
          ],
          [
            -0.21824363619089127,
            51.39979320578277
          ],
          [
            -0.21812645718455315,
            51.399959502741694
          ],
          [
            -0.21803643554449081,
            51.40008330345154
          ],
          [
            -0.21794959902763367,
            51.400222862139344
          ],
          [
            -0.21785270422697067,
            51.40036778524518
          ],
          [
            -0.21775254048407078,
            51.40051195397973
          ],
          [
            -0.21765648387372494,
            51.40066048130393
          ],
          [
            -0.21754936315119267,
            51.400813199579716
          ],
          [
            -0.2174357883632183,
            51.40096834860742
          ],
          [
            -0.2173290867358446,
            51.40113397501409
          ],
          [
            -0.21721660159528255,
            51.401297925040126
          ],
          [
            -0.21711199544370174,
            51.40145634301007
          ],
          [
            -0.21701551973819733,
            51.40161383897066
          ],
          [
            -0.21691669709980488,
            51.401756247505546
          ],
          [
            -0.21679792553186417,
            51.40188415534794
          ],
          [
            -0.21664327941834927,
            51.40199915505946
          ],
          [
            -0.21648209542036057,
            51.402111472561955
          ],
          [
            -0.21630280651152134,
            51.402230244129896
          ],
          [
            -0.21613290533423424,
            51.40234977006912
          ],
          [
            -0.2159770019352436,
            51.40245948918164
          ],
          [
            -0.21582059562206268,
            51.40257105231285
          ],
          [
            -0.21566946990787983,
            51.402682447806
          ],
          [
            -0.21550996229052544,
            51.40278437174857
          ],
          [
            -0.21535741165280342,
            51.40288420021534
          ],
          [
            -0.2151443436741829,
            51.40302836894989
          ],
          [
            -0.21493387408554554,
            51.40318066813052
          ],
          [
            -0.21472223103046417,
            51.403328105807304
          ],
          [
            -0.21451720967888832,
            51.403465485200286
          ],
          [
            -0.21433766931295395,
            51.40358777716756
          ],
          [
            -0.2141920756548643,
            51.40369003638625
          ],
          [
            -0.21406534127891064,
            51.40380050987005
          ],
          [
            -0.2139121200889349,
            51.403926657512784
          ],
          [
            -0.21370709873735905,
            51.4040258154273
          ],
          [
            -0.2135211043059826,
            51.40415866859257
          ],
          [
            -0.21332496777176857,
            51.404290683567524
          ],
          [
            -0.21312396973371506,
            51.40442177653313
          ],
          [
            -0.21293462254106998,
            51.404569298028946
          ],
          [
            -0.21276011131703854,
            51.40472494997084
          ],
          [
            -0.2126401662826538,
            51.404904993250966
          ],
          [
            -0.21254670806229115,
            51.40508688054979
          ],
          [
            -0.212450148537755,
            51.40526541508734
          ],
          [
            -0.21235400810837746,
            51.405443446710706
          ],
          [
            -0.21225962787866592,
            51.40562348999083
          ],
          [
            -0.2121707797050476,
            51.405802024528384
          ],
          [
            -0.21206986159086227,
            51.40598374418914
          ],
          [
            -0.2119713742285967,
            51.40616470947862
          ],
          [
            -0.21187489852309227,
            51.40634944662452
          ],
          [
            -0.2117727231234312,
            51.40653183683753
          ],
          [
            -0.21168027073144913,
            51.406707437708974
          ],
          [
            -0.2116033248603344,
            51.40688697807491
          ],
          [
            -0.21154657937586308,
            51.40706676989794
          ],
          [
            -0.21149947308003902,
            51.40724069438875
          ],
          [
            -0.21147348918020725,
            51.40741218812764
          ],
          [
            -0.21141883917152882,
            51.407582089304924
          ],
          [
            -0.21129378117620945,
            51.40772910788655
          ],
          [
            -0.2111088763922453,
            51.40785617753863
          ],
          [
            -0.21095942705869675,
            51.408006213605404
          ],
          [
            -0.21094526164233685,
            51.408164631575346
          ],
          [
            -0.21098549477756023,
            51.40833914279938
          ],
          [
            -0.2110300026834011,
            51.408510468900204
          ],
          [
            -0.21104810759425163,
            51.40867307782173
          ],
          [
            -0.21109630353748798,
            51.40883560292423
          ],
          [
            -0.2111568208783865,
            51.40899888239801
          ],
          [
            -0.2112357784062624,
            51.40917004086077
          ],
          [
            -0.21133686415851116,
            51.40934396535158
          ],
          [
            -0.21147558465600014,
            51.409483859315515
          ],
          [
            -0.2116235252469778,
            51.40960958786309
          ],
          [
            -0.21176693961024284,
            51.40971972607076
          ],
          [
            -0.2118935063481331,
            51.409830283373594
          ],
          [
            -0.2118859626352787,
            51.409973027184606
          ],
          [
            -0.2116915863007307,
            51.41005676239729
          ],
          [
            -0.21145052276551723,
            51.41014519147575
          ],
          [
            -0.21119034849107265,
            51.410234961658716
          ],
          [
            -0.21092128939926624,
            51.410340406000614
          ],
          [
            -0.2106444351375103,
            51.41044710762799
          ],
          [
            -0.21045316010713577,
            51.41052187420428
          ],
          [
            -0.21025601774454117,
            51.41059295274317
          ],
          [
            -0.2100540976971388,
            51.410667803138494
          ],
          [
            -0.20985804498195648,
            51.4107383787632
          ],
          [
            -0.20958630368113518,
            51.41083602793515
          ],
          [
            -0.20932420156896114,
            51.41093887388706
          ],
          [
            -0.20906763151288033,
            51.41105412505567
          ],
          [
            -0.2088948804885149,
            51.41113894991577
          ],
          [
            -0.20864753052592278,
            51.41125931404531
          ],
          [
            -0.20849280059337616,
            51.411355873569846
          ],
          [
            -0.20835282281041145,
            51.41146877780557
          ],
          [
            -0.20822575315833092,
            51.411584950983524
          ],
          [
            -0.20811754278838634,
            51.41170305199921
          ],
          [
            -0.20797563716769218,
            51.41187882050872
          ],
          [
            -0.20781847648322582,
            51.41204310581088
          ],
          [
            -0.2076130360364914,
            51.41218291595578
          ],
          [
            -0.2073930948972702,
            51.41230504028499
          ],
          [
            -0.2071659453213215,
            51.41243596561253
          ],
          [
            -0.20692161284387112,
            51.41253889538348
          ],
          [
            -0.206652469933033,
            51.41262941993773
          ],
          [
            -0.2063753642141819,
            51.41272723674774
          ],
          [
            -0.2061820775270462,
            51.41279513016343
          ],
          [
            -0.20599323324859142,
            51.41287073493004
          ],
          [
            -0.2058042213320732,
            51.41294164583087
          ],
          [
            -0.20556718111038208,
            51.41304784454405
          ],
          [
            -0.20538470707833767,
            51.413161838427186
          ],
          [
            -0.20517172291874886,
            51.41331480816007
          ],
          [
            -0.20497826859354973,
            51.413476411253214
          ],
          [
            -0.20477274432778358,
            51.413608426228166
          ],
          [
            -0.20455330610275269,
            51.41374639235437
          ],
          [
            -0.20431182347238064,
            51.41386021859944
          ],
          [
            -0.20406028255820274,
            51.41395015642047
          ],
          [
            -0.20379030145704746,
            51.41402022913098
          ],
          [
            -0.2035176381468773,
            51.41410605981946
          ],
          [
            -0.20322083495557308,
            51.41418032348156
          ],
          [
            -0.20294062793254852,
            51.41425651498139
          ],
          [
            -0.2026638574898243,
            51.41432750970125
          ],
          [
            -0.20240787416696548,
            51.41440026462078
          ],
          [
            -0.20215675234794617,
            51.41447637230158
          ],
          [
            -0.20192960277199745,
            51.414546612650156
          ],
          [
            -0.20170027390122414,
            51.414612494409084
          ],
          [
            -0.2014566957950592,
            51.4146878477186
          ],
          [
            -0.20123004913330078,
            51.414706874638796
          ],
          [
            -0.201095100492239,
            51.41455658711493
          ],
          [
            -0.20101429894566536,
            51.41442507505417
          ],
          [
            -0.20091857761144638,
            51.41427076421678
          ],
          [
            -0.2008054219186306,
            51.414124919101596
          ],
          [
            -0.20068916492164135,
            51.41398234292865
          ],
          [
            -0.2005833014845848,
            51.413844376802444
          ],
          [
            -0.20050467923283577,
            51.41370984725654
          ],
          [
            -0.20046737976372242,
            51.41353567130864
          ],
          [
            -0.20039009861648083,
            51.413404578343034
          ],
          [
            -0.20018775947391987,
            51.413305001333356
          ]
        ]
      },
      "properties": {
        "name": "2025-05-28 (Wed) 21:27",
        "source_file": "2025-05-28-202734-ELEMNT_ROAM_A974-213-0.fit",
        "date": "2025-05-28T20:27:34",
        "sport": "cycling",
        "dropbox_id": "id:JY-PzzIM9pcAAAAAAAAATQ"
      }
    },
    {
      "type": "Feature",
      "geometry": {
        "type": "LineString",
        "coordinates": [
          [
            -0.19999329932034016,
            51.413158401846886
          ],
          [
            -0.20015540532767773,
            51.413259487599134
          ],
          [
            -0.2003278210759163,
            51.41334875486791
          ],
          [
            -0.20041448995471,
            51.41348546370864
          ],
          [
            -0.2004819642752409,
            51.41362368129194
          ],
          [
            -0.20055790431797504,
            51.41378461383283
          ],
          [
            -0.2006649412214756,
            51.41391830518842
          ],
          [
            -0.2007884904742241,
            51.41405291855335
          ],
          [
            -0.2008745726197958,
            51.41419189050794
          ],
          [
            -0.20097683183848858,
            51.414326671510935
          ],
          [
            -0.20106777548789978,
            51.41445885412395
          ],
          [
            -0.20117179490625858,
            51.414608638733625
          ],
          [
            -0.20135837607085705,
            51.41467820852995
          ],
          [
            -0.20158074796199799,
            51.41462406143546
          ],
          [
            -0.20180504769086838,
            51.41455759294331
          ],
          [
            -0.20203286781907082,
            51.414485508576035
          ],
          [
            -0.20226764492690563,
            51.41440847888589
          ],
          [
            -0.20248163491487503,
            51.414335975423455
          ],
          [
            -0.20274323411285877,
            51.4142594486475
          ],
          [
            -0.20303274504840374,
            51.414168337360024
          ],
          [
            -0.2032389398664236,
            51.41411343589425
          ],
          [
            -0.20345737226307392,
            51.41405216418207
          ],
          [
            -0.20369173027575016,
            51.41398636624217
          ],
          [
            -0.2039260882884264,
            51.41391939483583
          ],
          [
            -0.20415382459759712,
            51.41384806483984
          ],
          [
            -0.20436085760593414,
            51.41376097686589
          ],
          [
            -0.20455523394048214,
            51.41365955583751
          ],
          [
            -0.20473980344831944,
            51.41355637460947
          ],
          [
            -0.20489989779889584,
            51.413443302735686
          ],
          [
            -0.20503920502960682,
            51.413326459005475
          ],
          [
            -0.20517432130873203,
            51.4132112916559
          ],
          [
            -0.20539334043860435,
            51.41306133940816
          ],
          [
            -0.20556416362524033,
            51.41297299414873
          ],
          [
            -0.2057437039911747,
            51.41289378516376
          ],
          [
            -0.206004548817873,
            51.41279513016343
          ],
          [
            -0.20624075084924698,
            51.41270812600851
          ],
          [
            -0.20647804252803326,
            51.4126224629581
          ],
          [
            -0.206717848777771,
            51.412537805736065
          ],
          [
            -0.2069672103971243,
            51.41243797726929
          ],
          [
            -0.20720148459076881,
            51.41233001835644
          ],
          [
            -0.20743190310895443,
            51.4122146833688
          ],
          [
            -0.20765268243849277,
            51.4120851829648
          ],
          [
            -0.20783121697604656,
            51.411925591528416
          ],
          [
            -0.20796390250325203,
            51.41175443306565
          ],
          [
            -0.20811368711292744,
            51.411588387563825
          ],
          [
            -0.2082817442715168,
            51.41143122687936
          ],
          [
            -0.20845633931457996,
            51.411272305995226
          ],
          [
            -0.20867334678769112,
            51.41114708036184
          ],
          [
            -0.20891625434160233,
            51.41103258356452
          ],
          [
            -0.20916192792356014,
            51.41092806123197
          ],
          [
            -0.20941958762705326,
            51.41082538291812
          ],
          [
            -0.20967909134924412,
            51.41072530299425
          ],
          [
            -0.20993624813854694,
            51.41062354668975
          ],
          [
            -0.21019164472818375,
            51.41052396968007
          ],
          [
            -0.21045852452516556,
            51.410424979403615
          ],
          [
            -0.21072163246572018,
            51.410327749326825
          ],
          [
            -0.2109869197010994,
            51.4102391526103
          ],
          [
            -0.21123988553881645,
            51.41015239991248
          ],
          [
            -0.2114933542907238,
            51.410065311938524
          ],
          [
            -0.21174363791942596,
            51.409976715222
          ],
          [
            -0.21176970563828945,
            51.40980077907443
          ],
          [
            -0.21164347417652607,
            51.40966163948178
          ],
          [
            -0.2115031611174345,
            51.409528786316514
          ],
          [
            -0.21136192604899406,
            51.409405237063766
          ],
          [
            -0.2112636063247919,
            51.40928168781102
          ],
          [
            -0.2111862413585186,
            51.409119330346584
          ],
          [
            -0.21110845729708672,
            51.40893962234259
          ],
          [
            -0.21104022860527039,
            51.40878640115261
          ],
          [
            -0.21099261939525604,
            51.40863242559135
          ],
          [
            -0.21096177399158478,
            51.40846931375563
          ],
          [
            -0.21092941984534264,
            51.408309722319245
          ],
          [
            -0.2109051961451769,
            51.408152813091874
          ],
          [
            -0.21091307513415813,
            51.408001352101564
          ],
          [
            -0.2109962236136198,
            51.407857267186046
          ],
          [
            -0.2111437451094389,
            51.40774645842612
          ],
          [
            -0.21127961575984955,
            51.40761754475534
          ],
          [
            -0.21136351861059666,
            51.4074710290879
          ],
          [
            -0.21141448058187962,
            51.40731940045953
          ],
          [
            -0.2114437334239483,
            51.407168777659535
          ],
          [
            -0.21150617860257626,
            51.40699803829193
          ],
          [
            -0.21157315000891685,
            51.40682947821915
          ],
          [
            -0.21164808422327042,
            51.40666804276407
          ],
          [
            -0.21173869259655476,
            51.40650459565222
          ],
          [
            -0.21181488409638405,
            51.40634031035006
          ],
          [
            -0.2118996251374483,
            51.40617870725691
          ],
          [
            -0.21199182607233524,
            51.40602255240083
          ],
          [
            -0.21208612248301506,
            51.40586287714541
          ],
          [
            -0.21215963177382946,
            51.40570303425193
          ],
          [
            -0.21223791874945164,
            51.40554218553007
          ],
          [
            -0.2123209834098816,
            51.405385192483664
          ],
          [
            -0.212406562641263,
            51.405232390388846
          ],
          [
            -0.2124952431768179,
            51.40507665462792
          ],
          [
            -0.2125775534659624,
            51.40490968711674
          ],
          [
            -0.21268408745527267,
            51.40476065687835
          ],
          [
            -0.21280688233673573,
            51.40462428331375
          ],
          [
            -0.21294820122420788,
            51.40449360944331
          ],
          [
            -0.21310854703187943,
            51.404371233657
          ],
          [
            -0.21327752619981766,
            51.40425866469741
          ],
          [
            -0.21344466134905815,
            51.404150035232306
          ],
          [
            -0.21359377540647984,
            51.40404626727104
          ],
          [
            -0.21374138072133064,
            51.40391810797155
          ],
          [
            -0.2139127068221569,
            51.40377293340862
          ],
          [
            -0.21409367211163044,
            51.40368056483567
          ],
          [
            -0.21425762213766575,
            51.403578808531165
          ],
          [
            -0.21442299708724022,
            51.403471352532506
          ],
          [
            -0.21457890048623085,
            51.403362387791276
          ],
          [
            -0.2147272601723671,
            51.40324965119362
          ],
          [
            -0.2148846723139286,
            51.4031399320811
          ],
          [
            -0.21504376083612442,
            51.40303029678762
          ],
          [
            -0.21520662121474743,
            51.402921583503485
          ],
          [
            -0.21536344662308693,
            51.40281546860933
          ],
          [
            -0.21553301252424717,
            51.40270398929715
          ],
          [
            -0.2156910952180624,
            51.40259167179465
          ],
          [
            -0.2158451545983553,
            51.402477929368615
          ],
          [
            -0.21600021980702877,
            51.40236770734191
          ],
          [
            -0.21615536883473396,
            51.40226058661938
          ],
          [
            -0.2163135353475809,
            51.40215405263007
          ],
          [
            -0.2165078278630972,
            51.40202170237899
          ],
          [
            -0.21665208041667938,
            51.40190653502941
          ],
          [
            -0.21678049117326736,
            51.40179019421339
          ],
          [
            -0.216883085668087,
            51.40166999772191
          ],
          [
            -0.21696841344237328,
            51.40154452063143
          ],
          [
            -0.21705147810280323,
            51.401418624445796
          ],
          [
            -0.21714267320930958,
            51.40128945931792
          ],
          [
            -0.21723940037190914,
            51.401150738820434
          ],
          [
            -0.21733461879193783,
            51.401018388569355
          ],
          [
            -0.21742883138358593,
            51.40089207328856
          ],
          [
            -0.21751457825303078,
            51.40076709911227
          ],
          [
            -0.21761843003332615,
            51.400608010590076
          ],
          [
            -0.2177155762910843,
            51.40046308748424
          ],
          [
            -0.2178152371197939,
            51.40032101422548
          ],
          [
            -0.2179062645882368,
            51.40017759986222
          ],
          [
            -0.21798773668706417,
            51.40003108419478
          ],
          [
            -0.21807708777487278,
            51.399898901581764
          ],
          [
            -0.21816518157720566,
            51.39977216720581
          ],
          [
            -0.21828018128871918,
            51.3996397331357
          ],
          [
            -0.21840599365532398,
            51.39951593242586
          ],
          [
            -0.21853331476449966,
            51.39937821775675
          ],
          [
            -0.21864915266633034,
            51.399225080385804
          ],
          [
            -0.2187812514603138,
            51.399084851145744
          ],
          [
            -0.21891703829169273,
            51.39893406070769
          ],
          [
            -0.21902097389101982,
            51.39881285838783
          ],
          [
            -0.21912423893809319,
            51.39868704602122
          ],
          [
            -0.21923471242189407,
            51.398548828437924
          ],
          [
            -0.21935608237981796,
            51.39840457588434
          ],
          [
            -0.21949195303022861,
            51.39825747348368
          ],
          [
            -0.2196056116372347,
            51.39812218956649
          ],
          [
            -0.21971113979816437,
            51.397989923134446
          ],
          [
            -0.2198360301554203,
            51.39785631559789
          ],
          [
            -0.2200679574161768,
            51.39780652709305
          ],
          [
            -0.22025336511433125,
            51.39789738692343
          ],
          [
            -0.2204415388405323,
            51.39799662865698
          ],
          [
            -0.22063633427023888,
            51.398092936724424
          ],
          [
            -0.22082526236772537,
            51.398192597553134
          ],
          [
            -0.22100714966654778,
            51.39828270301223
          ],
          [
            -0.22119641304016113,
            51.39837331138551
          ],
          [
            -0.2213851734995842,
            51.3984636683017
          ],
          [
            -0.22157778963446617,
            51.39856710098684
          ],
          [
            -0.22178633138537407,
            51.39867120422423
          ],
          [
            -0.22198179736733437,
            51.3987744692713
          ],
          [
            -0.22217273712158203,
            51.398867508396506
          ],
          [
            -0.22236241959035397,
            51.39896339736879
          ],
          [
            -0.2225439716130495,
            51.39905626885593
          ],
          [
            -0.2227240987122059,
            51.399149810895324
          ],
          [
            -0.22290640510618687,
            51.39924377202988
          ],
          [
            -0.22307395935058594,
            51.3993305247277
          ],
          [
            -0.2232540026307106,
            51.399410823360085
          ],
          [
            -0.22344754077494144,
            51.39947351999581
          ],
          [
            -0.22363998927176,
            51.39940897934139
          ],
          [
            -0.22382757626473904,
            51.39928551390767
          ],
          [
            -0.2240533009171486,
            51.39915601350367
          ],
          [
            -0.224235774949193,
            51.39904738403857
          ],
          [
            -0.2243958692997694,
            51.39894261024892
          ],
          [
            -0.22460809908807278,
            51.39882082119584
          ],
          [
            -0.2247900702059269,
            51.398709677159786
          ],
          [
            -0.22498369216918945,
            51.39860238879919
          ],
          [
            -0.22518008016049862,
            51.39850499108434
          ],
          [
            -0.22536104544997215,
            51.39839066192508
          ],
          [
            -0.22555382922291756,
            51.39828085899353
          ],
          [
            -0.22573278285562992,
            51.398159405216575
          ],
          [
            -0.22591500543057919,
            51.3980561401695
          ],
          [
            -0.2261143270879984,
            51.3979768473655
          ],
          [
            -0.2263022493571043,
            51.39787416905165
          ],
          [
            -0.22652596235275269,
            51.39779672026634
          ],
          [
            -0.22674229927361012,
            51.397714745253325
          ],
          [
            -0.2269785013049841,
            51.3976520486176
          ],
          [
            -0.2272398490458727,
            51.3976089656353
          ],
          [
            -0.22750320844352245,
            51.39761039055884
          ],
          [
            -0.22774284705519676,
            51.397662525996566
          ],
          [
            -0.2279701642692089,
            51.39771843329072
          ],
          [
            -0.22817828692495823,
            51.39776545576751
          ],
          [
            -0.22840158082544804,
            51.39775112271309
          ],
          [
            -0.22840158082544804,
            51.39760301448405
          ],
          [
            -0.22829454392194748,
            51.39746613800526
          ],
          [
            -0.2281906083226204,
            51.39733135700226
          ],
          [
            -0.22801651619374752,
            51.39724837616086
          ],
          [
            -0.2277947310358286,
            51.39721618965268
          ],
          [
            -0.2275578584522009,
            51.39718794263899
          ],
          [
            -0.22731428034603596,
            51.397161120548844
          ],
          [
            -0.2270499151200056,
            51.3971443567425
          ],
          [
            -0.22680818103253841,
            51.39713019132614
          ],
          [
            -0.22665479220449924,
            51.39701276086271
          ],
          [
            -0.22656016051769257,
            51.39685853384435
          ],
          [
            -0.2264443226158619,
            51.39669609256089
          ],
          [
            -0.22633728571236134,
            51.396570866927505
          ],
          [
            -0.22621935233473778,
            51.3964500837028
          ],
          [
            -0.22604785859584808,
            51.39632988721132
          ],
          [
            -0.22593160159885883,
            51.396203404292464
          ],
          [
            -0.22578508593142033,
            51.39606208540499
          ],
          [
            -0.2255938109010458,
            51.39597491361201
          ],
          [
            -0.22555592469871044,
            51.39593149535358
          ]
        ]
      },
      "properties": {
        "name": "2025-05-29 (Thu) 07:36",
        "source_file": "2025-05-29-063629-ELEMNT_ROAM_A974-214-0.fit",
        "date": "2025-05-29T06:36:29",
        "sport": "cycling",
        "dropbox_id": "id:JY-PzzIM9pcAAAAAAAAATg"
      }
    },
    {
      "type": "Feature",
      "geometry": {
        "type": "LineString",
        "coordinates": [
          [
            -0.22576496936380863,
            51.396011374890804
          ],
          [
            -0.2258917037397623,
            51.396150682121515
          ],
          [
            -0.2260077092796564,
            51.396286049857736
          ],
          [
            -0.22618909366428852,
            51.3963639177382
          ],
          [
            -0.22639671340584755,
            51.396311866119504
          ],
          [
            -0.2265816181898117,
            51.396431643515825
          ],
          [
            -0.2266910020262003,
            51.396559216082096
          ],
          [
            -0.22682511247694492,
            51.39668695628643
          ],
          [
            -0.22697120904922485,
            51.39681737869978
          ],
          [
            -0.22711655125021935,
            51.3969509024173
          ],
          [
            -0.22724177688360214,
            51.39708719216287
          ],
          [
            -0.2274489775300026,
            51.397149469703436
          ],
          [
            -0.22766497917473316,
            51.397191379219294
          ],
          [
            -0.2279107365757227,
            51.397229600697756
          ],
          [
            -0.22794158197939396,
            51.39707361347973
          ],
          [
            -0.22783135995268822,
            51.39695651829243
          ],
          [
            -0.22769230417907238,
            51.396817127242684
          ],
          [
            -0.22754679434001446,
            51.39666633680463
          ],
          [
            -0.2274022065103054,
            51.39650850556791
          ],
          [
            -0.22725275717675686,
            51.39634774066508
          ],
          [
            -0.22709660232067108,
            51.396195609122515
          ],
          [
            -0.2269453927874565,
            51.396043729037046
          ],
          [
            -0.22678990848362446,
            51.3958993088454
          ],
          [
            -0.22662905976176262,
            51.39575371518731
          ],
          [
            -0.2264650259166956,
            51.39561424031854
          ],
          [
            -0.2262952085584402,
            51.39547652564943
          ],
          [
            -0.22614425048232079,
            51.39533545821905
          ],
          [
            -0.22599304094910622,
            51.39519807882607
          ],
          [
            -0.22583747282624245,
            51.3950686622411
          ],
          [
            -0.22556019946932793,
            51.39504770748317
          ],
          [
            -0.22532994858920574,
            51.39509699307382
          ],
          [
            -0.22507195360958576,
            51.3951466139406
          ],
          [
            -0.2248199936002493,
            51.39519615098834
          ],
          [
            -0.22457792423665524,
            51.395251052454114
          ],
          [
            -0.22434993647038937,
            51.39530712738633
          ],
          [
            -0.22414617240428925,
            51.395358173176646
          ],
          [
            -0.22390234284102917,
            51.39541014097631
          ],
          [
            -0.22364510223269463,
            51.39545087702572
          ],
          [
            -0.22338970564305782,
            51.39549907296896
          ],
          [
            -0.2231315430253744,
            51.39555640518665
          ],
          [
            -0.22289986722171307,
            51.395616168156266
          ],
          [
            -0.22265905514359474,
            51.395663022994995
          ],
          [
            -0.2224061731249094,
            51.395715326070786
          ],
          [
            -0.22215907461941242,
            51.395767545327544
          ],
          [
            -0.2219144906848669,
            51.39581423252821
          ],
          [
            -0.22167116403579712,
            51.395865278318524
          ],
          [
            -0.22146346047520638,
            51.395924873650074
          ],
          [
            -0.22129934281110764,
            51.39606996439397
          ],
          [
            -0.22124502807855606,
            51.39621849171817
          ],
          [
            -0.22120093926787376,
            51.39637808315456
          ],
          [
            -0.22114519961178303,
            51.39653784222901
          ],
          [
            -0.22103263065218925,
            51.39668410643935
          ],
          [
            -0.22089206613600254,
            51.39681788161397
          ],
          [
            -0.22075938060879707,
            51.396952578797936
          ],
          [
            -0.22062057629227638,
            51.397092724218965
          ],
          [
            -0.2204883936792612,
            51.39723898842931
          ],
          [
            -0.2203604020178318,
            51.39738374389708
          ],
          [
            -0.2202177420258522,
            51.39751969836652
          ],
          [
            -0.22008949890732765,
            51.39765037223697
          ],
          [
            -0.21996569819748402,
            51.39778054319322
          ],
          [
            -0.2198594994843006,
            51.39791280962527
          ],
          [
            -0.2197537198662758,
            51.39804842881858
          ],
          [
            -0.21964358165860176,
            51.39818740077317
          ],
          [
            -0.21952799521386623,
            51.39831715263426
          ],
          [
            -0.21941257640719414,
            51.39844296500087
          ],
          [
            -0.21929950453341007,
            51.39856508933008
          ],
          [
            -0.21919716149568558,
            51.39869190752506
          ],
          [
            -0.2191031165421009,
            51.39881973154843
          ],
          [
            -0.2190044615417719,
            51.39895694330335
          ],
          [
            -0.21889692172408104,
            51.39909331686795
          ],
          [
            -0.21877278573811054,
            51.399222649633884
          ],
          [
            -0.2186353225260973,
            51.39935843646526
          ],
          [
            -0.21849718876183033,
            51.39951643534005
          ],
          [
            -0.21834245882928371,
            51.399681475013494
          ],
          [
            -0.21824120543897152,
            51.39980426989496
          ],
          [
            -0.2181544527411461,
            51.3999315071851
          ],
          [
            -0.21807356737554073,
            51.4000610075891
          ],
          [
            -0.2179753314703703,
            51.40019771642983
          ],
          [
            -0.2178751677274704,
            51.40034632757306
          ],
          [
            -0.2177705615758896,
            51.40050508081913
          ],
          [
            -0.21766025573015213,
            51.40066735446453
          ],
          [
            -0.2175479382276535,
            51.40082987956703
          ],
          [
            -0.21743210032582283,
            51.400991985574365
          ],
          [
            -0.21732556633651257,
            51.40116238966584
          ],
          [
            -0.2172151766717434,
            51.40132541768253
          ],
          [
            -0.21710218861699104,
            51.401493893936276
          ],
          [
            -0.21700428798794746,
            51.40165222808719
          ],
          [
            -0.2168918028473854,
            51.40180125832558
          ],
          [
            -0.21674352698028088,
            51.40193545259535
          ],
          [
            -0.2165628131479025,
            51.40206277370453
          ],
          [
            -0.21637262776494026,
            51.40218925662339
          ],
          [
            -0.21618311293423176,
            51.40232227742672
          ],
          [
            -0.21599913015961647,
            51.402441719546914
          ],
          [
            -0.21582042798399925,
            51.40257138758898
          ],
          [
            -0.21565069444477558,
            51.40270189382136
          ],
          [
            -0.21549705415964127,
            51.40281982719898
          ],
          [
            -0.2153371274471283,
            51.402921080589294
          ],
          [
            -0.21517946384847164,
            51.40302149578929
          ],
          [
            -0.21502817049622536,
            51.4031280297786
          ],
          [
            -0.21487017162144184,
            51.40323498286307
          ],
          [
            -0.21471343003213406,
            51.403341852128506
          ],
          [
            -0.21456674672663212,
            51.403444865718484
          ],
          [
            -0.21436507813632488,
            51.40359406359494
          ],
          [
            -0.2141931653022766,
            51.40371769666672
          ],
          [
            -0.21405779756605625,
            51.40382515266538
          ],
          [
            -0.21393265575170517,
            51.40394761227071
          ],
          [
            -0.21370508708059788,
            51.404057163745165
          ],
          [
            -0.21348749287426472,
            51.40420007519424
          ],
          [
            -0.21327953785657883,
            51.40434952452779
          ],
          [
            -0.2130724210292101,
            51.40449637547135
          ],
          [
            -0.2128769550472498,
            51.40464624390006
          ],
          [
            -0.2127180341631174,
            51.4048168156296
          ],
          [
            -0.21260487847030163,
            51.40500146895647
          ],
          [
            -0.2125138510018587,
            51.40519483946264
          ],
          [
            -0.21241645328700542,
            51.40538695268333
          ],
          [
            -0.21234629675745964,
            51.40551561489701
          ],
          [
            -0.21227404475212097,
            51.40564645640552
          ],
          [
            -0.21217270754277706,
            51.40583789907396
          ],
          [
            -0.21210766397416592,
            51.405967650935054
          ],
          [
            -0.2120361663401127,
            51.406098157167435
          ],
          [
            -0.21193834953010082,
            51.406284319236875
          ],
          [
            -0.21187087520956993,
            51.40641323290765
          ],
          [
            -0.21176861599087715,
            51.406603921204805
          ],
          [
            -0.2117003034800291,
            51.4067336730659
          ],
          [
            -0.2116246148943901,
            51.40692126005888
          ],
          [
            -0.21156652830541134,
            51.4071100205183
          ],
          [
            -0.21151095628738403,
            51.40729366801679
          ],
          [
            -0.21146259270608425,
            51.407459964975715
          ],
          [
            -0.21139117889106274,
            51.40763967297971
          ],
          [
            -0.2112358622252941,
            51.40779348090291
          ],
          [
            -0.21104978397488594,
            51.407927591353655
          ],
          [
            -0.21092992275953293,
            51.40809246338904
          ],
          [
            -0.21095020696520805,
            51.408270075917244
          ],
          [
            -0.21100041456520557,
            51.40842539258301
          ],
          [
            -0.21103612147271633,
            51.408612644299865
          ],
          [
            -0.21107442677021027,
            51.408793022856116
          ],
          [
            -0.21114894188940525,
            51.408975077793
          ],
          [
            -0.21122965961694717,
            51.409149589017034
          ],
          [
            -0.21132789552211761,
            51.40932401642203
          ],
          [
            -0.21147684194147587,
            51.409473130479455
          ],
          [
            -0.21163752302527428,
            51.40959600917995
          ],
          [
            -0.21177414804697037,
            51.409711511805654
          ],
          [
            -0.2119001280516386,
            51.40982324257493
          ],
          [
            -0.21185796707868576,
            51.409983253106475
          ],
          [
            -0.21164825186133385,
            51.410075118765235
          ],
          [
            -0.2114067692309618,
            51.410163128748536
          ],
          [
            -0.21115715615451336,
            51.41025189310312
          ],
          [
            -0.2108975686132908,
            51.4103464409709
          ],
          [
            -0.2106351312249899,
            51.4104466047138
          ],
          [
            -0.21038451232016087,
            51.41054978594184
          ],
          [
            -0.2101216558367014,
            51.41064475290477
          ],
          [
            -0.2098565362393856,
            51.410742653533816
          ],
          [
            -0.209604911506176,
            51.410854132846
          ],
          [
            -0.20934515632689,
            51.4109577331692
          ],
          [
            -0.20909998565912247,
            51.411062926054
          ],
          [
            -0.20885364152491093,
            51.411183290183544
          ],
          [
            -0.20860394462943077,
            51.41129879280925
          ],
          [
            -0.2083900384604931,
            51.41144891269505
          ],
          [
            -0.20826254971325397,
            51.41156466677785
          ],
          [
            -0.2080971747636795,
            51.411733059212565
          ],
          [
            -0.208005141466856,
            51.4118573628366
          ],
          [
            -0.20785518921911716,
            51.41201812773943
          ],
          [
            -0.20765653811395168,
            51.412136144936085
          ],
          [
            -0.20747842267155647,
            51.4122511446476
          ],
          [
            -0.20728832110762596,
            51.41236270777881
          ],
          [
            -0.20705672912299633,
            51.41247888095677
          ],
          [
            -0.2067940402776003,
            51.41259019263089
          ],
          [
            -0.20661039277911186,
            51.41266277991235
          ],
          [
            -0.20633697509765625,
            51.41277048736811
          ],
          [
            -0.20605551078915596,
            51.41287559643388
          ],
          [
            -0.20585895515978336,
            51.41294348984957
          ],
          [
            -0.2056641597300768,
            51.413007443770766
          ],
          [
            -0.2054888103157282,
            51.41308983787894
          ],
          [
            -0.20533734932541847,
            51.41318840906024
          ],
          [
            -0.20513962022960186,
            51.41334590502083
          ],
          [
            -0.2049405500292778,
            51.413504322990775
          ],
          [
            -0.20471641793847084,
            51.41364782117307
          ],
          [
            -0.20455079153180122,
            51.41374354250729
          ],
          [
            -0.20438248291611671,
            51.41383482143283
          ],
          [
            -0.20419095642864704,
            51.41390615142882
          ],
          [
            -0.20389641635119915,
            51.41399910673499
          ],
          [
            -0.20369055680930614,
            51.41404998488724
          ],
          [
            -0.2034954261034727,
            51.41411469317973
          ],
          [
            -0.20320918411016464,
            51.414206055924296
          ],
          [
            -0.20293425768613815,
            51.414285181090236
          ],
          [
            -0.20264038816094398,
            51.414368664845824
          ],
          [
            -0.20235205069184303,
            51.41445022076368
          ],
          [
            -0.20208257250487804,
            51.41453546471894
          ],
          [
            -0.2018193807452917,
            51.41460511833429
          ],
          [
            -0.20156457088887691,
            51.414684411138296
          ],
          [
            -0.20133540965616703,
            51.41474920324981
          ],
          [
            -0.20115436054766178,
            51.41465490683913
          ],
          [
            -0.20108235999941826,
            51.41452339477837
          ],
          [
            -0.20099837332963943,
            51.41438174061477
          ],
          [
            -0.20089594647288322,
            51.4142301119864
          ],
          [
            -0.20078438334167004,
            51.414087703451514
          ],
          [
            -0.2006719820201397,
            51.41395149752498
          ],
          [
            -0.20056829787790775,
            51.41381965018809
          ],
          [
            -0.20050727762281895,
            51.41365620307624
          ],
          [
            -0.20046008750796318,
            51.41351974569261
          ],
          [
            -0.2003050222992897,
            51.413386557251215
          ],
          [
            -0.20021307282149792,
            51.413346994668245
          ]
        ]
      },
      "properties": {
        "name": "2025-05-29 (Thu) 21:29",
        "source_file": "2025-05-29-202917-ELEMNT_ROAM_A974-215-0.fit",
        "date": "2025-05-29T20:29:17",
        "sport": "cycling",
        "dropbox_id": "id:JY-PzzIM9pcAAAAAAAAATw"
      }
    },
    {
      "type": "Feature",
      "geometry": {
        "type": "LineString",
        "coordinates": [
          [
            -0.19998667761683464,
            51.41315462999046
          ],
          [
            -0.20016479305922985,
            51.413280023261905
          ],
          [
            -0.20035640336573124,
            51.41338714398444
          ],
          [
            -0.20046193152666092,
            51.413525361567736
          ],
          [
            -0.20049923099577427,
            51.413693418726325
          ],
          [
            -0.2005707286298275,
            51.41382199712098
          ],
          [
            -0.20070861093699932,
            51.41397697851062
          ],
          [
            -0.20080584101378918,
            51.414107233285904
          ],
          [
            -0.20088446326553822,
            51.41424980945885
          ],
          [
            -0.20099719986319542,
            51.414388194680214
          ],
          [
            -0.20110012963414192,
            51.414540242403746
          ],
          [
            -0.20119509659707546,
            51.414667312055826
          ],
          [
            -0.20145325921475887,
            51.41465532593429
          ],
          [
            -0.20170320756733418,
            51.41457804478705
          ],
          [
            -0.20193337462842464,
            51.41450956463814
          ],
          [
            -0.20215683616697788,
            51.414436642080545
          ],
          [
            -0.20236420445144176,
            51.414367659017444
          ],
          [
            -0.20256436429917812,
            51.414299765601754
          ],
          [
            -0.20280182361602783,
            51.41422734595835
          ],
          [
            -0.20302847027778625,
            51.41416314058006
          ],
          [
            -0.20328604616224766,
            51.41409331932664
          ],
          [
            -0.20354320295155048,
            51.41401662491262
          ],
          [
            -0.20381544716656208,
            51.41394345089793
          ],
          [
            -0.20407461561262608,
            51.41386030241847
          ],
          [
            -0.20432942546904087,
            51.413771621882915
          ],
          [
            -0.2045517973601818,
            51.413652347400784
          ],
          [
            -0.20476553589105606,
            51.41352083534002
          ],
          [
            -0.20494784228503704,
            51.41337490640581
          ],
          [
            -0.2051212638616562,
            51.41323040239513
          ],
          [
            -0.2053228486329317,
            51.413098219782114
          ],
          [
            -0.20556441508233547,
            51.41297006048262
          ],
          [
            -0.20582341589033604,
            51.41286201775074
          ],
          [
            -0.20608694292604923,
            51.41275506466627
          ],
          [
            -0.20634996704757214,
            51.41264962032437
          ],
          [
            -0.20660745911300182,
            51.41255842521787
          ],
          [
            -0.20686889067292213,
            51.41246287152171
          ],
          [
            -0.20709721371531487,
            51.41236279159784
          ],
          [
            -0.2073244471102953,
            51.41225256957114
          ],
          [
            -0.20752443931996822,
            51.41215207055211
          ],
          [
            -0.20769492723047733,
            51.412029108032584
          ],
          [
            -0.20783163607120514,
            51.411876138299704
          ],
          [
            -0.20794772543013096,
            51.41171118244529
          ],
          [
            -0.20808225497603416,
            51.41154413111508
          ],
          [
            -0.2082495577633381,
            51.4113961905241
          ],
          [
            -0.20842859521508217,
            51.41125964932144
          ],
          [
            -0.20864786580204964,
            51.411156468093395
          ],
          [
            -0.20886613056063652,
            51.41105026938021
          ],
          [
            -0.209075091406703,
            51.41095161437988
          ],
          [
            -0.20930416882038116,
            51.41087098047137
          ],
          [
            -0.20948915742337704,
            51.4107936155051
          ],
          [
            -0.20974061451852322,
            51.41070476733148
          ],
          [
            -0.20995477214455605,
            51.41062069684267
          ],
          [
            -0.2101707737892866,
            51.41053712926805
          ],
          [
            -0.2103999350219965,
            51.410448364913464
          ],
          [
            -0.2106319461017847,
            51.41036110930145
          ],
          [
            -0.21088273264467716,
            51.41027804464102
          ],
          [
            -0.21113083697855473,
            51.410192884504795
          ],
          [
            -0.2113817911595106,
            51.41010168939829
          ],
          [
            -0.2116245310753584,
            51.41000990755856
          ],
          [
            -0.2117666881531477,
            51.40989314764738
          ],
          [
            -0.21167783997952938,
            51.40976021066308
          ],
          [
            -0.21154590882360935,
            51.40962643548846
          ],
          [
            -0.21141649223864079,
            51.409504394978285
          ],
          [
            -0.2112831361591816,
            51.40938201919198
          ],
          [
            -0.2112069446593523,
            51.40924086794257
          ],
          [
            -0.2111382968723774,
            51.40910013578832
          ],
          [
            -0.2110757678747177,
            51.40896082855761
          ],
          [
            -0.21099907346069813,
            51.408821353688836
          ],
          [
            -0.21095825359225273,
            51.408638041466475
          ],
          [
            -0.21092824637889862,
            51.408490017056465
          ],
          [
            -0.21089195273816586,
            51.40833595767617
          ],
          [
            -0.21087049506604671,
            51.40817888081074
          ],
          [
            -0.21086412481963634,
            51.408027252182364
          ],
          [
            -0.21092715673148632,
            51.40788836404681
          ],
          [
            -0.21106512285768986,
            51.407777052372694
          ],
          [
            -0.2112128958106041,
            51.40766163356602
          ],
          [
            -0.21131020970642567,
            51.40750765800476
          ],
          [
            -0.2113665360957384,
            51.407350581139326
          ],
          [
            -0.2114094514399767,
            51.40719098970294
          ],
          [
            -0.21146569401025772,
            51.40702519565821
          ],
          [
            -0.21152797155082226,
            51.40685051679611
          ],
          [
            -0.21160625852644444,
            51.40668279491365
          ],
          [
            -0.21169988438487053,
            51.40652504749596
          ],
          [
            -0.21178479306399822,
            51.406367383897305
          ],
          [
            -0.21187498234212399,
            51.40620636753738
          ],
          [
            -0.21195259876549244,
            51.406051805242896
          ],
          [
            -0.2120443806052208,
            51.40590235590935
          ],
          [
            -0.21211755461990833,
            51.40575164929032
          ],
          [
            -0.2121935784816742,
            51.40559398569167
          ],
          [
            -0.21226792596280575,
            51.40544084832072
          ],
          [
            -0.21235115826129913,
            51.40529475174844
          ],
          [
            -0.21244126372039318,
            51.405135579407215
          ],
          [
            -0.21252818405628204,
            51.404974395409226
          ],
          [
            -0.21261787042021751,
            51.40481715090573
          ],
          [
            -0.21273463033139706,
            51.40467147342861
          ],
          [
            -0.21288273856043816,
            51.40454214066267
          ],
          [
            -0.2130273263901472,
            51.40441649593413
          ],
          [
            -0.2131906896829605,
            51.40430208295584
          ],
          [
            -0.21336293779313564,
            51.40419077128172
          ],
          [
            -0.21356108598411083,
            51.40405825339258
          ],
          [
            -0.2137160673737526,
            51.40394258312881
          ],
          [
            -0.2138636726886034,
            51.4038119930774
          ],
          [
            -0.21408353000879288,
            51.40369037166238
          ],
          [
            -0.21425385028123856,
            51.403585681691766
          ],
          [
            -0.2143973484635353,
            51.40347856096923
          ],
          [
            -0.21455316804349422,
            51.40337320044637
          ],
          [
            -0.21470094099640846,
            51.40326876193285
          ],
          [
            -0.21484351716935635,
            51.40316667035222
          ],
          [
            -0.21503563039004803,
            51.403036583215
          ],
          [
            -0.21524819545447826,
            51.40291504561901
          ],
          [
            -0.21539722569286823,
            51.402810188010335
          ],
          [
            -0.21553183905780315,
            51.40270046889782
          ],
          [
            -0.2156812883913517,
            51.40259343199432
          ],
          [
            -0.21583585068583488,
            51.40247876755893
          ],
          [
            -0.2159889880567789,
            51.40237122774124
          ],
          [
            -0.2161391917616129,
            51.40225790441036
          ],
          [
            -0.2163003757596016,
            51.402154974639416
          ],
          [
            -0.21645409986376762,
            51.40204902738333
          ],
          [
            -0.21660715341567993,
            51.4019400626421
          ],
          [
            -0.2167457900941372,
            51.40182724222541
          ],
          [
            -0.21685165353119373,
            51.40170562081039
          ],
          [
            -0.2169379871338606,
            51.40157436020672
          ],
          [
            -0.21703798323869705,
            51.40143974684179
          ],
          [
            -0.21712456829845905,
            51.40130639076233
          ],
          [
            -0.21721442230045795,
            51.40117026865482
          ],
          [
            -0.21730259992182255,
            51.401040432974696
          ],
          [
            -0.2173981536179781,
            51.4009088370949
          ],
          [
            -0.21749689243733883,
            51.400783862918615
          ],
          [
            -0.21757928654551506,
            51.40065561980009
          ],
          [
            -0.21768548525869846,
            51.400495022535324
          ],
          [
            -0.21779537200927734,
            51.40033844858408
          ],
          [
            -0.2178952842950821,
            51.400197967886925
          ],
          [
            -0.21797575056552887,
            51.40005765482783
          ],
          [
            -0.21804389543831348,
            51.39992396347225
          ],
          [
            -0.21814070641994476,
            51.39978197403252
          ],
          [
            -0.21827121265232563,
            51.399641493335366
          ],
          [
            -0.2183842845261097,
            51.39951568096876
          ],
          [
            -0.21851412020623684,
            51.39937788248062
          ],
          [
            -0.21864504553377628,
            51.39923857524991
          ],
          [
            -0.21879248321056366,
            51.39909490942955
          ],
          [
            -0.218927264213562,
            51.39893121086061
          ],
          [
            -0.2190301101654768,
            51.39879148453474
          ],
          [
            -0.21914360113441944,
            51.39865276403725
          ],
          [
            -0.21926362998783588,
            51.39851136133075
          ],
          [
            -0.219391705468297,
            51.39835788868368
          ],
          [
            -0.21954425610601902,
            51.398195615038276
          ],
          [
            -0.21969052031636238,
            51.39802529476583
          ],
          [
            -0.21979931741952896,
            51.39790702611208
          ],
          [
            -0.21997634321451187,
            51.39780309051275
          ],
          [
            -0.22021455690264702,
            51.39787718653679
          ],
          [
            -0.22042670287191868,
            51.39797215349972
          ],
          [
            -0.22058830596506596,
            51.39806837774813
          ],
          [
            -0.2207622304558754,
            51.398156471550465
          ],
          [
            -0.22094822488725185,
            51.39824045822024
          ],
          [
            -0.22113480605185032,
            51.39833995141089
          ],
          [
            -0.22132113575935364,
            51.39843131415546
          ],
          [
            -0.22150034084916115,
            51.39853399246931
          ],
          [
            -0.22171558812260628,
            51.39864890836179
          ],
          [
            -0.22189630195498466,
            51.398739432916045
          ],
          [
            -0.22207165136933327,
            51.39882727526128
          ],
          [
            -0.22224582731723785,
            51.398910926654935
          ],
          [
            -0.2224605716764927,
            51.39902207069099
          ],
          [
            -0.2226876374334097,
            51.39912877231836
          ],
          [
            -0.2228990290313959,
            51.399238742887974
          ],
          [
            -0.22309843450784683,
            51.39934410341084
          ],
          [
            -0.22327261045575142,
            51.39942574314773
          ],
          [
            -0.2234740275889635,
            51.39947695657611
          ],
          [
            -0.22366119548678398,
            51.39939213171601
          ],
          [
            -0.22385691292583942,
            51.39926263131201
          ],
          [
            -0.22407869808375835,
            51.399137657135725
          ],
          [
            -0.2242624294012785,
            51.39903238043189
          ],
          [
            -0.22444188594818115,
            51.39892584644258
          ],
          [
            -0.22465822286903858,
            51.398798022419214
          ],
          [
            -0.22486760281026363,
            51.39868738129735
          ],
          [
            -0.2250851970165968,
            51.39856760390103
          ],
          [
            -0.22528921253979206,
            51.398427709937096
          ],
          [
            -0.22550932131707668,
            51.398299131542444
          ],
          [
            -0.22571819834411144,
            51.398175079375505
          ],
          [
            -0.22592950612306595,
            51.398065611720085
          ],
          [
            -0.22614500485360622,
            51.397959664464
          ],
          [
            -0.22636083886027336,
            51.397856483235955
          ],
          [
            -0.22658295929431915,
            51.397766545414925
          ],
          [
            -0.226820083335042,
            51.397685492411256
          ],
          [
            -0.22707304917275906,
            51.39762355014682
          ],
          [
            -0.22735878825187683,
            51.39759873971343
          ],
          [
            -0.22762885317206383,
            51.39763494953513
          ],
          [
            -0.22788257338106632,
            51.3976935390383
          ],
          [
            -0.2281062863767147,
            51.39774885959923
          ],
          [
            -0.22833041846752167,
            51.397772496566176
          ],
          [
            -0.2283976413309574,
            51.397621370851994
          ],
          [
            -0.22830803878605366,
            51.397484075278044
          ],
          [
            -0.22821877151727676,
            51.397356586530805
          ],
          [
            -0.2280060388147831,
            51.39724845997989
          ],
          [
            -0.22774385288357735,
            51.39720780774951
          ],
          [
            -0.2275246661156416,
            51.39719012193382
          ],
          [
            -0.227253595367074,
            51.3971649762243
          ],
          [
            -0.22696249186992645,
            51.397146536037326
          ],
          [
            -0.2267052512615919,
            51.39708333648741
          ],
          [
            -0.22658497095108032,
            51.396909579634666
          ],
          [
            -0.22648874670267105,
            51.39674345031381
          ],
          [
            -0.22637642920017242,
            51.39659182168543
          ],
          [
            -0.2262591663748026,
            51.39645595103502
          ],
          [
            -0.2260936237871647,
            51.39635469764471
          ],
          [
            -0.22594325244426727,
            51.396218072623014
          ],
          [
            -0.22580310702323914,
            51.39608790166676
          ],
          [
            -0.22562013007700443,
            51.39598924666643
          ],
          [
            -0.22556724026799202,
            51.395936608314514
          ]
        ]
      },
      "properties": {
        "name": "2025-05-30 (Fri) 07:37",
        "source_file": "2025-05-30-063704-ELEMNT_ROAM_A974-216-0.fit",
        "date": "2025-05-30T06:37:05",
        "sport": "cycling",
        "dropbox_id": "id:JY-PzzIM9pcAAAAAAAAAUA"
      }
    },
    {
      "type": "Feature",
      "geometry": {
        "type": "LineString",
        "coordinates": [
          [
            -0.22615221329033375,
            51.39635645784438
          ],
          [
            -0.2263578213751316,
            51.39631345868111
          ],
          [
            -0.22651531733572483,
            51.39640750363469
          ],
          [
            -0.22661388851702213,
            51.39652862213552
          ],
          [
            -0.2267205063253641,
            51.396650075912476
          ],
          [
            -0.2268483303487301,
            51.39676013030112
          ],
          [
            -0.22701328620314598,
            51.39685928821564
          ],
          [
            -0.22714605554938316,
            51.396966744214296
          ],
          [
            -0.2272600494325161,
            51.3970891200006
          ],
          [
            -0.22748208604753017,
            51.39714142307639
          ],
          [
            -0.2277441043406725,
            51.397180231288075
          ],
          [
            -0.2279733493924141,
            51.39719607308507
          ],
          [
            -0.22791224531829357,
            51.397036565467715
          ],
          [
            -0.2277958206832409,
            51.39690136536956
          ],
          [
            -0.22766548208892345,
            51.39674789272249
          ],
          [
            -0.22752181626856327,
            51.39659257605672
          ],
          [
            -0.2273623924702406,
            51.39643122442067
          ],
          [
            -0.2271963469684124,
            51.39627314172685
          ],
          [
            -0.22702619433403015,
            51.396108688786626
          ],
          [
            -0.22685101255774498,
            51.395942559465766
          ],
          [
            -0.2266671136021614,
            51.39577902853489
          ],
          [
            -0.2264939434826374,
            51.39561876654625
          ],
          [
            -0.22632253356277943,
            51.39546152204275
          ],
          [
            -0.22614316083490849,
            51.39532011933625
          ],
          [
            -0.2259946335107088,
            51.39519061893225
          ],
          [
            -0.22585867904126644,
            51.39507930725813
          ],
          [
            -0.2256341278553009,
            51.39501694589853
          ],
          [
            -0.22537948563694954,
            51.39507059007883
          ],
          [
            -0.22516264580190182,
            51.395108476281166
          ],
          [
            -0.22494127973914146,
            51.395146530121565
          ],
          [
            -0.22471530362963676,
            51.3951928820461
          ],
          [
            -0.22448765113949776,
            51.39523881487548
          ],
          [
            -0.22425723262131214,
            51.39528810046613
          ],
          [
            -0.22402094677090645,
            51.39534224756062
          ],
          [
            -0.22379161790013313,
            51.395398154854774
          ],
          [
            -0.22354996763169765,
            51.395433861762285
          ],
          [
            -0.22330546751618385,
            51.395487170666456
          ],
          [
            -0.22304856218397617,
            51.395540311932564
          ],
          [
            -0.22278646007180214,
            51.395589681342244
          ],
          [
            -0.22252460941672325,
            51.39564366079867
          ],
          [
            -0.2222661953419447,
            51.39569705352187
          ],
          [
            -0.22201281040906906,
            51.39574977569282
          ],
          [
            -0.22176646627485752,
            51.39579612761736
          ],
          [
            -0.2215507160872221,
            51.39585086144507
          ],
          [
            -0.22136514075100422,
            51.395958149805665
          ],
          [
            -0.2212752029299736,
            51.3961273804307
          ],
          [
            -0.2212267555296421,
            51.39627657830715
          ],
          [
            -0.2211825828999281,
            51.396431140601635
          ],
          [
            -0.22110245190560818,
            51.39658058993518
          ],
          [
            -0.22096658125519753,
            51.39671369455755
          ],
          [
            -0.22082668729126453,
            51.396844033151865
          ],
          [
            -0.2206925768405199,
            51.39698300510645
          ],
          [
            -0.22057095542550087,
            51.39712038449943
          ],
          [
            -0.2204496692866087,
            51.397260362282395
          ],
          [
            -0.22032477892935276,
            51.39738567173481
          ],
          [
            -0.2201970387250185,
            51.39750821515918
          ],
          [
            -0.22008128464221954,
            51.397628830745816
          ],
          [
            -0.21996636874973774,
            51.397750955075026
          ],
          [
            -0.2198665402829647,
            51.39787366613746
          ],
          [
            -0.21976972930133343,
            51.39799956232309
          ],
          [
            -0.2196678053587675,
            51.398125709965825
          ],
          [
            -0.2195294201374054,
            51.39828094281256
          ],
          [
            -0.2193965669721365,
            51.398430140689015
          ],
          [
            -0.21927150897681713,
            51.398579087108374
          ],
          [
            -0.2191503904759884,
            51.398731134831905
          ],
          [
            -0.21902943961322308,
            51.39889072626829
          ],
          [
            -0.21889817900955677,
            51.39904797077179
          ],
          [
            -0.21878100000321865,
            51.39917177148163
          ],
          [
            -0.21865728311240673,
            51.39930026605725
          ],
          [
            -0.21852325648069382,
            51.399436639621854
          ],
          [
            -0.218385960906744,
            51.399587262421846
          ],
          [
            -0.21824179217219353,
            51.399761689826846
          ],
          [
            -0.2181207574903965,
            51.39994349330664
          ],
          [
            -0.21803299896419048,
            51.4000715687871
          ],
          [
            -0.21793442778289318,
            51.40020911581814
          ],
          [
            -0.21783342584967613,
            51.4003580622375
          ],
          [
            -0.21774264983832836,
            51.400507343932986
          ],
          [
            -0.21763636730611324,
            51.40066785737872
          ],
          [
            -0.21752187050879002,
            51.40082359313965
          ],
          [
            -0.21741139702498913,
            51.40098704025149
          ],
          [
            -0.2173088025301695,
            51.40115845017135
          ],
          [
            -0.21719430573284626,
            51.40132214874029
          ],
          [
            -0.21708626300096512,
            51.40148710459471
          ],
          [
            -0.21697872318327427,
            51.40164711512625
          ],
          [
            -0.2168455347418785,
            51.401797737926245
          ],
          [
            -0.21667965687811375,
            51.401926819235086
          ],
          [
            -0.21650598384439945,
            51.402051374316216
          ],
          [
            -0.21633490920066833,
            51.40217517502606
          ],
          [
            -0.2161620743572712,
            51.40229537151754
          ],
          [
            -0.21598387509584427,
            51.402410035952926
          ],
          [
            -0.21581565029919147,
            51.40252444893122
          ],
          [
            -0.21565589122474194,
            51.40263358131051
          ],
          [
            -0.21549764089286327,
            51.40274447388947
          ],
          [
            -0.21534081548452377,
            51.402853690087795
          ],
          [
            -0.2151978202164173,
            51.40295812860131
          ],
          [
            -0.2150534838438034,
            51.40306047163904
          ],
          [
            -0.214849216863513,
            51.40320866368711
          ],
          [
            -0.21463598124682903,
            51.40334906056523
          ],
          [
            -0.21444512531161308,
            51.4034784771502
          ],
          [
            -0.21426843479275703,
            51.40360345132649
          ],
          [
            -0.21412703208625317,
            51.40371643938124
          ],
          [
            -0.2139873057603836,
            51.4038653858006
          ],
          [
            -0.21379033103585243,
            51.40394006855786
          ],
          [
            -0.21359863691031933,
            51.404061019420624
          ],
          [
            -0.2134204376488924,
            51.40419035218656
          ],
          [
            -0.21322648040950298,
            51.404319517314434
          ],
          [
            -0.2130305953323841,
            51.404459327459335
          ],
          [
            -0.21285457536578178,
            51.404611291363835
          ],
          [
            -0.21270956844091415,
            51.40477574430406
          ],
          [
            -0.21261066198349,
            51.40495486557484
          ],
          [
            -0.21251359954476357,
            51.4051379263401
          ],
          [
            -0.21242081187665462,
            51.40532006509602
          ],
          [
            -0.2123204804956913,
            51.40550371259451
          ],
          [
            -0.2122132759541273,
            51.40569197013974
          ],
          [
            -0.21211931481957436,
            51.40588391572237
          ],
          [
            -0.21201102063059807,
            51.406070329248905
          ],
          [
            -0.21191471256315708,
            51.40625288709998
          ],
          [
            -0.21181882359087467,
            51.40643452294171
          ],
          [
            -0.21172008477151394,
            51.40661867335439
          ],
          [
            -0.21163567900657654,
            51.40680299140513
          ],
          [
            -0.21157599985599518,
            51.406992925331
          ],
          [
            -0.21151120774447918,
            51.40717372298241
          ],
          [
            -0.21147399209439754,
            51.40735016204417
          ],
          [
            -0.2114291489124298,
            51.40753121115267
          ],
          [
            -0.21131674759089947,
            51.40768099576235
          ],
          [
            -0.2111393865197897,
            51.40780672430992
          ],
          [
            -0.21097904071211815,
            51.40794930048287
          ],
          [
            -0.2109641209244728,
            51.40810998156667
          ],
          [
            -0.21098993718624115,
            51.40826647169888
          ],
          [
            -0.21103251725435257,
            51.40840628184378
          ],
          [
            -0.21105732768774033,
            51.408576937392354
          ],
          [
            -0.21108758635818958,
            51.40873761847615
          ],
          [
            -0.21113318391144276,
            51.4088870678097
          ],
          [
            -0.2112009935081005,
            51.409067111089826
          ],
          [
            -0.2112880814820528,
            51.40922661870718
          ],
          [
            -0.21140911616384983,
            51.409376822412014
          ],
          [
            -0.2115450706332922,
            51.40950959175825
          ],
          [
            -0.21169628016650677,
            51.40963372774422
          ],
          [
            -0.21183885633945465,
            51.40974394977093
          ],
          [
            -0.211952431127429,
            51.40987303107977
          ],
          [
            -0.2118168119341135,
            51.40998660586774
          ],
          [
            -0.2116109523922205,
            51.41007050871849
          ],
          [
            -0.2113741636276245,
            51.410154830664396
          ],
          [
            -0.21111792884767056,
            51.410244181752205
          ],
          [
            -0.21085658110678196,
            51.41034225001931
          ],
          [
            -0.21058266051113605,
            51.41044568270445
          ],
          [
            -0.2103062253445387,
            51.410549534484744
          ],
          [
            -0.21002886816859245,
            51.410652212798595
          ],
          [
            -0.2097650896757841,
            51.410756316035986
          ],
          [
            -0.20957968197762966,
            51.41082932241261
          ],
          [
            -0.20930609665811062,
            51.410934180021286
          ],
          [
            -0.20905019715428352,
            51.41104591079056
          ],
          [
            -0.20880083553493023,
            51.41116342507303
          ],
          [
            -0.2085648849606514,
            51.41129015944898
          ],
          [
            -0.2083639707416296,
            51.4114429615438
          ],
          [
            -0.20818602293729782,
            51.4116086717695
          ],
          [
            -0.208038417622447,
            51.41177614219487
          ],
          [
            -0.20789743401110172,
            51.41194679774344
          ],
          [
            -0.20771521143615246,
            51.41209105029702
          ],
          [
            -0.20750532858073711,
            51.412224154919386
          ],
          [
            -0.2072858065366745,
            51.41234359703958
          ],
          [
            -0.20703929476439953,
            51.4124599378556
          ],
          [
            -0.2067652903497219,
            51.412562280893326
          ],
          [
            -0.20656948909163475,
            51.41263134777546
          ],
          [
            -0.20638039335608482,
            51.41270041465759
          ],
          [
            -0.20618878304958344,
            51.412764955312014
          ],
          [
            -0.20591863431036472,
            51.4128677174449
          ],
          [
            -0.20564672537148,
            51.412982884794474
          ],
          [
            -0.20540960133075714,
            51.41311791725457
          ],
          [
            -0.20520332269370556,
            51.413270719349384
          ],
          [
            -0.20505144260823727,
            51.41339376568794
          ],
          [
            -0.20489076152443886,
            51.4135046582669
          ],
          [
            -0.20469194278120995,
            51.41363809816539
          ],
          [
            -0.20449488423764706,
            51.41375720500946
          ],
          [
            -0.2042898628860712,
            51.41384772956371
          ],
          [
            -0.20407889038324356,
            51.41392316669226
          ],
          [
            -0.20388007164001465,
            51.41398049890995
          ],
          [
            -0.2036778163164854,
            51.41402903012931
          ],
          [
            -0.20346667617559433,
            51.414090720936656
          ],
          [
            -0.20328504033386707,
            51.414171354845166
          ],
          [
            -0.20308228209614754,
            51.41423371620476
          ],
          [
            -0.20283451303839684,
            51.41427805647254
          ],
          [
            -0.20262764766812325,
            51.414335053414106
          ],
          [
            -0.20239932462573051,
            51.41440311446786
          ],
          [
            -0.20218105986714363,
            51.41446455381811
          ],
          [
            -0.20197419449687004,
            51.41452565789223
          ],
          [
            -0.20175961777567863,
            51.41458692960441
          ],
          [
            -0.2015655767172575,
            51.41465130262077
          ],
          [
            -0.20136164501309395,
            51.41471944749355
          ],
          [
            -0.2011593896895647,
            51.41460771672428
          ],
          [
            -0.20107783377170563,
            51.41447553411126
          ],
          [
            -0.20098412409424782,
            51.41435198485851
          ],
          [
            -0.2009061723947525,
            51.41422525048256
          ],
          [
            -0.20080139860510826,
            51.41410279087722
          ],
          [
            -0.2007139753550291,
            51.413971446454525
          ],
          [
            -0.20061356015503407,
            51.41384865157306
          ],
          [
            -0.2005179226398468,
            51.413714457303286
          ],
          [
            -0.20048892125487328,
            51.41354715451598
          ],
          [
            -0.20042412914335728,
            51.413416899740696
          ],
          [
            -0.2002227120101452,
            51.413324447348714
          ],
          [
            -0.20018046721816063,
            51.41330474987626
          ]
        ]
      },
      "properties": {
        "name": "2025-05-30 (Fri) 14:04",
        "source_file": "2025-05-30-130402-ELEMNT_ROAM_A974-217-0.fit",
        "date": "2025-05-30T13:04:02",
        "sport": "cycling",
        "dropbox_id": "id:JY-PzzIM9pcAAAAAAAAAUQ"
      }
    },
    {
      "type": "Feature",
      "geometry": {
        "type": "LineString",
        "coordinates": [
          [
            -0.1999799720942974,
            51.41314314678311
          ],
          [
            -0.2001351211220026,
            51.41325571574271
          ],
          [
            -0.2003180142492056,
            51.413333751261234
          ],
          [
            -0.20044399425387383,
            51.41347666271031
          ],
          [
            -0.20049269311130047,
            51.41362812370062
          ],
          [
            -0.2005897555500269,
            51.41378939151764
          ],
          [
            -0.2006916794925928,
            51.41391654498875
          ],
          [
            -0.2007988840341568,
            51.41404688358307
          ],
          [
            -0.2008935995399952,
            51.414181077852845
          ],
          [
            -0.20098873414099216,
            51.41432063654065
          ],
          [
            -0.20107104443013668,
            51.414457680657506
          ],
          [
            -0.2011745609343052,
            51.41460360959172
          ],
          [
            -0.20141227170825005,
            51.41464845277369
          ],
          [
            -0.20166674628853798,
            51.414556754752994
          ],
          [
            -0.20189146511256695,
            51.414486514404416
          ],
          [
            -0.20212439820170403,
            51.4144095685333
          ],
          [
            -0.20236973650753498,
            51.414336981251836
          ],
          [
            -0.2026186790317297,
            51.41425718553364
          ],
          [
            -0.20287365652620792,
            51.414175210520625
          ],
          [
            -0.2031344175338745,
            51.41409918665886
          ],
          [
            -0.20340858958661556,
            51.414032466709614
          ],
          [
            -0.20370706915855408,
            51.41396339982748
          ],
          [
            -0.20400462672114372,
            51.41388335265219
          ],
          [
            -0.2041988354176283,
            51.41381470486522
          ],
          [
            -0.20437720231711864,
            51.41373122110963
          ],
          [
            -0.20454391837120056,
            51.41364295966923
          ],
          [
            -0.20478305406868458,
            51.41351907514036
          ],
          [
            -0.20498170517385006,
            51.41337457112968
          ],
          [
            -0.20516577176749706,
            51.41321640461683
          ],
          [
            -0.20537297241389751,
            51.413070894777775
          ],
          [
            -0.20561805926263332,
            51.412948686629534
          ],
          [
            -0.205886447802186,
            51.41284190118313
          ],
          [
            -0.20614461041986942,
            51.412737714126706
          ],
          [
            -0.20640176720917225,
            51.41263830475509
          ],
          [
            -0.20667945966124535,
            51.412540320307016
          ],
          [
            -0.20694617182016373,
            51.41245063394308
          ],
          [
            -0.20718220621347427,
            51.41234267503023
          ],
          [
            -0.20741094835102558,
            51.412227004766464
          ],
          [
            -0.20764203742146492,
            51.41208761371672
          ],
          [
            -0.2078193984925747,
            51.41192140057683
          ],
          [
            -0.20791302435100079,
            51.411798940971494
          ],
          [
            -0.2080476377159357,
            51.41162476502359
          ],
          [
            -0.20821016281843185,
            51.41145469620824
          ],
          [
            -0.2083971630781889,
            51.41129200346768
          ],
          [
            -0.2086192835122347,
            51.41116585582495
          ],
          [
            -0.20886068232357502,
            51.411054292693734
          ],
          [
            -0.20911037921905518,
            51.41094801016152
          ],
          [
            -0.20935890264809132,
            51.41084684059024
          ],
          [
            -0.20961999893188477,
            51.41074726358056
          ],
          [
            -0.2098782453685999,
            51.410649279132485
          ],
          [
            -0.21013439632952213,
            51.41055028885603
          ],
          [
            -0.21039876155555248,
            51.410455238074064
          ],
          [
            -0.21066639572381973,
            51.410362366586924
          ],
          [
            -0.2109297551214695,
            51.410269076004624
          ],
          [
            -0.21119470708072186,
            51.41017653979361
          ],
          [
            -0.21144742146134377,
            51.41008626669645
          ],
          [
            -0.2116882335394621,
            51.41000211238861
          ],
          [
            -0.21181597374379635,
            51.409886525943875
          ],
          [
            -0.21171891130506992,
            51.40975040383637
          ],
          [
            -0.21157910116016865,
            51.4096053969115
          ],
          [
            -0.21142898127436638,
            51.40946952626109
          ],
          [
            -0.2112891711294651,
            51.409329967573285
          ],
          [
            -0.2112085372209549,
            51.40917984768748
          ],
          [
            -0.2111252211034298,
            51.409025536850095
          ],
          [
            -0.21105514839291573,
            51.40886544249952
          ],
          [
            -0.21100468933582306,
            51.40870140865445
          ],
          [
            -0.2109700720757246,
            51.408532010391355
          ],
          [
            -0.21093612536787987,
            51.40836453996599
          ],
          [
            -0.21090595051646233,
            51.40819614753127
          ],
          [
            -0.2108987420797348,
            51.408036053180695
          ],
          [
            -0.21097778342664242,
            51.40788140706718
          ],
          [
            -0.211128992959857,
            51.40776263549924
          ],
          [
            -0.2112684678286314,
            51.40762726776302
          ],
          [
            -0.21135538816452026,
            51.40746222808957
          ],
          [
            -0.21142336539924145,
            51.407289477065206
          ],
          [
            -0.2114687953144312,
            51.4071324840188
          ],
          [
            -0.21152411587536335,
            51.40695403330028
          ],
          [
            -0.21159100346267223,
            51.40678002499044
          ],
          [
            -0.2116637583822012,
            51.4066094532609
          ],
          [
            -0.21175168454647064,
            51.40644835308194
          ],
          [
            -0.21184589713811874,
            51.406285325065255
          ],
          [
            -0.21193206310272217,
            51.4061173517257
          ],
          [
            -0.21203214302659035,
            51.40595817938447
          ],
          [
            -0.21212040446698666,
            51.40579112805426
          ],
          [
            -0.21220481023192406,
            51.405624747276306
          ],
          [
            -0.21229181438684464,
            51.40545777976513
          ],
          [
            -0.21236750297248363,
            51.4052901417017
          ],
          [
            -0.21245216019451618,
            51.40512158162892
          ],
          [
            -0.21254746243357658,
            51.4049550332129
          ],
          [
            -0.21264435723423958,
            51.4047909155488
          ],
          [
            -0.21277226507663727,
            51.40464515425265
          ],
          [
            -0.2129167690873146,
            51.4045041706413
          ],
          [
            -0.2130833175033331,
            51.404371317476034
          ],
          [
            -0.21326612681150436,
            51.40425631776452
          ],
          [
            -0.2134399674832821,
            51.40413721092045
          ],
          [
            -0.21358732134103775,
            51.404033275321126
          ],
          [
            -0.21372847259044647,
            51.40392296947539
          ],
          [
            -0.21386677399277687,
            51.40380025841296
          ],
          [
            -0.21406232379376888,
            51.4036875218153
          ],
          [
            -0.21423641592264175,
            51.403582748025656
          ],
          [
            -0.21440355107188225,
            51.40347118489444
          ],
          [
            -0.21457890048623085,
            51.40335031785071
          ],
          [
            -0.21475844085216522,
            51.40322542749345
          ],
          [
            -0.21492742002010345,
            51.40310405753553
          ],
          [
            -0.21509832702577114,
            51.40298302285373
          ],
          [
            -0.21526881493628025,
            51.40286064706743
          ],
          [
            -0.21543871611356735,
            51.40274246223271
          ],
          [
            -0.21561875939369202,
            51.402624947950244
          ],
          [
            -0.21578715182840824,
            51.402508690953255
          ],
          [
            -0.2159562148153782,
            51.40238933265209
          ],
          [
            -0.21612008102238178,
            51.402270309627056
          ],
          [
            -0.21628604270517826,
            51.40216109342873
          ],
          [
            -0.21644865162670612,
            51.40204383060336
          ],
          [
            -0.2166151162236929,
            51.40192732214928
          ],
          [
            -0.21675760857760906,
            51.4018071256578
          ],
          [
            -0.2168700098991394,
            51.40167351812124
          ],
          [
            -0.2169658150523901,
            51.40153613872826
          ],
          [
            -0.21706019528210163,
            51.401402028277516
          ],
          [
            -0.21715231239795685,
            51.40126749873161
          ],
          [
            -0.2172413282096386,
            51.40113431029022
          ],
          [
            -0.21733403205871582,
            51.40100883319974
          ],
          [
            -0.21742723882198334,
            51.40088612213731
          ],
          [
            -0.21753746084868908,
            51.400729380548
          ],
          [
            -0.21763418801128864,
            51.40057506971061
          ],
          [
            -0.21772664040327072,
            51.40042436309159
          ],
          [
            -0.2178201824426651,
            51.400292264297605
          ],
          [
            -0.2179121319204569,
            51.40016511082649
          ],
          [
            -0.21800441667437553,
            51.400019600987434
          ],
          [
            -0.21807893179357052,
            51.399883814156055
          ],
          [
            -0.21816526539623737,
            51.39974735677242
          ],
          [
            -0.21828428842127323,
            51.399620873853564
          ],
          [
            -0.21839275024831295,
            51.39949849806726
          ],
          [
            -0.21851873025298119,
            51.39937344007194
          ],
          [
            -0.21863733418285847,
            51.39924360439181
          ],
          [
            -0.218764403834939,
            51.399111337959766
          ],
          [
            -0.21889080293476582,
            51.39897655695677
          ],
          [
            -0.2190022822469473,
            51.398815708234906
          ],
          [
            -0.21910068579018116,
            51.398688638582826
          ],
          [
            -0.21920571103692055,
            51.398561066016555
          ],
          [
            -0.21931936964392662,
            51.39842301607132
          ],
          [
            -0.21945574320852757,
            51.39827507548034
          ],
          [
            -0.21960175596177578,
            51.39811120927334
          ],
          [
            -0.21974709816277027,
            51.397944912314415
          ],
          [
            -0.21990258246660233,
            51.39780895784497
          ],
          [
            -0.22018195129930973,
            51.397861344739795
          ],
          [
            -0.2203843742609024,
            51.397972824051976
          ],
          [
            -0.22058553993701935,
            51.39807458035648
          ],
          [
            -0.2207834366708994,
            51.39817239716649
          ],
          [
            -0.2209768071770668,
            51.3982736505568
          ],
          [
            -0.22117084823548794,
            51.39836727641523
          ],
          [
            -0.22136413492262363,
            51.39845914207399
          ],
          [
            -0.22154191508889198,
            51.39855838380754
          ],
          [
            -0.2217195276170969,
            51.39865477569401
          ],
          [
            -0.22191977128386497,
            51.39875636436045
          ],
          [
            -0.22212529554963112,
            51.39885267242789
          ],
          [
            -0.22230642847716808,
            51.398934395983815
          ],
          [
            -0.22247658111155033,
            51.39901980757713
          ],
          [
            -0.2226484101265669,
            51.39910764992237
          ],
          [
            -0.22281764075160027,
            51.399199180305004
          ],
          [
            -0.22298796102404594,
            51.399285262450576
          ],
          [
            -0.22319599986076355,
            51.39938433654606
          ],
          [
            -0.2234282623976469,
            51.39947511255741
          ],
          [
            -0.22362138144671917,
            51.39940906316042
          ],
          [
            -0.22380854934453964,
            51.39928643591702
          ],
          [
            -0.2240343578159809,
            51.39915936626494
          ],
          [
            -0.2242112997919321,
            51.39905484393239
          ],
          [
            -0.22437533363699913,
            51.39893984422088
          ],
          [
            -0.2245679497718811,
            51.39884948730469
          ],
          [
            -0.22475453093647957,
            51.39874052256346
          ],
          [
            -0.22496902383863926,
            51.3986296299845
          ],
          [
            -0.2251723688095808,
            51.398504907265306
          ],
          [
            -0.2253737859427929,
            51.39837331138551
          ],
          [
            -0.22559255361557007,
            51.39825152233243
          ],
          [
            -0.2257799729704857,
            51.39813467860222
          ],
          [
            -0.22599773481488228,
            51.398025546222925
          ],
          [
            -0.2262118086218834,
            51.39791834168136
          ],
          [
            -0.22642563097178936,
            51.397822704166174
          ],
          [
            -0.22664758376777172,
            51.39773863367736
          ],
          [
            -0.22688420489430428,
            51.39766847714782
          ],
          [
            -0.22715401835739613,
            51.39761382713914
          ],
          [
            -0.22743523120880127,
            51.397601841017604
          ],
          [
            -0.22769850678741932,
            51.397644840180874
          ],
          [
            -0.22793621756136417,
            51.397706028074026
          ],
          [
            -0.2281476091593504,
            51.397756319493055
          ],
          [
            -0.22839311510324478,
            51.39773905277252
          ],
          [
            -0.22838699631392956,
            51.397578455507755
          ],
          [
            -0.22827191278338432,
            51.397423055022955
          ],
          [
            -0.22814140655100346,
            51.397294057533145
          ],
          [
            -0.2279134187847376,
            51.397242257371545
          ],
          [
            -0.22769540548324585,
            51.39720579609275
          ],
          [
            -0.2274643164128065,
            51.39718626625836
          ],
          [
            -0.227220319211483,
            51.39715642668307
          ],
          [
            -0.2269523497670889,
            51.3971443567425
          ],
          [
            -0.22671128623187542,
            51.39708819799125
          ],
          [
            -0.22660693153738976,
            51.396948639303446
          ],
          [
            -0.22650299593806267,
            51.39678209088743
          ],
          [
            -0.22640149109065533,
            51.39665183611214
          ],
          [
            -0.22628908976912498,
            51.39652233570814
          ],
          [
            -0.22616243921220303,
            51.396409599110484
          ],
          [
            -0.22599714808166027,
            51.396292420104146
          ],
          [
            -0.2258672285825014,
            51.396169289946556
          ],
          [
            -0.22572741843760014,
            51.39603325165808
          ],
          [
            -0.2255508117377758,
            51.39594750478864
          ],
          [
            -0.2254489716142416,
            51.3959236163646
          ]
        ]
      },
      "properties": {
        "name": "2025-05-31 (Sat) 07:35",
        "source_file": "2025-05-31-063518-ELEMNT_ROAM_A974-218-0.fit",
        "date": "2025-05-31T06:35:18",
        "sport": "cycling",
        "dropbox_id": "id:JY-PzzIM9pcAAAAAAAAAUg"
      }
    },
    {
      "type": "Feature",
      "geometry": {
        "type": "LineString",
        "coordinates": [
          [
            -0.2261916920542717,
            51.39633181504905
          ],
          [
            -0.22643283940851688,
            51.39632443897426
          ],
          [
            -0.2266077697277069,
            51.39647087082267
          ],
          [
            -0.2267433051019907,
            51.396608501672745
          ],
          [
            -0.22689870558679104,
            51.39674546197057
          ],
          [
            -0.2270672656595707,
            51.39688820578158
          ],
          [
            -0.22720078937709332,
            51.3970288541168
          ],
          [
            -0.22735736332833767,
            51.39712281525135
          ],
          [
            -0.22758032195270061,
            51.39714955352247
          ],
          [
            -0.22785499691963196,
            51.39718475751579
          ],
          [
            -0.22799698635935783,
            51.397072188556194
          ],
          [
            -0.22785776294767857,
            51.39690840616822
          ],
          [
            -0.22771409712731838,
            51.39676021412015
          ],
          [
            -0.2275530807673931,
            51.396612441167235
          ],
          [
            -0.22738703526556492,
            51.39645821414888
          ],
          [
            -0.22721084766089916,
            51.39629342593253
          ],
          [
            -0.22709366865456104,
            51.396175744012
          ],
          [
            -0.22697078995406628,
            51.39606057666242
          ],
          [
            -0.22684631869196892,
            51.39594616368413
          ],
          [
            -0.22672628983855247,
            51.39583149924874
          ],
          [
            -0.22654859349131584,
            51.39567366801202
          ],
          [
            -0.22638682276010513,
            51.39552220702171
          ],
          [
            -0.22624089382588863,
            51.39539144933224
          ],
          [
            -0.226107370108366,
            51.39528248459101
          ],
          [
            -0.22594920359551907,
            51.39515306800604
          ],
          [
            -0.22579447366297245,
            51.395027842372656
          ],
          [
            -0.22553295828402042,
            51.39503345824778
          ],
          [
            -0.2252975944429636,
            51.39507821761072
          ],
          [
            -0.22504865191876888,
            51.39512909576297
          ],
          [
            -0.2248004637658596,
            51.39517477713525
          ],
          [
            -0.22455663420259953,
            51.395228169858456
          ],
          [
            -0.2243360225111246,
            51.395276030525565
          ],
          [
            -0.22406344301998615,
            51.395332273095846
          ],
          [
            -0.22383998148143291,
            51.395381055772305
          ],
          [
            -0.2235911227762699,
            51.39542908407748
          ],
          [
            -0.22333254106342793,
            51.39548356644809
          ],
          [
            -0.22306247614324093,
            51.39553762972355
          ],
          [
            -0.22278704680502415,
            51.39559982344508
          ],
          [
            -0.22250214591622353,
            51.395655646920204
          ],
          [
            -0.22221640683710575,
            51.395711889490485
          ],
          [
            -0.221931841224432,
            51.39577374793589
          ],
          [
            -0.2216715831309557,
            51.39583141542971
          ],
          [
            -0.22147024981677532,
            51.395890675485134
          ],
          [
            -0.22134024649858475,
            51.39600441791117
          ],
          [
            -0.22128459066152573,
            51.396150682121515
          ],
          [
            -0.22122868336737156,
            51.39631907455623
          ],
          [
            -0.22117151878774166,
            51.396488305181265
          ],
          [
            -0.2210476342588663,
            51.39664337038994
          ],
          [
            -0.22091126069426537,
            51.39679256826639
          ],
          [
            -0.22077077999711037,
            51.39694486744702
          ],
          [
            -0.22063817828893661,
            51.397092724218965
          ],
          [
            -0.22050331346690655,
            51.397230103611946
          ],
          [
            -0.22037649527192116,
            51.3973758649081
          ],
          [
            -0.2202411275357008,
            51.39750444330275
          ],
          [
            -0.22010978311300278,
            51.397629752755165
          ],
          [
            -0.21999050863087177,
            51.39776444993913
          ],
          [
            -0.21987869404256344,
            51.39789981767535
          ],
          [
            -0.21976511925458908,
            51.39803619123995
          ],
          [
            -0.21965431049466133,
            51.39816611073911
          ],
          [
            -0.21953637711703777,
            51.39829158782959
          ],
          [
            -0.21942732855677605,
            51.39841195195913
          ],
          [
            -0.21933076903223991,
            51.39853508211672
          ],
          [
            -0.2192277554422617,
            51.398662654682994
          ],
          [
            -0.2191243227571249,
            51.39880162663758
          ],
          [
            -0.21902013570070267,
            51.39894160442054
          ],
          [
            -0.2188966702669859,
            51.39908468350768
          ],
          [
            -0.2187566924840212,
            51.399228097870946
          ],
          [
            -0.21860682405531406,
            51.39938022941351
          ],
          [
            -0.2184583805501461,
            51.39954166486859
          ],
          [
            -0.21830725483596325,
            51.39970947057009
          ],
          [
            -0.218180101364851,
            51.399901919066906
          ],
          [
            -0.218093516305089,
            51.40002999454737
          ],
          [
            -0.21799402311444283,
            51.400174498558044
          ],
          [
            -0.2178915124386549,
            51.40032101422548
          ],
          [
            -0.2177879959344864,
            51.40047322958708
          ],
          [
            -0.21768380887806416,
            51.40062427148223
          ],
          [
            -0.21757777780294418,
            51.40079056844115
          ],
          [
            -0.21746981889009476,
            51.40094781294465
          ],
          [
            -0.21736890077590942,
            51.40111377462745
          ],
          [
            -0.21725943312048912,
            51.40128099359572
          ],
          [
            -0.21715030074119568,
            51.40144603326917
          ],
          [
            -0.21704410202801228,
            51.40161031857133
          ],
          [
            -0.2169244084507227,
            51.401763539761305
          ],
          [
            -0.2167698461562395,
            51.4019141625613
          ],
          [
            -0.21658217534422874,
            51.4020367898047
          ],
          [
            -0.21639274433255196,
            51.402162266895175
          ],
          [
            -0.2162018045783043,
            51.40229092910886
          ],
          [
            -0.21601497195661068,
            51.402417831122875
          ],
          [
            -0.21582512184977531,
            51.40254749916494
          ],
          [
            -0.21564499475061893,
            51.40267347916961
          ],
          [
            -0.2154678013175726,
            51.40279593877494
          ],
          [
            -0.21529622375965118,
            51.40291538089514
          ],
          [
            -0.21512833423912525,
            51.4030294585973
          ],
          [
            -0.2149625401943922,
            51.40314328484237
          ],
          [
            -0.21479138173162937,
            51.40325962565839
          ],
          [
            -0.21462676115334034,
            51.403369680047035
          ],
          [
            -0.21447102539241314,
            51.40347948297858
          ],
          [
            -0.214266674593091,
            51.40362499281764
          ],
          [
            -0.21412024274468422,
            51.4037358853966
          ],
          [
            -0.2139840368181467,
            51.403856836259365
          ],
          [
            -0.2138256188482046,
            51.40395004302263
          ],
          [
            -0.21361221559345722,
            51.40406906604767
          ],
          [
            -0.21340291947126389,
            51.40421616844833
          ],
          [
            -0.2131884265691042,
            51.40436025336385
          ],
          [
            -0.21298457868397236,
            51.40451003797352
          ],
          [
            -0.21280143409967422,
            51.404675329104066
          ],
          [
            -0.21266967058181763,
            51.40485746785998
          ],
          [
            -0.21256489679217339,
            51.40504455193877
          ],
          [
            -0.2124996855854988,
            51.405174722895026
          ],
          [
            -0.2124048862606287,
            51.40536122024059
          ],
          [
            -0.21230497397482395,
            51.40554788522422
          ],
          [
            -0.2122099231928587,
            51.405741926282644
          ],
          [
            -0.21211009472608566,
            51.4059323631227
          ],
          [
            -0.21199903450906277,
            51.40611492097378
          ],
          [
            -0.21189828403294086,
            51.406300915405154
          ],
          [
            -0.21179837174713612,
            51.40649336390197
          ],
          [
            -0.2116958610713482,
            51.40667776577175
          ],
          [
            -0.21162285469472408,
            51.406868286430836
          ],
          [
            -0.21154641173779964,
            51.407059310004115
          ],
          [
            -0.2114922646433115,
            51.40724262222648
          ],
          [
            -0.21146368235349655,
            51.40740464441478
          ],
          [
            -0.2113985549658537,
            51.40758435241878
          ],
          [
            -0.21123401820659637,
            51.40773497521877
          ],
          [
            -0.21103578619658947,
            51.407886100932956
          ],
          [
            -0.21095129661262035,
            51.408064384013414
          ],
          [
            -0.210978789255023,
            51.40825046226382
          ],
          [
            -0.21102220751345158,
            51.40844073146582
          ],
          [
            -0.21106068044900894,
            51.40862186439335
          ],
          [
            -0.21109898574650288,
            51.40878866426647
          ],
          [
            -0.21116109564900398,
            51.408962504938245
          ],
          [
            -0.21123812533915043,
            51.40913978219032
          ],
          [
            -0.21133963018655777,
            51.409311443567276
          ],
          [
            -0.21148287691175938,
            51.40945737250149
          ],
          [
            -0.21164003759622574,
            51.409591315314174
          ],
          [
            -0.21178730763494968,
            51.40971176326275
          ],
          [
            -0.2119251061230898,
            51.409830786287785
          ],
          [
            -0.21185670979321003,
            51.40996925532818
          ],
          [
            -0.21165093407034874,
            51.410059025511146
          ],
          [
            -0.21138790994882584,
            51.41015860252082
          ],
          [
            -0.2111829724162817,
            51.410230519250035
          ],
          [
            -0.21097535267472267,
            51.41030369326472
          ],
          [
            -0.21075800992548466,
            51.41038306988776
          ],
          [
            -0.21054779179394245,
            51.41046202741563
          ],
          [
            -0.21034813486039639,
            51.41054199077189
          ],
          [
            -0.21014202386140823,
            51.410621367394924
          ],
          [
            -0.20994245074689388,
            51.41069831326604
          ],
          [
            -0.20974530838429928,
            51.41077106818557
          ],
          [
            -0.20955252461135387,
            51.410839380696416
          ],
          [
            -0.20936518907546997,
            51.41091297380626
          ],
          [
            -0.20910141058266163,
            51.41102470457554
          ],
          [
            -0.20892899483442307,
            51.41110835596919
          ],
          [
            -0.20875138230621815,
            51.41119368374348
          ],
          [
            -0.20858257077634335,
            51.411284040659666
          ],
          [
            -0.20843429490923882,
            51.411388982087374
          ],
          [
            -0.20830219611525536,
            51.411503395065665
          ],
          [
            -0.20818728022277355,
            51.41161847859621
          ],
          [
            -0.20808041095733643,
            51.41174077056348
          ],
          [
            -0.20793121308088303,
            51.41191855072975
          ],
          [
            -0.20780179649591446,
            51.412032125517726
          ],
          [
            -0.20764857530593872,
            51.41213404946029
          ],
          [
            -0.20748688839375973,
            51.412232955917716
          ],
          [
            -0.20732159726321697,
            51.41233094036579
          ],
          [
            -0.20714960061013699,
            51.41242288984358
          ],
          [
            -0.2069683838635683,
            51.41250285319984
          ],
          [
            -0.20677518099546432,
            51.41257552430034
          ],
          [
            -0.20658893510699272,
            51.41265448182821
          ],
          [
            -0.2063927985727787,
            51.41271935775876
          ],
          [
            -0.20618886686861515,
            51.41278532333672
          ],
          [
            -0.20598694682121277,
            51.41285774298012
          ],
          [
            -0.20579366013407707,
            51.41293879598379
          ],
          [
            -0.20560800097882748,
            51.41302387230098
          ],
          [
            -0.20544279366731644,
            51.41312043182552
          ],
          [
            -0.20529049448668957,
            51.41322294250131
          ],
          [
            -0.20515680313110352,
            51.41332964412868
          ],
          [
            -0.20495370961725712,
            51.41348370350897
          ],
          [
            -0.20474751479923725,
            51.41361596994102
          ],
          [
            -0.20457040518522263,
            51.41372250393033
          ],
          [
            -0.20436915569007397,
            51.41383373178542
          ],
          [
            -0.2041754499077797,
            51.413933057338
          ],
          [
            -0.20399733446538448,
            51.414012014865875
          ],
          [
            -0.20375308580696583,
            51.41408057883382
          ],
          [
            -0.2035052329301834,
            51.414145873859525
          ],
          [
            -0.20327908918261528,
            51.414200607687235
          ],
          [
            -0.203031487762928,
            51.414253832772374
          ],
          [
            -0.2028130553662777,
            51.41431577503681
          ],
          [
            -0.2026001550257206,
            51.41437788493931
          ],
          [
            -0.20237811841070652,
            51.41440839506686
          ],
          [
            -0.20217770710587502,
            51.41446799039841
          ],
          [
            -0.2019860129803419,
            51.41453471034765
          ],
          [
            -0.2017583604902029,
            51.4145945571363
          ],
          [
            -0.20153749734163284,
            51.4146688207984
          ],
          [
            -0.20131914876401424,
            51.41472372226417
          ],
          [
            -0.20115368999540806,
            51.414598831906915
          ],
          [
            -0.20107288844883442,
            51.41447092406452
          ],
          [
            -0.2009845431894064,
            51.41432968899608
          ],
          [
            -0.2008773386478424,
            51.41419239342213
          ],
          [
            -0.20076753571629524,
            51.41405534930527
          ],
          [
            -0.20066410303115845,
            51.413920149207115
          ],
          [
            -0.20056016743183136,
            51.413784278556705
          ],
          [
            -0.20049696788191795,
            51.41364421695471
          ],
          [
            -0.20045950077474117,
            51.41348018310964
          ],
          [
            -0.2003060281276703,
            51.4133598189801
          ],
          [
            -0.20020787604153156,
            51.41330558806658
          ]
        ]
      },
      "properties": {
        "name": "2025-05-31 (Sat) 19:45",
        "source_file": "2025-05-31-184550-ELEMNT_ROAM_A974-219-0.fit",
        "date": "2025-05-31T18:45:50",
        "sport": "cycling",
        "dropbox_id": "id:JY-PzzIM9pcAAAAAAAAAUw"
      }
    }
  ]
}