{
  "type": "FeatureCollection",
  "features": [
    {
      "type": "Feature",
      "geometry": {
        "type": "LineString",
        "coordinates": [
          [
            -0.06078832782804966,
            51.51103589683771
          ],
          [
            -0.06104925647377968,
            51.51103204116225
          ],
          [
            -0.06130716763436794,
            51.51100153103471
          ],
          [
            -0.06157723255455494,
            51.51100538671017
          ],
          [
            -0.061816032975912094,
            51.51103589683771
          ],
          [
            -0.06206179037690163,
            51.51109314523637
          ],
          [
            -0.06234903819859028,
            51.511104544624686
          ],
          [
            -0.0625887606292963,
            51.5111312828958
          ],
          [
            -0.06283518858253956,
            51.511150309816
          ],
          [
            -0.0630869809538126,
            51.51114268228412
          ],
          [
            -0.06333759985864162,
            51.51113891042769
          ],
          [
            -0.06358788348734379,
            51.51113505475223
          ],
          [
            -0.0638335570693016,
            51.5111312828958
          ],
          [
            -0.06408501416444778,
            51.51112365536392
          ],
          [
            -0.06434409879148006,
            51.51111217215657
          ],
          [
            -0.06462464109063148,
            51.511108400300145
          ],
          [
            -0.06490292027592659,
            51.51110077276826
          ],
          [
            -0.06518019363284111,
            51.51108166202903
          ],
          [
            -0.06548152305185795,
            51.5110778901726
          ],
          [
            -0.06575267761945724,
            51.51105877943337
          ],
          [
            -0.06600094959139824,
            51.51103966869414
          ],
          [
            -0.06623949855566025,
            51.511028269305825
          ],
          [
            -0.06648517213761806,
            51.51101678609848
          ],
          [
            -0.06672791205346584,
            51.51099390350282
          ],
          [
            -0.06698238663375378,
            51.51097487658262
          ],
          [
            -0.0672351848334074,
            51.510951993986964
          ],
          [
            -0.06747809238731861,
            51.510929111391306
          ],
          [
            -0.06770188920199871,
            51.510910000652075
          ],
          [
            -0.06797706708312035,
            51.510890973731875
          ],
          [
            -0.06819449365139008,
            51.5108757186681
          ],
          [
            -0.06843589246273041,
            51.51086423546076
          ],
          [
            -0.068697240203619,
            51.51084512472153
          ],
          [
            -0.06897962652146816,
            51.51081847026944
          ],
          [
            -0.06927173584699631,
            51.510772705078125
          ],
          [
            -0.06954590789973736,
            51.51072693988681
          ],
          [
            -0.06979518570005894,
            51.51067731902003
          ],
          [
            -0.07002979516983032,
            51.51062007062137
          ],
          [
            -0.07025971077382565,
            51.51056667789817
          ],
          [
            -0.07048007100820541,
            51.51051705703139
          ],
          [
            -0.0707473699003458,
            51.51049040257931
          ],
          [
            -0.07096638903021812,
            51.510456036776304
          ],
          [
            -0.07120175287127495,
            51.510395016521215
          ],
          [
            -0.07142370566725731,
            51.51033399626613
          ],
          [
            -0.07169066928327084,
            51.51029963046312
          ],
          [
            -0.0719453115016222,
            51.510257720947266
          ],
          [
            -0.07216650992631912,
            51.51022721081972
          ],
          [
            -0.07242048159241676,
            51.51021195575595
          ],
          [
            -0.07264955900609493,
            51.51018136180937
          ],
          [
            -0.07286790758371353,
            51.51015470735729
          ],
          [
            -0.07311869412660599,
            51.51013182476163
          ],
          [
            -0.07334550842642784,
            51.51012796908617
          ],
          [
            -0.07356704212725163,
            51.51008983142674
          ],
          [
            -0.07380223833024502,
            51.510059321299195
          ],
          [
            -0.07404640316963196,
            51.510063176974654
          ],
          [
            -0.07426701486110687,
            51.51007457636297
          ],
          [
            -0.07450003176927567,
            51.510078432038426
          ],
          [
            -0.07471787743270397,
            51.510059321299195
          ],
          [
            -0.0749832484871149,
            51.510021183639765
          ],
          [
            -0.0752342026680708,
            51.50993342511356
          ],
          [
            -0.07545992732048035,
            51.50984952226281
          ],
          [
            -0.0757068581879139,
            51.50977701880038
          ],
          [
            -0.07595705799758434,
            51.50971599854529
          ],
          [
            -0.07619678042829037,
            51.50967023335397
          ],
          [
            -0.0764643307775259,
            51.509624468162656
          ],
          [
            -0.07672970183193684,
            51.50957870297134
          ],
          [
            -0.07698585279285908,
            51.509548192843795
          ],
          [
            -0.07726513780653477,
            51.50952531024814
          ],
          [
            -0.07749421522021294,
            51.509510055184364
          ],
          [
            -0.07773703895509243,
            51.50949471630156
          ],
          [
            -0.07798480801284313,
            51.509510055184364
          ],
          [
            -0.07821648381650448,
            51.50955582037568
          ],
          [
            -0.07845553569495678,
            51.50961684063077
          ],
          [
            -0.07869861088693142,
            51.50965875014663
          ],
          [
            -0.0789745431393385,
            51.50967786088586
          ],
          [
            -0.07926321588456631,
            51.509685488417745
          ],
          [
            -0.07955113425850868,
            51.50969311594963
          ],
          [
            -0.07981047034263611,
            51.50971985422075
          ],
          [
            -0.08006184361875057,
            51.50971222668886
          ],
          [
            -0.08029008284211159,
            51.5096206124872
          ],
          [
            -0.0805122870951891,
            51.509487088769674
          ],
          [
            -0.08068788796663284,
            51.509407041594386
          ],
          [
            -0.08088402450084686,
            51.50933839380741
          ],
          [
            -0.08108812384307384,
            51.509269662201405
          ],
          [
            -0.08131946437060833,
            51.5092162694782
          ],
          [
            -0.08156731724739075,
            51.509174359962344
          ],
          [
            -0.08182757534086704,
            51.50914762169123
          ],
          [
            -0.08210141211748123,
            51.50915524922311
          ],
          [
            -0.08236837573349476,
            51.50918198749423
          ],
          [
            -0.08261656388640404,
            51.50922012515366
          ],
          [
            -0.08283809758722782,
            51.509246779605746
          ],
          [
            -0.08314554579555988,
            51.50930402800441
          ],
          [
            -0.08335752412676811,
            51.50934216566384
          ],
          [
            -0.08357712998986244,
            51.509368903934956
          ],
          [
            -0.08382481522858143,
            51.50940318591893
          ],
          [
            -0.08405456319451332,
            51.50943755172193
          ],
          [
            -0.08427743799984455,
            51.50945657864213
          ],
          [
            -0.08449637331068516,
            51.50947568938136
          ],
          [
            -0.08480994030833244,
            51.50951382704079
          ],
          [
            -0.08510816842317581,
            51.509567219763994
          ],
          [
            -0.0853188056498766,
            51.509609213098884
          ],
          [
            -0.08559532463550568,
            51.50963209569454
          ],
          [
            -0.08582943119108677,
            51.509647350758314
          ],
          [
            -0.0860446784645319,
            51.50969311594963
          ],
          [
            -0.08626654744148254,
            51.50973510928452
          ],
          [
            -0.08652303367853165,
            51.50976939126849
          ],
          [
            -0.08675286546349525,
            51.509841894730926
          ],
          [
            -0.086992671713233,
            51.50991439819336
          ],
          [
            -0.0872442964464426,
            51.50997541844845
          ],
          [
            -0.08751846849918365,
            51.50999830104411
          ],
          [
            -0.08773220703005791,
            51.51003266684711
          ],
          [
            -0.0879456102848053,
            51.51007080450654
          ],
          [
            -0.08822305127978325,
            51.51014322414994
          ],
          [
            -0.08848071098327637,
            51.51019284501672
          ],
          [
            -0.08873241953551769,
            51.510257720947266
          ],
          [
            -0.088982367888093,
            51.51030725799501
          ],
          [
            -0.08926433511078358,
            51.51036836206913
          ],
          [
            -0.08954479359090328,
            51.510433154180646
          ],
          [
            -0.08977923542261124,
            51.51045226491988
          ],
          [
            -0.09213002398610115,
            51.51070782914758
          ],
          [
            -0.09222708642482758,
            51.510829869657755
          ],
          [
            -0.09249371476471424,
            51.510871862992644
          ],
          [
            -0.09271843358874321,
            51.510890973731875
          ],
          [
            -0.09295446798205376,
            51.51092148385942
          ],
          [
            -0.09318421594798565,
            51.51095576584339
          ],
          [
            -0.09343148209154606,
            51.510990131646395
          ],
          [
            -0.09367958642542362,
            51.51101678609848
          ],
          [
            -0.09393456391990185,
            51.5110435243696
          ],
          [
            -0.09420479647815228,
            51.5110778901726
          ],
          [
            -0.09447913616895676,
            51.51110077276826
          ],
          [
            -0.09474157355725765,
            51.51113891042769
          ],
          [
            -0.09495816193521023,
            51.51119230315089
          ],
          [
            -0.09515421465039253,
            51.51126857846975
          ],
          [
            -0.09542159736156464,
            51.511306716129184
          ],
          [
            -0.09572669863700867,
            51.51129146106541
          ],
          [
            -0.09600154124200344,
            51.5113334544003
          ],
          [
            -0.09630555287003517,
            51.51133722625673
          ],
          [
            -0.0966139230877161,
            51.5113334544003
          ],
          [
            -0.09688985534012318,
            51.51134870946407
          ],
          [
            -0.1018250361084938,
            51.51115793734789
          ],
          [
            -0.10209811851382256,
            51.51113505475223
          ],
          [
            -0.10234764777123928,
            51.51111979968846
          ],
          [
            -0.10260329581797123,
            51.511108400300145
          ],
          [
            -0.10291208513081074,
            51.51108551770449
          ],
          [
            -0.10313009843230247,
            51.51108166202903
          ],
          [
            -0.10339806787669659,
            51.51103589683771
          ],
          [
            -0.10369797237217426,
            51.51103966869414
          ],
          [
            -0.10395403951406479,
            51.51105500757694
          ],
          [
            -0.10417523793876171,
            51.51106263510883
          ],
          [
            -0.10440180078148842,
            51.511066406965256
          ],
          [
            -0.10462576523423195,
            51.511070262640715
          ],
          [
            -0.10492634028196335,
            51.51105877943337
          ],
          [
            -0.10514653287827969,
            51.51105115190148
          ],
          [
            -0.10539639741182327,
            51.51105115190148
          ],
          [
            -0.10564785450696945,
            51.511070262640715
          ],
          [
            -0.10586762800812721,
            51.51108166202903
          ],
          [
            -0.1060962863266468,
            51.5110778901726
          ],
          [
            -0.10631849057972431,
            51.51108166202903
          ],
          [
            -0.10654748417437077,
            51.51108166202903
          ],
          [
            -0.1067670900374651,
            51.51108166202903
          ],
          [
            -0.10699675418436527,
            51.511089289560914
          ],
          [
            -0.10722113773226738,
            51.51110077276826
          ],
          [
            -0.10749053210020065,
            51.51112365536392
          ],
          [
            -0.10773000307381153,
            51.511150309816
          ],
          [
            -0.10795212350785732,
            51.511150309816
          ],
          [
            -0.10799654759466648,
            51.51101678609848
          ],
          [
            -0.10823157615959644,
            51.510971020907164
          ],
          [
            -0.10846501216292381,
            51.51100153103471
          ],
          [
            -0.10871764272451401,
            51.510990131646395
          ],
          [
            -0.10897111147642136,
            51.51097864843905
          ],
          [
            -0.10919155552983284,
            51.51097864843905
          ],
          [
            -0.10942608118057251,
            51.51098250411451
          ],
          [
            -0.1096732635051012,
            51.51098250411451
          ],
          [
            -0.10991080664098263,
            51.51098250411451
          ],
          [
            -0.1101540494710207,
            51.51098250411451
          ],
          [
            -0.11040525510907173,
            51.51098250411451
          ],
          [
            -0.1106506772339344,
            51.510986275970936
          ],
          [
            -0.11090179905295372,
            51.510986275970936
          ],
          [
            -0.11115853674709797,
            51.510986275970936
          ],
          [
            -0.1114189624786377,
            51.510986275970936
          ],
          [
            -0.11168542318046093,
            51.51097487658262
          ],
          [
            -0.11193051002919674,
            51.51095962151885
          ],
          [
            -0.1121932826936245,
            51.510948138311505
          ],
          [
            -0.11245035566389561,
            51.51093288324773
          ],
          [
            -0.11269812472164631,
            51.510913856327534
          ],
          [
            -0.11295042000710964,
            51.5108947455883
          ],
          [
            -0.11317849159240723,
            51.5108603797853
          ],
          [
            -0.11343606747686863,
            51.510829869657755
          ],
          [
            -0.11369163170456886,
            51.510810842737556
          ],
          [
            -0.11394417844712734,
            51.51077647693455
          ],
          [
            -0.1142080407589674,
            51.51074219495058
          ],
          [
            -0.11445916257798672,
            51.51070405729115
          ],
          [
            -0.1147003099322319,
            51.51066583581269
          ],
          [
            -0.11493131518363953,
            51.51062392629683
          ],
          [
            -0.11519283056259155,
            51.510578161105514
          ],
          [
            -0.11546230874955654,
            51.51052468456328
          ],
          [
            -0.11567210778594017,
            51.51048654690385
          ],
          [
            -0.11587930843234062,
            51.51044463738799
          ],
          [
            -0.11613034643232822,
            51.51038738898933
          ],
          [
            -0.11637023650109768,
            51.51033399626613
          ],
          [
            -0.11662756092846394,
            51.510276747867465
          ],
          [
            -0.11682948097586632,
            51.51022721081972
          ],
          [
            -0.11702897027134895,
            51.51017373427749
          ],
          [
            -0.11724254116415977,
            51.5101127140224
          ],
          [
            -0.11745661497116089,
            51.510040294378996
          ],
          [
            -0.11768795549869537,
            51.50997156277299
          ],
          [
            -0.11791552416980267,
            51.50989914312959
          ],
          [
            -0.11814351193606853,
            51.50983041152358
          ],
          [
            -0.11838541366159916,
            51.50974650867283
          ],
          [
            -0.11862429790198803,
            51.50963586755097
          ],
          [
            -0.1188485138118267,
            51.50954056531191
          ],
          [
            -0.11906166560947895,
            51.50944517925382
          ],
          [
            -0.1192754041403532,
            51.50934216566384
          ],
          [
            -0.11946659535169601,
            51.50923538021743
          ],
          [
            -0.11964856646955013,
            51.509132366627455
          ],
          [
            -0.11982835829257965,
            51.50902172550559
          ],
          [
            -0.11999465525150299,
            51.50891871191561
          ],
          [
            -0.12016564607620239,
            51.508796671405435
          ],
          [
            -0.12033202685415745,
            51.50868225842714
          ],
          [
            -0.12049656361341476,
            51.50856398977339
          ],
          [
            -0.12064148671925068,
            51.50843046605587
          ],
          [
            -0.12079034931957722,
            51.50829694233835
          ],
          [
            -0.12092772871255875,
            51.508163418620825
          ],
          [
            -0.12105580419301987,
            51.508026123046875
          ],
          [
            -0.12117097154259682,
            51.50789259932935
          ],
          [
            -0.12128270231187344,
            51.507747592404485
          ],
          [
            -0.12138672173023224,
            51.507610296830535
          ],
          [
            -0.12149987742304802,
            51.507469145581126
          ],
          [
            -0.12160649523139,
            51.50733947753906
          ],
          [
            -0.12173356488347054,
            51.507175443693995
          ],
          [
            -0.12185024097561836,
            51.507038064301014
          ],
          [
            -0.1219048909842968,
            51.50687403045595
          ],
          [
            -0.12194973416626453,
            51.50673287920654
          ],
          [
            -0.12211276218295097,
            51.506580328568816
          ],
          [
            -0.12223287485539913,
            51.506462059915066
          ],
          [
            -0.12233152985572815,
            51.50629425421357
          ],
          [
            -0.12245625257492065,
            51.506130220368505
          ],
          [
            -0.12254585511982441,
            51.505973814055324
          ],
          [
            -0.12263168580830097,
            51.50583643466234
          ],
          [
            -0.12270234525203705,
            51.50570676662028
          ],
          [
            -0.12275515124201775,
            51.505573242902756
          ],
          [
            -0.12280787341296673,
            51.50542446412146
          ],
          [
            -0.12285011820495129,
            51.50528331287205
          ],
          [
            -0.12290543876588345,
            51.50513453409076
          ],
          [
            -0.12296989560127258,
            51.50498575530946
          ],
          [
            -0.12301918119192123,
            51.50484845973551
          ],
          [
            -0.1230527926236391,
            51.50468819774687
          ],
          [
            -0.12308171018958092,
            51.50455090217292
          ],
          [
            -0.1231306605041027,
            51.5044173784554
          ],
          [
            -0.12318078428506851,
            51.50425720028579
          ],
          [
            -0.12322411872446537,
            51.50412367656827
          ],
          [
            -0.12327147647738457,
            51.50398252531886
          ],
          [
            -0.12331908568739891,
            51.503837602213025
          ],
          [
            -0.12336811982095242,
            51.50368882343173
          ],
          [
            -0.12341195717453957,
            51.50354381650686
          ],
          [
            -0.12346191331744194,
            51.50336452759802
          ],
          [
            -0.1235025655478239,
            51.5032310038805
          ],
          [
            -0.12355252169072628,
            51.503066970035434
          ],
          [
            -0.12359543703496456,
            51.50291819125414
          ],
          [
            -0.12362787500023842,
            51.50278089568019
          ],
          [
            -0.1236664317548275,
            51.50264360010624
          ],
          [
            -0.12370306067168713,
            51.5024833381176
          ],
          [
            -0.1237230934202671,
            51.502315532416105
          ],
          [
            -0.12377246282994747,
            51.50216675363481
          ],
          [
            -0.12381873093545437,
            51.50201411917806
          ],
          [
            -0.12383775785565376,
            51.50184631347656
          ],
          [
            -0.12386047281324863,
            51.501682279631495
          ],
          [
            -0.12387530878186226,
            51.50151824578643
          ],
          [
            -0.12390053831040859,
            51.501369467005134
          ],
          [
            -0.12392518110573292,
            51.50123208761215
          ],
          [
            -0.12395879253745079,
            51.5010947920382
          ],
          [
            -0.12396851554512978,
            51.500949868932366
          ],
          [
            -0.12418225407600403,
            51.50088113732636
          ],
          [
            -0.12445340864360332,
            51.50090787559748
          ],
          [
            -0.12468256987631321,
            51.50091935880482
          ],
          [
            -0.1249319314956665,
            51.50091550312936
          ],
          [
            -0.125185064971447,
            51.50091550312936
          ],
          [
            -0.12541841715574265,
            51.50091935880482
          ],
          [
            -0.12565948069095612,
            51.50091935880482
          ],
          [
            -0.1259152963757515,
            51.500930758193135
          ],
          [
            -0.12614881619811058,
            51.50093838572502
          ],
          [
            -0.12642407789826393,
            51.50095749646425
          ],
          [
            -0.12664326466619968,
            51.500972751528025
          ],
          [
            -0.12688474729657173,
            51.50098415091634
          ],
          [
            -0.12714475393295288,
            51.50101851671934
          ],
          [
            -0.12733016163110733,
            51.50110241957009
          ],
          [
            -0.1275777630507946,
            51.50117106735706
          ],
          [
            -0.12780466116964817,
            51.50121306069195
          ],
          [
            -0.12805444188416004,
            51.50123594328761
          ],
          [
            -0.12829936109483242,
            51.50127408094704
          ],
          [
            -0.1285524945706129,
            51.501289336010814
          ],
          [
            -0.12881400994956493,
            51.50131984613836
          ],
          [
            -0.12906739488244057,
            51.501369467005134
          ],
          [
            -0.12931323610246181,
            51.50137323886156
          ],
          [
            -0.1295930240303278,
            51.50138086639345
          ],
          [
            -0.12981832958757877,
            51.501369467005134
          ],
          [
            -0.1300978660583496,
            51.50136183947325
          ],
          [
            -0.1303172204643488,
            51.50135798379779
          ],
          [
            -0.13056431896984577,
            51.50133895687759
          ],
          [
            -0.130819883197546,
            51.50131221860647
          ],
          [
            -0.13107058592140675,
            51.50128556415439
          ],
          [
            -0.1313154213130474,
            51.50125882588327
          ],
          [
            -0.13155103661119938,
            51.50123208761215
          ],
          [
            -0.13179696165025234,
            51.50120543316007
          ],
          [
            -0.13203785754740238,
            51.501186322420835
          ],
          [
            -0.13227892108261585,
            51.50115581229329
          ],
          [
            -0.13251160271465778,
            51.50113292969763
          ],
          [
            -0.13273942284286022,
            51.501110047101974
          ],
          [
            -0.13296129181981087,
            51.501091020181775
          ],
          [
            -0.13318165205419064,
            51.501071909442544
          ],
          [
            -0.1333982404321432,
            51.50105279870331
          ],
          [
            -0.1337195187807083,
            51.50102614425123
          ],
          [
            -0.133933424949646,
            51.50100326165557
          ],
          [
            -0.13423919677734375,
            51.50096126832068
          ],
          [
            -0.1345520094037056,
            51.50092313066125
          ],
          [
            -0.13486775569617748,
            51.500892620533705
          ],
          [
            -0.13517143204808235,
            51.50086211040616
          ],
          [
            -0.13545507565140724,
            51.50083537213504
          ],
          [
            -0.135739054530859,
            51.50080871768296
          ],
          [
            -0.13602672144770622,
            51.50077820755541
          ],
          [
            -0.13631874695420265,
            51.500751469284296
          ],
          [
            -0.13662242330610752,
            51.50071710348129
          ],
          [
            -0.13693305663764477,
            51.50067896582186
          ],
          [
            -0.13722742907702923,
            51.50065231136978
          ],
          [
            -0.13751987367868423,
            51.500614173710346
          ],
          [
            -0.1378045231103897,
            51.50059129111469
          ],
          [
            -0.13806872069835663,
            51.50056455284357
          ],
          [
            -0.13830626383423805,
            51.50053781457245
          ],
          [
            -0.13852176256477833,
            51.50051116012037
          ],
          [
            -0.13879199512302876,
            51.50048442184925
          ],
          [
            -0.1390421111136675,
            51.500514931976795
          ],
          [
            -0.13919265009462833,
            51.50061794556677
          ],
          [
            -0.13931158930063248,
            51.500736214220524
          ],
          [
            -0.13942533172667027,
            51.500854482874274
          ],
          [
            -0.13955608941614628,
            51.50097652338445
          ],
          [
            -0.13968860730528831,
            51.50110241957009
          ],
          [
            -0.13984501361846924,
            51.50123971514404
          ],
          [
            -0.1399662159383297,
            51.50136183947325
          ],
          [
            -0.14005531556904316,
            51.501487735658884
          ],
          [
            -0.13998121954500675,
            51.50165939703584
          ],
          [
            -0.1398986577987671,
            51.50180817581713
          ],
          [
            -0.13991081155836582,
            51.501960726454854
          ],
          [
            -0.1400190219283104,
            51.50210187770426
          ],
          [
            -0.14021281152963638,
            51.50220103561878
          ],
          [
            -0.14044767245650291,
            51.50228879414499
          ],
          [
            -0.14066501520574093,
            51.502296421676874
          ],
          [
            -0.14089602045714855,
            51.50228493846953
          ],
          [
            -0.1411380060017109,
            51.502273539081216
          ],
          [
            -0.14138451777398586,
            51.502254428341985
          ],
          [
            -0.1416210550814867,
            51.502258284017444
          ],
          [
            -0.14188047498464584,
            51.50226968340576
          ],
          [
            -0.1421051099896431,
            51.502273539081216
          ],
          [
            -0.1423533819615841,
            51.50228493846953
          ],
          [
            -0.14261380769312382,
            51.50225065648556
          ],
          [
            -0.14282997697591782,
            51.5022277738899
          ],
          [
            -0.143059641122818,
            51.5022277738899
          ],
          [
            -0.14329693280160427,
            51.502235401421785
          ],
          [
            -0.14353087171912193,
            51.502254428341985
          ],
          [
            -0.14376355335116386,
            51.50226205587387
          ],
          [
            -0.14400159940123558,
            51.50226968340576
          ],
          [
            -0.14423713088035583,
            51.5022811666131
          ],
          [
            -0.1444744225591421,
            51.50230027735233
          ],
          [
            -0.1447058469057083,
            51.50231930427253
          ],
          [
            -0.14494196511805058,
            51.502311676740646
          ],
          [
            -0.14517313800752163,
            51.502315532416105
          ],
          [
            -0.14539760537445545,
            51.50232315994799
          ],
          [
            -0.1456319633871317,
            51.50233078747988
          ],
          [
            -0.1458520721644163,
            51.502338415011764
          ],
          [
            -0.1460692472755909,
            51.50234218686819
          ],
          [
            -0.14629061333835125,
            51.50235744193196
          ],
          [
            -0.14657358638942242,
            51.50236892513931
          ],
          [
            -0.14683996327221394,
            51.50236892513931
          ],
          [
            -0.1470569707453251,
            51.50236892513931
          ],
          [
            -0.14733483083546162,
            51.50238032452762
          ],
          [
            -0.14759643003344536,
            51.502410834655166
          ],
          [
            -0.14784595929086208,
            51.50247571058571
          ],
          [
            -0.1481123361736536,
            51.502494821324944
          ],
          [
            -0.14832892455160618,
            51.50250244885683
          ],
          [
            -0.14854609966278076,
            51.50251007638872
          ],
          [
            -0.14881717041134834,
            51.502532958984375
          ],
          [
            -0.14906552620232105,
            51.50254435837269
          ],
          [
            -0.14929250814020634,
            51.50255584158003
          ],
          [
            -0.1495106890797615,
            51.502593979239464
          ],
          [
            -0.14972920529544353,
            51.50265499949455
          ],
          [
            -0.14995526522397995,
            51.50265885517001
          ],
          [
            -0.15015148557722569,
            51.502593979239464
          ],
          [
            -0.15035985969007015,
            51.502532958984375
          ],
          [
            -0.1505593489855528,
            51.50247571058571
          ],
          [
            -0.1507827267050743,
            51.50244520045817
          ],
          [
            -0.1510037574917078,
            51.50248719379306
          ],
          [
            -0.15121456235647202,
            51.502529103308916
          ],
          [
            -0.15146995894610882,
            51.502551985904574
          ],
          [
            -0.15169057063758373,
            51.50262063369155
          ],
          [
            -0.1518712006509304,
            51.502731274813414
          ],
          [
            -0.15197924338281155,
            51.502849543467164
          ],
          [
            -0.1521711889654398,
            51.50291441939771
          ],
          [
            -0.15233765356242657,
            51.503005949780345
          ],
          [
            -0.15249263495206833,
            51.50310896337032
          ],
          [
            -0.15259506180882454,
            51.50323485955596
          ],
          [
            -0.15270830132067204,
            51.50335690006614
          ],
          [
            -0.1528883446007967,
            51.50344465859234
          ],
          [
            -0.1530881691724062,
            51.503383638337255
          ],
          [
            -0.1533485110849142,
            51.50331490673125
          ],
          [
            -0.15358957462012768,
            51.50327299721539
          ],
          [
            -0.15385419130325317,
            51.50325011461973
          ],
          [
            -0.15412325039505959,
            51.503227232024074
          ],
          [
            -0.15440521761775017,
            51.5031776111573
          ],
          [
            -0.1547114085406065,
            51.503147101029754
          ],
          [
            -0.1550283282995224,
            51.503124218434095
          ],
          [
            -0.15534717589616776,
            51.50309748016298
          ],
          [
            -0.15564708039164543,
            51.503066970035434
          ],
          [
            -0.15595410950481892,
            51.50304031558335
          ],
          [
            -0.15624571591615677,
            51.50302120484412
          ],
          [
            -0.15654025599360466,
            51.50299455039203
          ],
          [
            -0.15682674944400787,
            51.502967812120914
          ],
          [
            -0.15711156651377678,
            51.5029410738498
          ],
          [
            -0.15740384347736835,
            51.50291441939771
          ],
          [
            -0.15770693309605122,
            51.50288390927017
          ],
          [
            -0.15801186673343182,
            51.50285717099905
          ],
          [
            -0.15831361524760723,
            51.50283814407885
          ],
          [
            -0.15862508676946163,
            51.50281526148319
          ],
          [
            -0.15892968513071537,
            51.502788523212075
          ],
          [
            -0.15923453494906425,
            51.50276178494096
          ],
          [
            -0.15953125432133675,
            51.5027389023453
          ],
          [
            -0.15982101671397686,
            51.5027198754251
          ],
          [
            -0.1601141318678856,
            51.50269699282944
          ],
          [
            -0.16040557064116,
            51.5026855096221
          ],
          [
            -0.1606870349496603,
            51.5026664827019
          ],
          [
            -0.16095852479338646,
            51.502651227638125
          ],
          [
            -0.1612212136387825,
            51.50263597257435
          ],
          [
            -0.16147753223776817,
            51.50261300615966
          ],
          [
            -0.16173837706446648,
            51.50259775109589
          ],
          [
            -0.16199620440602303,
            51.50257872417569
          ],
          [
            -0.16223961487412453,
            51.50256724096835
          ],
          [
            -0.16248352825641632,
            51.50254435837269
          ],
          [
            -0.16273196786642075,
            51.502529103308916
          ],
          [
            -0.16296741552650928,
            51.50252147577703
          ],
          [
            -0.16319984570145607,
            51.502494821324944
          ],
          [
            -0.16347192227840424,
            51.502471938729286
          ],
          [
            -0.1636921986937523,
            51.502452827990055
          ],
          [
            -0.16392303630709648,
            51.50244134478271
          ],
          [
            -0.16415328718721867,
            51.50242231786251
          ],
          [
            -0.1643832866102457,
            51.50240706279874
          ],
          [
            -0.164610855281353,
            51.50239557959139
          ],
          [
            -0.16483984887599945,
            51.50238032452762
          ],
          [
            -0.1650654897093773,
            51.50236506946385
          ],
          [
            -0.1652953214943409,
            51.502353670075536
          ],
          [
            -0.1655169390141964,
            51.502338415011764
          ],
          [
            -0.1657390594482422,
            51.50232315994799
          ],
          [
            -0.16597140580415726,
            51.50231930427253
          ],
          [
            -0.16620676964521408,
            51.502315532416105
          ],
          [
            -0.1664416305720806,
            51.502311676740646
          ],
          [
            -0.16668261028826237,
            51.50230404920876
          ],
          [
            -0.16692752949893475,
            51.50230027735233
          ],
          [
            -0.16716985031962395,
            51.50230027735233
          ],
          [
            -0.16740445978939533,
            51.502296421676874
          ],
          [
            -0.16764158383011818,
            51.50229264982045
          ],
          [
            -0.16788658685982227,
            51.502296421676874
          ],
          [
            -0.16812773421406746,
            51.50228879414499
          ],
          [
            -0.1683724857866764,
            51.50228879414499
          ],
          [
            -0.1686142198741436,
            51.50228879414499
          ],
          [
            -0.1688575465232134,
            51.50228493846953
          ],
          [
            -0.1691009569913149,
            51.50228493846953
          ],
          [
            -0.169346546754241,
            51.5022811666131
          ],
          [
            -0.16958476044237614,
            51.502273539081216
          ],
          [
            -0.1698148436844349,
            51.502273539081216
          ],
          [
            -0.17004174180328846,
            51.502273539081216
          ],
          [
            -0.1702695619314909,
            51.502273539081216
          ],
          [
            -0.17050291411578655,
            51.502273539081216
          ],
          [
            -0.17074858769774437,
            51.50226591154933
          ],
          [
            -0.1709850411862135,
            51.50226205587387
          ],
          [
            -0.1712214108556509,
            51.50226591154933
          ],
          [
            -0.1714621391147375,
            51.50226205587387
          ],
          [
            -0.17169272527098656,
            51.502258284017444
          ],
          [
            -0.1719232276082039,
            51.5022468008101
          ],
          [
            -0.17215725034475327,
            51.50225065648556
          ],
          [
            -0.17239965498447418,
            51.50225065648556
          ],
          [
            -0.1726273074746132,
            51.5022468008101
          ],
          [
            -0.17285194247961044,
            51.50224302895367
          ],
          [
            -0.17313659191131592,
            51.50223917327821
          ],
          [
            -0.1733569521456957,
            51.50223917327821
          ],
          [
            -0.17357504926621914,
            51.502231545746326
          ],
          [
            -0.17385391518473625,
            51.50223917327821
          ],
          [
            -0.17410855740308762,
            51.50224302895367
          ],
          [
            -0.17434358596801758,
            51.50223917327821
          ],
          [
            -0.1745043508708477,
            51.502136243507266
          ],
          [
            -0.17453083768486977,
            51.501979837194085
          ],
          [
            -0.1745233777910471,
            51.50180817581713
          ],
          [
            -0.17451918683946133,
            51.50167079642415
          ],
          [
            -0.17450334504246712,
            51.50151061825454
          ],
          [
            -0.17449747771024704,
            51.50133895687759
          ],
          [
            -0.1744901854544878,
            51.50115581229329
          ],
          [
            -0.17447191290557384,
            51.50096126832068
          ],
          [
            -0.17445657402276993,
            51.50075909681618
          ],
          [
            -0.17442933283746243,
            51.500556925311685
          ],
          [
            -0.1743927039206028,
            51.50037000887096
          ],
          [
            -0.17436361871659756,
            51.50020211935043
          ],
          [
            -0.1743458490818739,
            51.50003431364894
          ],
          [
            -0.17433319240808487,
            51.4998550247401
          ],
          [
            -0.17430100589990616,
            51.49967950768769
          ],
          [
            -0.17425591126084328,
            51.49949259124696
          ],
          [
            -0.17420997843146324,
            51.49930567480624
          ],
          [
            -0.1741640456020832,
            51.499111130833626
          ],
          [
            -0.17411911860108376,
            51.49891281500459
          ],
          [
            -0.1740758679807186,
            51.498718271031976
          ],
          [
            -0.17403203062713146,
            51.49853512644768
          ],
          [
            -0.1739816553890705,
            51.498340582475066
          ],
          [
            -0.17393731512129307,
            51.49815743789077
          ],
          [
            -0.17390772700309753,
            51.49799725972116
          ],
          [
            -0.1738808210939169,
            51.49785610847175
          ],
          [
            -0.17386598512530327,
            51.49768830277026
          ],
          [
            -0.1738291885703802,
            51.497512785717845
          ],
          [
            -0.1738068088889122,
            51.49736400693655
          ],
          [
            -0.1737604569643736,
            51.497215228155255
          ],
          [
            -0.1737316232174635,
            51.49706267751753
          ],
          [
            -0.17370245419442654,
            51.49690627120435
          ],
          [
            -0.1736918929964304,
            51.496738381683826
          ],
          [
            -0.1736592035740614,
            51.496581975370646
          ],
          [
            -0.1736233290284872,
            51.49641794152558
          ],
          [
            -0.17359583638608456,
            51.49625776335597
          ],
          [
            -0.17357337288558483,
            51.49612046778202
          ],
          [
            -0.17356415279209614,
            51.495971689000726
          ],
          [
            -0.17351344227790833,
            51.495811427012086
          ],
          [
            -0.1734893023967743,
            51.49566650390625
          ],
          [
            -0.17344915308058262,
            51.495513869449496
          ],
          [
            -0.17340850085020065,
            51.49537271820009
          ],
          [
            -0.17347052693367004,
            51.49522393941879
          ],
          [
            -0.17369155772030354,
            51.495121009647846
          ],
          [
            -0.17388937063515186,
            51.49503702297807
          ],
          [
            -0.17408031038939953,
            51.49494934827089
          ],
          [
            -0.17426379024982452,
            51.4948539622128
          ],
          [
            -0.17443654127418995,
            51.494766203686595
          ],
          [
            -0.17455070279538631,
            51.494647935032845
          ],
          [
            -0.1746133156120777,
            51.49450301192701
          ],
          [
            -0.17461834475398064,
            51.4943618606776
          ],
          [
            -0.1746628526598215,
            51.49420159868896
          ],
          [
            -0.17486619763076305,
            51.49412917904556
          ],
          [
            -0.1750864740461111,
            51.494132950901985
          ],
          [
            -0.1753520965576172,
            51.4941062964499
          ],
          [
            -0.17560179345309734,
            51.49409104138613
          ],
          [
            -0.1758443657308817,
            51.49408341385424
          ],
          [
            -0.17608467489480972,
            51.49402616545558
          ],
          [
            -0.17630872316658497,
            51.494018537923694
          ],
          [
            -0.1765424944460392,
            51.494018537923694
          ],
          [
            -0.17679428681731224,
            51.49399942718446
          ],
          [
            -0.1770505215972662,
            51.49398040026426
          ],
          [
            -0.17730055376887321,
            51.49396128952503
          ],
          [
            -0.17755351960659027,
            51.49394603446126
          ],
          [
            -0.177782429382205,
            51.4939231518656
          ],
          [
            -0.1780382450670004,
            51.4939041249454
          ],
          [
            -0.17827235162258148,
            51.49386590346694
          ],
          [
            -0.1785010937601328,
            51.49385064840317
          ],
          [
            -0.17876973375678062,
            51.49382013827562
          ],
          [
            -0.17900224775075912,
            51.493797255679965
          ],
          [
            -0.17925672233104706,
            51.49376674555242
          ],
          [
            -0.17950591631233692,
            51.49373246356845
          ],
          [
            -0.17975158989429474,
            51.49368284270167
          ],
          [
            -0.17999935895204544,
            51.493640849366784
          ],
          [
            -0.18024436198174953,
            51.493602711707354
          ],
          [
            -0.18047000281512737,
            51.49357220157981
          ],
          [
            -0.180701594799757,
            51.49353406392038
          ],
          [
            -0.18094299361109734,
            51.493503553792834
          ],
          [
            -0.18118380568921566,
            51.49348829872906
          ],
          [
            -0.1814083568751812,
            51.493442533537745
          ],
          [
            -0.18164598383009434,
            51.49339676834643
          ],
          [
            -0.18188671208918095,
            51.49335854686797
          ],
          [
            -0.18212081864476204,
            51.49333189241588
          ],
          [
            -0.18234578892588615,
            51.493305154144764
          ],
          [
            -0.18258215859532356,
            51.49326701648533
          ],
          [
            -0.18283051438629627,
            51.49323650635779
          ],
          [
            -0.1830838993191719,
            51.49321362376213
          ],
          [
            -0.18332739360630512,
            51.49318688549101
          ],
          [
            -0.18354381434619427,
            51.49315260350704
          ],
          [
            -0.18375998362898827,
            51.49311823770404
          ],
          [
            -0.18397405743598938,
            51.49307632818818
          ],
          [
            -0.18422995693981647,
            51.49302293546498
          ],
          [
            -0.18443908542394638,
            51.492969458922744
          ],
          [
            -0.18466321751475334,
            51.492912294343114
          ],
          [
            -0.18490302376449108,
            51.49285890161991
          ],
          [
            -0.18516059964895248,
            51.49280542507768
          ],
          [
            -0.18542136065661907,
            51.49275588802993
          ],
          [
            -0.185664352029562,
            51.49270626716316
          ],
          [
            -0.18591136671602726,
            51.49263761937618
          ],
          [
            -0.18615544773638248,
            51.49256511591375
          ],
          [
            -0.18639265559613705,
            51.49250409565866
          ],
          [
            -0.18662835471332073,
            51.49244307540357
          ],
          [
            -0.18685047514736652,
            51.49238205514848
          ],
          [
            -0.18707561306655407,
            51.49232095107436
          ],
          [
            -0.1873235497623682,
            51.49225230328739
          ],
          [
            -0.18756293691694736,
            51.49219513870776
          ],
          [
            -0.18776686862111092,
            51.49214928969741
          ],
          [
            -0.1880407053977251,
            51.49208449758589
          ],
          [
            -0.18824019469320774,
            51.492023477330804
          ],
          [
            -0.18849123269319534,
            51.49195097386837
          ],
          [
            -0.18861151300370693,
            51.491821305826306
          ],
          [
            -0.18856331706047058,
            51.49166104383767
          ],
          [
            -0.18881049938499928,
            51.49160002358258
          ],
          [
            -0.18903756514191628,
            51.49151989258826
          ],
          [
            -0.18926345743238926,
            51.4914436172694
          ],
          [
            -0.18948951736092567,
            51.491367341950536
          ],
          [
            -0.18972722813487053,
            51.4912948384881
          ],
          [
            -0.18994800746440887,
            51.49122619070113
          ],
          [
            -0.19018194638192654,
            51.49114605970681
          ],
          [
            -0.19039870239794254,
            51.49108118377626
          ],
          [
            -0.19060783088207245,
            51.49100876413286
          ],
          [
            -0.1908548455685377,
            51.49094003252685
          ],
          [
            -0.19104771316051483,
            51.490871384739876
          ],
          [
            -0.1912746112793684,
            51.4908027369529
          ],
          [
            -0.19152271561324596,
            51.490718834102154
          ],
          [
            -0.19173184409737587,
            51.490653958171606
          ],
          [
            -0.19195119850337505,
            51.490577682852745
          ],
          [
            -0.19216284155845642,
            51.49050517939031
          ],
          [
            -0.1923740655183792,
            51.49044030345976
          ],
          [
            -0.19260238856077194,
            51.4903640281409
          ],
          [
            -0.1928385067731142,
            51.490280125290155
          ],
          [
            -0.19306372851133347,
            51.49020762182772
          ],
          [
            -0.19329196773469448,
            51.490142829716206
          ],
          [
            -0.1935284212231636,
            51.49006647057831
          ],
          [
            -0.19374827854335308,
            51.489982567727566
          ],
          [
            -0.19391532987356186,
            51.48987578228116
          ],
          [
            -0.1940577384084463,
            51.489765141159296
          ],
          [
            -0.19420509226620197,
            51.48965835571289
          ],
          [
            -0.19438253715634346,
            51.48952097631991
          ],
          [
            -0.19452075473964214,
            51.489410335198045
          ],
          [
            -0.1946343295276165,
            51.48925015702844
          ],
          [
            -0.19464832730591297,
            51.48908997885883
          ],
          [
            -0.19465419463813305,
            51.48894882760942
          ],
          [
            -0.19466173835098743,
            51.488796193152666
          ],
          [
            -0.1946490816771984,
            51.48865504190326
          ],
          [
            -0.19459929317235947,
            51.48850626312196
          ],
          [
            -0.19452662207186222,
            51.48836134001613
          ],
          [
            -0.19441246055066586,
            51.48821256123483
          ],
          [
            -0.19423769786953926,
            51.488109547644854
          ],
          [
            -0.19430676475167274,
            51.48797602392733
          ],
          [
            -0.1945275440812111,
            51.487949369475245
          ],
          [
            -0.194693086668849,
            51.48786161094904
          ],
          [
            -0.19487732090055943,
            51.48778147995472
          ],
          [
            -0.19506809301674366,
            51.48770143277943
          ],
          [
            -0.1952709350734949,
            51.487613674253225
          ],
          [
            -0.1954864338040352,
            51.48752977140248
          ],
          [
            -0.19568374380469322,
            51.48744964040816
          ],
          [
            -0.19591206684708595,
            51.48736950941384
          ],
          [
            -0.19611834548413754,
            51.487297005951405
          ],
          [
            -0.19630886614322662,
            51.487220730632544
          ],
          [
            -0.1965608261525631,
            51.48712534457445
          ],
          [
            -0.19678328186273575,
            51.48703766986728
          ],
          [
            -0.19702325575053692,
            51.486942283809185
          ],
          [
            -0.19727999344468117,
            51.48685075342655
          ],
          [
            -0.19752600230276585,
            51.486751511693
          ],
          [
            -0.19777544774115086,
            51.48665612563491
          ],
          [
            -0.198023971170187,
            51.486564595252275
          ],
          [
            -0.19827215932309628,
            51.48647683672607
          ],
          [
            -0.1985146477818489,
            51.48639678955078
          ],
          [
            -0.19876308739185333,
            51.48632428608835
          ],
          [
            -0.19901705905795097,
            51.48626326583326
          ],
          [
            -0.19927949644625187,
            51.48619838990271
          ],
          [
            -0.199537156149745,
            51.48613351397216
          ],
          [
            -0.1997893676161766,
            51.48608397692442
          ],
          [
            -0.20004761405289173,
            51.48603058420122
          ],
          [
            -0.20029647275805473,
            51.485973335802555
          ],
          [
            -0.20054994150996208,
            51.48591994307935
          ],
          [
            -0.20079595036804676,
            51.485874177888036
          ],
          [
            -0.20104916766285896,
            51.48582455702126
          ],
          [
            -0.20125821232795715,
            51.48578641936183
          ],
          [
            -0.20147505216300488,
            51.485736798495054
          ],
          [
            -0.2016864437609911,
            51.485698660835624
          ],
          [
            -0.20190630108118057,
            51.48564526811242
          ],
          [
            -0.20212925970554352,
            51.48559187538922
          ],
          [
            -0.20235280506312847,
            51.48553462699056
          ],
          [
            -0.2023000828921795,
            51.48539347574115
          ],
          [
            -0.20251658745110035,
            51.48535533808172
          ],
          [
            -0.20270786248147488,
            51.485240925103426
          ],
          [
            -0.20290433429181576,
            51.485122656449676
          ],
          [
            -0.20313751883804798,
            51.485023498535156
          ],
          [
            -0.2033804263919592,
            51.48492048494518
          ],
          [
            -0.203646719455719,
            51.48480607196689
          ],
          [
            -0.20391695201396942,
            51.48470305837691
          ],
          [
            -0.20419204607605934,
            51.48461915552616
          ],
          [
            -0.20446202717721462,
            51.48454279638827
          ],
          [
            -0.20474047400057316,
            51.48446652106941
          ],
          [
            -0.20502084866166115,
            51.48440550081432
          ],
          [
            -0.20531287416815758,
            51.48434825241566
          ],
          [
            -0.20560129545629025,
            51.48429108783603
          ],
          [
            -0.20588837563991547,
            51.484233839437366
          ],
          [
            -0.2061710972338915,
            51.48418044671416
          ],
          [
            -0.2064565010368824,
            51.484119426459074
          ],
          [
            -0.20673846825957298,
            51.484054550528526
          ],
          [
            -0.2070031687617302,
            51.483997302129865
          ],
          [
            -0.20722445100545883,
            51.48394390940666
          ],
          [
            -0.2074278797954321,
            51.48389428853989
          ],
          [
            -0.20766617730259895,
            51.483840895816684
          ],
          [
            -0.20787455141544342,
            51.48379135876894
          ],
          [
            -0.20810446701943874,
            51.48373411037028
          ],
          [
            -0.20834402181208134,
            51.48367309011519
          ],
          [
            -0.20858307369053364,
            51.4836120698601
          ],
          [
            -0.20881726406514645,
            51.48353956639767
          ],
          [
            -0.20904206670820713,
            51.48345180787146
          ],
          [
            -0.20927139557898045,
            51.483367905020714
          ],
          [
            -0.20950776524841785,
            51.48327637463808
          ],
          [
            -0.20974363200366497,
            51.48320001550019
          ],
          [
            -0.20998025313019753,
            51.483127595856786
          ],
          [
            -0.210231626406312,
            51.48308183066547
          ],
          [
            -0.21049423143267632,
            51.48307420313358
          ],
          [
            -0.21075692027807236,
            51.48307797499001
          ],
          [
            -0.21102949976921082,
            51.48308183066547
          ],
          [
            -0.21130266599357128,
            51.48305509239435
          ],
          [
            -0.21156661212444305,
            51.48302072659135
          ],
          [
            -0.21181337535381317,
            51.482971189543605
          ],
          [
            -0.21206332370638847,
            51.48290254175663
          ],
          [
            -0.21230111829936504,
            51.482830038294196
          ],
          [
            -0.21253203973174095,
            51.482749907299876
          ],
          [
            -0.21277687512338161,
            51.48270414210856
          ],
          [
            -0.21303017623722553,
            51.482673631981015
          ],
          [
            -0.2132804598659277,
            51.482635494321585
          ],
          [
            -0.2135157398879528,
            51.48258587345481
          ],
          [
            -0.21375127136707306,
            51.48254773579538
          ],
          [
            -0.21398847922682762,
            51.482555363327265
          ],
          [
            -0.21426399238407612,
            51.48262401111424
          ],
          [
            -0.21450329571962357,
            51.48268888704479
          ],
          [
            -0.21475190296769142,
            51.48275753483176
          ],
          [
            -0.21500051021575928,
            51.48283766582608
          ],
          [
            -0.21523780189454556,
            51.48292156867683
          ],
          [
            -0.21547148935496807,
            51.48299407213926
          ],
          [
            -0.21570274606347084,
            51.483089458197355
          ],
          [
            -0.21593467332422733,
            51.48316950537264
          ],
          [
            -0.2161648403853178,
            51.483245864510536
          ],
          [
            -0.2164092566817999,
            51.48328014649451
          ],
          [
            -0.21666591055691242,
            51.483306884765625
          ],
          [
            -0.21692868322134018,
            51.48332976736128
          ],
          [
            -0.21719740703701973,
            51.483364049345255
          ],
          [
            -0.2174623589962721,
            51.48338693194091
          ],
          [
            -0.21773275919258595,
            51.48342129774392
          ],
          [
            -0.21800684742629528,
            51.48345180787146
          ],
          [
            -0.21827934309840202,
            51.48348994553089
          ],
          [
            -0.21852786652743816,
            51.483520455658436
          ],
          [
            -0.21874571219086647,
            51.483543338254094
          ],
          [
            -0.21897654980421066,
            51.48355096578598
          ],
          [
            -0.21922029554843903,
            51.48352808319032
          ],
          [
            -0.21948575042188168,
            51.48349757306278
          ],
          [
            -0.21971424110233784,
            51.48344040848315
          ],
          [
            -0.21996058523654938,
            51.48336027748883
          ],
          [
            -0.22021966986358166,
            51.48327637463808
          ],
          [
            -0.22047984413802624,
            51.483184760436416
          ],
          [
            -0.22073255851864815,
            51.48309708572924
          ],
          [
            -0.2209745440632105,
            51.483009327203035
          ],
          [
            -0.22119599394500256,
            51.48292542435229
          ],
          [
            -0.22141685709357262,
            51.48286432027817
          ],
          [
            -0.22158516570925713,
            51.48299407213926
          ],
          [
            -0.22166269831359386,
            51.48313136771321
          ],
          [
            -0.2217429969459772,
            51.48328014649451
          ],
          [
            -0.22182421758770943,
            51.4834289252758
          ],
          [
            -0.2219133172184229,
            51.48358533158898
          ],
          [
            -0.22199470549821854,
            51.48373411037028
          ],
          [
            -0.22208455950021744,
            51.483879033476114
          ],
          [
            -0.22217240184545517,
            51.48402404040098
          ],
          [
            -0.2222738228738308,
            51.48416519165039
          ],
          [
            -0.22239452227950096,
            51.48430248722434
          ],
          [
            -0.22250818088650703,
            51.48443986661732
          ],
          [
            -0.2226229291409254,
            51.48457716219127
          ],
          [
            -0.22273524664342403,
            51.48471445776522
          ],
          [
            -0.22284521721303463,
            51.484847981482744
          ],
          [
            -0.22295971401035786,
            51.484985360875726
          ],
          [
            -0.22307563573122025,
            51.485126512125134
          ],
          [
            -0.2231957484036684,
            51.485263807699084
          ],
          [
            -0.22330773063004017,
            51.48538584820926
          ],
          [
            -0.22340613417327404,
            51.485519371926785
          ],
          [
            -0.22351576946675777,
            51.48566815070808
          ],
          [
            -0.22363420575857162,
            51.48580544628203
          ],
          [
            -0.22372799925506115,
            51.48594282567501
          ],
          [
            -0.22382749244570732,
            51.486072493717074
          ],
          [
            -0.2239357028156519,
            51.48622512817383
          ],
          [
            -0.22403569892048836,
            51.486347168684006
          ],
          [
            -0.22414877079427242,
            51.48647306486964
          ],
          [
            -0.22430199198424816,
            51.48662947118282
          ],
          [
            -0.22444792091846466,
            51.486762994900346
          ],
          [
            -0.22442755289375782,
            51.48690791800618
          ],
          [
            -0.2242085337638855,
            51.48701093159616
          ],
          [
            -0.22400502115488052,
            51.487121572718024
          ],
          [
            -0.22391910664737225,
            51.48728175088763
          ],
          [
            -0.2239416539669037,
            51.48746103979647
          ],
          [
            -0.2240331843495369,
            51.48759841918945
          ],
          [
            -0.22414474748075008,
            51.48772431537509
          ],
          [
            -0.22427701391279697,
            51.48785775527358
          ],
          [
            -0.22440634667873383,
            51.48799890652299
          ],
          [
            -0.2245396189391613,
            51.48814391344786
          ],
          [
            -0.2246817760169506,
            51.488285064697266
          ],
          [
            -0.22480490617454052,
            51.48839947767556
          ],
          [
            -0.22503104992210865,
            51.488384222611785
          ],
          [
            -0.22523749619722366,
            51.488307947292924
          ],
          [
            -0.2254963293671608,
            51.48822404444218
          ],
          [
            -0.22568182088434696,
            51.48815154097974
          ],
          [
            -0.22586806677281857,
            51.48807526566088
          ],
          [
            -0.22605540230870247,
            51.488006534054875
          ],
          [
            -0.22628732956945896,
            51.48793411441147
          ],
          [
            -0.2265216875821352,
            51.48797602392733
          ],
          [
            -0.2266768366098404,
            51.48809814825654
          ],
          [
            -0.22683902643620968,
            51.488227816298604
          ],
          [
            -0.22694815881550312,
            51.488346084952354
          ],
          [
            -0.22707237862050533,
            51.488460497930646
          ],
          [
            -0.22720950655639172,
            51.488582622259855
          ],
          [
            -0.22735082544386387,
            51.48870466277003
          ],
          [
            -0.22751552984118462,
            51.48884581401944
          ],
          [
            -0.22768551483750343,
            51.48899073712528
          ],
          [
            -0.22783328779041767,
            51.489135744050145
          ],
          [
            -0.22781702689826488,
            51.489292150363326
          ],
          [
            -0.22761745378375053,
            51.4893798250705
          ],
          [
            -0.227393489331007,
            51.489490466192365
          ],
          [
            -0.22721252404153347,
            51.48957822471857
          ],
          [
            -0.22696567699313164,
            51.48966598324478
          ],
          [
            -0.22672394290566444,
            51.48975365795195
          ],
          [
            -0.2264982182532549,
            51.48984141647816
          ],
          [
            -0.22641783580183983,
            51.48997879587114
          ],
          [
            -0.2266179956495762,
            51.49006647057831
          ],
          [
            -0.22686132229864597,
            51.49015808477998
          ],
          [
            -0.22705519571900368,
            51.49022673256695
          ],
          [
            -0.227251835167408,
            51.49028775282204
          ],
          [
            -0.22750245407223701,
            51.49035262875259
          ],
          [
            -0.22771066054701805,
            51.490417420864105
          ],
          [
            -0.2279526460915804,
            51.49045178666711
          ],
          [
            -0.22815867327153683,
            51.49036788381636
          ],
          [
            -0.22829932160675526,
            51.49023436009884
          ],
          [
            -0.22845463827252388,
            51.49009698070586
          ],
          [
            -0.22857609204947948,
            51.48997494019568
          ],
          [
            -0.22869888693094254,
            51.48984141647816
          ],
          [
            -0.22886225022375584,
            51.48970026522875
          ],
          [
            -0.22901521995663643,
            51.48955911397934
          ],
          [
            -0.22913466207683086,
            51.48944092914462
          ],
          [
            -0.2292541041970253,
            51.4893264323473
          ],
          [
            -0.22938167676329613,
            51.48920053616166
          ],
          [
            -0.22951679304242134,
            51.4890708681196
          ],
          [
            -0.22964528761804104,
            51.488918317481875
          ],
          [
            -0.22975970059633255,
            51.488800048828125
          ],
          [
            -0.22992247715592384,
            51.48867415264249
          ],
          [
            -0.23008734919130802,
            51.48854825645685
          ],
          [
            -0.23021978326141834,
            51.488426215946674
          ],
          [
            -0.2303349506109953,
            51.488307947292924
          ],
          [
            -0.23047174327075481,
            51.4881744235754
          ],
          [
            -0.23061524145305157,
            51.48804089985788
          ],
          [
            -0.23073107935488224,
            51.48792263120413
          ],
          [
            -0.2308724820613861,
            51.48778533563018
          ],
          [
            -0.23102033883333206,
            51.48765558376908
          ],
          [
            -0.23115922696888447,
            51.48751066066325
          ],
          [
            -0.23130892775952816,
            51.48740001954138
          ],
          [
            -0.23144513368606567,
            51.48725124076009
          ],
          [
            -0.23160061798989773,
            51.48710246197879
          ],
          [
            -0.23172860965132713,
            51.4869880490005
          ],
          [
            -0.23182114586234093,
            51.486824015155435
          ],
          [
            -0.23195299319922924,
            51.48669434711337
          ],
          [
            -0.2320981677621603,
            51.48655319586396
          ],
          [
            -0.23223286494612694,
            51.48641204461455
          ],
          [
            -0.23236320354044437,
            51.486270893365145
          ],
          [
            -0.23251516744494438,
            51.48613351397216
          ],
          [
            -0.23265556432306767,
            51.48598859086633
          ],
          [
            -0.23280484601855278,
            51.485832184553146
          ],
          [
            -0.23296569474041462,
            51.48569103330374
          ],
          [
            -0.23312176577746868,
            51.4855461101979
          ],
          [
            -0.2332792617380619,
            51.48539733141661
          ],
          [
            -0.23343533277511597,
            51.48523706942797
          ],
          [
            -0.23359383456408978,
            51.48509214632213
          ],
          [
            -0.23375065997242928,
            51.48495099507272
          ],
          [
            -0.23389910347759724,
            51.48480607196689
          ],
          [
            -0.23404964245855808,
            51.48466106504202
          ],
          [
            -0.23420479148626328,
            51.48451991379261
          ],
          [
            -0.23435994051396847,
            51.484371135011315
          ],
          [
            -0.23451022803783417,
            51.48422621190548
          ],
          [
            -0.23466252721846104,
            51.48408120498061
          ],
          [
            -0.2348147425800562,
            51.483940137550235
          ],
          [
            -0.23496712557971478,
            51.48379513062537
          ],
          [
            -0.23510685190558434,
            51.48365397937596
          ],
          [
            -0.2352525293827057,
            51.48351282812655
          ],
          [
            -0.23540189489722252,
            51.4833755325526
          ],
          [
            -0.235547237098217,
            51.48323438130319
          ],
          [
            -0.23569056764245033,
            51.48309323005378
          ],
          [
            -0.23581428453326225,
            51.482952078804374
          ],
          [
            -0.23592031560838223,
            51.482814783230424
          ],
          [
            -0.2360224910080433,
            51.48266600444913
          ],
          [
            -0.23609650321304798,
            51.48250959813595
          ],
          [
            -0.2361716888844967,
            51.48234933614731
          ],
          [
            -0.2362441085278988,
            51.48219292983413
          ],
          [
            -0.2363083977252245,
            51.48203275166452
          ],
          [
            -0.23637335747480392,
            51.48187257349491
          ],
          [
            -0.23644586093723774,
            51.48171231150627
          ],
          [
            -0.2365169394761324,
            51.48155213333666
          ],
          [
            -0.23658349178731441,
            51.48139949887991
          ],
          [
            -0.2366503793746233,
            51.48124309256673
          ],
          [
            -0.23672321811318398,
            51.48108291439712
          ],
          [
            -0.23680360056459904,
            51.48092265240848
          ],
          [
            -0.23687769658863544,
            51.480754846706986
          ],
          [
            -0.23695112206041813,
            51.48059081286192
          ],
          [
            -0.23701968602836132,
            51.48043055087328
          ],
          [
            -0.23708833381533623,
            51.48026651702821
          ],
          [
            -0.23715228773653507,
            51.480102483183146
          ],
          [
            -0.23721816949546337,
            51.47994993254542
          ],
          [
            -0.23728271014988422,
            51.47979729808867
          ],
          [
            -0.23735378868877888,
            51.47964474745095
          ],
          [
            -0.23742126300930977,
            51.47948834113777
          ],
          [
            -0.23748865351080894,
            51.47932816296816
          ],
          [
            -0.23755453526973724,
            51.47917175665498
          ],
          [
            -0.2376240212470293,
            51.4790153503418
          ],
          [
            -0.23770331405103207,
            51.47884746082127
          ],
          [
            -0.23777958936989307,
            51.478683426976204
          ],
          [
            -0.23785410448908806,
            51.47851176559925
          ],
          [
            -0.23792635649442673,
            51.47834395989776
          ],
          [
            -0.23799508810043335,
            51.47817607037723
          ],
          [
            -0.23807572200894356,
            51.478008264675736
          ],
          [
            -0.23815241642296314,
            51.477851858362556
          ],
          [
            -0.23821569979190826,
            51.477695452049375
          ],
          [
            -0.23828384466469288,
            51.477535190060735
          ],
          [
            -0.23834469728171825,
            51.47738263942301
          ],
          [
            -0.238412506878376,
            51.47723008878529
          ],
          [
            -0.2384810708463192,
            51.47707368247211
          ],
          [
            -0.23855416104197502,
            51.47691727615893
          ],
          [
            -0.2386204618960619,
            51.476768497377634
          ],
          [
            -0.23868508636951447,
            51.47661971859634
          ],
          [
            -0.23874635808169842,
            51.476470939815044
          ],
          [
            -0.2388088870793581,
            51.47632216103375
          ],
          [
            -0.2388730924576521,
            51.476173382252455
          ],
          [
            -0.23894190788269043,
            51.47602845914662
          ],
          [
            -0.2390081249177456,
            51.47588345222175
          ],
          [
            -0.23906956426799297,
            51.4757461566478
          ],
          [
            -0.23913469165563583,
            51.47559737786651
          ],
          [
            -0.2391748409718275,
            51.47543711587787
          ],
          [
            -0.23920266889035702,
            51.47528833709657
          ],
          [
            -0.23910468444228172,
            51.47515104152262
          ],
          [
            -0.2389761060476303,
            51.47500989027321
          ],
          [
            -0.2388507965952158,
            51.47486111149192
          ],
          [
            -0.23874937556684017,
            51.47472381591797
          ],
          [
            -0.23865658789873123,
            51.47458643652499
          ],
          [
            -0.23856229148805141,
            51.47444528527558
          ],
          [
            -0.2384674083441496,
            51.47430036216974
          ],
          [
            -0.23836649022996426,
            51.474159210920334
          ],
          [
            -0.23826590739190578,
            51.4740142878145
          ],
          [
            -0.23817110806703568,
            51.4738655090332
          ],
          [
            -0.23807354271411896,
            51.47370910272002
          ],
          [
            -0.23797530680894852,
            51.47356032393873
          ],
          [
            -0.23788075894117355,
            51.473407689481974
          ],
          [
            -0.2377873007208109,
            51.47326276637614
          ],
          [
            -0.23768948391079903,
            51.47312161512673
          ],
          [
            -0.23759820498526096,
            51.47298046387732
          ],
          [
            -0.23750131018459797,
            51.472835540771484
          ],
          [
            -0.23741078563034534,
            51.4726981613785
          ],
          [
            -0.2373261284083128,
            51.47256849333644
          ],
          [
            -0.23724029771983624,
            51.47243496961892
          ],
          [
            -0.23715664632618427,
            51.472301445901394
          ],
          [
            -0.237049525603652,
            51.47212978452444
          ],
          [
            -0.23695388808846474,
            51.47196960635483
          ],
          [
            -0.23684249259531498,
            51.47184748202562
          ],
          [
            -0.23706058971583843,
            51.47188947536051
          ],
          [
            -0.23712320253252983,
            51.47203062660992
          ],
          [
            -0.23720811121165752,
            51.47215652279556
          ],
          [
            -0.23723644204437733,
            51.47229767404497
          ],
          [
            -0.23732135072350502,
            51.47242734208703
          ],
          [
            -0.2374219335615635,
            51.47258374840021
          ],
          [
            -0.23749728687107563,
            51.47272104397416
          ],
          [
            -0.2375951875001192,
            51.472869822755456
          ],
          [
            -0.23771295323967934,
            51.47304148413241
          ],
          [
            -0.23782191798090935,
            51.47321700118482
          ],
          [
            -0.23792987689375877,
            51.473388662561774
          ],
          [
            -0.238044373691082,
            51.47355646826327
          ],
          [
            -0.23815358988940716,
            51.473724357783794
          ],
          [
            -0.2382681705057621,
            51.47388839162886
          ],
          [
            -0.23836749605834484,
            51.47404856979847
          ],
          [
            -0.23847151547670364,
            51.474197348579764
          ],
          [
            -0.23856614716351032,
            51.47434998303652
          ],
          [
            -0.23866882547736168,
            51.47450253367424
          ],
          [
            -0.2387653850018978,
            51.474655168130994
          ],
          [
            -0.23889614269137383,
            51.474792463704944
          ],
          [
            -0.23901944048702717,
            51.47493738681078
          ],
          [
            -0.239136116579175,
            51.47505951113999
          ],
          [
            -0.23934231139719486,
            51.47517015226185
          ],
          [
            -0.23957951925694942,
            51.475208289921284
          ],
          [
            -0.23984530940651894,
            51.47517777979374
          ],
          [
            -0.24013021029531956,
            51.47513955831528
          ],
          [
            -0.24034914560616016,
            51.47509379312396
          ],
          [
            -0.2405643928796053,
            51.475029001012444
          ],
          [
            -0.24076681584119797,
            51.47495649755001
          ],
          [
            -0.2409706637263298,
            51.474887849763036
          ],
          [
            -0.24116621352732182,
            51.47481149062514
          ],
          [
            -0.24135321378707886,
            51.47473521530628
          ],
          [
            -0.24156334809958935,
            51.47467805072665
          ],
          [
            -0.24179250933229923,
            51.474632201716304
          ],
          [
            -0.24202074855566025,
            51.47459406405687
          ],
          [
            -0.24224789813160896,
            51.4745597820729
          ],
          [
            -0.24247362278401852,
            51.4745254162699
          ],
          [
            -0.24269440211355686,
            51.47448727861047
          ],
          [
            -0.24290839210152626,
            51.47444151341915
          ],
          [
            -0.2431220468133688,
            51.47438812069595
          ],
          [
            -0.24332916364073753,
            51.47433087229729
          ],
          [
            -0.24354776367545128,
            51.474277479574084
          ],
          [
            -0.24376200512051582,
            51.47422408685088
          ],
          [
            -0.24396191351115704,
            51.47416306659579
          ],
          [
            -0.24420197121798992,
            51.474094334989786
          ],
          [
            -0.24444764479994774,
            51.47404479794204
          ],
          [
            -0.24473522789776325,
            51.47404856979847
          ],
          [
            -0.24495701305568218,
            51.47407530806959
          ],
          [
            -0.24518273770809174,
            51.47407145239413
          ],
          [
            -0.2453932072967291,
            51.474021915346384
          ],
          [
            -0.2456186804920435,
            51.473957039415836
          ],
          [
            -0.2458440698683262,
            51.47389216348529
          ],
          [
            -0.24609276093542576,
            51.47381211631
          ],
          [
            -0.24629401043057442,
            51.47375101223588
          ],
          [
            -0.24648142978549004,
            51.47367096506059
          ],
          [
            -0.24669131264090538,
            51.47359846159816
          ],
          [
            -0.2469042968004942,
            51.47353358566761
          ],
          [
            -0.24710588157176971,
            51.473468793556094
          ],
          [
            -0.24730193428695202,
            51.473365779966116
          ],
          [
            -0.2473502978682518,
            51.47321314550936
          ],
          [
            -0.2473654691129923,
            51.473068222403526
          ],
          [
            -0.24732263758778572,
            51.472900332883
          ],
          [
            -0.2472609467804432,
            51.47276689298451
          ],
          [
            -0.24718701839447021,
            51.47263336926699
          ],
          [
            -0.2471139281988144,
            51.472495989874005
          ],
          [
            -0.24703253991901875,
            51.47236246615648
          ],
          [
            -0.24694939143955708,
            51.47222517058253
          ],
          [
            -0.2468592021614313,
            51.472084019333124
          ],
          [
            -0.246770353987813,
            51.471946723759174
          ],
          [
            -0.24668133817613125,
            51.47179794497788
          ],
          [
            -0.24657849222421646,
            51.47167582064867
          ],
          [
            -0.2464725449681282,
            51.47155378013849
          ],
          [
            -0.2463287115097046,
            51.4714393671602
          ],
          [
            -0.2461686171591282,
            51.471313470974565
          ],
          [
            -0.24603492580354214,
            51.47120660170913
          ],
          [
            -0.24586418643593788,
            51.47106930613518
          ],
          [
            -0.2456530462950468,
            51.470954893156886
          ],
          [
            -0.2454809658229351,
            51.47086713463068
          ],
          [
            -0.24529924616217613,
            51.47077560424805
          ],
          [
            -0.24514200165867805,
            51.47066873498261
          ],
          [
            -0.24498987011611462,
            51.470561949536204
          ],
          [
            -0.2448094915598631,
            51.47043605335057
          ],
          [
            -0.24461042135953903,
            51.470340667292476
          ],
          [
            -0.2444512490183115,
            51.470241509377956
          ],
          [
            -0.24428579024970531,
            51.47011561319232
          ],
          [
            -0.24414556100964546,
            51.470004972070456
          ],
          [
            -0.24399946443736553,
            51.46989818662405
          ],
          [
            -0.24385923519730568,
            51.46978377364576
          ],
          [
            -0.2436959557235241,
            51.469650249928236
          ],
          [
            -0.24359704926609993,
            51.46952058188617
          ],
          [
            -0.2437651064246893,
            51.46938705816865
          ],
          [
            -0.2439219318330288,
            51.4692878164351
          ],
          [
            -0.24408286437392235,
            51.469196286052465
          ],
          [
            -0.24425159208476543,
            51.46910475566983
          ],
          [
            -0.24446172639727592,
            51.46899034269154
          ],
          [
            -0.24465861730277538,
            51.468898728489876
          ],
          [
            -0.24484352208673954,
            51.46879957057536
          ],
          [
            -0.24505172856152058,
            51.46870041266084
          ],
          [
            -0.24522456340491772,
            51.4685935433954
          ],
          [
            -0.2453927043825388,
            51.46849824115634
          ],
          [
            -0.24556067772209644,
            51.468406626954675
          ],
          [
            -0.24572999216616154,
            51.468307469040155
          ],
          [
            -0.245915986597538,
            51.468189200386405
          ],
          [
            -0.2460548747330904,
            51.46808241494
          ],
          [
            -0.24622184224426746,
            51.467952663078904
          ],
          [
            -0.24636886082589626,
            51.46784210577607
          ],
          [
            -0.2465281169861555,
            51.46771998144686
          ],
          [
            -0.2466756384819746,
            51.467597940936685
          ],
          [
            -0.24682500399649143,
            51.467494927346706
          ],
          [
            -0.24698191322386265,
            51.467376658692956
          ],
          [
            -0.2471509762108326,
            51.46724699065089
          ],
          [
            -0.24730277247726917,
            51.46711732260883
          ],
          [
            -0.24743939749896526,
            51.46699142642319
          ],
          [
            -0.24757526814937592,
            51.46686930209398
          ],
          [
            -0.24770233780145645,
            51.466747261583805
          ],
          [
            -0.2478387951850891,
            51.46662136539817
          ],
          [
            -0.2479873225092888,
            51.46649546921253
          ],
          [
            -0.24822126142680645,
            51.46652220748365
          ],
          [
            -0.24844128638505936,
            51.466609966009855
          ],
          [
            -0.24861646816134453,
            51.46670149639249
          ],
          [
            -0.248804222792387,
            51.466785399243236
          ],
          [
            -0.2490034606307745,
            51.46687692962587
          ],
          [
            -0.2492071408778429,
            51.46697231568396
          ],
          [
            -0.24940051138401031,
            51.467063846066594
          ],
          [
            -0.24958952330052853,
            51.46714783273637
          ],
          [
            -0.24978331290185452,
            51.46722787991166
          ],
          [
            -0.2499678824096918,
            51.46730801090598
          ],
          [
            -0.250177513808012,
            51.46741479635239
          ],
          [
            -0.2503189165145159,
            51.467517809942365
          ],
          [
            -0.2505405340343714,
            51.467521665617824
          ],
          [
            -0.2507736347615719,
            51.467521665617824
          ],
          [
            -0.25105484761297703,
            51.467536920681596
          ],
          [
            -0.25127495639026165,
            51.46754832006991
          ],
          [
            -0.2514953166246414,
            51.46754069253802
          ],
          [
            -0.251721628010273,
            51.467441534623504
          ],
          [
            -0.2518927864730358,
            51.46735000424087
          ],
          [
            -0.2520659565925598,
            51.46725461818278
          ],
          [
            -0.25224868208169937,
            51.46717448718846
          ],
          [
            -0.25243911892175674,
            51.46709435619414
          ],
          [
            -0.2526185754686594,
            51.46701045334339
          ],
          [
            -0.25279861874878407,
            51.466926550492644
          ],
          [
            -0.2529670111835003,
            51.46683502011001
          ],
          [
            -0.25316666811704636,
            51.46675103344023
          ],
          [
            -0.25337797589600086,
            51.46683502011001
          ],
          [
            -0.2534871082752943,
            51.46699142642319
          ],
          [
            -0.2535828296095133,
            51.46711732260883
          ],
          [
            -0.25367964059114456,
            51.46724313497543
          ],
          [
            -0.2537703327834606,
            51.46736903116107
          ],
          [
            -0.25388474576175213,
            51.467517809942365
          ],
          [
            -0.2540110610425472,
            51.46766281686723
          ],
          [
            -0.2541341073811054,
            51.46780396811664
          ],
          [
            -0.25439947843551636,
            51.46781922318041
          ],
          [
            -0.25462042540311813,
            51.46781159564853
          ],
          [
            -0.2548526879400015,
            51.467796340584755
          ],
          [
            -0.2551004569977522,
            51.467777229845524
          ],
          [
            -0.255355266854167,
            51.46776960231364
          ],
          [
            -0.25561158545315266,
            51.46775811910629
          ],
          [
            -0.25585281662642956,
            51.46774286404252
          ],
          [
            -0.2560893539339304,
            51.46773146465421
          ],
          [
            -0.2563321776688099,
            51.467716209590435
          ],
          [
            -0.2565838862210512,
            51.467716209590435
          ],
          [
            -0.25685361586511135,
            51.46770095452666
          ],
          [
            -0.25710029527544975,
            51.46768569946289
          ],
          [
            -0.25735937990248203,
            51.467678071931005
          ],
          [
            -0.257637407630682,
            51.46766658872366
          ],
          [
            -0.2578624617308378,
            51.46765896119177
          ],
          [
            -0.25809355080127716,
            51.467655189335346
          ],
          [
            -0.25837493129074574,
            51.467643706128
          ],
          [
            -0.2586514502763748,
            51.46763230673969
          ],
          [
            -0.25894079357385635,
            51.4676246792078
          ],
          [
            -0.2591561246663332,
            51.46760556846857
          ],
          [
            -0.25937916710972786,
            51.467597940936685
          ],
          [
            -0.2596036344766617,
            51.46758645772934
          ],
          [
            -0.2598736993968487,
            51.46756743080914
          ],
          [
            -0.260133957490325,
            51.467559803277254
          ],
          [
            -0.26042464189231396,
            51.467559803277254
          ],
          [
            -0.2606491092592478,
            51.46756743080914
          ],
          [
            -0.26088522747159004,
            51.467575058341026
          ],
          [
            -0.26112704537808895,
            51.46757883019745
          ],
          [
            -0.2613702043890953,
            51.46758645772934
          ],
          [
            -0.26161286048591137,
            51.4675903134048
          ],
          [
            -0.26185132563114166,
            51.467594085261226
          ],
          [
            -0.26209465228021145,
            51.467594085261226
          ],
          [
            -0.262342169880867,
            51.467609340325
          ],
          [
            -0.26258792728185654,
            51.467617051675916
          ],
          [
            -0.26282547041773796,
            51.4676246792078
          ],
          [
            -0.2630483452230692,
            51.46762845106423
          ],
          [
            -0.26327943429350853,
            51.467639934271574
          ],
          [
            -0.2635614853352308,
            51.46765133365989
          ],
          [
            -0.2637822646647692,
            51.46766658872366
          ],
          [
            -0.26401511393487453,
            51.46768947131932
          ],
          [
            -0.264245867729187,
            51.46770858205855
          ],
          [
            -0.26448240503668785,
            51.46772760897875
          ],
          [
            -0.26470955461263657,
            51.46776574663818
          ],
          [
            -0.26493871584534645,
            51.46780011244118
          ],
          [
            -0.26517072692513466,
            51.467834478244185
          ],
          [
            -0.2654072642326355,
            51.46786113269627
          ],
          [
            -0.26563240215182304,
            51.46788401529193
          ],
          [
            -0.2659077476710081,
            51.46791838109493
          ],
          [
            -0.26614428497850895,
            51.46794889122248
          ],
          [
            -0.26637252420186996,
            51.467971773818135
          ],
          [
            -0.2665133401751518,
            51.467834478244185
          ],
          [
            -0.26654569432139397,
            51.467674216255546
          ],
          [
            -0.2665965724736452,
            51.46750255487859
          ],
          [
            -0.2666290942579508,
            51.46736525930464
          ],
          [
            -0.26667041704058647,
            51.46722787991166
          ],
          [
            -0.26671559549868107,
            51.46705244667828
          ],
          [
            -0.2667583432048559,
            51.46691892296076
          ],
          [
            -0.266808969900012,
            51.46675103344023
          ],
          [
            -0.2668818086385727,
            51.466606110334396
          ],
          [
            -0.26713326573371887,
            51.46659848280251
          ],
          [
            -0.26740207336843014,
            51.466628992930055
          ],
          [
            -0.2676170691847801,
            51.466648103669286
          ],
          [
            -0.26784581132233143,
            51.466667130589485
          ],
          [
            -0.2680820971727371,
            51.466686241328716
          ],
          [
            -0.26830765418708324,
            51.46670149639249
          ],
          [
            -0.2685323730111122,
            51.4666938688606
          ],
          [
            -0.2687588520348072,
            51.46668238565326
          ],
          [
            -0.26899966411292553,
            51.46667475812137
          ],
          [
            -0.26923947036266327,
            51.466667130589485
          ],
          [
            -0.26946863159537315,
            51.46665187552571
          ],
          [
            -0.26975076645612717,
            51.46662136539817
          ],
          [
            -0.2699714619666338,
            51.46659848280251
          ],
          [
            -0.2701991982758045,
            51.46657560020685
          ],
          [
            -0.2704279404133558,
            51.46655648946762
          ],
          [
            -0.2706603705883026,
            51.46653746254742
          ],
          [
            -0.2708922140300274,
            51.46651457995176
          ],
          [
            -0.2711178548634052,
            51.46649546921253
          ],
          [
            -0.27134936302900314,
            51.466472586616874
          ],
          [
            -0.2715853974223137,
            51.46644207648933
          ],
          [
            -0.2718288917094469,
            51.4664383046329
          ],
          [
            -0.27204690501093864,
            51.466487841680646
          ],
          [
            -0.2722513396292925,
            51.46653746254742
          ],
          [
            -0.27246247977018356,
            51.46660233847797
          ],
          [
            -0.2726990170776844,
            51.46665573120117
          ],
          [
            -0.2729392424225807,
            51.46667861379683
          ],
          [
            -0.27317619882524014,
            51.4666938688606
          ],
          [
            -0.273413322865963,
            51.46669764071703
          ],
          [
            -0.2736535482108593,
            51.46670149639249
          ],
          [
            -0.27389075607061386,
            51.46669764071703
          ],
          [
            -0.27412100695073605,
            51.46669764071703
          ],
          [
            -0.27434203773736954,
            51.466705268248916
          ],
          [
            -0.274606067687273,
            51.466705268248916
          ],
          [
            -0.27485123835504055,
            51.466686241328716
          ],
          [
            -0.27506791055202484,
            51.46664424799383
          ],
          [
            -0.27530377730727196,
            51.46658322773874
          ],
          [
            -0.2755359560251236,
            51.46650695241988
          ],
          [
            -0.2757686376571655,
            51.4664039388299
          ],
          [
            -0.2759421430528164,
            51.46631618030369
          ],
          [
            -0.27610902674496174,
            51.46622464992106
          ],
          [
            -0.2763123717159033,
            51.46611023694277
          ],
          [
            -0.2764819376170635,
            51.46600722335279
          ],
          [
            -0.27666114270687103,
            51.46592332050204
          ],
          [
            -0.27685568667948246,
            51.465858444571495
          ],
          [
            -0.2770591154694557,
            51.46593094803393
          ],
          [
            -0.27726723812520504,
            51.46599196828902
          ],
          [
            -0.27750193141400814,
            51.46607209928334
          ],
          [
            -0.27774877846241,
            51.46615977399051
          ],
          [
            -0.27803845703601837,
            51.46617125719786
          ],
          [
            -0.2782619185745716,
            51.4661674015224
          ],
          [
            -0.2784950193017721,
            51.46614451892674
          ],
          [
            -0.27872996404767036,
            51.466114008799195
          ],
          [
            -0.27895049192011356,
            51.466079726815224
          ],
          [
            -0.2791811618953943,
            51.46604913286865
          ],
          [
            -0.27941451407969,
            51.46600722335279
          ],
          [
            -0.2796502970159054,
            51.465976713225245
          ],
          [
            -0.2798835653811693,
            51.465938575565815
          ],
          [
            -0.2801164984703064,
            51.46590420976281
          ],
          [
            -0.2803523652255535,
            51.46586607210338
          ],
          [
            -0.28059376403689384,
            51.46582793444395
          ],
          [
            -0.28083172626793385,
            51.46578594110906
          ],
          [
            -0.28106650337576866,
            51.465759286656976
          ],
          [
            -0.2812920603901148,
            51.46572106517851
          ],
          [
            -0.2815094869583845,
            51.46569055505097
          ],
          [
            -0.281762620434165,
            51.465641018003225
          ],
          [
            -0.2818645443767309,
            51.4655074942857
          ],
          [
            -0.28182925656437874,
            51.46534723229706
          ],
          [
            -0.2817975729703903,
            51.465167943388224
          ],
          [
            -0.28177100233733654,
            51.46498488262296
          ],
          [
            -0.2817501313984394,
            51.46483610384166
          ],
          [
            -0.28173336759209633,
            51.46468346938491
          ],
          [
            -0.2817217167466879,
            51.46453854627907
          ],
          [
            -0.2817124966531992,
            51.46438976749778
          ],
          [
            -0.28168609365820885,
            51.46424861624837
          ],
          [
            -0.2816477883607149,
            51.46410369314253
          ],
          [
            -0.28161417692899704,
            51.463962541893125
          ],
          [
            -0.28157344087958336,
            51.463802279904485
          ],
          [
            -0.2815274242311716,
            51.46365735679865
          ],
          [
            -0.2816596068441868,
            51.463523833081126
          ],
          [
            -0.2818977367132902,
            51.463428447023034
          ],
          [
            -0.28210652992129326,
            51.463367426767945
          ],
          [
            -0.28233619406819344,
            51.46329492330551
          ],
          [
            -0.28257214464247227,
            51.46322250366211
          ],
          [
            -0.2828109450638294,
            51.46314614452422
          ],
          [
            -0.28304790146648884,
            51.463069869205356
          ],
          [
            -0.2832825109362602,
            51.46300122141838
          ],
          [
            -0.28352323919534683,
            51.46293634548783
          ],
          [
            -0.2837609499692917,
            51.46286392584443
          ],
          [
            -0.2839945536106825,
            51.46277993917465
          ],
          [
            -0.2842210326343775,
            51.46270751953125
          ],
          [
            -0.28444474563002586,
            51.46262353286147
          ],
          [
            -0.2846583165228367,
            51.46253200247884
          ],
          [
            -0.28486719354987144,
            51.46244809962809
          ],
          [
            -0.28508344665169716,
            51.462360341101885
          ],
          [
            -0.28529844246804714,
            51.46227258257568
          ],
          [
            -0.28550547547638416,
            51.462181052193046
          ],
          [
            -0.2857119217514992,
            51.46209329366684
          ],
          [
            -0.2859270852059126,
            51.46201701834798
          ],
          [
            -0.2861389797180891,
            51.461944514885545
          ],
          [
            -0.2863556519150734,
            51.46187972277403
          ],
          [
            -0.2865805383771658,
            51.46182247437537
          ],
          [
            -0.2868168242275715,
            51.46177285350859
          ],
          [
            -0.2870588097721338,
            51.461746199056506
          ],
          [
            -0.28730565682053566,
            51.461730943992734
          ],
          [
            -0.28755770064890385,
            51.4617118332535
          ],
          [
            -0.2877818327397108,
            51.46169657818973
          ],
          [
            -0.28800101950764656,
            51.46170043386519
          ],
          [
            -0.28821718879044056,
            51.461688950657845
          ],
          [
            -0.28847308829426765,
            51.46167369559407
          ],
          [
            -0.2886960469186306,
            51.461669923737645
          ],
          [
            -0.288933590054512,
            51.46167369559407
          ],
          [
            -0.28918320313096046,
            51.461688950657845
          ],
          [
            -0.2894350793212652,
            51.4617118332535
          ],
          [
            -0.2896717842668295,
            51.46173857152462
          ],
          [
            -0.2899110037833452,
            51.46178056485951
          ],
          [
            -0.2901609521359205,
            51.46181870251894
          ],
          [
            -0.2904187794774771,
            51.4618606120348
          ],
          [
            -0.2906748466193676,
            51.46189874969423
          ],
          [
            -0.29093929566442966,
            51.461944514885545
          ],
          [
            -0.2911965362727642,
            51.461986508220434
          ],
          [
            -0.2914605662226677,
            51.46202087402344
          ],
          [
            -0.29171579517424107,
            51.46205138415098
          ],
          [
            -0.291958199813962,
            51.462081894278526
          ],
          [
            -0.2922033704817295,
            51.46211240440607
          ],
          [
            -0.29244267381727695,
            51.4621315151453
          ],
          [
            -0.2926858328282833,
            51.46215439774096
          ],
          [
            -0.2929253038018942,
            51.462184907868505
          ],
          [
            -0.2931746654212475,
            51.462219189852476
          ],
          [
            -0.29343266040086746,
            51.46223444491625
          ],
          [
            -0.29368579387664795,
            51.46224592812359
          ],
          [
            -0.2939152903854847,
            51.46224592812359
          ],
          [
            -0.29415627010166645,
            51.46223830059171
          ],
          [
            -0.29438283294439316,
            51.462219189852476
          ],
          [
            -0.29464418068528175,
            51.462219189852476
          ],
          [
            -0.2943907957524061,
            51.46226495504379
          ],
          [
            -0.29412307776510715,
            51.462284065783024
          ],
          [
            -0.29387103393673897,
            51.46229169331491
          ],
          [
            -0.29360197484493256,
            51.46228783763945
          ],
          [
            -0.2933174930512905,
            51.46227258257568
          ],
          [
            -0.29309168457984924,
            51.46224969998002
          ],
          [
            -0.2928604278713465,
            51.462223045527935
          ],
          [
            -0.2926287520676851,
            51.462203934788704
          ],
          [
            -0.2923960704356432,
            51.462181052193046
          ],
          [
            -0.29215089976787567,
            51.46215439774096
          ],
          [
            -0.29191344045102596,
            51.4621315151453
          ],
          [
            -0.2916735503822565,
            51.462104776874185
          ],
          [
            -0.2914464008063078,
            51.46207803860307
          ],
          [
            -0.2912161499261856,
            51.46204752847552
          ],
          [
            -0.29097232036292553,
            51.462001763284206
          ],
          [
            -0.2907205279916525,
            51.461967481300235
          ],
          [
            -0.29048885218799114,
            51.46193688735366
          ],
          [
            -0.2902511414140463,
            51.46189112216234
          ],
          [
            -0.2900213096290827,
            51.46185684017837
          ],
          [
            -0.28979944065213203,
            51.461826330050826
          ],
          [
            -0.28957790695130825,
            51.46179196424782
          ],
          [
            -0.28933550231158733,
            51.46177285350859
          ],
          [
            -0.2891169022768736,
            51.46177285350859
          ],
          [
            -0.28886284679174423,
            51.461769081652164
          ],
          [
            -0.28862555511295795,
            51.461769081652164
          ],
          [
            -0.2883840724825859,
            51.461769081652164
          ],
          [
            -0.2881248202174902,
            51.46178056485951
          ],
          [
            -0.2879069745540619,
            51.461788192391396
          ],
          [
            -0.2876830939203501,
            51.46179581992328
          ],
          [
            -0.2874484844505787,
            51.46179959177971
          ],
          [
            -0.28720918111503124,
            51.46181484684348
          ],
          [
            -0.2869645971804857,
            51.461826330050826
          ],
          [
            -0.2867177501320839,
            51.46187209524214
          ],
          [
            -0.28647475875914097,
            51.46193311549723
          ],
          [
            -0.28623059391975403,
            51.46199413575232
          ],
          [
            -0.2859929669648409,
            51.462062783539295
          ],
          [
            -0.2857648953795433,
            51.462146770209074
          ],
          [
            -0.2855518274009228,
            51.462242072448134
          ],
          [
            -0.28533012606203556,
            51.46232983097434
          ],
          [
            -0.2851158007979393,
            51.46241758950055
          ],
          [
            -0.2848919201642275,
            51.46250534802675
          ],
          [
            -0.2846876531839371,
            51.4625892508775
          ],
          [
            -0.28449151664972305,
            51.46266938187182
          ],
          [
            -0.2843001578003168,
            51.46274565719068
          ],
          [
            -0.2840894367545843,
            51.462818160653114
          ],
          [
            -0.28387393802404404,
            51.46288680844009
          ],
          [
            -0.28365952894091606,
            51.462951600551605
          ],
          [
            -0.2834561001509428,
            51.46302033215761
          ],
          [
            -0.2832600474357605,
            51.46308512426913
          ],
          [
            -0.28307078406214714,
            51.46316148340702
          ],
          [
            -0.28287473134696484,
            51.46322250366211
          ],
          [
            -0.28263241052627563,
            51.4633025508374
          ],
          [
            -0.2824605815112591,
            51.46339793689549
          ],
          [
            -0.2825776766985655,
            51.46351243369281
          ],
          [
            -0.2826785109937191,
            51.46363447420299
          ],
          [
            -0.28290255926549435,
            51.46369172260165
          ],
          [
            -0.28303499333560467,
            51.46356959827244
          ],
          [
            -0.2828292176127434,
            51.463485695421696
          ],
          [
            -0.2825886569917202,
            51.46349332295358
          ],
          [
            -0.282388161867857,
            51.463405564427376
          ],
          [
            -0.282153720036149,
            51.46343993023038
          ],
          [
            -0.2819537278264761,
            51.46351243369281
          ],
          [
            -0.28173831291496754,
            51.46358108147979
          ],
          [
            -0.28157017193734646,
            51.463703121989965
          ],
          [
            -0.2816156018525362,
            51.463859528303146
          ],
          [
            -0.28165876865386963,
            51.46402741782367
          ],
          [
            -0.2816944755613804,
            51.46421047858894
          ],
          [
            -0.2817201241850853,
            51.46439362317324
          ],
          [
            -0.28173831291496754,
            51.46458053961396
          ],
          [
            -0.28175356797873974,
            51.46474071778357
          ],
          [
            -0.28177100233733654,
            51.464893352240324
          ],
          [
            -0.28179019689559937,
            51.46504213102162
          ],
          [
            -0.2818109840154648,
            51.465187054127455
          ],
          [
            -0.28183084912598133,
            51.465324349701405
          ],
          [
            -0.2818634547293186,
            51.46549223922193
          ],
          [
            -0.2818323578685522,
            51.46564478985965
          ],
          [
            -0.28161970898509026,
            51.46569441072643
          ],
          [
            -0.2813434414565563,
            51.465740175917745
          ],
          [
            -0.2811157889664173,
            51.46577454172075
          ],
          [
            -0.28088411316275597,
            51.46580505184829
          ],
          [
            -0.28064380399882793,
            51.46583556197584
          ],
          [
            -0.2804039977490902,
            51.46586984395981
          ],
          [
            -0.2801629342138767,
            51.46590806543827
          ],
          [
            -0.2799194399267435,
            51.4659462030977
          ],
          [
            -0.27966689318418503,
            51.46598048508167
          ],
          [
            -0.27941434644162655,
            51.46602247841656
          ],
          [
            -0.2791612967848778,
            51.466056760400534
          ],
          [
            -0.27890782803297043,
            51.466094981878996
          ],
          [
            -0.2786577120423317,
            51.466133119538426
          ],
          [
            -0.2784155588597059,
            51.46617125719786
          ],
          [
            -0.27816795744001865,
            51.466190284118056
          ],
          [
            -0.2779210265725851,
            51.466190284118056
          ],
          [
            -0.2776829805225134,
            51.46614451892674
          ],
          [
            -0.277469577267766,
            51.46606438793242
          ],
          [
            -0.2772572636604309,
            51.46598434075713
          ],
          [
            -0.27705433778464794,
            51.465919464826584
          ],
          [
            -0.2768450416624546,
            51.46586221642792
          ],
          [
            -0.2766431216150522,
            51.46592332050204
          ],
          [
            -0.2764577977359295,
            51.46600722335279
          ],
          [
            -0.27628990821540356,
            51.46612163633108
          ],
          [
            -0.2761413808912039,
            51.46623990498483
          ],
          [
            -0.27598061598837376,
            51.466335291042924
          ],
          [
            -0.27574810199439526,
            51.46643444895744
          ],
          [
            -0.2755369618535042,
            51.46652220748365
          ],
          [
            -0.2753099799156189,
            51.46660233847797
          ],
          [
            -0.2750431839376688,
            51.466667130589485
          ],
          [
            -0.27481377124786377,
            51.46670149639249
          ],
          [
            -0.2745738811790943,
            51.46672437898815
          ],
          [
            -0.27434052899479866,
            51.466728150844574
          ],
          [
            -0.2740994654595852,
            51.46672052331269
          ],
          [
            -0.27385639026761055,
            51.46672437898815
          ],
          [
            -0.2736159134656191,
            51.46671675145626
          ],
          [
            -0.27336252853274345,
            51.46671675145626
          ],
          [
            -0.27311149053275585,
            51.4667128957808
          ],
          [
            -0.2728630509227514,
            51.46669764071703
          ],
          [
            -0.2726124320179224,
            51.46666335873306
          ],
          [
            -0.2723745536059141,
            51.46659848280251
          ],
          [
            -0.27215142734348774,
            51.46653746254742
          ],
          [
            -0.27192109264433384,
            51.46648021414876
          ],
          [
            -0.27167726308107376,
            51.466453559696674
          ],
          [
            -0.27142127975821495,
            51.466472586616874
          ],
          [
            -0.27115817181766033,
            51.46649932488799
          ],
          [
            -0.27090118266642094,
            51.466525979340076
          ],
          [
            -0.27065182104706764,
            51.466548861935735
          ],
          [
            -0.270396089181304,
            51.46657937206328
          ],
          [
            -0.27013733983039856,
            51.46660233847797
          ],
          [
            -0.2699093520641327,
            51.46662522107363
          ],
          [
            -0.2696317434310913,
            51.46664424799383
          ],
          [
            -0.2693986427038908,
            51.4666595030576
          ],
          [
            -0.2691569086164236,
            51.46667475812137
          ],
          [
            -0.26890779845416546,
            51.466686241328716
          ],
          [
            -0.2686689142137766,
            51.46669764071703
          ],
          [
            -0.2684452012181282,
            51.4667128957808
          ],
          [
            -0.2682566922158003,
            51.46679302677512
          ],
          [
            -0.26826406829059124,
            51.46694180555642
          ],
          [
            -0.2682720310986042,
            51.467082956805825
          ],
          [
            -0.268290638923645,
            51.46723550744355
          ],
          [
            -0.2683058939874172,
            51.4673881419003
          ],
          [
            -0.26831746101379395,
            51.46754069253802
          ],
          [
            -0.26834134943783283,
            51.46769332699478
          ],
          [
            -0.26836205273866653,
            51.46784973330796
          ],
          [
            -0.26835015043616295,
            51.46770472638309
          ],
          [
            -0.26832508854568005,
            51.467559803277254
          ],
          [
            -0.26829952374100685,
            51.46741479635239
          ],
          [
            -0.2682775631546974,
            51.46727750077844
          ],
          [
            -0.2682633139193058,
            51.467121094465256
          ],
          [
            -0.268265912309289,
            51.46697231568396
          ],
          [
            -0.2682426106184721,
            51.466823536902666
          ],
          [
            -0.2681265212595463,
            51.46669764071703
          ],
          [
            -0.2678924985229969,
            51.46668238565326
          ],
          [
            -0.2676179073750973,
            51.466670986264944
          ],
          [
            -0.2673446573317051,
            51.46664424799383
          ],
          [
            -0.26710099540650845,
            51.466609966009855
          ],
          [
            -0.2668841555714607,
            51.46661759354174
          ],
          [
            -0.2668409887701273,
            51.46675874479115
          ],
          [
            -0.266754487529397,
            51.466888412833214
          ],
          [
            -0.26652934961020947,
            51.46689981222153
          ],
          [
            -0.2662506513297558,
            51.46687692962587
          ],
          [
            -0.26600430719554424,
            51.4668426476419
          ],
          [
            -0.2657280396670103,
            51.46681213751435
          ],
          [
            -0.2655160613358021,
            51.46678162738681
          ],
          [
            -0.2653010655194521,
            51.46675874479115
          ],
          [
            -0.26502907276153564,
            51.46672437898815
          ],
          [
            -0.26477920822799206,
            51.46669764071703
          ],
          [
            -0.26452481746673584,
            51.46667861379683
          ],
          [
            -0.2642850112169981,
            51.4666938688606
          ],
          [
            -0.2641765493899584,
            51.46681590937078
          ],
          [
            -0.2640542574226856,
            51.46697994321585
          ],
          [
            -0.26395962573587894,
            51.46710583940148
          ],
          [
            -0.2638678438961506,
            51.46723550744355
          ],
          [
            -0.26376374065876007,
            51.467376658692956
          ],
          [
            -0.26366936042904854,
            51.46750641055405
          ],
          [
            -0.2635710407048464,
            51.467639934271574
          ],
          [
            -0.26332209818065166,
            51.46767044439912
          ],
          [
            -0.26305572129786015,
            51.46765133365989
          ],
          [
            -0.26277048513293266,
            51.467639934271574
          ],
          [
            -0.2625392284244299,
            51.467636078596115
          ],
          [
            -0.2623088099062443,
            51.46762845106423
          ],
          [
            -0.26208048686385155,
            51.467617051675916
          ],
          [
            -0.26184855960309505,
            51.46761319600046
          ],
          [
            -0.2616037242114544,
            51.467609340325
          ],
          [
            -0.26136668398976326,
            51.46760556846857
          ],
          [
            -0.26112427935004234,
            51.46760171279311
          ],
          [
            -0.2608763426542282,
            51.467594085261226
          ],
          [
            -0.2606289926916361,
            51.4675903134048
          ],
          [
            -0.26040184311568737,
            51.46758645772934
          ],
          [
            -0.2601803932338953,
            51.46758268587291
          ],
          [
            -0.2599581051617861,
            51.46757883019745
          ],
          [
            -0.2596739586442709,
            51.467594085261226
          ],
          [
            -0.2594507485628128,
            51.46760171279311
          ],
          [
            -0.2592122834175825,
            51.467609340325
          ],
          [
            -0.2589770033955574,
            51.4676246792078
          ],
          [
            -0.2587368618696928,
            51.46763230673969
          ],
          [
            -0.25848942808806896,
            51.467639934271574
          ],
          [
            -0.2582439221441746,
            51.467655189335346
          ],
          [
            -0.25800369679927826,
            51.46765896119177
          ],
          [
            -0.2577579393982887,
            51.46766658872366
          ],
          [
            -0.2575079072266817,
            51.467674216255546
          ],
          [
            -0.25726751424372196,
            51.46768569946289
          ],
          [
            -0.2570205833762884,
            51.467697098851204
          ],
          [
            -0.25676761753857136,
            51.467712353914976
          ],
          [
            -0.256504425778985,
            51.46772760897875
          ],
          [
            -0.2562662120908499,
            51.46773146465421
          ],
          [
            -0.25603638030588627,
            51.46774671971798
          ],
          [
            -0.2558034472167492,
            51.46775811910629
          ],
          [
            -0.2555572707206011,
            51.467773374170065
          ],
          [
            -0.25531050749123096,
            51.46778485737741
          ],
          [
            -0.2550693601369858,
            51.46780011244118
          ],
          [
            -0.2548401150852442,
            51.46780773997307
          ],
          [
            -0.25462260469794273,
            51.46781922318041
          ],
          [
            -0.25437424890697,
            51.467834478244185
          ],
          [
            -0.25413704104721546,
            51.46783062256873
          ],
          [
            -0.25399714708328247,
            51.467716209590435
          ],
          [
            -0.2538857515901327,
            51.467555947601795
          ],
          [
            -0.2537600230425596,
            51.46739576943219
          ],
          [
            -0.2536347974091768,
            51.46724313497543
          ],
          [
            -0.253539914265275,
            51.467121094465256
          ],
          [
            -0.2534462884068489,
            51.46699519827962
          ],
          [
            -0.253355847671628,
            51.4668616745621
          ],
          [
            -0.2531945798546076,
            51.46676251664758
          ],
          [
            -0.25298964232206345,
            51.46683502011001
          ],
          [
            -0.2528194058686495,
            51.466926550492644
          ],
          [
            -0.2526456490159035,
            51.46701808087528
          ],
          [
            -0.25245873257517815,
            51.467102067545056
          ],
          [
            -0.25227265432477,
            51.4671859703958
          ],
          [
            -0.2520875819027424,
            51.467281356453896
          ],
          [
            -0.2519013360142708,
            51.46737288683653
          ],
          [
            -0.25171668268740177,
            51.46747590042651
          ],
          [
            -0.25153295136988163,
            51.46756357513368
          ],
          [
            -0.25125215761363506,
            51.46757883019745
          ],
          [
            -0.25098133832216263,
            51.46756357513368
          ],
          [
            -0.2507377602159977,
            51.467559803277254
          ],
          [
            -0.2505034860223532,
            51.46756357513368
          ],
          [
            -0.25032754987478256,
            51.467479672282934
          ],
          [
            -0.25014448910951614,
            51.46738428622484
          ],
          [
            -0.2499444130808115,
            51.46728898398578
          ],
          [
            -0.24970225989818573,
            51.46719736978412
          ],
          [
            -0.24951760657131672,
            51.46711346693337
          ],
          [
            -0.2492964081466198,
            51.46701808087528
          ],
          [
            -0.24907252751290798,
            51.46691892296076
          ],
          [
            -0.24890514090657234,
            51.46683116443455
          ],
          [
            -0.24867606349289417,
            51.466728150844574
          ],
          [
            -0.2484557032585144,
            51.4666404761374
          ],
          [
            -0.24825185537338257,
            51.466552717611194
          ],
          [
            -0.2480494324117899,
            51.46647644229233
          ],
          [
            -0.24786419235169888,
            51.46660233847797
          ],
          [
            -0.24772195145487785,
            51.466743405908346
          ],
          [
            -0.2475980669260025,
            51.4668616745621
          ],
          [
            -0.24746982380747795,
            51.466983798891306
          ],
          [
            -0.24732842110097408,
            51.46711732260883
          ],
          [
            -0.24717486463487148,
            51.46725076250732
          ],
          [
            -0.247018625959754,
            51.46736903116107
          ],
          [
            -0.24686339311301708,
            51.46748729981482
          ],
          [
            -0.24671553634107113,
            51.467597940936685
          ],
          [
            -0.24655820801854134,
            51.467735236510634
          ],
          [
            -0.24638956412672997,
            51.467872615903616
          ],
          [
            -0.2462487481534481,
            51.46797940135002
          ],
          [
            -0.24609426967799664,
            51.46808618679643
          ],
          [
            -0.24592126719653606,
            51.46821208298206
          ],
          [
            -0.2457183413207531,
            51.468330351635814
          ],
          [
            -0.24554433301091194,
            51.46843713708222
          ],
          [
            -0.24539253674447536,
            51.4685401506722
          ],
          [
            -0.24522322230041027,
            51.46863930858672
          ],
          [
            -0.24505801498889923,
            51.46873092278838
          ],
          [
            -0.24485265836119652,
            51.46884533576667
          ],
          [
            -0.24466834031045437,
            51.46896737627685
          ],
          [
            -0.24447882547974586,
            51.4690666180104
          ],
          [
            -0.2442716248333454,
            51.469158148393035
          ],
          [
            -0.2440852951258421,
            51.469234423711896
          ],
          [
            -0.24389184080064297,
            51.46931832656264
          ],
          [
            -0.24372529238462448,
            51.469432823359966
          ],
          [
            -0.2437641005963087,
            51.46959685720503
          ],
          [
            -0.24389343336224556,
            51.469715125858784
          ],
          [
            -0.24402888491749763,
            51.46984093822539
          ],
          [
            -0.24420314468443394,
            51.4699820894748
          ],
          [
            -0.24434957653284073,
            51.470088958740234
          ],
          [
            -0.24448377080261707,
            51.47019574418664
          ],
          [
            -0.2443515881896019,
            51.470306385308504
          ],
          [
            -0.24411882273852825,
            51.47031015716493
          ],
          [
            -0.24388320744037628,
            51.47031015716493
          ],
          [
            -0.244089150801301,
            51.47035977803171
          ],
          [
            -0.24427246302366257,
            51.47047804668546
          ],
          [
            -0.24443951435387135,
            51.47061157040298
          ],
          [
            -0.2445993572473526,
            51.47073361091316
          ],
          [
            -0.24476800113916397,
            51.470859507098794
          ],
          [
            -0.2449282631278038,
            51.47098917514086
          ],
          [
            -0.24509531445801258,
            51.47110744379461
          ],
          [
            -0.24499347433447838,
            51.47122956812382
          ],
          [
            -0.24477764032781124,
            51.47120660170913
          ],
          [
            -0.24467596784234047,
            51.47107316181064
          ],
          [
            -0.24457186460494995,
            51.470947265625
          ],
          [
            -0.24444269947707653,
            51.470836624503136
          ],
          [
            -0.2443183120340109,
            51.470722211524844
          ],
          [
            -0.24419493041932583,
            51.47060771472752
          ],
          [
            -0.24407506920397282,
            51.47049330174923
          ],
          [
            -0.2439154777675867,
            51.47037126123905
          ],
          [
            -0.24365723133087158,
            51.47034829482436
          ],
          [
            -0.24343335069715977,
            51.470363633707166
          ],
          [
            -0.24318926967680454,
            51.47037503309548
          ],
          [
            -0.242942925542593,
            51.47037503309548
          ],
          [
            -0.24269381538033485,
            51.470386516302824
          ],
          [
            -0.24243850260972977,
            51.47039791569114
          ],
          [
            -0.2421843633055687,
            51.47040939889848
          ],
          [
            -0.24192603304982185,
            51.470424653962255
          ],
          [
            -0.2416654396802187,
            51.47043990902603
          ],
          [
            -0.2414106298238039,
            51.47045130841434
          ],
          [
            -0.24115405976772308,
            51.470462791621685
          ],
          [
            -0.24091006256639957,
            51.47047419101
          ],
          [
            -0.24067293852567673,
            51.470481818541884
          ],
          [
            -0.2404271811246872,
            51.47048567421734
          ],
          [
            -0.24017748422920704,
            51.47047804668546
          ],
          [
            -0.23992535658180714,
            51.4704551640898
          ],
          [
            -0.23967825807631016,
            51.470420798286796
          ],
          [
            -0.2394404634833336,
            51.470382660627365
          ],
          [
            -0.2392183430492878,
            51.470340667292476
          ],
          [
            -0.23899965919554234,
            51.47029490210116
          ],
          [
            -0.2387887705117464,
            51.470241509377956
          ],
          [
            -0.2385834977030754,
            51.47018048912287
          ],
          [
            -0.2383771352469921,
            51.470123240724206
          ],
          [
            -0.2381669171154499,
            51.47006222046912
          ],
          [
            -0.23790464736521244,
            51.46998971700668
          ],
          [
            -0.23768621496856213,
            51.47006222046912
          ],
          [
            -0.23754967376589775,
            51.47017286159098
          ],
          [
            -0.23740801960229874,
            51.470302529633045
          ],
          [
            -0.23727994412183762,
            51.47045130841434
          ],
          [
            -0.23716913536190987,
            51.47061157040298
          ],
          [
            -0.23707190528512,
            51.47077174857259
          ],
          [
            -0.23699764162302017,
            51.47092815488577
          ],
          [
            -0.23693662136793137,
            51.47110367193818
          ],
          [
            -0.23688917979598045,
            51.47126770578325
          ],
          [
            -0.2368692308664322,
            51.4714393671602
          ],
          [
            -0.23687300272285938,
            51.47160340100527
          ],
          [
            -0.236918767914176,
            51.471763579174876
          ],
          [
            -0.23708305321633816,
            51.47188947536051
          ],
          [
            -0.23733518086373806,
            51.47187036462128
          ],
          [
            -0.23761220276355743,
            51.471843710169196
          ],
          [
            -0.23788134567439556,
            51.471824599429965
          ],
          [
            -0.23813280276954174,
            51.47183608263731
          ],
          [
            -0.2382773905992508,
            51.471946723759174
          ],
          [
            -0.23836431093513966,
            51.4720802474767
          ],
          [
            -0.2384533267468214,
            51.47221754305065
          ],
          [
            -0.23854468949139118,
            51.4723548386246
          ],
          [
            -0.23863756097853184,
            51.472495989874005
          ],
          [
            -0.23872749879956245,
            51.472637141123414
          ],
          [
            -0.23882171139121056,
            51.47278214804828
          ],
          [
            -0.23891734890639782,
            51.47291944362223
          ],
          [
            -0.2390108909457922,
            51.47306059487164
          ],
          [
            -0.23910334333777428,
            51.47319789044559
          ],
          [
            -0.23919638246297836,
            51.473346669226885
          ],
          [
            -0.23929118178784847,
            51.47348019294441
          ],
          [
            -0.23938271217048168,
            51.47360986098647
          ],
          [
            -0.23947365581989288,
            51.47373575717211
          ],
          [
            -0.23958572186529636,
            51.473899791017175
          ],
          [
            -0.23968303576111794,
            51.4740333147347
          ],
          [
            -0.23977557197213173,
            51.474174465984106
          ],
          [
            -0.2398456446826458,
            51.474315617233515
          ],
          [
            -0.23983508348464966,
            51.47446054033935
          ],
          [
            -0.23975268937647343,
            51.47459791973233
          ],
          [
            -0.2396311517804861,
            51.47475809790194
          ],
          [
            -0.2395309042185545,
            51.474887849763036
          ],
          [
            -0.2394280582666397,
            51.475025145336986
          ],
          [
            -0.23935840465128422,
            51.47515481337905
          ],
          [
            -0.23935329169034958,
            51.47529596462846
          ],
          [
            -0.23933141492307186,
            51.4754562266171
          ],
          [
            -0.2392673771828413,
            51.47559737786651
          ],
          [
            -0.23919755592942238,
            51.47574230097234
          ],
          [
            -0.23910359479486942,
            51.475894935429096
          ],
          [
            -0.23903243243694305,
            51.47606659680605
          ],
          [
            -0.2389640361070633,
            51.47622677497566
          ],
          [
            -0.23888683877885342,
            51.47639466449618
          ],
          [
            -0.23881475441157818,
            51.47656247019768
          ],
          [
            -0.23873931728303432,
            51.47673413157463
          ],
          [
            -0.2386640477925539,
            51.47691342048347
          ],
          [
            -0.2385824080556631,
            51.47708893753588
          ],
          [
            -0.23850152269005775,
            51.47726437076926
          ],
          [
            -0.23842323571443558,
            51.47745128720999
          ],
          [
            -0.2383432723581791,
            51.47764205932617
          ],
          [
            -0.2382600400596857,
            51.4778289757669
          ],
          [
            -0.2381794061511755,
            51.478012036532164
          ],
          [
            -0.2381053939461708,
            51.478191325441
          ],
          [
            -0.23803255520761013,
            51.478366842493415
          ],
          [
            -0.2379539329558611,
            51.47855375893414
          ],
          [
            -0.2378690242767334,
            51.47873304784298
          ],
          [
            -0.23778746835887432,
            51.47891233675182
          ],
          [
            -0.2377056609839201,
            51.47908399812877
          ],
          [
            -0.2376272901892662,
            51.479251803830266
          ],
          [
            -0.23754808120429516,
            51.479412065818906
          ],
          [
            -0.2374676987528801,
            51.4795798715204
          ],
          [
            -0.2374132163822651,
            51.47975153289735
          ],
          [
            -0.237341970205307,
            51.47993082180619
          ],
          [
            -0.23726393468677998,
            51.48011773824692
          ],
          [
            -0.23718958720564842,
            51.480300882831216
          ],
          [
            -0.2371050976216793,
            51.48048779927194
          ],
          [
            -0.23702412843704224,
            51.480678571388125
          ],
          [
            -0.23693745955824852,
            51.480857860296965
          ],
          [
            -0.23685196414589882,
            51.481037149205804
          ],
          [
            -0.2367778681218624,
            51.481212582439184
          ],
          [
            -0.236703185364604,
            51.48139572702348
          ],
          [
            -0.23663269355893135,
            51.48157878778875
          ],
          [
            -0.23654954507946968,
            51.48176193237305
          ],
          [
            -0.23646949790418148,
            51.48194884881377
          ],
          [
            -0.23638986982405186,
            51.48212813772261
          ],
          [
            -0.2363121695816517,
            51.48230742663145
          ],
          [
            -0.2362262550741434,
            51.48249048739672
          ],
          [
            -0.23614159785211086,
            51.482669776305556
          ],
          [
            -0.23602617904543877,
            51.48284143768251
          ],
          [
            -0.23589139804244041,
            51.483009327203035
          ],
          [
            -0.23574957624077797,
            51.48316187784076
          ],
          [
            -0.23559610359370708,
            51.48331451229751
          ],
          [
            -0.23544447496533394,
            51.483463291078806
          ],
          [
            -0.2352885715663433,
            51.4836120698601
          ],
          [
            -0.2351317461580038,
            51.483760848641396
          ],
          [
            -0.2349721547216177,
            51.483917171135545
          ],
          [
            -0.23481725715100765,
            51.48406217806041
          ],
          [
            -0.2346667181700468,
            51.48419947363436
          ],
          [
            -0.23451978340744972,
            51.48434448055923
          ],
          [
            -0.2343764528632164,
            51.484493259340525
          ],
          [
            -0.2342250756919384,
            51.48464203812182
          ],
          [
            -0.23407562635838985,
            51.484786961227655
          ],
          [
            -0.23391561582684517,
            51.484924256801605
          ],
          [
            -0.23375870659947395,
            51.48506926372647
          ],
          [
            -0.23360003717243671,
            51.48521041497588
          ],
          [
            -0.23345427587628365,
            51.485340083017945
          ],
          [
            -0.23332091979682446,
            51.48546597920358
          ],
          [
            -0.23320332169532776,
            51.48558424785733
          ],
          [
            -0.23306912742555141,
            51.48570628836751
          ],
          [
            -0.23292613215744495,
            51.48584743961692
          ],
          [
            -0.2327929437160492,
            51.48598859086633
          ],
          [
            -0.23266302421689034,
            51.48610300384462
          ],
          [
            -0.23254115134477615,
            51.48622512817383
          ],
          [
            -0.23240611888468266,
            51.48633954115212
          ],
          [
            -0.23226815275847912,
            51.48645780980587
          ],
          [
            -0.23213387466967106,
            51.48657607845962
          ],
          [
            -0.23201853968203068,
            51.48669434711337
          ],
          [
            -0.2318781428039074,
            51.48683164268732
          ],
          [
            -0.23178703151643276,
            51.4869880490005
          ],
          [
            -0.23164847865700722,
            51.48711008951068
          ],
          [
            -0.23150531575083733,
            51.487239841371775
          ],
          [
            -0.23135938681662083,
            51.48736573755741
          ],
          [
            -0.23119887337088585,
            51.487495405599475
          ],
          [
            -0.2310657687485218,
            51.487632701173425
          ],
          [
            -0.23090902715921402,
            51.48777770809829
          ],
          [
            -0.23076703771948814,
            51.48792263120413
          ],
          [
            -0.23062781430780888,
            51.48807526566088
          ],
          [
            -0.23050610907375813,
            51.48818967863917
          ],
          [
            -0.2303758542984724,
            51.488304091617465
          ],
          [
            -0.23024777881801128,
            51.48841858841479
          ],
          [
            -0.2301198709756136,
            51.48852914571762
          ],
          [
            -0.22998936474323273,
            51.48864741437137
          ],
          [
            -0.22985810413956642,
            51.48877331055701
          ],
          [
            -0.22972935810685158,
            51.488899206742644
          ],
          [
            -0.22959809750318527,
            51.48902887478471
          ],
          [
            -0.22944604977965355,
            51.48917002603412
          ],
          [
            -0.2293064072728157,
            51.4893074054271
          ],
          [
            -0.22916240617632866,
            51.48944855667651
          ],
          [
            -0.22901354357600212,
            51.489581996575
          ],
          [
            -0.22889167070388794,
            51.489707892760634
          ],
          [
            -0.22877465933561325,
            51.48983378894627
          ],
          [
            -0.2285641897469759,
            51.48987955413759
          ],
          [
            -0.22843251004815102,
            51.48999405093491
          ],
          [
            -0.2283131517469883,
            51.49011231958866
          ],
          [
            -0.22818968631327152,
            51.49023050442338
          ],
          [
            -0.22806228138506413,
            51.4903450012207
          ],
          [
            -0.22785566747188568,
            51.490398393943906
          ],
          [
            -0.2276319544762373,
            51.490360256284475
          ],
          [
            -0.22738276049494743,
            51.49032974615693
          ],
          [
            -0.22717933170497417,
            51.49027249775827
          ],
          [
            -0.2269709575921297,
            51.49020762182772
          ],
          [
            -0.22677834145724773,
            51.49013520218432
          ],
          [
            -0.22656317800283432,
            51.49005121551454
          ],
          [
            -0.22636368870735168,
            51.489967312663794
          ],
          [
            -0.22645371034741402,
            51.48983764462173
          ],
          [
            -0.22666501812636852,
            51.48976136930287
          ],
          [
            -0.22688789293169975,
            51.48967361077666
          ],
          [
            -0.22712619043886662,
            51.489570597186685
          ],
          [
            -0.22732257843017578,
            51.48948283866048
          ],
          [
            -0.22752609103918076,
            51.48940270766616
          ],
          [
            -0.22772197611629963,
            51.4893264323473
          ],
          [
            -0.22781644016504288,
            51.48918528109789
          ],
          [
            -0.22768325172364712,
            51.489051757380366
          ],
          [
            -0.2275437768548727,
            51.48891068994999
          ],
          [
            -0.22740455344319344,
            51.48875428363681
          ],
          [
            -0.22725485265254974,
            51.48862838745117
          ],
          [
            -0.22709626704454422,
            51.488502491265535
          ],
          [
            -0.22695377469062805,
            51.488384222611785
          ],
          [
            -0.22681044414639473,
            51.48826980963349
          ],
          [
            -0.22666074335575104,
            51.48815154097974
          ],
          [
            -0.22651808336377144,
            51.48802178911865
          ],
          [
            -0.22634927183389664,
            51.48791500367224
          ],
          [
            -0.22612606175243855,
            51.48797602392733
          ],
          [
            -0.22591190412640572,
            51.48807903751731
          ],
          [
            -0.22569640539586544,
            51.4881744235754
          ],
          [
            -0.225489791482687,
            51.48825832642615
          ],
          [
            -0.2252726163715124,
            51.488346084952354
          ],
          [
            -0.2250868733972311,
            51.48841858841479
          ],
          [
            -0.2248396910727024,
            51.48845287039876
          ],
          [
            -0.22466367110610008,
            51.48833460174501
          ],
          [
            -0.22453492507338524,
            51.48819730617106
          ],
          [
            -0.2244078554213047,
            51.48806378245354
          ],
          [
            -0.22428816184401512,
            51.487930258736014
          ],
          [
            -0.22416888736188412,
            51.487792963162065
          ],
          [
            -0.2240381296724081,
            51.4876479562372
          ],
          [
            -0.22393092513084412,
            51.4874991774559
          ],
          [
            -0.22387920878827572,
            51.487354254350066
          ],
          [
            -0.22390502505004406,
            51.48718644864857
          ],
          [
            -0.22407291457057,
            51.48705292493105
          ],
          [
            -0.22427257150411606,
            51.48696893826127
          ],
          [
            -0.22445269860327244,
            51.486866008490324
          ],
          [
            -0.2243610005825758,
            51.48671337403357
          ],
          [
            -0.22423384711146355,
            51.486564595252275
          ],
          [
            -0.2241296600550413,
            51.4864425547421
          ],
          [
            -0.22399689070880413,
            51.486289920285344
          ],
          [
            -0.22387283854186535,
            51.48613351397216
          ],
          [
            -0.2237647119909525,
            51.485992446541786
          ],
          [
            -0.22365893237292767,
            51.48586655035615
          ],
          [
            -0.2235497161746025,
            51.48573302663863
          ],
          [
            -0.2234435174614191,
            51.48558039218187
          ],
          [
            -0.22332558408379555,
            51.48542784154415
          ],
          [
            -0.22319725714623928,
            51.48527143523097
          ],
          [
            -0.22309726104140282,
            51.48514939472079
          ],
          [
            -0.22299684584140778,
            51.485023498535156
          ],
          [
            -0.22289115004241467,
            51.48490137420595
          ],
          [
            -0.22278889082372189,
            51.48477933369577
          ],
          [
            -0.22268084809184074,
            51.48466106504202
          ],
          [
            -0.22257900796830654,
            51.48453516885638
          ],
          [
            -0.22246467880904675,
            51.484409272670746
          ],
          [
            -0.22236300632357597,
            51.48428346030414
          ],
          [
            -0.22226108238101006,
            51.48416133597493
          ],
          [
            -0.22217047400772572,
            51.484035439789295
          ],
          [
            -0.22209235467016697,
            51.48390577174723
          ],
          [
            -0.22198841907083988,
            51.483737882226706
          ],
          [
            -0.22190971300005913,
            51.483604442328215
          ],
          [
            -0.2218419872224331,
            51.48346706293523
          ],
          [
            -0.2217673882842064,
            51.48333353921771
          ],
          [
            -0.2216601837426424,
            51.483165733516216
          ],
          [
            -0.22155985236167908,
            51.483005471527576
          ],
          [
            -0.22144602611660957,
            51.482887202873826
          ],
          [
            -0.22123681381344795,
            51.482929196208715
          ],
          [
            -0.22099063731729984,
            51.48301695473492
          ],
          [
            -0.2207960095256567,
            51.483085602521896
          ],
          [
            -0.2206038124859333,
            51.48315425030887
          ],
          [
            -0.22040650248527527,
            51.483222898095846
          ],
          [
            -0.22020877338945866,
            51.48329540155828
          ],
          [
            -0.22001716308295727,
            51.483364049345255
          ],
          [
            -0.2198092918843031,
            51.48343278095126
          ],
          [
            -0.2195892669260502,
            51.48348994553089
          ],
          [
            -0.21935348398983479,
            51.48356622084975
          ],
          [
            -0.21912893280386925,
            51.483604442328215
          ],
          [
            -0.21891008131206036,
            51.483604442328215
          ],
          [
            -0.21866390481591225,
            51.48358533158898
          ],
          [
            -0.21841362118721008,
            51.483558593317866
          ],
          [
            -0.21815260872244835,
            51.48352808319032
          ],
          [
            -0.21788950078189373,
            51.48349757306278
          ],
          [
            -0.21763326600193977,
            51.48347091861069
          ],
          [
            -0.21737493574619293,
            51.48344040848315
          ],
          [
            -0.21712708286941051,
            51.48341752588749
          ],
          [
            -0.21686808206140995,
            51.48338693194091
          ],
          [
            -0.2166135236620903,
            51.48336027748883
          ],
          [
            -0.21637246012687683,
            51.483325911685824
          ],
          [
            -0.2161446399986744,
            51.48329162970185
          ],
          [
            -0.21592285484075546,
            51.48323823697865
          ],
          [
            -0.21570710465312004,
            51.48316187784076
          ],
          [
            -0.2154950425028801,
            51.483089458197355
          ],
          [
            -0.2152805496007204,
            51.483005471527576
          ],
          [
            -0.21506563760340214,
            51.482929196208715
          ],
          [
            -0.21485458128154278,
            51.482852920889854
          ],
          [
            -0.21463505923748016,
            51.48279567249119
          ],
          [
            -0.2144250087440014,
            51.48274227976799
          ],
          [
            -0.21421688608825207,
            51.48269651457667
          ],
          [
            -0.21399987861514091,
            51.48264312185347
          ],
          [
            -0.21376526914536953,
            51.482635494321585
          ],
          [
            -0.2135123871266842,
            51.482673631981015
          ],
          [
            -0.2132951281964779,
            51.48270414210856
          ],
          [
            -0.21306353621184826,
            51.48273088037968
          ],
          [
            -0.2128307707607746,
            51.48276139050722
          ],
          [
            -0.21260001696646214,
            51.48279952816665
          ],
          [
            -0.21237320266664028,
            51.48286054842174
          ],
          [
            -0.2121326420456171,
            51.48292542435229
          ],
          [
            -0.21188965067267418,
            51.48299407213926
          ],
          [
            -0.21165051497519016,
            51.48305123671889
          ],
          [
            -0.21139821968972683,
            51.48309708572924
          ],
          [
            -0.2111274003982544,
            51.48312374018133
          ],
          [
            -0.21086798049509525,
            51.48313522338867
          ],
          [
            -0.21060545928776264,
            51.48313522338867
          ],
          [
            -0.21033648401498795,
            51.48314285092056
          ],
          [
            -0.21007957868278027,
            51.483165733516216
          ],
          [
            -0.20985075272619724,
            51.483226753771305
          ],
          [
            -0.20963776856660843,
            51.48329162970185
          ],
          [
            -0.20942545495927334,
            51.48336027748883
          ],
          [
            -0.2092057652771473,
            51.48344040848315
          ],
          [
            -0.20898615941405296,
            51.48352808319032
          ],
          [
            -0.20875523798167706,
            51.48359681479633
          ],
          [
            -0.20852498710155487,
            51.48365783505142
          ],
          [
            -0.20828585140407085,
            51.48372648283839
          ],
          [
            -0.20804612897336483,
            51.48378750309348
          ],
          [
            -0.20781378261744976,
            51.48385237902403
          ],
          [
            -0.20757791586220264,
            51.483917171135545
          ],
          [
            -0.20734271965920925,
            51.48398590274155
          ],
          [
            -0.20710693672299385,
            51.484054550528526
          ],
          [
            -0.20687450654804707,
            51.484119426459074
          ],
          [
            -0.2066405676305294,
            51.48418044671416
          ],
          [
            -0.206404784694314,
            51.48422998376191
          ],
          [
            -0.20615299232304096,
            51.48426820524037
          ],
          [
            -0.2058945782482624,
            51.48431011475623
          ],
          [
            -0.20563616417348385,
            51.484352108091116
          ],
          [
            -0.2053799293935299,
            51.484394017606974
          ],
          [
            -0.20513308234512806,
            51.48443986661732
          ],
          [
            -0.2048974670469761,
            51.48448563180864
          ],
          [
            -0.20466101355850697,
            51.48453902453184
          ],
          [
            -0.20443830639123917,
            51.484611527994275
          ],
          [
            -0.20419824868440628,
            51.48470305837691
          ],
          [
            -0.20396347157657146,
            51.484786961227655
          ],
          [
            -0.20372970029711723,
            51.484863236546516
          ],
          [
            -0.2034981083124876,
            51.484943367540836
          ],
          [
            -0.2032905723899603,
            51.485046381130815
          ],
          [
            -0.20310776308178902,
            51.48515702225268
          ],
          [
            -0.20292889326810837,
            51.485263807699084
          ],
          [
            -0.20276661962270737,
            51.48536682128906
          ],
          [
            -0.20262932404875755,
            51.48547360673547
          ],
          [
            -0.20271800458431244,
            51.48560327477753
          ],
          [
            -0.2024929504841566,
            51.48559187538922
          ],
          [
            -0.20227795466780663,
            51.485637640580535
          ],
          [
            -0.20206564106047153,
            51.48568340577185
          ],
          [
            -0.20180722698569298,
            51.48572154343128
          ],
          [
            -0.20158586092293262,
            51.485774936154485
          ],
          [
            -0.20137103274464607,
            51.48582078516483
          ],
          [
            -0.20115679129958153,
            51.48587032221258
          ],
          [
            -0.20089318044483662,
            51.48592371493578
          ],
          [
            -0.20067449659109116,
            51.48595808073878
          ],
          [
            -0.20046913996338844,
            51.4860038459301
          ],
          [
            -0.20025934092700481,
            51.48604583926499
          ],
          [
            -0.20003839395940304,
            51.48609537631273
          ],
          [
            -0.19982884638011456,
            51.48613736964762
          ],
          [
            -0.1996183767914772,
            51.48618313483894
          ],
          [
            -0.19939608871936798,
            51.48623652756214
          ],
          [
            -0.19917145371437073,
            51.48628614842892
          ],
          [
            -0.1989583857357502,
            51.48633576929569
          ],
          [
            -0.19874515011906624,
            51.486389162018895
          ],
          [
            -0.19852864556014538,
            51.48645395413041
          ],
          [
            -0.19831616431474686,
            51.486526457592845
          ],
          [
            -0.1980692334473133,
            51.48661421611905
          ],
          [
            -0.19782540388405323,
            51.48670197464526
          ],
          [
            -0.1975790597498417,
            51.48679727688432
          ],
          [
            -0.1973923109471798,
            51.48686978034675
          ],
          [
            -0.19719919189810753,
            51.486938428133726
          ],
          [
            -0.19696785137057304,
            51.48702618665993
          ],
          [
            -0.1967215072363615,
            51.48711394518614
          ],
          [
            -0.1964791025966406,
            51.487190220505
          ],
          [
            -0.19623703323304653,
            51.487274123355746
          ],
          [
            -0.19601725973188877,
            51.487358110025525
          ],
          [
            -0.19579128362238407,
            51.4874457847327
          ],
          [
            -0.19558768719434738,
            51.48752591572702
          ],
          [
            -0.19537679851055145,
            51.48760604672134
          ],
          [
            -0.19515937194228172,
            51.4876823220402
          ],
          [
            -0.19497002474963665,
            51.48776245303452
          ],
          [
            -0.1947764866054058,
            51.48784250020981
          ],
          [
            -0.19454682245850563,
            51.48792648687959
          ],
          [
            -0.1943756639957428,
            51.48801801726222
          ],
          [
            -0.19447465427219868,
            51.48815531283617
          ],
          [
            -0.1945836190134287,
            51.488285064697266
          ],
          [
            -0.1946860458701849,
            51.48845287039876
          ],
          [
            -0.1947318110615015,
            51.48858639411628
          ],
          [
            -0.19475586712360382,
            51.48876568302512
          ],
          [
            -0.19474932923913002,
            51.4889030624181
          ],
          [
            -0.19473248161375523,
            51.489051757380366
          ],
          [
            -0.194714879617095,
            51.48922341875732
          ],
          [
            -0.19461111165583134,
            51.48936842568219
          ],
          [
            -0.1944883167743683,
            51.48950572125614
          ],
          [
            -0.19432260654866695,
            51.48962021805346
          ],
          [
            -0.1941534597426653,
            51.48974225856364
          ],
          [
            -0.19398892298340797,
            51.48987578228116
          ],
          [
            -0.1938245538622141,
            51.48997494019568
          ],
          [
            -0.19362221471965313,
            51.49004744365811
          ],
          [
            -0.19341157749295235,
            51.49011609144509
          ],
          [
            -0.19320840016007423,
            51.49018859490752
          ],
          [
            -0.19299818202853203,
            51.490261014550924
          ],
          [
            -0.19277396611869335,
            51.49032589048147
          ],
          [
            -0.1925385184586048,
            51.490398393943906
          ],
          [
            -0.19232788123190403,
            51.490478524938226
          ],
          [
            -0.19211255013942719,
            51.49056242778897
          ],
          [
            -0.19189026206731796,
            51.49063493125141
          ],
          [
            -0.1916824746876955,
            51.49068069644272
          ],
          [
            -0.19146479666233063,
            51.4907493442297
          ],
          [
            -0.19127712585031986,
            51.49082184769213
          ],
          [
            -0.1910480484366417,
            51.49086761288345
          ],
          [
            -0.19084319472312927,
            51.490932404994965
          ],
          [
            -0.19062241539359093,
            51.4910049084574
          ],
          [
            -0.19038554280996323,
            51.49107741191983
          ],
          [
            -0.19015738740563393,
            51.49115754291415
          ],
          [
            -0.18996326252818108,
            51.49122619070113
          ],
          [
            -0.18976385705173016,
            51.49129098281264
          ],
          [
            -0.18950426951050758,
            51.49137111380696
          ],
          [
            -0.18925155512988567,
            51.49145887233317
          ],
          [
            -0.1890022773295641,
            51.49153514765203
          ],
          [
            -0.18879021517932415,
            51.491603795439005
          ],
          [
            -0.18867705948650837,
            51.491741174831986
          ],
          [
            -0.18877931870520115,
            51.49186707101762
          ],
          [
            -0.18888727761805058,
            51.49198525585234
          ],
          [
            -0.18865677528083324,
            51.491939490661025
          ],
          [
            -0.18843943253159523,
            51.49200436659157
          ],
          [
            -0.18821798264980316,
            51.492061614990234
          ],
          [
            -0.18798882141709328,
            51.49214551784098
          ],
          [
            -0.18774256110191345,
            51.492214165627956
          ],
          [
            -0.18752027302980423,
            51.49228281341493
          ],
          [
            -0.187276192009449,
            51.492336289957166
          ],
          [
            -0.1870359666645527,
            51.49238968268037
          ],
          [
            -0.1867725234478712,
            51.49246210232377
          ],
          [
            -0.1865596231073141,
            51.49252320639789
          ],
          [
            -0.186335239559412,
            51.49258037097752
          ],
          [
            -0.18610733561217785,
            51.49264524690807
          ],
          [
            -0.18587792292237282,
            51.4927177503705
          ],
          [
            -0.18564012832939625,
            51.49277877062559
          ],
          [
            -0.18540962599217892,
            51.49282453581691
          ],
          [
            -0.18519563600420952,
            51.492870301008224
          ],
          [
            -0.18498768098652363,
            51.492908438667655
          ],
          [
            -0.18477746285498142,
            51.492950432002544
          ],
          [
            -0.1845203060656786,
            51.49300382472575
          ],
          [
            -0.18430975265800953,
            51.49306107312441
          ],
          [
            -0.18406324088573456,
            51.4931411202997
          ],
          [
            -0.18379602581262589,
            51.49318688549101
          ],
          [
            -0.18355278298258781,
            51.49322125129402
          ],
          [
            -0.18331876024603844,
            51.49326701648533
          ],
          [
            -0.18308909609913826,
            51.49330138228834
          ],
          [
            -0.18287116661667824,
            51.49333189241588
          ],
          [
            -0.18228820525109768,
            51.49345393292606
          ],
          [
            -0.18206968903541565,
            51.4934844430536
          ],
          [
            -0.18182896077632904,
            51.49347304366529
          ],
          [
            -0.18158085644245148,
            51.49349207058549
          ],
          [
            -0.18133778125047684,
            51.49353791959584
          ],
          [
            -0.181080037727952,
            51.49358745664358
          ],
          [
            -0.18080377019941807,
            51.4936141949147
          ],
          [
            -0.18052758648991585,
            51.49363707751036
          ],
          [
            -0.18026892095804214,
            51.49367135949433
          ],
          [
            -0.18001855351030827,
            51.49371335282922
          ],
          [
            -0.1797670964151621,
            51.493740091100335
          ],
          [
            -0.1795024797320366,
            51.49378200061619
          ],
          [
            -0.17926543951034546,
            51.49382399395108
          ],
          [
            -0.1790418941527605,
            51.49385450407863
          ],
          [
            -0.17877576872706413,
            51.493873530998826
          ],
          [
            -0.17850855365395546,
            51.49389264173806
          ],
          [
            -0.17827427946031094,
            51.49390026926994
          ],
          [
            -0.17804553732275963,
            51.493919380009174
          ],
          [
            -0.17781696282327175,
            51.49394226260483
          ],
          [
            -0.17759207636117935,
            51.49396514520049
          ],
          [
            -0.17736551351845264,
            51.49398417212069
          ],
          [
            -0.17714230343699455,
            51.493995655328035
          ],
          [
            -0.17692211084067822,
            51.49402230978012
          ],
          [
            -0.17667886801064014,
            51.49404904805124
          ],
          [
            -0.17643973231315613,
            51.494071930646896
          ],
          [
            -0.1761902030557394,
            51.49410244077444
          ],
          [
            -0.17591376788914204,
            51.49412155151367
          ],
          [
            -0.17564361914992332,
            51.4941253233701
          ],
          [
            -0.17539073713123798,
            51.494152061641216
          ],
          [
            -0.17517666332423687,
            51.4941787160933
          ],
          [
            -0.17496217042207718,
            51.49420545436442
          ],
          [
            -0.17473384737968445,
            51.49422456510365
          ],
          [
            -0.17471054568886757,
            51.49439999833703
          ],
          [
            -0.17472253181040287,
            51.49454114958644
          ],
          [
            -0.17464734613895416,
            51.494686072692275
          ],
          [
            -0.17446327954530716,
            51.4948005694896
          ],
          [
            -0.1742636226117611,
            51.494903499260545
          ],
          [
            -0.1740464475005865,
            51.49499511346221
          ],
          [
            -0.17386523075401783,
            51.4950904995203
          ],
          [
            -0.1736658252775669,
            51.495182029902935
          ],
          [
            -0.17348838038742542,
            51.49529644288123
          ],
          [
            -0.1735089998692274,
            51.495441449806094
          ],
          [
            -0.17351671122014523,
            51.495594000443816
          ],
          [
            -0.17354244366288185,
            51.495754178613424
          ],
          [
            -0.1735683437436819,
            51.49589918553829
          ],
          [
            -0.17360245808959007,
            51.49605559185147
          ],
          [
            -0.1736331358551979,
            51.49621962569654
          ],
          [
            -0.17367160879075527,
            51.49637980386615
          ],
          [
            -0.17371343448758125,
            51.496543837711215
          ],
          [
            -0.1737599540501833,
            51.49667736142874
          ],
          [
            -0.17377814278006554,
            51.496822368353605
          ],
          [
            -0.17380169592797756,
            51.49697491899133
          ],
          [
            -0.17383748665452003,
            51.49714280851185
          ],
          [
            -0.17387746833264828,
            51.497299131006
          ],
          [
            -0.17392507754266262,
            51.497470792382956
          ],
          [
            -0.17398911528289318,
            51.49763868190348
          ],
          [
            -0.1740382332354784,
            51.497810343280435
          ],
          [
            -0.17405910417437553,
            51.49795912206173
          ],
          [
            -0.17408165149390697,
            51.49813841097057
          ],
          [
            -0.17410151660442352,
            51.49827956221998
          ],
          [
            -0.17411249689757824,
            51.498420713469386
          ],
          [
            -0.17412926070392132,
            51.49856563657522
          ],
          [
            -0.17416094429790974,
            51.49870678782463
          ],
          [
            -0.17419078387320042,
            51.49886704981327
          ],
          [
            -0.17423571087419987,
            51.49903108365834
          ],
          [
            -0.17426923848688602,
            51.49919888935983
          ],
          [
            -0.1743115670979023,
            51.49935529567301
          ],
          [
            -0.1743524707853794,
            51.499507846310735
          ],
          [
            -0.1743834838271141,
            51.4996718801558
          ],
          [
            -0.17441575415432453,
            51.49981688708067
          ],
          [
            -0.17446495592594147,
            51.499965665861964
          ],
          [
            -0.1744875032454729,
            51.50010681711137
          ],
          [
            -0.17449328675866127,
            51.50026699528098
          ],
          [
            -0.1744923647493124,
            51.500415774062276
          ],
          [
            -0.17450074665248394,
            51.50056069716811
          ],
          [
            -0.17450007610023022,
            51.50072095915675
          ],
          [
            -0.17449756152927876,
            51.500873509794474
          ],
          [
            -0.17449848353862762,
            51.501041399315
          ],
          [
            -0.17452002502977848,
            51.501209205016494
          ],
          [
            -0.17454651184380054,
            51.501346584409475
          ],
          [
            -0.17458590678870678,
            51.501483879983425
          ],
          [
            -0.17462002113461494,
            51.50162125937641
          ],
          [
            -0.17464223317801952,
            51.50175855495036
          ],
          [
            -0.17464332282543182,
            51.501918733119965
          ],
          [
            -0.1746268104761839,
            51.50205988436937
          ],
          [
            -0.17453720793128014,
            51.50218963623047
          ],
          [
            -0.17427854239940643,
            51.50223917327821
          ],
          [
            -0.17402909696102142,
            51.50223917327821
          ],
          [
            -0.17376137897372246,
            51.50223917327821
          ],
          [
            -0.1734795793890953,
            51.502231545746326
          ],
          [
            -0.17325536347925663,
            51.50223917327821
          ],
          [
            -0.17298320308327675,
            51.502235401421785
          ],
          [
            -0.17270760610699654,
            51.5022468008101
          ],
          [
            -0.17247417010366917,
            51.5022468008101
          ],
          [
            -0.1722336933016777,
            51.502254428341985
          ],
          [
            -0.17200042493641376,
            51.502254428341985
          ],
          [
            -0.17176288180053234,
            51.502258284017444
          ],
          [
            -0.1714963372796774,
            51.50226205587387
          ],
          [
            -0.17122400924563408,
            51.50226591154933
          ],
          [
            -0.17095503397285938,
            51.50226968340576
          ],
          [
            -0.1706822868436575,
            51.502273539081216
          ],
          [
            -0.17041356302797794,
            51.50227731093764
          ],
          [
            -0.17016436904668808,
            51.50227731093764
          ],
          [
            -0.1699325256049633,
            51.50227731093764
          ],
          [
            -0.16968316398561,
            51.50227731093764
          ],
          [
            -0.1694305334240198,
            51.5022811666131
          ],
          [
            -0.16915803775191307,
            51.5022811666131
          ],
          [
            -0.16889182850718498,
            51.50228493846953
          ],
          [
            -0.16862595453858376,
            51.50228493846953
          ],
          [
            -0.16835681162774563,
            51.50228879414499
          ],
          [
            -0.16808456741273403,
            51.50228879414499
          ],
          [
            -0.1678044442087412,
            51.50229264982045
          ],
          [
            -0.16755122691392899,
            51.502296421676874
          ],
          [
            -0.16729281283915043,
            51.502296421676874
          ],
          [
            -0.1670188084244728,
            51.50230790488422
          ],
          [
            -0.16674312762916088,
            51.502315532416105
          ],
          [
            -0.16646426171064377,
            51.50231930427253
          ],
          [
            -0.16617994755506516,
            51.50231930427253
          ],
          [
            -0.16589823178946972,
            51.50231930427253
          ],
          [
            -0.16562992706894875,
            51.50233078747988
          ],
          [
            -0.16537017188966274,
            51.50234218686819
          ],
          [
            -0.16511301510035992,
            51.502353670075536
          ],
          [
            -0.1648618932813406,
            51.502372696995735
          ],
          [
            -0.16459652222692966,
            51.50238795205951
          ],
          [
            -0.1643222663551569,
            51.502410834655166
          ],
          [
            -0.16402252949774265,
            51.502433717250824
          ],
          [
            -0.16371600329875946,
            51.50245659984648
          ],
          [
            -0.16339958645403385,
            51.50247571058571
          ],
          [
            -0.1630807388573885,
            51.50249859318137
          ],
          [
            -0.16286540776491165,
            51.50252147577703
          ],
          [
            -0.1625623181462288,
            51.5025367308408
          ],
          [
            -0.16227289102971554,
            51.50255961343646
          ],
          [
            -0.16197030432522297,
            51.50257872417569
          ],
          [
            -0.1616748422384262,
            51.50260160677135
          ],
          [
            -0.16137979924678802,
            51.50262448936701
          ],
          [
            -0.1610818225890398,
            51.50264360010624
          ],
          [
            -0.16078895889222622,
            51.50265885517001
          ],
          [
            -0.1605063211172819,
            51.50267788209021
          ],
          [
            -0.16022594645619392,
            51.502689365297556
          ],
          [
            -0.15995973721146584,
            51.502708392217755
          ],
          [
            -0.1596775185316801,
            51.502731274813414
          ],
          [
            -0.15938901342451572,
            51.502750385552645
          ],
          [
            -0.15909933485090733,
            51.5027732681483
          ],
          [
            -0.1588699221611023,
            51.502788523212075
          ],
          [
            -0.1586467120796442,
            51.502807633951306
          ],
          [
            -0.15841830521821976,
            51.50283428840339
          ],
          [
            -0.15816877596080303,
            51.50285717099905
          ],
          [
            -0.1579355075955391,
            51.50287628173828
          ],
          [
            -0.1576812844723463,
            51.50289530865848
          ],
          [
            -0.15742136165499687,
            51.50291441939771
          ],
          [
            -0.1571595948189497,
            51.5029410738498
          ],
          [
            -0.15689724124968052,
            51.50295632891357
          ],
          [
            -0.15663279220461845,
            51.50297929532826
          ],
          [
            -0.1563689298927784,
            51.50300217792392
          ],
          [
            -0.15610129572451115,
            51.503028832376
          ],
          [
            -0.15585151500999928,
            51.50305934250355
          ],
          [
            -0.15561682172119617,
            51.50307845324278
          ],
          [
            -0.15538640320301056,
            51.50309748016298
          ],
          [
            -0.15515942126512527,
            51.50311659090221
          ],
          [
            -0.15488424338400364,
            51.503143245354295
          ],
          [
            -0.15461644157767296,
            51.503166211768985
          ],
          [
            -0.15435920096933842,
            51.503185238689184
          ],
          [
            -0.15410145744681358,
            51.503227232024074
          ],
          [
            -0.1538374274969101,
            51.50325774215162
          ],
          [
            -0.1535668596625328,
            51.50329202413559
          ],
          [
            -0.15331171452999115,
            51.503341645002365
          ],
          [
            -0.15311574563384056,
            51.50342554785311
          ],
          [
            -0.15292329713702202,
            51.50349427945912
          ],
          [
            -0.1527418289333582,
            51.50340652093291
          ],
          [
            -0.15265105292201042,
            51.50327299721539
          ],
          [
            -0.15254502184689045,
            51.50315095670521
          ],
          [
            -0.1523901242762804,
            51.50305557064712
          ],
          [
            -0.15221728943288326,
            51.502963956445456
          ],
          [
            -0.1520188059657812,
            51.502906791865826
          ],
          [
            -0.15187782235443592,
            51.50279615074396
          ],
          [
            -0.15176198445260525,
            51.50267788209021
          ],
          [
            -0.15155394561588764,
            51.502628261223435
          ],
          [
            -0.15132268890738487,
            51.50261686183512
          ],
          [
            -0.15110760927200317,
            51.50263597257435
          ],
          [
            -0.1508838962763548,
            51.50265885517001
          ],
          [
            -0.15066789463162422,
            51.50264360010624
          ],
          [
            -0.15044191852211952,
            51.502628261223435
          ],
          [
            -0.15021267347037792,
            51.50264360010624
          ],
          [
            -0.1499713584780693,
            51.502628261223435
          ],
          [
            -0.14975317753851414,
            51.50263974443078
          ],
          [
            -0.14951974153518677,
            51.50263974443078
          ],
          [
            -0.1492727268487215,
            51.502632116898894
          ],
          [
            -0.14905580319464207,
            51.502628261223435
          ],
          [
            -0.14882152900099754,
            51.50262448936701
          ],
          [
            -0.14857803471386433,
            51.502609234303236
          ],
          [
            -0.14831718988716602,
            51.50259775109589
          ],
          [
            -0.14805148355662823,
            51.50258249603212
          ],
          [
            -0.14777680858969688,
            51.50256724096835
          ],
          [
            -0.14747782610356808,
            51.50255961343646
          ],
          [
            -0.14718102291226387,
            51.50254435837269
          ],
          [
            -0.14689126051962376,
            51.5025367308408
          ],
          [
            -0.14659864827990532,
            51.50252533145249
          ],
          [
            -0.14629865996539593,
            51.50251007638872
          ],
          [
            -0.1460012700408697,
            51.50249859318137
          ],
          [
            -0.1456951629370451,
            51.50248719379306
          ],
          [
            -0.1454017125070095,
            51.50247956626117
          ],
          [
            -0.14511169865727425,
            51.50246808305383
          ],
          [
            -0.14481615275144577,
            51.50245659984648
          ],
          [
            -0.14451750554144382,
            51.50244520045817
          ],
          [
            -0.14420553110539913,
            51.5024299453944
          ],
          [
            -0.1439809799194336,
            51.50241846218705
          ],
          [
            -0.14376246370375156,
            51.50241846218705
          ],
          [
            -0.14344068244099617,
            51.502410834655166
          ],
          [
            -0.14314035885035992,
            51.50239943526685
          ],
          [
            -0.14289116486907005,
            51.50238795205951
          ],
          [
            -0.14265705831348896,
            51.50238418020308
          ],
          [
            -0.142400823533535,
            51.50238032452762
          ],
          [
            -0.14218037948012352,
            51.50232693180442
          ],
          [
            -0.1419591810554266,
            51.50228493846953
          ],
          [
            -0.14172909781336784,
            51.50227731093764
          ],
          [
            -0.14144646003842354,
            51.50226205587387
          ],
          [
            -0.14120900072157383,
            51.50226968340576
          ],
          [
            -0.14097983948886395,
            51.5022811666131
          ],
          [
            -0.14075604267418385,
            51.50230404920876
          ],
          [
            -0.1404906716197729,
            51.50230404920876
          ],
          [
            -0.140260336920619,
            51.502258284017444
          ],
          [
            -0.14007576741278172,
            51.50214001536369
          ],
          [
            -0.13994651846587658,
            51.50201034732163
          ],
          [
            -0.13988499529659748,
            51.501838685944676
          ],
          [
            -0.13995196670293808,
            51.50167079642415
          ],
          [
            -0.14006076380610466,
            51.501522017642856
          ],
          [
            -0.13997728005051613,
            51.50137709453702
          ],
          [
            -0.13984744437038898,
            51.50125497020781
          ],
          [
            -0.13969263061881065,
            51.50112153030932
          ],
          [
            -0.139535553753376,
            51.50098037905991
          ],
          [
            -0.13939968310296535,
            51.50086588226259
          ],
          [
            -0.13924704864621162,
            51.50072095915675
          ],
          [
            -0.13911855407059193,
            51.50060654617846
          ],
          [
            -0.13893180526793003,
            51.50050730444491
          ],
          [
            -0.13870926573872566,
            51.50052641518414
          ],
          [
            -0.1384474989026785,
            51.5005492977798
          ],
          [
            -0.13823225162923336,
            51.50056455284357
          ],
          [
            -0.13800275512039661,
            51.5005836635828
          ],
          [
            -0.13775138184428215,
            51.500602690503
          ],
          [
            -0.13748349621891975,
            51.50062557309866
          ],
          [
            -0.1372191309928894,
            51.50064845569432
          ],
          [
            -0.1369576994329691,
            51.500675193965435
          ],
          [
            -0.1366756483912468,
            51.50070184841752
          ],
          [
            -0.13640256598591805,
            51.500732358545065
          ],
          [
            -0.13614649884402752,
            51.50075909681618
          ],
          [
            -0.13588330708444118,
            51.50078960694373
          ],
          [
            -0.1356187742203474,
            51.50082011707127
          ],
          [
            -0.13534443452954292,
            51.500854482874274
          ],
          [
            -0.1350752916187048,
            51.50088113732636
          ],
          [
            -0.13481729663908482,
            51.50090787559748
          ],
          [
            -0.13454974628984928,
            51.50093838572502
          ],
          [
            -0.13430985622107983,
            51.500949868932366
          ],
          [
            -0.13408849015831947,
            51.50097652338445
          ],
          [
            -0.13386184349656105,
            51.50100326165557
          ],
          [
            -0.13361642137169838,
            51.50102614425123
          ],
          [
            -0.1333802193403244,
            51.5010604262352
          ],
          [
            -0.13313814997673035,
            51.50107953697443
          ],
          [
            -0.13289054855704308,
            51.501110047101974
          ],
          [
            -0.13264227658510208,
            51.50112530216575
          ],
          [
            -0.13239668682217598,
            51.501148184761405
          ],
          [
            -0.13216274790465832,
            51.50117106735706
          ],
          [
            -0.131900729611516,
            51.501186322420835
          ],
          [
            -0.1316448301076889,
            51.501209205016494
          ],
          [
            -0.1313828956335783,
            51.50123971514404
          ],
          [
            -0.13112490065395832,
            51.50126268155873
          ],
          [
            -0.1308677438646555,
            51.5012969635427
          ],
          [
            -0.13061662204563618,
            51.50131607428193
          ],
          [
            -0.13035770505666733,
            51.501327473670244
          ],
          [
            -0.1301266998052597,
            51.50133895687759
          ],
          [
            -0.1298691239207983,
            51.50133510120213
          ],
          [
            -0.12960383668541908,
            51.501308446750045
          ],
          [
            -0.12932656332850456,
            51.5012779366225
          ],
          [
            -0.12909304350614548,
            51.501266453415155
          ],
          [
            -0.12883496470749378,
            51.50125497020781
          ],
          [
            -0.12857713736593723,
            51.50125119835138
          ],
          [
            -0.12833481654524803,
            51.50123594328761
          ],
          [
            -0.12810850515961647,
            51.50121306069195
          ],
          [
            -0.1278228498995304,
            51.501190178096294
          ],
          [
            -0.12757541611790657,
            51.501186322420835
          ],
          [
            -0.12734893709421158,
            51.50115966796875
          ],
          [
            -0.1271530520170927,
            51.50105279870331
          ],
          [
            -0.1269314344972372,
            51.50099563412368
          ],
          [
            -0.12669632211327553,
            51.50098037905991
          ],
          [
            -0.12644637376070023,
            51.50096512399614
          ],
          [
            -0.12620648369193077,
            51.50094224140048
          ],
          [
            -0.1259757298976183,
            51.500934613868594
          ],
          [
            -0.12572812847793102,
            51.50091935880482
          ],
          [
            -0.1254715584218502,
            51.50090787559748
          ],
          [
            -0.12518665753304958,
            51.50090787559748
          ],
          [
            -0.12491592206060886,
            51.50091550312936
          ],
          [
            -0.12464669533073902,
            51.50092313066125
          ],
          [
            -0.12441116385161877,
            51.500911647453904
          ],
          [
            -0.12415953911840916,
            51.50089639239013
          ],
          [
            -0.12395418249070644,
            51.50095749646425
          ],
          [
            -0.12393515557050705,
            51.50112153030932
          ],
          [
            -0.12389743700623512,
            51.501270309090614
          ],
          [
            -0.12386927381157875,
            51.50141137652099
          ],
          [
            -0.12385007925331593,
            51.50157541036606
          ],
          [
            -0.12383583001792431,
            51.501739444211125
          ],
          [
            -0.12382166460156441,
            51.50190347805619
          ],
          [
            -0.1237927470356226,
            51.502075139433146
          ],
          [
            -0.12373575009405613,
            51.502258284017444
          ],
          [
            -0.12368696741759777,
            51.50244134478271
          ],
          [
            -0.12363089248538017,
            51.502632116898894
          ],
          [
            -0.1235880609601736,
            51.50281526148319
          ],
          [
            -0.12353827245533466,
            51.50300217792392
          ],
          [
            -0.1234845444560051,
            51.50318146683276
          ],
          [
            -0.12343140318989754,
            51.50335690006614
          ],
          [
            -0.12337625026702881,
            51.50354381650686
          ],
          [
            -0.12332235462963581,
            51.50373458862305
          ],
          [
            -0.1232618372887373,
            51.50391764938831
          ],
          [
            -0.12320877984166145,
            51.5041084215045
          ],
          [
            -0.12315907515585423,
            51.50428385473788
          ],
          [
            -0.12310626916587353,
            51.504447888582945
          ],
          [
            -0.12305513955652714,
            51.50461192242801
          ],
          [
            -0.1230026688426733,
            51.50477981194854
          ],
          [
            -0.12295187450945377,
            51.50495524518192
          ],
          [
            -0.12289739213883877,
            51.505119279026985
          ],
          [
            -0.12284575961530209,
            51.50527191348374
          ],
          [
            -0.12279664166271687,
            51.50541306473315
          ],
          [
            -0.12273796834051609,
            51.50556184351444
          ],
          [
            -0.12267476879060268,
            51.50571816600859
          ],
          [
            -0.12260804884135723,
            51.50586317293346
          ],
          [
            -0.12254275381565094,
            51.506008096039295
          ],
          [
            -0.12246505357325077,
            51.50615687482059
          ],
          [
            -0.12239347212016582,
            51.50629802607
          ],
          [
            -0.12229062616825104,
            51.50645828805864
          ],
          [
            -0.12219926342368126,
            51.50661083869636
          ],
          [
            -0.12211334891617298,
            51.506740506738424
          ],
          [
            -0.12199399061501026,
            51.50686640292406
          ],
          [
            -0.12184546329081059,
            51.50699992664158
          ],
          [
            -0.12176348827779293,
            51.507133450359106
          ],
          [
            -0.12164128012955189,
            51.50728608481586
          ],
          [
            -0.12155117467045784,
            51.507411897182465
          ],
          [
            -0.12144229374825954,
            51.50754542089999
          ],
          [
            -0.12132704257965088,
            51.50767894461751
          ],
          [
            -0.1212188322097063,
            51.50781246833503
          ],
          [
            -0.12110684998333454,
            51.50795361958444
          ],
          [
            -0.12098455801606178,
            51.50809477083385
          ],
          [
            -0.12085237540304661,
            51.5082320664078
          ],
          [
            -0.12071197852492332,
            51.50836559012532
          ],
          [
            -0.1205642893910408,
            51.508499113842845
          ],
          [
            -0.12040662579238415,
            51.50862878188491
          ],
          [
            -0.12022918090224266,
            51.508754678070545
          ],
          [
            -0.12004620395600796,
            51.50888057425618
          ],
          [
            -0.11986440047621727,
            51.508991215378046
          ],
          [
            -0.11965393088757992,
            51.50911711156368
          ],
          [
            -0.11944706551730633,
            51.509231524541974
          ],
          [
            -0.11924413964152336,
            51.50933839380741
          ],
          [
            -0.11904699727892876,
            51.50944132357836
          ],
          [
            -0.11884876526892185,
            51.50953293778002
          ],
          [
            -0.11864064261317253,
            51.50961684063077
          ],
          [
            -0.11843478307127953,
            51.509704599156976
          ],
          [
            -0.11821836233139038,
            51.509784646332264
          ],
          [
            -0.1180153526365757,
            51.50986100547016
          ],
          [
            -0.1177801564335823,
            51.50993728078902
          ],
          [
            -0.11752869933843613,
            51.51000970043242
          ],
          [
            -0.11730456724762917,
            51.510082203894854
          ],
          [
            -0.11707146652042866,
            51.510158479213715
          ],
          [
            -0.11682160198688507,
            51.51022721081972
          ],
          [
            -0.1165669597685337,
            51.51029200293124
          ],
          [
            -0.11632086709141731,
            51.5103492513299
          ],
          [
            -0.11609313078224659,
            51.5104026440531
          ],
          [
            -0.11588199064135551,
            51.51045226491988
          ],
          [
            -0.11562416329979897,
            51.51050565764308
          ],
          [
            -0.11538846418261528,
            51.510551422834396
          ],
          [
            -0.11513231322169304,
            51.51060104370117
          ],
          [
            -0.11492293328046799,
            51.5106391813606
          ],
          [
            -0.11470994912087917,
            51.51066969148815
          ],
          [
            -0.1144743338227272,
            51.51069634594023
          ],
          [
            -0.11425305157899857,
            51.510730711743236
          ],
          [
            -0.11402573436498642,
            51.51076122187078
          ],
          [
            -0.11379087343811989,
            51.51079558767378
          ],
          [
            -0.11354947462677956,
            51.51082224212587
          ],
          [
            -0.11331268586218357,
            51.510848980396986
          ],
          [
            -0.11306441389024258,
            51.5108757186681
          ],
          [
            -0.11281781829893589,
            51.51089860126376
          ],
          [
            -0.11257055215537548,
            51.51091762818396
          ],
          [
            -0.11232370510697365,
            51.51094436645508
          ],
          [
            -0.11206998489797115,
            51.51096339337528
          ],
          [
            -0.11181475594639778,
            51.510971020907164
          ],
          [
            -0.1115741953253746,
            51.510986275970936
          ],
          [
            -0.11131896637380123,
            51.510990131646395
          ],
          [
            -0.11107882484793663,
            51.51099390350282
          ],
          [
            -0.11084496974945068,
            51.51099390350282
          ],
          [
            -0.11062611825764179,
            51.51099390350282
          ],
          [
            -0.11040206998586655,
            51.510990131646395
          ],
          [
            -0.1101143192499876,
            51.510990131646395
          ],
          [
            -0.10984668508172035,
            51.510986275970936
          ],
          [
            -0.10956689715385437,
            51.510990131646395
          ],
          [
            -0.1092969998717308,
            51.510986275970936
          ],
          [
            -0.10904327966272831,
            51.51098250411451
          ],
          [
            -0.10878260247409344,
            51.51097487658262
          ],
          [
            -0.1085101068019867,
            51.51097487658262
          ],
          [
            -0.10826141573488712,
            51.510971020907164
          ],
          [
            -0.10803175158798695,
            51.51100153103471
          ],
          [
            -0.10796385817229748,
            51.511150309816
          ],
          [
            -0.10769035667181015,
            51.511146537959576
          ],
          [
            -0.10744535364210606,
            51.51113505475223
          ],
          [
            -0.10722842998802662,
            51.5111312828958
          ],
          [
            -0.10700698010623455,
            51.51111217215657
          ],
          [
            -0.10673331096768379,
            51.51110077276826
          ],
          [
            -0.10645360685884953,
            51.51109314523637
          ],
          [
            -0.10616116225719452,
            51.51108551770449
          ],
          [
            -0.10590760968625546,
            51.511089289560914
          ],
          [
            -0.10562899522483349,
            51.51108166202903
          ],
          [
            -0.10533202439546585,
            51.51108166202903
          ],
          [
            -0.10501342825591564,
            51.51108551770449
          ],
          [
            -0.1046951673924923,
            51.51110077276826
          ],
          [
            -0.10446223430335522,
            51.51117704808712
          ],
          [
            -0.1041986234486103,
            51.511169420555234
          ],
          [
            -0.1039399579167366,
            51.511104544624686
          ],
          [
            -0.1037172507494688,
            51.511089289560914
          ],
          [
            -0.10347358882427216,
            51.51108551770449
          ],
          [
            -0.1032064575701952,
            51.51109314523637
          ],
          [
            -0.10294091887772083,
            51.5110778901726
          ],
          [
            -0.10261989198625088,
            51.511104544624686
          ],
          [
            -0.10231529362499714,
            51.51112365536392
          ],
          [
            -0.10204941965639591,
            51.51114268228412
          ],
          [
            -0.1018309872597456,
            51.511169420555234
          ],
          [
            -0.10162940248847008,
            51.51123044081032
          ],
          [
            -0.10157844051718712,
            51.51139070279896
          ],
          [
            -0.09641334414482117,
            51.51126095093787
          ],
          [
            -0.09618468582630157,
            51.51126857846975
          ],
          [
            -0.09594295173883438,
            51.511264806613326
          ],
          [
            -0.09567179717123508,
            51.51126095093787
          ],
          [
            -0.09545428678393364,
            51.5112800616771
          ],
          [
            -0.09522713720798492,
            51.51130294427276
          ],
          [
            -0.09500568732619286,
            51.51125332340598
          ],
          [
            -0.0947445910423994,
            51.51124192401767
          ],
          [
            -0.09450084529817104,
            51.511226668953896
          ],
          [
            -0.09428844787180424,
            51.51117704808712
          ],
          [
            -0.09403154253959656,
            51.51114268228412
          ],
          [
            -0.09379173628985882,
            51.51109314523637
          ],
          [
            -0.09355704300105572,
            51.511047380045056
          ],
          [
            -0.09332871995866299,
            51.511009158566594
          ],
          [
            -0.09310735389590263,
            51.51097864843905
          ],
          [
            -0.0928893405944109,
            51.51091762818396
          ],
          [
            -0.09266520850360394,
            51.510868007317185
          ],
          [
            -0.09241869673132896,
            51.51081847026944
          ],
          [
            -0.09215525351464748,
            51.51076507754624
          ],
          [
            -0.09189608506858349,
            51.51070782914758
          ],
          [
            -0.09163557551801205,
            51.510654436424375
          ],
          [
            -0.09140113368630409,
            51.510612443089485
          ],
          [
            -0.09116769768297672,
            51.51066206395626
          ],
          [
            -0.09088128805160522,
            51.510688718408346
          ],
          [
            -0.09065162390470505,
            51.51064295321703
          ],
          [
            -0.09048029780387878,
            51.51055905036628
          ],
          [
            -0.09025088511407375,
            51.51046366430819
          ],
          [
            -0.09005852043628693,
            51.51038738898933
          ],
          [
            -0.08984126150608063,
            51.51033014059067
          ],
          [
            -0.08967529982328415,
            51.510200472548604
          ],
          [
            -0.08950397372245789,
            51.510078432038426
          ],
          [
            -0.08926047943532467,
            51.51000592857599
          ],
          [
            -0.08903332985937595,
            51.50992579758167
          ],
          [
            -0.08881439454853535,
            51.50986100547016
          ],
          [
            -0.08858749642968178,
            51.50981138460338
          ],
          [
            -0.08837157860398293,
            51.50976939126849
          ],
          [
            -0.08815540932118893,
            51.509742736816406
          ],
          [
            -0.08791543543338776,
            51.50971599854529
          ],
          [
            -0.08766272105276585,
            51.50969311594963
          ],
          [
            -0.08738921955227852,
            51.50970074348152
          ],
          [
            -0.08714346215128899,
            51.50973125360906
          ],
          [
            -0.08686392568051815,
            51.509742736816406
          ],
          [
            -0.08663283661007881,
            51.5096206124872
          ],
          [
            -0.08640912361443043,
            51.50955582037568
          ],
          [
            -0.08618650026619434,
            51.509529082104564
          ],
          [
            -0.08595666848123074,
            51.50951768271625
          ],
          [
            -0.08570906706154346,
            51.50950242765248
          ],
          [
            -0.08545911870896816,
            51.50949857197702
          ],
          [
            -0.08520154282450676,
            51.50945657864213
          ],
          [
            -0.08494790643453598,
            51.50942229665816
          ],
          [
            -0.08469083346426487,
            51.509387930855155
          ],
          [
            -0.08441557176411152,
            51.50935742072761
          ],
          [
            -0.08415430784225464,
            51.509330766275525
          ],
          [
            -0.08392254821956158,
            51.509307799860835
          ],
          [
            -0.08368156850337982,
            51.50928114540875
          ],
          [
            -0.08346078917384148,
            51.50925440713763
          ],
          [
            -0.08318359963595867,
            51.509231524541974
          ],
          [
            -0.08293658494949341,
            51.509208641946316
          ],
          [
            -0.0826631672680378,
            51.509174359962344
          ],
          [
            -0.0823609996587038,
            51.50914376601577
          ],
          [
            -0.08204961195588112,
            51.509128510951996
          ],
          [
            -0.08175565861165524,
            51.50913999415934
          ],
          [
            -0.0815077219158411,
            51.509162876755
          ],
          [
            -0.08129498921334743,
            51.50920101441443
          ],
          [
            -0.08108384907245636,
            51.509250635281205
          ],
          [
            -0.08086340501904488,
            51.50931542739272
          ],
          [
            -0.0806930847465992,
            51.5093994140625
          ],
          [
            -0.08049074560403824,
            51.50947568938136
          ],
          [
            -0.080310869961977,
            51.50955196470022
          ],
          [
            -0.08010911755263805,
            51.5096206124872
          ],
          [
            -0.07984927855432034,
            51.50967023335397
          ],
          [
            -0.07957016117870808,
            51.50970074348152
          ],
          [
            -0.07934443652629852,
            51.509685488417745
          ],
          [
            -0.07912575267255306,
            51.50967023335397
          ],
          [
            -0.07887555286288261,
            51.50965875014663
          ],
          [
            -0.07864538580179214,
            51.5096549782902
          ],
          [
            -0.07839124649763107,
            51.509609213098884
          ],
          [
            -0.07814708165824413,
            51.509548192843795
          ],
          [
            -0.07792278192937374,
            51.509506199508905
          ],
          [
            -0.07768121547996998,
            51.50950242765248
          ],
          [
            -0.07745456881821156,
            51.50952531024814
          ],
          [
            -0.07718400098383427,
            51.50953670963645
          ],
          [
            -0.07692785002291203,
            51.50955582037568
          ],
          [
            -0.07665225304663181,
            51.50959010235965
          ],
          [
            -0.07642367854714394,
            51.509624468162656
          ],
          [
            -0.07618219591677189,
            51.509662605822086
          ],
          [
            -0.07594062946736813,
            51.509704599156976
          ],
          [
            -0.07570585235953331,
            51.50975413620472
          ],
          [
            -0.07550309412181377,
            51.50981515645981
          ],
          [
            -0.07527954876422882,
            51.509902914986014
          ],
          [
            -0.07503622211515903,
            51.50998681783676
          ],
          [
            -0.07478686049580574,
            51.51005169376731
          ],
          [
            -0.0745089165866375,
            51.51003266684711
          ],
          [
            -0.0742748100310564,
            51.51004792191088
          ],
          [
            -0.07404975593090057,
            51.510082203894854
          ],
          [
            -0.07384062744677067,
            51.510158479213715
          ],
          [
            -0.0735832192003727,
            51.5101661067456
          ],
          [
            -0.07330460473895073,
            51.510158479213715
          ],
          [
            -0.07302087731659412,
            51.510158479213715
          ],
          [
            -0.0727767962962389,
            51.51019284501672
          ],
          [
            -0.07256071083247662,
            51.51021195575595
          ],
          [
            -0.07230900228023529,
            51.51024246588349
          ],
          [
            -0.07202049717307091,
            51.51026149280369
          ],
          [
            -0.07179552689194679,
            51.51028437539935
          ],
          [
            -0.0715777650475502,
            51.51030348613858
          ],
          [
            -0.07136126048862934,
            51.510356878861785
          ],
          [
            -0.07113863714039326,
            51.510417899116874
          ],
          [
            -0.07091442123055458,
            51.51047891937196
          ],
          [
            -0.07065592333674431,
            51.5105323959142
          ],
          [
            -0.07040455006062984,
            51.5105857886374
          ],
          [
            -0.07013339549303055,
            51.51064295321703
          ],
          [
            -0.06987942382693291,
            51.51068109087646
          ],
          [
            -0.06964841857552528,
            51.510711684823036
          ],
          [
            -0.06939620710909367,
            51.51075745001435
          ],
          [
            -0.06914684548974037,
            51.51079935953021
          ],
          [
            -0.06892690435051918,
            51.510829869657755
          ],
          [
            -0.06866849027574062,
            51.510871862992644
          ],
          [
            -0.06841753609478474,
            51.51090237312019
          ],
          [
            -0.06819256581366062,
            51.51090237312019
          ],
          [
            -0.0678978580981493,
            51.510890973731875
          ],
          [
            -0.0676119513809681,
            51.510910000652075
          ],
          [
            -0.06733560003340244,
            51.510929111391306
          ],
          [
            -0.0670598354190588,
            51.510951993986964
          ],
          [
            -0.06679429672658443,
            51.51097864843905
          ],
          [
            -0.06653697229921818,
            51.51099775917828
          ],
          [
            -0.06628417409956455,
            51.511024413630366
          ],
          [
            -0.0660296157002449,
            51.511047380045056
          ],
          [
            -0.06576860323548317,
            51.51107403449714
          ],
          [
            -0.0655090156942606,
            51.51110077276826
          ],
          [
            -0.06524942815303802,
            51.51112365536392
          ],
          [
            -0.06498648785054684,
            51.511127427220345
          ],
          [
            -0.06472195498645306,
            51.51113505475223
          ],
          [
            -0.06446974352002144,
            51.511146537959576
          ],
          [
            -0.06423136219382286,
            51.51115793734789
          ],
          [
            -0.06400278769433498,
            51.51116179302335
          ],
          [
            -0.06378075107932091,
            51.51116179302335
          ],
          [
            -0.06355393677949905,
            51.51116179302335
          ],
          [
            -0.06332335062325001,
            51.51116179302335
          ],
          [
            -0.06308773532509804,
            51.51116179302335
          ],
          [
            -0.06284373812377453,
            51.511150309816
          ],
          [
            -0.06260217167437077,
            51.5111312828958
          ],
          [
            -0.06235792301595211,
            51.51111217215657
          ],
          [
            -0.062102023512125015,
            51.5110969170928
          ],
          [
            -0.061846375465393066,
            51.51108166202903
          ],
          [
            -0.061600953340530396,
            51.5110778901726
          ],
          [
            -0.06133122369647026,
            51.51107403449714
          ],
          [
            -0.061081862077116966,
            51.5110778901726
          ],
          [
            -0.0608495157212019,
            51.511089289560914
          ],
          [
            -0.06061943247914314,
            51.51110077276826
          ],
          [
            -0.06037325598299503,
            51.51110077276826
          ],
          [
            -0.06013914942741394,
            51.511104544624686
          ],
          [
            -0.05990244448184967,
            51.51111217215657
          ],
          [
            -0.05962776951491833,
            51.51111979968846
          ],
          [
            -0.05932845175266266,
            51.511127427220345
          ],
          [
            -0.05906039848923683,
            51.5111312828958
          ],
          [
            -0.05877608433365822,
            51.51113505475223
          ],
          [
            -0.05848405882716179,
            51.51113505475223
          ],
          [
            -0.05819069221615791,
            51.51114268228412
          ],
          [
            -0.05790377967059612,
            51.511150309816
          ],
          [
            -0.05762709304690361,
            51.51115416549146
          ],
          [
            -0.05734906531870365,
            51.51115793734789
          ],
          [
            -0.05708620883524418,
            51.51116179302335
          ],
          [
            -0.05679946392774582,
            51.51115416549146
          ],
          [
            -0.0565804447978735,
            51.51115793734789
          ],
          [
            -0.05634499713778496,
            51.51115793734789
          ],
          [
            -0.0561072863638401,
            51.51116179302335
          ],
          [
            -0.055860523134469986,
            51.51115416549146
          ],
          [
            -0.05560495890676975,
            51.511150309816
          ],
          [
            -0.055349813774228096,
            51.511146537959576
          ],
          [
            -0.055083101615309715,
            51.51113891042769
          ],
          [
            -0.05482208915054798,
            51.51114268228412
          ],
          [
            -0.05456333979964256,
            51.51113891042769
          ],
          [
            -0.05431372672319412,
            51.51111217215657
          ],
          [
            -0.054091690108180046,
            51.511066406965256
          ],
          [
            -0.053873760625720024,
            51.51103204116225
          ],
          [
            -0.05365708842873573,
            51.51097864843905
          ],
          [
            -0.05344192497432232,
            51.5108947455883
          ],
          [
            -0.05318996496498585,
            51.510868007317185
          ],
          [
            -0.05292316898703575,
            51.51085275225341
          ],
          [
            -0.052687134593725204,
            51.51085660792887
          ],
          [
            -0.052458057180047035,
            51.510868007317185
          ],
          [
            -0.05223048850893974,
            51.510890973731875
          ],
          [
            -0.052002668380737305,
            51.510929111391306
          ],
          [
            -0.051769986748695374,
            51.510971020907164
          ],
          [
            -0.05154677666723728,
            51.51100538671017
          ],
          [
            -0.05132641643285751,
            51.51103966869414
          ],
          [
            -0.0511047150939703,
            51.511066406965256
          ],
          [
            -0.0508852768689394,
            51.51109314523637
          ],
          [
            -0.05065946839749813,
            51.51111979968846
          ],
          [
            -0.050425026565790176,
            51.511150309816
          ],
          [
            -0.050191422924399376,
            51.51117704808712
          ],
          [
            -0.04995463415980339,
            51.51119230315089
          ],
          [
            -0.049701835960149765,
            51.51121133007109
          ],
          [
            -0.04944878630340099,
            51.51123429648578
          ],
          [
            -0.04918358288705349,
            51.51125717908144
          ],
          [
            -0.04892852157354355,
            51.5112800616771
          ],
          [
            -0.048707323148846626,
            51.51129531674087
          ],
          [
            -0.048491740599274635,
            51.51132959872484
          ],
          [
            -0.048535075038671494,
            51.51149363256991
          ],
          [
            -0.048568351194262505,
            51.511657666414976
          ],
          [
            -0.04858159460127354,
            51.51181407272816
          ],
          [
            -0.0486189778894186,
            51.511955223977566
          ],
          [
            -0.048656612634658813,
            51.512096375226974
          ],
          [
            -0.04866717383265495,
            51.51226803660393
          ],
          [
            -0.04867907613515854,
            51.51241295970976
          ],
          [
            -0.04870648495852947,
            51.51256173849106
          ],
          [
            -0.04872668534517288,
            51.51269911788404
          ],
          [
            -0.048739928752183914,
            51.512882178649306
          ],
          [
            -0.04875325597822666,
            51.51305769570172
          ],
          [
            -0.04872945137321949,
            51.51322550140321
          ],
          [
            -0.048685865476727486,
            51.513359025120735
          ],
          [
            -0.04881000146269798,
            51.513477293774486
          ],
          [
            -0.04857371561229229,
            51.51353068649769
          ],
          [
            -0.04843767732381821,
            51.513660438358784
          ],
          [
            -0.04839451052248478,
            51.51382061652839
          ],
          [
            -0.04840649664402008,
            51.51399990543723
          ],
          [
            -0.0484349112957716,
            51.514152539893985
          ],
          [
            -0.04845075309276581,
            51.51430123485625
          ],
          [
            -0.04847162403166294,
            51.51444238610566
          ],
          [
            -0.04850389435887337,
            51.51459502056241
          ],
          [
            -0.04875434562563896,
            51.51465226896107
          ],
          [
            -0.048995744436979294,
            51.51464078575373
          ],
          [
            -0.04917335696518421,
            51.51465226896107
          ]
        ]
      },
      "properties": {
        "name": "2024-05-04 (Sat) 11:33",
        "source_file": "2024-05-04-103343-ELEMNT_ROAM_A974-144-0.fit",
        "date": "2024-05-04T10:33:43",
        "sport": "cycling",
        "dropbox_id": "id:JY-PzzIM9pcAAAAAAAAAvw"
      }
    },
    {
      "type": "Feature",
      "geometry": {
        "type": "LineString",
        "coordinates": [
          [
            -0.04901837557554245,
            51.51465226896107
          ],
          [
            -0.04877999424934387,
            51.51469417847693
          ],
          [
            -0.048551252111792564,
            51.514743799343705
          ],
          [
            -0.04856592044234276,
            51.51490397751331
          ],
          [
            -0.04861906170845032,
            51.51506423950195
          ],
          [
            -0.0486674252897501,
            51.51522441767156
          ],
          [
            -0.04870321601629257,
            51.51538845151663
          ],
          [
            -0.04876825958490372,
            51.515533458441496
          ],
          [
            -0.048994654789566994,
            51.515571596100926
          ],
          [
            -0.04921828396618366,
            51.515575367957354
          ],
          [
            -0.04944920539855957,
            51.51554871350527
          ],
          [
            -0.04968792200088501,
            51.51549146510661
          ],
          [
            -0.049903253093361855,
            51.51544947177172
          ],
          [
            -0.04991347901523113,
            51.515613505616784
          ],
          [
            -0.049916161224246025,
            51.515773767605424
          ],
          [
            -0.04990752786397934,
            51.51591491885483
          ],
          [
            -0.04988967441022396,
            51.51606369763613
          ],
          [
            -0.0498838908970356,
            51.51621247641742
          ],
          [
            -0.04989327862858772,
            51.51637265458703
          ],
          [
            -0.049882130697369576,
            51.51655194349587
          ],
          [
            -0.049877436831593513,
            51.51669309474528
          ],
          [
            -0.04987710155546665,
            51.51683039031923
          ],
          [
            -0.04999436438083649,
            51.516960142180324
          ],
          [
            -0.05024607293307781,
            51.51698302477598
          ],
          [
            -0.05051161162555218,
            51.516998279839754
          ],
          [
            -0.05077832378447056,
            51.5170287899673
          ],
          [
            -0.0510519091039896,
            51.51704018935561
          ],
          [
            -0.05133337341248989,
            51.51705930009484
          ],
          [
            -0.051561109721660614,
            51.51707078330219
          ],
          [
            -0.051784906536340714,
            51.51708603836596
          ],
          [
            -0.05205404944717884,
            51.51710892096162
          ],
          [
            -0.05231129005551338,
            51.51712794788182
          ],
          [
            -0.05255964584648609,
            51.51714320294559
          ],
          [
            -0.05277405492961407,
            51.51716231368482
          ],
          [
            -0.05299667827785015,
            51.51718134060502
          ],
          [
            -0.05310463719069958,
            51.51729960925877
          ],
          [
            -0.053107067942619324,
            51.517448388040066
          ],
          [
            -0.05311385728418827,
            51.51760479435325
          ],
          [
            -0.053108325228095055,
            51.5177764557302
          ],
          [
            -0.05309944041073322,
            51.51792146265507
          ],
          [
            -0.053135817870497704,
            51.51805875822902
          ],
          [
            -0.05314243957400322,
            51.51792146265507
          ],
          [
            -0.05329163745045662,
            51.51781844906509
          ],
          [
            -0.053278980776667595,
            51.51767729781568
          ],
          [
            -0.05320899188518524,
            51.51753229089081
          ],
          [
            -0.05317705683410168,
            51.51739499531686
          ],
          [
            -0.05338392220437527,
            51.51734923012555
          ],
          [
            -0.05359162576496601,
            51.517391139641404
          ],
          [
            -0.05381600931286812,
            51.51743698865175
          ],
          [
            -0.054030921310186386,
            51.51746364310384
          ],
          [
            -0.05425538867712021,
            51.51749800890684
          ],
          [
            -0.054473988711833954,
            51.5175399184227
          ],
          [
            -0.054689571261405945,
            51.517589539289474
          ],
          [
            -0.05491487681865692,
            51.51763530448079
          ],
          [
            -0.0551325548440218,
            51.51767729781568
          ],
          [
            -0.055220313370227814,
            51.517806965857744
          ],
          [
            -0.055386777967214584,
            51.51789849624038
          ],
          [
            -0.055435728281736374,
            51.518039647489786
          ],
          [
            -0.05549549125134945,
            51.51817702688277
          ],
          [
            -0.05557260476052761,
            51.51831055060029
          ],
          [
            -0.05563035607337952,
            51.518455473706126
          ],
          [
            -0.05569430999457836,
            51.51858514174819
          ],
          [
            -0.05570713430643082,
            51.51872252114117
          ],
          [
            -0.05578215233981609,
            51.518856044858694
          ],
          [
            -0.05583370104432106,
            51.51898956857622
          ],
          [
            -0.05583219230175018,
            51.519130719825625
          ],
          [
            -0.055970242246985435,
            51.51923750527203
          ],
          [
            -0.05608515813946724,
            51.51935577392578
          ],
          [
            -0.056151291355490685,
            51.519489297643304
          ],
          [
            -0.056278109550476074,
            51.51960748247802
          ],
          [
            -0.05638866685330868,
            51.519744861871004
          ],
          [
            -0.05646879784762859,
            51.51990889571607
          ],
          [
            -0.05652596242725849,
            51.52005004696548
          ],
          [
            -0.05654088221490383,
            51.52021022513509
          ],
          [
            -0.056555550545454025,
            51.520374258980155
          ],
          [
            -0.05654867738485336,
            51.520530665293336
          ],
          [
            -0.05646812729537487,
            51.52069855481386
          ],
          [
            -0.05635530687868595,
            51.520851105451584
          ],
          [
            -0.05622982978820801,
            51.520988401025534
          ],
          [
            -0.05609454587101936,
            51.521144807338715
          ],
          [
            -0.05600729025900364,
            51.52127833105624
          ],
          [
            -0.0559341162443161,
            51.52141571044922
          ],
          [
            -0.0558540690690279,
            51.521564489230514
          ],
          [
            -0.055769914761185646,
            51.521720895543694
          ],
          [
            -0.05566790699958801,
            51.52187344618142
          ],
          [
            -0.05556992255151272,
            51.52202222496271
          ],
          [
            -0.05549733527004719,
            51.52216337621212
          ],
          [
            -0.055445870384573936,
            51.52233503758907
          ],
          [
            -0.05533849820494652,
            51.52247618883848
          ],
          [
            -0.055227773264050484,
            51.52259822934866
          ],
          [
            -0.05517748184502125,
            51.522747008129954
          ],
          [
            -0.05511235445737839,
            51.52287667617202
          ],
          [
            -0.05504932254552841,
            51.523021683096886
          ],
          [
            -0.05500355735421181,
            51.523181861266494
          ],
          [
            -0.054966844618320465,
            51.52334589511156
          ],
          [
            -0.05495293065905571,
            51.523498529568315
          ],
          [
            -0.054945386946201324,
            51.523654935881495
          ],
          [
            -0.054944632574915886,
            51.52380748651922
          ],
          [
            -0.054931556805968285,
            51.52397537603974
          ],
          [
            -0.054932981729507446,
            51.52413555420935
          ],
          [
            -0.05494052544236183,
            51.524288188666105
          ],
          [
            -0.054933736100792885,
            51.5244369674474
          ],
          [
            -0.05496365949511528,
            51.52458566240966
          ],
          [
            -0.05500037223100662,
            51.52473829686642
          ],
          [
            -0.05501872859895229,
            51.52488321997225
          ],
          [
            -0.055048149079084396,
            51.52503199875355
          ],
          [
            -0.055125681683421135,
            51.5252036601305
          ],
          [
            -0.05519961006939411,
            51.52534866705537
          ],
          [
            -0.055232467129826546,
            51.52550507336855
          ],
          [
            -0.0552387535572052,
            51.5256767347455
          ],
          [
            -0.055291224271059036,
            51.52585216797888
          ],
          [
            -0.05531184375286102,
            51.52600480243564
          ],
          [
            -0.05536389537155628,
            51.526142098009586
          ],
          [
            -0.055412761867046356,
            51.52628702111542
          ],
          [
            -0.0554592814296484,
            51.52647016569972
          ],
          [
            -0.05550060421228409,
            51.52663034386933
          ],
          [
            -0.05553220398724079,
            51.52680200524628
          ],
          [
            -0.0555633008480072,
            51.52693938463926
          ],
          [
            -0.05559205077588558,
            51.527095790952444
          ],
          [
            -0.055607808753848076,
            51.52724071405828
          ],
          [
            -0.0556433480232954,
            51.52730173431337
          ]
        ]
      },
      "properties": {
        "name": "2024-05-17 (Fri) 10:01",
        "source_file": "2024-05-17-090113-ELEMNT_ROAM_A974-146-0.fit",
        "date": "2024-05-17T09:01:14",
        "sport": "cycling",
        "dropbox_id": "id:JY-PzzIM9pcAAAAAAAAAwA"
      }
    }
  ]
}